{
"type": "FeatureCollection",
"name": "p15_camadas_logradouros",
"crs": { "type": "name", "properties": { "name": "urn:ogc:def:crs:OGC:1.3:CRS84" } },
"features": [
{ "type": "Feature", "properties": { "id": 1, "pagina": 15, "classe": "Logradouros", "metodo": "EIXO_TRACO", "comp_m": 31.780824856001239, "id_layer": "p15_camadas_logradouros", "doc_fonte": "Resposta SECT_autos.pdf", "doc_pagina": 15, "doc_folha": 108, "doc_escala": "1:15.000", "doc_metodo": "Reconstituição Vetorial Afim", "doc_rms_m": 0.68 }, "geometry": { "type": "LineString", "coordinates": [ [ -59.936808470563001, -3.077125682577703 ], [ -59.936747565018415, -3.077373486722553 ], [ -59.936730042287749, -3.077400067614989 ] ] } },
{ "type": "Feature", "properties": { "id": 2, "pagina": 15, "classe": "Logradouros", "metodo": "EIXO_TRACO", "comp_m": 64.3747979995278, "id_layer": "p15_camadas_logradouros", "doc_fonte": "Resposta SECT_autos.pdf", "doc_pagina": 15, "doc_folha": 108, "doc_escala": "1:15.000", "doc_metodo": "Reconstituição Vetorial Afim", "doc_rms_m": 0.68 }, "geometry": { "type": "LineString", "coordinates": [ [ -59.936808470563001, -3.077125682577703 ], [ -59.936834718314557, -3.077072545158781 ], [ -59.936860772243271, -3.076948655275894 ], [ -59.93692182318236, -3.076753915517973 ], [ -59.936939152101068, -3.076656582175662 ], [ -59.936956650602916, -3.076621157238627 ], [ -59.936956505250016, -3.076568092893495 ] ] } },
{ "type": "Feature", "properties": { "id": 3, "pagina": 15, "classe": "Logradouros", "metodo": "EIXO_TRACO", "comp_m": 90.441161509295156, "id_layer": "p15_camadas_logradouros", "doc_fonte": "Resposta SECT_autos.pdf", "doc_pagina": 15, "doc_folha": 108, "doc_escala": "1:15.000", "doc_metodo": "Reconstituição Vetorial Afim", "doc_rms_m": 0.68 }, "geometry": { "type": "LineString", "coordinates": [ [ -59.936808470563001, -3.077125682577703 ], [ -59.93679964862708, -3.077116862875016 ], [ -59.936755660088508, -3.077116984653596 ], [ -59.936553070529179, -3.077029104205043 ], [ -59.936306492423931, -3.076941345438649 ], [ -59.936086307444747, -3.076853513532419 ], [ -59.936059841651229, -3.076827054381918 ] ] } },
{ "type": "Feature", "properties": { "id": 4, "pagina": 15, "classe": "Logradouros", "metodo": "EIXO_TRACO", "comp_m": 323.24957190616692, "id_layer": "p15_camadas_logradouros", "doc_fonte": "Resposta SECT_autos.pdf", "doc_pagina": 15, "doc_folha": 108, "doc_escala": "1:15.000", "doc_metodo": "Reconstituição Vetorial Afim", "doc_rms_m": 0.68 }, "geometry": { "type": "LineString", "coordinates": [ [ -59.913015448533095, -3.104820915925202 ], [ -59.913015230294491, -3.104741317738914 ], [ -59.913067461325426, -3.104537753906566 ], [ -59.913067315843101, -3.10448468845125 ], [ -59.913076089716576, -3.104475819834825 ], [ -59.913101902167377, -3.104263484897522 ], [ -59.913127981334739, -3.104148436632237 ], [ -59.91312783586767, -3.104095371179385 ], [ -59.913153915044553, -3.10398032291969 ], [ -59.913153769584085, -3.103927257467898 ], [ -59.913171196112408, -3.103865299034418 ], [ -59.913170105253883, -3.103467308149863 ], [ -59.913178879125248, -3.1034584395412 ], [ -59.913177497572683, -3.102954317753092 ], [ -59.913168675230089, -3.102945497873866 ], [ -59.913150303515827, -3.102662530849249 ], [ -59.913141481177952, -3.102653710967225 ], [ -59.913141335780395, -3.10260064551353 ], [ -59.913132513443529, -3.102591825630865 ], [ -59.913132368049318, -3.102538760176665 ], [ -59.913123545713439, -3.102529940293376 ], [ -59.913123400322597, -3.102476874838688 ], [ -59.913114577987713, -3.102468054954741 ], [ -59.913114432600217, -3.102414989499582 ], [ -59.913105610266349, -3.102406169614993 ], [ -59.9131054648822, -3.10235310415933 ], [ -59.913096642549327, -3.102344284274117 ], [ -59.913096497168539, -3.102291218817966 ], [ -59.913087674836653, -3.102282398932094 ], [ -59.913087529459212, -3.102229333475473 ], [ -59.913078707128342, -3.102220513588959 ], [ -59.913078561754247, -3.102167448131834 ], [ -59.913069739424373, -3.102158628244694 ], [ -59.913069594053646, -3.102105562787082 ], [ -59.913042812111641, -3.101964127961933 ] ] } },
{ "type": "Feature", "properties": { "id": 5, "pagina": 15, "classe": "Logradouros", "metodo": "EIXO_TRACO", "comp_m": 531.35682100337681, "id_layer": "p15_camadas_logradouros", "doc_fonte": "Resposta SECT_autos.pdf", "doc_pagina": 15, "doc_folha": 108, "doc_escala": "1:15.000", "doc_metodo": "Reconstituição Vetorial Afim", "doc_rms_m": 0.68 }, "geometry": { "type": "LineString", "coordinates": [ [ -59.913015448533095, -3.104820915925202 ], [ -59.913261795966299, -3.104820233365716 ], [ -59.913393598019539, -3.104757958005683 ], [ -59.913437564367094, -3.104748991871367 ], [ -59.913595590970424, -3.104624733699501 ], [ -59.913639533051281, -3.104606923325508 ], [ -59.913990851306671, -3.104384842200078 ], [ -59.914219286885633, -3.104269233238512 ], [ -59.914236834594959, -3.104251496008012 ], [ -59.914368709203323, -3.104215753342908 ], [ -59.914447867915719, -3.104206689664276 ], [ -59.914993932706949, -3.104417439217948 ], [ -59.915161218002829, -3.104461196934746 ], [ -59.915231796949904, -3.104531755606167 ], [ -59.915452550372144, -3.104823005155088 ], [ -59.91564654554081, -3.104981664412111 ], [ -59.915866498124352, -3.104981054405241 ], [ -59.916130950982854, -3.105166050919168 ], [ -59.916907588147915, -3.106039479995211 ] ] } },
{ "type": "Feature", "properties": { "id": 6, "pagina": 15, "classe": "Logradouros", "metodo": "EIXO_TRACO", "comp_m": 89.175620054566309, "id_layer": "p15_camadas_logradouros", "doc_fonte": "Resposta SECT_autos.pdf", "doc_pagina": 15, "doc_folha": 108, "doc_escala": "1:15.000", "doc_metodo": "Reconstituição Vetorial Afim", "doc_rms_m": 0.68 }, "geometry": { "type": "LineString", "coordinates": [ [ -59.913015448533095, -3.104820915925202 ], [ -59.912997876534718, -3.104829808920289 ], [ -59.912971918651749, -3.104989078426422 ], [ -59.912945766776751, -3.105077593991552 ], [ -59.912920075684255, -3.105334150188369 ], [ -59.912894020833697, -3.105458042738917 ], [ -59.912894214860088, -3.105528796688995 ], [ -59.912885537998037, -3.105573042288691 ], [ -59.912868014497661, -3.105599623782213 ] ] } },
{ "type": "Feature", "properties": { "id": 7, "pagina": 15, "classe": "Logradouros", "metodo": "EIXO_TRACO", "comp_m": 36.188895833514259, "id_layer": "p15_camadas_logradouros", "doc_fonte": "Resposta SECT_autos.pdf", "doc_pagina": 15, "doc_folha": 108, "doc_escala": "1:15.000", "doc_metodo": "Reconstituição Vetorial Afim", "doc_rms_m": 0.68 }, "geometry": { "type": "LineString", "coordinates": [ [ -59.938551660068597, -3.080782317430216 ], [ -59.938332275179476, -3.080986340447269 ], [ -59.938305881997763, -3.080986413644571 ] ] } },
{ "type": "Feature", "properties": { "id": 8, "pagina": 15, "classe": "Logradouros", "metodo": "EIXO_TRACO", "comp_m": 71.761789323395092, "id_layer": "p15_camadas_logradouros", "doc_fonte": "Resposta SECT_autos.pdf", "doc_pagina": 15, "doc_folha": 108, "doc_escala": "1:15.000", "doc_metodo": "Reconstituição Vetorial Afim", "doc_rms_m": 0.68 }, "geometry": { "type": "LineString", "coordinates": [ [ -59.927375032821445, -3.111573376183787 ], [ -59.927357485531758, -3.111591113538582 ], [ -59.927331384392993, -3.111697316725829 ], [ -59.927226613517384, -3.111989467580369 ], [ -59.927226686788529, -3.112015999967546 ], [ -59.927147797228578, -3.112122350485297 ], [ -59.927112678208942, -3.112148981081729 ] ] } },
{ "type": "Feature", "properties": { "id": 9, "pagina": 15, "classe": "Logradouros", "metodo": "EIXO_TRACO", "comp_m": 128.81654037235208, "id_layer": "p15_camadas_logradouros", "doc_fonte": "Resposta SECT_autos.pdf", "doc_pagina": 15, "doc_folha": 108, "doc_escala": "1:15.000", "doc_metodo": "Reconstituição Vetorial Afim", "doc_rms_m": 0.68 }, "geometry": { "type": "LineString", "coordinates": [ [ -59.926695506407469, -3.110823514928124 ], [ -59.926713175769009, -3.110849998252452 ], [ -59.926652126342553, -3.111044740961246 ], [ -59.92664349915588, -3.111106674437324 ], [ -59.926626000666573, -3.111142100052236 ], [ -59.926617373482706, -3.111204033530183 ], [ -59.926556324074078, -3.111398776268341 ], [ -59.926547696897607, -3.111460709751301 ], [ -59.926530198408848, -3.111496135372995 ], [ -59.926417044198899, -3.11193866118602 ] ] } },
{ "type": "Feature", "properties": { "id": 10, "pagina": 15, "classe": "Logradouros", "metodo": "EIXO_TRACO", "comp_m": 167.69030996910101, "id_layer": "p15_camadas_logradouros", "doc_fonte": "Resposta SECT_autos.pdf", "doc_pagina": 15, "doc_folha": 108, "doc_escala": "1:15.000", "doc_metodo": "Reconstituição Vetorial Afim", "doc_rms_m": 0.68 }, "geometry": { "type": "LineString", "coordinates": [ [ -59.943378512092401, -3.092425407179614 ], [ -59.943378463285391, -3.092407719172328 ], [ -59.943334279157199, -3.092337089797365 ], [ -59.943237186348163, -3.092222387567939 ], [ -59.942724987844301, -3.091525133417265 ], [ -59.94250426292993, -3.09124273802792 ], [ -59.942504214156102, -3.091225050006289 ], [ -59.942486594212887, -3.091216255025051 ] ] } },
{ "type": "Feature", "properties": { "id": 11, "pagina": 15, "classe": "Logradouros", "metodo": "EIXO_TRACO", "comp_m": 13.843124162222413, "id_layer": "p15_camadas_logradouros", "doc_fonte": "Resposta SECT_autos.pdf", "doc_pagina": 15, "doc_folha": 108, "doc_escala": "1:15.000", "doc_metodo": "Reconstituição Vetorial Afim", "doc_rms_m": 0.68 }, "geometry": { "type": "LineString", "coordinates": [ [ -59.942155879132486, -3.082939115701437 ], [ -59.942137943256974, -3.08281534838222 ] ] } },
{ "type": "Feature", "properties": { "id": 12, "pagina": 15, "classe": "Logradouros", "metodo": "EIXO_TRACO", "comp_m": 180.84965226751385, "id_layer": "p15_camadas_logradouros", "doc_fonte": "Resposta SECT_autos.pdf", "doc_pagina": 15, "doc_folha": 108, "doc_escala": "1:15.000", "doc_metodo": "Reconstituição Vetorial Afim", "doc_rms_m": 0.68 }, "geometry": { "type": "LineString", "coordinates": [ [ -59.942155879132486, -3.082939115701437 ], [ -59.942182272270593, -3.082939042361905 ], [ -59.942199916333472, -3.082956681497786 ], [ -59.942323619359847, -3.083150907533736 ], [ -59.942482561954705, -3.083362723727186 ], [ -59.94280907478764, -3.083724423332362 ], [ -59.943179868470722, -3.084192128382017 ] ] } },
{ "type": "Feature", "properties": { "id": 13, "pagina": 15, "classe": "Logradouros", "metodo": "EIXO_TRACO", "comp_m": 43.994137495885795, "id_layer": "p15_camadas_logradouros", "doc_fonte": "Resposta SECT_autos.pdf", "doc_pagina": 15, "doc_folha": 108, "doc_escala": "1:15.000", "doc_metodo": "Reconstituição Vetorial Afim", "doc_rms_m": 0.68 }, "geometry": { "type": "LineString", "coordinates": [ [ -59.942155879132486, -3.082939115701437 ], [ -59.941822149592561, -3.083152301035284 ] ] } },
{ "type": "Feature", "properties": { "id": 14, "pagina": 15, "classe": "Logradouros", "metodo": "EIXO_TRACO", "comp_m": 74.71739551906164, "id_layer": "p15_camadas_logradouros", "doc_fonte": "Resposta SECT_autos.pdf", "doc_pagina": 15, "doc_folha": 108, "doc_escala": "1:15.000", "doc_metodo": "Reconstituição Vetorial Afim", "doc_rms_m": 0.68 }, "geometry": { "type": "LineString", "coordinates": [ [ -59.942945487732885, -3.110804600293442 ], [ -59.942963500888204, -3.11095489901157 ], [ -59.942981170403883, -3.110981381672372 ], [ -59.943060990102438, -3.111211103669787 ], [ -59.943140638015045, -3.111378917610672 ], [ -59.943149607817112, -3.111440800946758 ] ] } },
{ "type": "Feature", "properties": { "id": 15, "pagina": 15, "classe": "Logradouros", "metodo": "EIXO_TRACO", "comp_m": 617.91290630189621, "id_layer": "p15_camadas_logradouros", "doc_fonte": "Resposta SECT_autos.pdf", "doc_pagina": 15, "doc_folha": 108, "doc_escala": "1:15.000", "doc_metodo": "Reconstituição Vetorial Afim", "doc_rms_m": 0.68 }, "geometry": { "type": "LineString", "coordinates": [ [ -59.917554356601165, -3.098060148950894 ], [ -59.917492770375631, -3.09806031947568 ], [ -59.917422434579272, -3.098078202775102 ], [ -59.91736092104275, -3.098104905922125 ], [ -59.917044409850597, -3.098185380732431 ], [ -59.91695652639671, -3.098221001156801 ], [ -59.916754292647035, -3.09826578242555 ], [ -59.91670157709126, -3.098292461204031 ], [ -59.91609494815831, -3.098453337522909 ], [ -59.915840095451244, -3.098560174355296 ], [ -59.91576975949814, -3.098578057601793 ], [ -59.915497431668797, -3.098729164233543 ], [ -59.915295609278779, -3.098924297211259 ], [ -59.915155324786696, -3.099101571323137 ], [ -59.91504128911005, -3.099225707044929 ], [ -59.914760719955481, -3.099580255380069 ], [ -59.914515318717271, -3.099925862183262 ], [ -59.914129535716619, -3.10041336644099 ], [ -59.914076965258246, -3.100493110661901 ], [ -59.913770049796845, -3.100865420883612 ], [ -59.913472077598996, -3.101290772304816 ], [ -59.91338431471069, -3.101370613988608 ] ] } },
{ "type": "Feature", "properties": { "id": 16, "pagina": 15, "classe": "Logradouros", "metodo": "EIXO_TRACO", "comp_m": 350.89255504792015, "id_layer": "p15_camadas_logradouros", "doc_fonte": "Resposta SECT_autos.pdf", "doc_pagina": 15, "doc_folha": 108, "doc_escala": "1:15.000", "doc_metodo": "Reconstituição Vetorial Afim", "doc_rms_m": 0.68 }, "geometry": { "type": "LineString", "coordinates": [ [ -59.917554356601165, -3.098060148950894 ], [ -59.917580677995012, -3.098033543243997 ], [ -59.917607047855356, -3.0980246259531 ], [ -59.917703777725698, -3.09800666956266 ], [ -59.918064206065573, -3.097899540219474 ], [ -59.918248916133074, -3.097881340155474 ], [ -59.918319251853696, -3.097863456826292 ], [ -59.918653552486553, -3.097853686674501 ], [ -59.918662374749545, -3.097862506505362 ], [ -59.918794369308522, -3.097870985166001 ], [ -59.918961628664761, -3.097905898914635 ], [ -59.919137637534753, -3.097923099861833 ], [ -59.919392974024312, -3.097993146560591 ], [ -59.919604223412414, -3.098027938289019 ], [ -59.91975391092673, -3.098071744809525 ], [ -59.919947564249696, -3.098106585202049 ], [ -59.920158862089565, -3.098159065155327 ], [ -59.920220520944163, -3.098185427030345 ], [ -59.920475808818246, -3.098237784968398 ], [ -59.920528669659468, -3.09826417120039 ], [ -59.920590279989923, -3.098272844671127 ], [ -59.920616722540942, -3.098290459874628 ] ] } },
{ "type": "Feature", "properties": { "id": 17, "pagina": 15, "classe": "Logradouros", "metodo": "EIXO_TRACO", "comp_m": 17.046019564339563, "id_layer": "p15_camadas_logradouros", "doc_fonte": "Resposta SECT_autos.pdf", "doc_pagina": 15, "doc_folha": 108, "doc_escala": "1:15.000", "doc_metodo": "Reconstituição Vetorial Afim", "doc_rms_m": 0.68 }, "geometry": { "type": "LineString", "coordinates": [ [ -59.917554356601165, -3.098060148950894 ], [ -59.917563178867034, -3.098068968797975 ], [ -59.917563566619172, -3.098210476126602 ] ] } },
{ "type": "Feature", "properties": { "id": 18, "pagina": 15, "classe": "Logradouros", "metodo": "EIXO_TRACO", "comp_m": 594.31992634087931, "id_layer": "p15_camadas_logradouros", "doc_fonte": "Resposta SECT_autos.pdf", "doc_pagina": 15, "doc_folha": 108, "doc_escala": "1:15.000", "doc_metodo": "Reconstituição Vetorial Afim", "doc_rms_m": 0.68 }, "geometry": { "type": "LineString", "coordinates": [ [ -59.896613662471353, -3.087964506608659 ], [ -59.8966314745348, -3.088044057767736 ], [ -59.896631786309626, -3.088159034641379 ], [ -59.8966495744071, -3.08822974142081 ], [ -59.896649814248796, -3.088318185168064 ], [ -59.896694236565835, -3.088477263352754 ], [ -59.896721038693471, -3.088627545375937 ], [ -59.897110531226723, -3.089502077035259 ], [ -59.897137189571701, -3.089599292741536 ], [ -59.897163727932586, -3.089652286590125 ], [ -59.897172862051157, -3.089776083650063 ], [ -59.897181684175109, -3.089784903894037 ], [ -59.897171579345034, -3.092544395639373 ], [ -59.897162805220177, -3.092553264157183 ], [ -59.897163790168655, -3.09291588332483 ], [ -59.897155016043492, -3.092924751845473 ], [ -59.89714701073887, -3.093216640206717 ] ] } },
{ "type": "Feature", "properties": { "id": 19, "pagina": 15, "classe": "Logradouros", "metodo": "EIXO_TRACO", "comp_m": 50.339261814467221, "id_layer": "p15_camadas_logradouros", "doc_fonte": "Resposta SECT_autos.pdf", "doc_pagina": 15, "doc_folha": 108, "doc_escala": "1:15.000", "doc_metodo": "Reconstituição Vetorial Afim", "doc_rms_m": 0.68 }, "geometry": { "type": "LineString", "coordinates": [ [ -59.896613662471353, -3.087964506608659 ], [ -59.896543253583076, -3.087955855090737 ], [ -59.89642875820153, -3.087911946591011 ], [ -59.896384767629826, -3.08791206711787 ], [ -59.896375945536221, -3.087903246846081 ], [ -59.896173564906952, -3.087894956864331 ] ] } },
{ "type": "Feature", "properties": { "id": 20, "pagina": 15, "classe": "Logradouros", "metodo": "EIXO_TRACO", "comp_m": 250.46099823606374, "id_layer": "p15_camadas_logradouros", "doc_fonte": "Resposta SECT_autos.pdf", "doc_pagina": 15, "doc_folha": 108, "doc_escala": "1:15.000", "doc_metodo": "Reconstituição Vetorial Afim", "doc_rms_m": 0.68 }, "geometry": { "type": "LineString", "coordinates": [ [ -59.896613662471353, -3.087964506608659 ], [ -59.896622436602975, -3.087955638126143 ], [ -59.896621933007381, -3.087769906250925 ], [ -59.896630707138776, -3.087761037769891 ], [ -59.896630323467271, -3.087619527770313 ], [ -59.89663909759846, -3.087610659290421 ], [ -59.896638881790963, -3.087531059916086 ], [ -59.896647655921988, -3.087522191436849 ], [ -59.896647368187324, -3.087416058938341 ], [ -59.896656142318143, -3.087407190459978 ], [ -59.896699317651745, -3.087106361208499 ], [ -59.896751554854895, -3.08690279599301 ], [ -59.896812686066866, -3.086734584188652 ], [ -59.896812614146562, -3.086708051067551 ], [ -59.897039446959369, -3.085999874701854 ], [ -59.89706548169908, -3.08586713683673 ], [ -59.897065242013738, -3.085778693118083 ] ] } },
{ "type": "Feature", "properties": { "id": 21, "pagina": 15, "classe": "Logradouros", "metodo": "EIXO_TRACO", "comp_m": 44.479664997347925, "id_layer": "p15_camadas_logradouros", "doc_fonte": "Resposta SECT_autos.pdf", "doc_pagina": 15, "doc_folha": 108, "doc_escala": "1:15.000", "doc_metodo": "Reconstituição Vetorial Afim", "doc_rms_m": 0.68 }, "geometry": { "type": "LineString", "coordinates": [ [ -59.921767535568392, -3.091238407944002 ], [ -59.921776188220264, -3.091185318546699 ], [ -59.921916204619144, -3.090910759647754 ], [ -59.921951347944891, -3.09089297393388 ] ] } },
{ "type": "Feature", "properties": { "id": 22, "pagina": 15, "classe": "Logradouros", "metodo": "EIXO_TRACO", "comp_m": 38.641002547707792, "id_layer": "p15_camadas_logradouros", "doc_fonte": "Resposta SECT_autos.pdf", "doc_pagina": 15, "doc_folha": 108, "doc_escala": "1:15.000", "doc_metodo": "Reconstituição Vetorial Afim", "doc_rms_m": 0.68 }, "geometry": { "type": "LineString", "coordinates": [ [ -59.921767535568392, -3.091238407944002 ], [ -59.92198772628322, -3.09132624110171 ], [ -59.922058206686778, -3.091361423033963 ], [ -59.922075875225644, -3.091387906862393 ] ] } },
{ "type": "Feature", "properties": { "id": 23, "pagina": 15, "classe": "Logradouros", "metodo": "EIXO_TRACO", "comp_m": 61.796422956810218, "id_layer": "p15_camadas_logradouros", "doc_fonte": "Resposta SECT_autos.pdf", "doc_pagina": 15, "doc_folha": 108, "doc_escala": "1:15.000", "doc_metodo": "Reconstituição Vetorial Afim", "doc_rms_m": 0.68 }, "geometry": { "type": "LineString", "coordinates": [ [ -59.921767535568392, -3.091238407944002 ], [ -59.921741165955623, -3.091247325147034 ], [ -59.921548652441842, -3.091628160295266 ], [ -59.921513630166558, -3.091690166914056 ], [ -59.921487284754619, -3.091707928301366 ] ] } },
{ "type": "Feature", "properties": { "id": 24, "pagina": 15, "classe": "Logradouros", "metodo": "EIXO_TRACO", "comp_m": 185.07283336003741, "id_layer": "p15_camadas_logradouros", "doc_fonte": "Resposta SECT_autos.pdf", "doc_pagina": 15, "doc_folha": 108, "doc_escala": "1:15.000", "doc_metodo": "Reconstituição Vetorial Afim", "doc_rms_m": 0.68 }, "geometry": { "type": "LineString", "coordinates": [ [ -59.893293455510523, -3.08024353469543 ], [ -59.893302325268657, -3.080270043882734 ], [ -59.893302659795182, -3.080393865515635 ], [ -59.893311481767313, -3.080402685896879 ], [ -59.893320996738574, -3.08066799394091 ], [ -59.893329818715088, -3.080676814319676 ], [ -59.893330177187721, -3.080809480350648 ], [ -59.893338999166488, -3.08081830072814 ], [ -59.893349016180338, -3.081269341198916 ], [ -59.893340241999049, -3.081278209628978 ], [ -59.893331850265078, -3.081428588490303 ], [ -59.893305695045967, -3.081517104599212 ], [ -59.89323631435969, -3.081888761746142 ] ] } },
{ "type": "Feature", "properties": { "id": 25, "pagina": 15, "classe": "Logradouros", "metodo": "EIXO_TRACO", "comp_m": 61.005619909650093, "id_layer": "p15_camadas_logradouros", "doc_fonte": "Resposta SECT_autos.pdf", "doc_pagina": 15, "doc_folha": 108, "doc_escala": "1:15.000", "doc_metodo": "Reconstituição Vetorial Afim", "doc_rms_m": 0.68 }, "geometry": { "type": "LineString", "coordinates": [ [ -59.893293455510523, -3.08024353469543 ], [ -59.893205474750552, -3.080243774889245 ], [ -59.893152734077056, -3.080261607809126 ], [ -59.8930647533046, -3.080261847992675 ], [ -59.89305597911919, -3.080270716414913 ], [ -59.892809680696232, -3.080289077702488 ], [ -59.892800906506714, -3.080297946124839 ], [ -59.892756892216156, -3.080289221797702 ] ] } },
{ "type": "Feature", "properties": { "id": 26, "pagina": 15, "classe": "Logradouros", "metodo": "EIXO_TRACO", "comp_m": 117.07842065526729, "id_layer": "p15_camadas_logradouros", "doc_fonte": "Resposta SECT_autos.pdf", "doc_pagina": 15, "doc_folha": 108, "doc_escala": "1:15.000", "doc_metodo": "Reconstituição Vetorial Afim", "doc_rms_m": 0.68 }, "geometry": { "type": "LineString", "coordinates": [ [ -59.893293455510523, -3.08024353469543 ], [ -59.893363792324543, -3.080225653731378 ], [ -59.893434176922, -3.080225461567532 ], [ -59.893442951101328, -3.080216593145455 ], [ -59.893513335693235, -3.08021640097692 ], [ -59.893522109871277, -3.080207532554878 ], [ -59.893592494457636, -3.080207340381655 ], [ -59.893671629318504, -3.080189435382276 ], [ -59.893742013894347, -3.080189243200259 ], [ -59.893750788068701, -3.080180374778323 ], [ -59.893821172638994, -3.080180182591619 ], [ -59.893829946812076, -3.080171314169717 ], [ -59.894172975921343, -3.080134999610513 ], [ -59.894234514593201, -3.08011714263523 ], [ -59.894322495262365, -3.080116902365925 ] ] } },
{ "type": "Feature", "properties": { "id": 27, "pagina": 15, "classe": "Logradouros", "metodo": "EIXO_TRACO", "comp_m": 71.107328913684583, "id_layer": "p15_camadas_logradouros", "doc_fonte": "Resposta SECT_autos.pdf", "doc_pagina": 15, "doc_folha": 108, "doc_escala": "1:15.000", "doc_metodo": "Reconstituição Vetorial Afim", "doc_rms_m": 0.68 }, "geometry": { "type": "LineString", "coordinates": [ [ -59.940192863603798, -3.095317460793005 ], [ -59.940201539434433, -3.095273216122233 ], [ -59.9402278353244, -3.09523776642516 ], [ -59.940359436753141, -3.095104738091322 ], [ -59.940517504824328, -3.094998168266568 ], [ -59.940675670454702, -3.09492697454743 ] ] } },
{ "type": "Feature", "properties": { "id": 28, "pagina": 15, "classe": "Logradouros", "metodo": "EIXO_TRACO", "comp_m": 221.9527643026322, "id_layer": "p15_camadas_logradouros", "doc_fonte": "Resposta SECT_autos.pdf", "doc_pagina": 15, "doc_folha": 108, "doc_escala": "1:15.000", "doc_metodo": "Reconstituição Vetorial Afim", "doc_rms_m": 0.68 }, "geometry": { "type": "LineString", "coordinates": [ [ -59.940192863603798, -3.095317460793005 ], [ -59.940475150644069, -3.095590840672527 ], [ -59.94131331244661, -3.096446379640053 ], [ -59.941560384318862, -3.096711012837021 ], [ -59.94157810209407, -3.09675518382232 ] ] } },
{ "type": "Feature", "properties": { "id": 29, "pagina": 15, "classe": "Logradouros", "metodo": "EIXO_TRACO", "comp_m": 63.329519963150418, "id_layer": "p15_camadas_logradouros", "doc_fonte": "Resposta SECT_autos.pdf", "doc_pagina": 15, "doc_folha": 108, "doc_escala": "1:15.000", "doc_metodo": "Reconstituição Vetorial Afim", "doc_rms_m": 0.68 }, "geometry": { "type": "LineString", "coordinates": [ [ -59.940192863603798, -3.095317460793005 ], [ -59.940166470112594, -3.095317534376957 ], [ -59.940113829525785, -3.095370745718215 ], [ -59.939912455366702, -3.095725071071441 ], [ -59.939868588190066, -3.095769413870994 ] ] } },
{ "type": "Feature", "properties": { "id": 30, "pagina": 15, "classe": "Logradouros", "metodo": "EIXO_TRACO", "comp_m": 87.268753263615523, "id_layer": "p15_camadas_logradouros", "doc_fonte": "Resposta SECT_autos.pdf", "doc_pagina": 15, "doc_folha": 108, "doc_escala": "1:15.000", "doc_metodo": "Reconstituição Vetorial Afim", "doc_rms_m": 0.68 }, "geometry": { "type": "LineString", "coordinates": [ [ -59.943368244402215, -3.088702081500577 ], [ -59.943359349156253, -3.088666729985026 ], [ -59.943235766319113, -3.088516724910776 ], [ -59.942909006799908, -3.088066586933094 ] ] } },
{ "type": "Feature", "properties": { "id": 31, "pagina": 15, "classe": "Logradouros", "metodo": "EIXO_TRACO", "comp_m": 58.485214975179971, "id_layer": "p15_camadas_logradouros", "doc_fonte": "Resposta SECT_autos.pdf", "doc_pagina": 15, "doc_folha": 108, "doc_escala": "1:15.000", "doc_metodo": "Reconstituição Vetorial Afim", "doc_rms_m": 0.68 }, "geometry": { "type": "LineString", "coordinates": [ [ -59.941745180567167, -3.080755767609161 ], [ -59.942087294473545, -3.080392210298859 ], [ -59.942096019272718, -3.080365653825513 ] ] } },
{ "type": "Feature", "properties": { "id": 32, "pagina": 15, "classe": "Logradouros", "metodo": "EIXO_TRACO", "comp_m": 78.389215232567494, "id_layer": "p15_camadas_logradouros", "doc_fonte": "Resposta SECT_autos.pdf", "doc_pagina": 15, "doc_folha": 108, "doc_escala": "1:15.000", "doc_metodo": "Reconstituição Vetorial Afim", "doc_rms_m": 0.68 }, "geometry": { "type": "LineString", "coordinates": [ [ -59.895106221713633, -3.083626009702476 ], [ -59.895079229091166, -3.083404972189106 ], [ -59.895070407070271, -3.083396151860318 ], [ -59.895070215607113, -3.083325396756658 ], [ -59.895061393587483, -3.083316576427089 ], [ -59.895061178197992, -3.083236976934704 ], [ -59.895052356179789, -3.083228156604285 ], [ -59.895052140797141, -3.083148557111146 ], [ -59.89504331878036, -3.083139736779878 ], [ -59.895042959823826, -3.083007070956585 ], [ -59.895025172218368, -3.082936363961026 ] ] } },
{ "type": "Feature", "properties": { "id": 33, "pagina": 15, "classe": "Logradouros", "metodo": "EIXO_TRACO", "comp_m": 27.477816867979197, "id_layer": "p15_camadas_logradouros", "doc_fonte": "Resposta SECT_autos.pdf", "doc_pagina": 15, "doc_folha": 108, "doc_escala": "1:15.000", "doc_metodo": "Reconstituição Vetorial Afim", "doc_rms_m": 0.68 }, "geometry": { "type": "LineString", "coordinates": [ [ -59.895106221713633, -3.083626009702476 ], [ -59.895124488110234, -3.083873604429183 ] ] } },
{ "type": "Feature", "properties": { "id": 34, "pagina": 15, "classe": "Logradouros", "metodo": "EIXO_TRACO", "comp_m": 25.469091995075257, "id_layer": "p15_camadas_logradouros", "doc_fonte": "Resposta SECT_autos.pdf", "doc_pagina": 15, "doc_folha": 108, "doc_escala": "1:15.000", "doc_metodo": "Reconstituição Vetorial Afim", "doc_rms_m": 0.68 }, "geometry": { "type": "LineString", "coordinates": [ [ -59.895106221713633, -3.083626009702476 ], [ -59.895334948074115, -3.083616539702151 ] ] } },
{ "type": "Feature", "properties": { "id": 35, "pagina": 15, "classe": "Logradouros", "metodo": "EIXO_TRACO", "comp_m": 262.45451268764668, "id_layer": "p15_camadas_logradouros", "doc_fonte": "Resposta SECT_autos.pdf", "doc_pagina": 15, "doc_folha": 108, "doc_escala": "1:15.000", "doc_metodo": "Reconstituição Vetorial Afim", "doc_rms_m": 0.68 }, "geometry": { "type": "LineString", "coordinates": [ [ -59.910310193082829, -3.087175120066675 ], [ -59.910257380997834, -3.087166421088972 ], [ -59.910186900649208, -3.087131237731402 ], [ -59.909649355591512, -3.086814320830435 ], [ -59.909587769579325, -3.086814490276889 ], [ -59.90928012839958, -3.086921468760685 ], [ -59.909060298628184, -3.08696629524019 ], [ -59.908840516947507, -3.087028810249185 ], [ -59.908647057014527, -3.087064719793774 ], [ -59.908304175230931, -3.087154106389543 ], [ -59.908093095064956, -3.087181219983684 ] ] } },
{ "type": "Feature", "properties": { "id": 36, "pagina": 15, "classe": "Logradouros", "metodo": "EIXO_TRACO", "comp_m": 1.9577134455030321, "id_layer": "p15_camadas_logradouros", "doc_fonte": "Resposta SECT_autos.pdf", "doc_pagina": 15, "doc_folha": 108, "doc_escala": "1:15.000", "doc_metodo": "Reconstituição Vetorial Afim", "doc_rms_m": 0.68 }, "geometry": { "type": "LineString", "coordinates": [ [ -59.894171590269657, -3.082876786197291 ], [ -59.894153994088697, -3.082876834292243 ] ] } },
{ "type": "Feature", "properties": { "id": 37, "pagina": 15, "classe": "Logradouros", "metodo": "EIXO_TRACO", "comp_m": 134.74577284168464, "id_layer": "p15_camadas_logradouros", "doc_fonte": "Resposta SECT_autos.pdf", "doc_pagina": 15, "doc_folha": 108, "doc_escala": "1:15.000", "doc_metodo": "Reconstituição Vetorial Afim", "doc_rms_m": 0.68 }, "geometry": { "type": "LineString", "coordinates": [ [ -59.892599748298117, -3.093742093019151 ], [ -59.8927835505853, -3.093387810332747 ], [ -59.892835955841683, -3.093246155162467 ], [ -59.892922978075845, -3.092892137858299 ], [ -59.892931296486196, -3.092715225679303 ], [ -59.8929839656304, -3.092670858980713 ], [ -59.893036706734122, -3.092653025490777 ] ] } },
{ "type": "Feature", "properties": { "id": 38, "pagina": 15, "classe": "Logradouros", "metodo": "EIXO_TRACO", "comp_m": 53.694150783948857, "id_layer": "p15_camadas_logradouros", "doc_fonte": "Resposta SECT_autos.pdf", "doc_pagina": 15, "doc_folha": 108, "doc_escala": "1:15.000", "doc_metodo": "Reconstituição Vetorial Afim", "doc_rms_m": 0.68 }, "geometry": { "type": "LineString", "coordinates": [ [ -59.917909477677817, -3.099226609544667 ], [ -59.917909647400826, -3.099288518980437 ], [ -59.91783160467029, -3.099704416007025 ] ] } },
{ "type": "Feature", "properties": { "id": 39, "pagina": 15, "classe": "Logradouros", "metodo": "EIXO_TRACO", "comp_m": 151.42103437610689, "id_layer": "p15_camadas_logradouros", "doc_fonte": "Resposta SECT_autos.pdf", "doc_pagina": 15, "doc_folha": 108, "doc_escala": "1:15.000", "doc_metodo": "Reconstituição Vetorial Afim", "doc_rms_m": 0.68 }, "geometry": { "type": "LineString", "coordinates": [ [ -59.917909477677817, -3.099226609544667 ], [ -59.917821497286226, -3.099226853271672 ], [ -59.917601425060958, -3.09918324151934 ], [ -59.917548588329439, -3.099165699322992 ], [ -59.917495678872193, -3.099121624497092 ], [ -59.917486589937127, -3.099015518363951 ], [ -59.917495363736712, -3.099006649787599 ], [ -59.917503628495915, -3.098812052835274 ], [ -59.917512402295138, -3.098803184260479 ], [ -59.917529198508504, -3.098511276656207 ], [ -59.917537972307201, -3.098502408083712 ], [ -59.917537729939276, -3.09841396600184 ], [ -59.917546503737782, -3.098405097430091 ], [ -59.91754614019888, -3.098272434307963 ], [ -59.917563566619172, -3.098210476126602 ] ] } },
{ "type": "Feature", "properties": { "id": 40, "pagina": 15, "classe": "Logradouros", "metodo": "EIXO_TRACO", "comp_m": 32.986614434029761, "id_layer": "p15_camadas_logradouros", "doc_fonte": "Resposta SECT_autos.pdf", "doc_pagina": 15, "doc_folha": 108, "doc_escala": "1:15.000", "doc_metodo": "Reconstituição Vetorial Afim", "doc_rms_m": 0.68 }, "geometry": { "type": "LineString", "coordinates": [ [ -59.930383611537195, -3.076223655690505 ], [ -59.930366064371611, -3.076241392501874 ], [ -59.930252370314378, -3.076489343446236 ] ] } },
{ "type": "Feature", "properties": { "id": 41, "pagina": 15, "classe": "Logradouros", "metodo": "EIXO_TRACO", "comp_m": 94.613991013326981, "id_layer": "p15_camadas_logradouros", "doc_fonte": "Resposta SECT_autos.pdf", "doc_pagina": 15, "doc_folha": 108, "doc_escala": "1:15.000", "doc_metodo": "Reconstituição Vetorial Afim", "doc_rms_m": 0.68 }, "geometry": { "type": "LineString", "coordinates": [ [ -59.943360521351487, -3.085898532041263 ], [ -59.94333395770898, -3.085836697444915 ], [ -59.94318383630668, -3.085633701434823 ], [ -59.943130903858957, -3.085580784250749 ], [ -59.942910108614711, -3.085271855814741 ], [ -59.94287472296962, -3.08520120162788 ] ] } },
{ "type": "Feature", "properties": { "id": 42, "pagina": 15, "classe": "Logradouros", "metodo": "EIXO_TRACO", "comp_m": 63.220367035555739, "id_layer": "p15_camadas_logradouros", "doc_fonte": "Resposta SECT_autos.pdf", "doc_pagina": 15, "doc_folha": 108, "doc_escala": "1:15.000", "doc_metodo": "Reconstituição Vetorial Afim", "doc_rms_m": 0.68 }, "geometry": { "type": "LineString", "coordinates": [ [ -59.94287472296962, -3.08520120162788 ], [ -59.942883423326371, -3.08516580112236 ], [ -59.942944861347662, -3.085112565780093 ], [ -59.943173163976766, -3.084952737413849 ], [ -59.943278493193866, -3.08486400370209 ], [ -59.943313684072145, -3.084863905817607 ] ] } },
{ "type": "Feature", "properties": { "id": 43, "pagina": 15, "classe": "Logradouros", "metodo": "EIXO_TRACO", "comp_m": 65.953328259611482, "id_layer": "p15_camadas_logradouros", "doc_fonte": "Resposta SECT_autos.pdf", "doc_pagina": 15, "doc_folha": 108, "doc_escala": "1:15.000", "doc_metodo": "Reconstituição Vetorial Afim", "doc_rms_m": 0.68 }, "geometry": { "type": "LineString", "coordinates": [ [ -59.94287472296962, -3.08520120162788 ], [ -59.94282196095611, -3.085210192457612 ], [ -59.942540993511905, -3.08541438772272 ], [ -59.942461984323913, -3.08547651602751 ], [ -59.942409343980252, -3.085529726915651 ], [ -59.942409392662483, -3.08554741494071 ] ] } },
{ "type": "Feature", "properties": { "id": 44, "pagina": 15, "classe": "Logradouros", "metodo": "EIXO_TRACO", "comp_m": 53.300522857325063, "id_layer": "p15_camadas_logradouros", "doc_fonte": "Resposta SECT_autos.pdf", "doc_pagina": 15, "doc_folha": 108, "doc_escala": "1:15.000", "doc_metodo": "Reconstituição Vetorial Afim", "doc_rms_m": 0.68 }, "geometry": { "type": "LineString", "coordinates": [ [ -59.939323699014729, -3.079993050617214 ], [ -59.939665887308713, -3.079656025634245 ] ] } },
{ "type": "Feature", "properties": { "id": 45, "pagina": 15, "classe": "Logradouros", "metodo": "EIXO_TRACO", "comp_m": 73.938584884792064, "id_layer": "p15_camadas_logradouros", "doc_fonte": "Resposta SECT_autos.pdf", "doc_pagina": 15, "doc_folha": 108, "doc_escala": "1:15.000", "doc_metodo": "Reconstituição Vetorial Afim", "doc_rms_m": 0.68 }, "geometry": { "type": "LineString", "coordinates": [ [ -59.896144693479194, -3.093467035742821 ], [ -59.896162145681352, -3.09341392118347 ], [ -59.896477726440956, -3.092988521859406 ], [ -59.896512774945684, -3.092935359026491 ], [ -59.896512726907211, -3.09291767027643 ] ] } },
{ "type": "Feature", "properties": { "id": 46, "pagina": 15, "classe": "Logradouros", "metodo": "EIXO_TRACO", "comp_m": 57.118285114555668, "id_layer": "p15_camadas_logradouros", "doc_fonte": "Resposta SECT_autos.pdf", "doc_pagina": 15, "doc_folha": 108, "doc_escala": "1:15.000", "doc_metodo": "Reconstituição Vetorial Afim", "doc_rms_m": 0.68 }, "geometry": { "type": "LineString", "coordinates": [ [ -59.896144693479194, -3.093467035742821 ], [ -59.896047865652399, -3.0934496125928 ], [ -59.895968562091667, -3.093405608003844 ], [ -59.895862888060762, -3.093370520213097 ], [ -59.895801204847579, -3.093335311692954 ], [ -59.895721829246384, -3.093264773924126 ], [ -59.895686612575716, -3.093256026107724 ] ] } },
{ "type": "Feature", "properties": { "id": 47, "pagina": 15, "classe": "Logradouros", "metodo": "EIXO_TRACO", "comp_m": 109.97969742743665, "id_layer": "p15_camadas_logradouros", "doc_fonte": "Resposta SECT_autos.pdf", "doc_pagina": 15, "doc_folha": 108, "doc_escala": "1:15.000", "doc_metodo": "Reconstituição Vetorial Afim", "doc_rms_m": 0.68 }, "geometry": { "type": "LineString", "coordinates": [ [ -59.896144693479194, -3.093467035742821 ], [ -59.896162337844551, -3.093484676205028 ], [ -59.896356041530034, -3.093537211214865 ], [ -59.896496956242657, -3.093589891074721 ], [ -59.896567317498835, -3.09358085349468 ], [ -59.896602414037652, -3.093545379393569 ], [ -59.896637438500008, -3.093483372171612 ], [ -59.896821166751863, -3.093102556970897 ] ] } },
{ "type": "Feature", "properties": { "id": 48, "pagina": 15, "classe": "Logradouros", "metodo": "EIXO_TRACO", "comp_m": 117.7579983802556, "id_layer": "p15_camadas_logradouros", "doc_fonte": "Resposta SECT_autos.pdf", "doc_pagina": 15, "doc_folha": 108, "doc_escala": "1:15.000", "doc_metodo": "Reconstituição Vetorial Afim", "doc_rms_m": 0.68 }, "geometry": { "type": "LineString", "coordinates": [ [ -59.922333640134546, -3.076245855814389 ], [ -59.922298448874635, -3.076245952730507 ], [ -59.922219389043114, -3.076290391661401 ], [ -59.921507970586582, -3.076734562956916 ], [ -59.921455280029051, -3.076770085035704 ], [ -59.921437756673988, -3.076796666030267 ] ] } },
{ "type": "Feature", "properties": { "id": 49, "pagina": 15, "classe": "Logradouros", "metodo": "EIXO_TRACO", "comp_m": 49.37177989517653, "id_layer": "p15_camadas_logradouros", "doc_fonte": "Resposta SECT_autos.pdf", "doc_pagina": 15, "doc_folha": 108, "doc_escala": "1:15.000", "doc_metodo": "Reconstituição Vetorial Afim", "doc_rms_m": 0.68 }, "geometry": { "type": "LineString", "coordinates": [ [ -59.922850627750819, -3.094790792767022 ], [ -59.922868223677156, -3.094790744008082 ], [ -59.922885746846369, -3.094764162749625 ], [ -59.922920623420566, -3.09464909107125 ], [ -59.923016770455114, -3.094418874598685 ], [ -59.923016697703773, -3.094392342102393 ] ] } },
{ "type": "Feature", "properties": { "id": 50, "pagina": 15, "classe": "Logradouros", "metodo": "EIXO_TRACO", "comp_m": 163.73795093007311, "id_layer": "p15_camadas_logradouros", "doc_fonte": "Resposta SECT_autos.pdf", "doc_pagina": 15, "doc_folha": 108, "doc_escala": "1:15.000", "doc_metodo": "Reconstituição Vetorial Afim", "doc_rms_m": 0.68 }, "geometry": { "type": "LineString", "coordinates": [ [ -59.939159127641567, -3.093728403426973 ], [ -59.939088525634034, -3.093649003140758 ], [ -59.938302594861611, -3.092589898573635 ], [ -59.93825853265961, -3.092563488893074 ] ] } },
{ "type": "Feature", "properties": { "id": 51, "pagina": 15, "classe": "Logradouros", "metodo": "EIXO_TRACO", "comp_m": 17.834323102608828, "id_layer": "p15_camadas_logradouros", "doc_fonte": "Resposta SECT_autos.pdf", "doc_pagina": 15, "doc_folha": 108, "doc_escala": "1:15.000", "doc_metodo": "Reconstituição Vetorial Afim", "doc_rms_m": 0.68 }, "geometry": { "type": "LineString", "coordinates": [ [ -59.895544618078262, -3.083067610347714 ], [ -59.89554483349184, -3.083147209806156 ], [ -59.895562645075977, -3.083226761140941 ] ] } },
{ "type": "Feature", "properties": { "id": 52, "pagina": 15, "classe": "Logradouros", "metodo": "EIXO_TRACO", "comp_m": 132.93242480901182, "id_layer": "p15_camadas_logradouros", "doc_fonte": "Resposta SECT_autos.pdf", "doc_pagina": 15, "doc_folha": 108, "doc_escala": "1:15.000", "doc_metodo": "Reconstituição Vetorial Afim", "doc_rms_m": 0.68 }, "geometry": { "type": "LineString", "coordinates": [ [ -59.895544618078262, -3.083067610347714 ], [ -59.895685363433763, -3.083058380988244 ], [ -59.895694137578147, -3.083049512543566 ], [ -59.895799714532366, -3.083049223799892 ], [ -59.895808488674902, -3.083040355355234 ], [ -59.895905267539305, -3.083040090664274 ], [ -59.895914041680157, -3.083031222219656 ], [ -59.896010820534663, -3.083030957519841 ], [ -59.896019594673788, -3.083022089075228 ], [ -59.896089979288874, -3.083021896560705 ], [ -59.896169114097049, -3.083003991217529 ], [ -59.896300869767195, -3.082924030827316 ], [ -59.896485222319129, -3.082773171026143 ], [ -59.896599286015935, -3.082657881274075 ] ] } },
{ "type": "Feature", "properties": { "id": 53, "pagina": 15, "classe": "Logradouros", "metodo": "EIXO_TRACO", "comp_m": 220.67632582176773, "id_layer": "p15_camadas_logradouros", "doc_fonte": "Resposta SECT_autos.pdf", "doc_pagina": 15, "doc_folha": 108, "doc_escala": "1:15.000", "doc_metodo": "Reconstituição Vetorial Afim", "doc_rms_m": 0.68 }, "geometry": { "type": "LineString", "coordinates": [ [ -59.895544618078262, -3.083067610347714 ], [ -59.895535796062553, -3.08305879002376 ], [ -59.895508731688693, -3.082811219436078 ], [ -59.89548197847752, -3.08267862583781 ], [ -59.895481810962281, -3.082616715143926 ], [ -59.895455057781298, -3.082484121536779 ], [ -59.895454890278202, -3.082422210841189 ], [ -59.895428137127404, -3.082289617225164 ], [ -59.895427969636458, -3.082227706527865 ], [ -59.895419147634229, -3.082218886195339 ], [ -59.895419004074107, -3.082165819882884 ], [ -59.895410182072872, -3.082156999549721 ], [ -59.895410038516083, -3.082103933236764 ], [ -59.895401216515836, -3.082095112902979 ], [ -59.895401072962379, -3.082042046589539 ], [ -59.89537429594661, -3.081900608570193 ], [ -59.895356628029077, -3.081874123512027 ], [ -59.895276799472974, -3.081635541517047 ], [ -59.895232641670169, -3.081573751042556 ], [ -59.895179542287494, -3.081458918282204 ], [ -59.895038318717774, -3.081291259608498 ], [ -59.894967766740614, -3.081229541221477 ] ] } },
{ "type": "Feature", "properties": { "id": 54, "pagina": 15, "classe": "Logradouros", "metodo": "EIXO_TRACO", "comp_m": 155.12986692777551, "id_layer": "p15_camadas_logradouros", "doc_fonte": "Resposta SECT_autos.pdf", "doc_pagina": 15, "doc_folha": 108, "doc_escala": "1:15.000", "doc_metodo": "Reconstituição Vetorial Afim", "doc_rms_m": 0.68 }, "geometry": { "type": "LineString", "coordinates": [ [ -59.893215837564412, -3.093820004108799 ], [ -59.893224443763025, -3.093749224778121 ], [ -59.893329206070653, -3.093448225682722 ], [ -59.893329134080226, -3.093421692482832 ], [ -59.893416779957221, -3.093297629662227 ], [ -59.893469425068197, -3.093244418532812 ], [ -59.893697793791304, -3.09310228096972 ], [ -59.893935128588886, -3.093022030057087 ], [ -59.894075731395212, -3.092959733294405 ], [ -59.894154866959859, -3.092941827376448 ] ] } },
{ "type": "Feature", "properties": { "id": 55, "pagina": 15, "classe": "Logradouros", "metodo": "EIXO_TRACO", "comp_m": 174.57078360112789, "id_layer": "p15_camadas_logradouros", "doc_fonte": "Resposta SECT_autos.pdf", "doc_pagina": 15, "doc_folha": 108, "doc_escala": "1:15.000", "doc_metodo": "Reconstituição Vetorial Afim", "doc_rms_m": 0.68 }, "geometry": { "type": "LineString", "coordinates": [ [ -59.893215837564412, -3.093820004108799 ], [ -59.893928538571529, -3.093835738545717 ], [ -59.893937360759004, -3.093844558809879 ], [ -59.894034140762443, -3.093844293363775 ], [ -59.89404296295011, -3.09385311362616 ], [ -59.894509362526207, -3.09388721208949 ], [ -59.894518184714777, -3.09389603234384 ], [ -59.894702994469576, -3.093913214243542 ], [ -59.894711816658649, -3.09392203449455 ], [ -59.89475580754327, -3.093921913803046 ], [ -59.894764581707534, -3.093913045275919 ] ] } },
{ "type": "Feature", "properties": { "id": 56, "pagina": 15, "classe": "Logradouros", "metodo": "EIXO_TRACO", "comp_m": 47.692867447815935, "id_layer": "p15_camadas_logradouros", "doc_fonte": "Resposta SECT_autos.pdf", "doc_pagina": 15, "doc_folha": 108, "doc_escala": "1:15.000", "doc_metodo": "Reconstituição Vetorial Afim", "doc_rms_m": 0.68 }, "geometry": { "type": "LineString", "coordinates": [ [ -59.893215837564412, -3.093820004108799 ], [ -59.893198289185953, -3.093837741160207 ], [ -59.893154658229108, -3.093970527802358 ], [ -59.893084968707988, -3.094227208455507 ] ] } },
{ "type": "Feature", "properties": { "id": 57, "pagina": 15, "classe": "Logradouros", "metodo": "EIXO_TRACO", "comp_m": 91.041791260039162, "id_layer": "p15_camadas_logradouros", "doc_fonte": "Resposta SECT_autos.pdf", "doc_pagina": 15, "doc_folha": 108, "doc_escala": "1:15.000", "doc_metodo": "Reconstituição Vetorial Afim", "doc_rms_m": 0.68 }, "geometry": { "type": "LineString", "coordinates": [ [ -59.940455646009333, -3.091708337469814 ], [ -59.940464541303413, -3.091743689076164 ], [ -59.940711757223433, -3.092061387890622 ], [ -59.940958900176675, -3.092352554435137 ] ] } },
{ "type": "Feature", "properties": { "id": 58, "pagina": 15, "classe": "Logradouros", "metodo": "EIXO_TRACO", "comp_m": 42.355182330477028, "id_layer": "p15_camadas_logradouros", "doc_fonte": "Resposta SECT_autos.pdf", "doc_pagina": 15, "doc_folha": 108, "doc_escala": "1:15.000", "doc_metodo": "Reconstituição Vetorial Afim", "doc_rms_m": 0.68 }, "geometry": { "type": "LineString", "coordinates": [ [ -59.940455646009333, -3.091708337469814 ], [ -59.940429228240205, -3.091699566947305 ], [ -59.94040276172484, -3.091673108368675 ], [ -59.940252662977265, -3.091478956242734 ], [ -59.940217301196292, -3.091417146031674 ] ] } },
{ "type": "Feature", "properties": { "id": 59, "pagina": 15, "classe": "Logradouros", "metodo": "EIXO_TRACO", "comp_m": 69.36744546894505, "id_layer": "p15_camadas_logradouros", "doc_fonte": "Resposta SECT_autos.pdf", "doc_pagina": 15, "doc_folha": 108, "doc_escala": "1:15.000", "doc_metodo": "Reconstituição Vetorial Afim", "doc_rms_m": 0.68 }, "geometry": { "type": "LineString", "coordinates": [ [ -59.940455646009333, -3.091708337469814 ], [ -59.940525857776528, -3.091646233267999 ], [ -59.940745437063143, -3.09151296032799 ], [ -59.940859662134599, -3.091459577644872 ], [ -59.941000304936502, -3.091414965471865 ] ] } },
{ "type": "Feature", "properties": { "id": 60, "pagina": 15, "classe": "Logradouros", "metodo": "EIXO_TRACO", "comp_m": 293.99277391580245, "id_layer": "p15_camadas_logradouros", "doc_fonte": "Resposta SECT_autos.pdf", "doc_pagina": 15, "doc_folha": 108, "doc_escala": "1:15.000", "doc_metodo": "Reconstituição Vetorial Afim", "doc_rms_m": 0.68 }, "geometry": { "type": "LineString", "coordinates": [ [ -59.943386031497035, -3.098333225815089 ], [ -59.94319269926563, -3.098413362563899 ], [ -59.943025687133904, -3.098466893558375 ], [ -59.942718129604359, -3.098600413815067 ], [ -59.942603855497566, -3.098636109321045 ], [ -59.942559939641995, -3.098662764219947 ], [ -59.942340213643824, -3.098742974653188 ], [ -59.942102965217792, -3.09884976625413 ], [ -59.941654715001008, -3.099010211624427 ], [ -59.941628370335557, -3.099027973365695 ], [ -59.941092165696418, -3.099197508360528 ], [ -59.941013009434478, -3.099206573475784 ], [ -59.940969069028711, -3.099224384346977 ], [ -59.940907484032344, -3.099224556303674 ] ] } },
{ "type": "Feature", "properties": { "id": 61, "pagina": 15, "classe": "Logradouros", "metodo": "EIXO_TRACO", "comp_m": 156.20444287904851, "id_layer": "p15_camadas_logradouros", "doc_fonte": "Resposta SECT_autos.pdf", "doc_pagina": 15, "doc_folha": 108, "doc_escala": "1:15.000", "doc_metodo": "Reconstituição Vetorial Afim", "doc_rms_m": 0.68 }, "geometry": { "type": "LineString", "coordinates": [ [ -59.892677805049004, -3.080324815564647 ], [ -59.892669126416052, -3.080369061616493 ], [ -59.892511286500707, -3.080564070872441 ], [ -59.892493809782046, -3.080608340947096 ], [ -59.892309790567069, -3.080883021978513 ], [ -59.892047353001374, -3.081440940403353 ], [ -59.892029876275991, -3.081485210501453 ], [ -59.892021269327557, -3.081555989818054 ] ] } },
{ "type": "Feature", "properties": { "id": 62, "pagina": 15, "classe": "Logradouros", "metodo": "EIXO_TRACO", "comp_m": 9.8495085648608303, "id_layer": "p15_camadas_logradouros", "doc_fonte": "Resposta SECT_autos.pdf", "doc_pagina": 15, "doc_folha": 108, "doc_escala": "1:15.000", "doc_metodo": "Reconstituição Vetorial Afim", "doc_rms_m": 0.68 }, "geometry": { "type": "LineString", "coordinates": [ [ -59.892677805049004, -3.080324815564647 ], [ -59.892695401211128, -3.080324767533958 ], [ -59.892756892216156, -3.080289221797702 ] ] } },
{ "type": "Feature", "properties": { "id": 63, "pagina": 15, "classe": "Logradouros", "metodo": "EIXO_TRACO", "comp_m": 84.480426444866964, "id_layer": "p15_camadas_logradouros", "doc_fonte": "Resposta SECT_autos.pdf", "doc_pagina": 15, "doc_folha": 108, "doc_escala": "1:15.000", "doc_metodo": "Reconstituição Vetorial Afim", "doc_rms_m": 0.68 }, "geometry": { "type": "LineString", "coordinates": [ [ -59.892677805049004, -3.080324815564647 ], [ -59.892607420397759, -3.080325007684491 ], [ -59.892387611658336, -3.080378674486171 ], [ -59.892211912719254, -3.080476443257168 ], [ -59.892194316547084, -3.080476491282197 ], [ -59.89214167134795, -3.08052970182417 ], [ -59.892097752571452, -3.08055635512068 ], [ -59.89201880864308, -3.080645015351963 ] ] } },
{ "type": "Feature", "properties": { "id": 64, "pagina": 15, "classe": "Logradouros", "metodo": "EIXO_TRACO", "comp_m": 1.9577133916318421, "id_layer": "p15_camadas_logradouros", "doc_fonte": "Resposta SECT_autos.pdf", "doc_pagina": 15, "doc_folha": 108, "doc_escala": "1:15.000", "doc_metodo": "Reconstituição Vetorial Afim", "doc_rms_m": 0.68 }, "geometry": { "type": "LineString", "coordinates": [ [ -59.92798615436228, -3.087462401321201 ], [ -59.927986105888365, -3.08744471306694 ] ] } },
{ "type": "Feature", "properties": { "id": 65, "pagina": 15, "classe": "Logradouros", "metodo": "EIXO_TRACO", "comp_m": 192.74681256607914, "id_layer": "p15_camadas_logradouros", "doc_fonte": "Resposta SECT_autos.pdf", "doc_pagina": 15, "doc_folha": 108, "doc_escala": "1:15.000", "doc_metodo": "Reconstituição Vetorial Afim", "doc_rms_m": 0.68 }, "geometry": { "type": "LineString", "coordinates": [ [ -59.92798615436228, -3.087462401321201 ], [ -59.928021418523208, -3.087488836243445 ], [ -59.928100938621959, -3.087612434722959 ], [ -59.928259736477663, -3.08777119036148 ], [ -59.928559566879279, -3.088026841321218 ], [ -59.928788747755533, -3.088185401753365 ], [ -59.929088360070402, -3.088361455264662 ], [ -59.929105955792224, -3.08836140650316 ], [ -59.929229295619585, -3.088422973984083 ], [ -59.929326144846804, -3.088449238122904 ], [ -59.929361409054373, -3.088475672937017 ] ] } },
{ "type": "Feature", "properties": { "id": 66, "pagina": 15, "classe": "Logradouros", "metodo": "EIXO_TRACO", "comp_m": 179.65804707200135, "id_layer": "p15_camadas_logradouros", "doc_fonte": "Resposta SECT_autos.pdf", "doc_pagina": 15, "doc_folha": 108, "doc_escala": "1:15.000", "doc_metodo": "Reconstituição Vetorial Afim", "doc_rms_m": 0.68 }, "geometry": { "type": "LineString", "coordinates": [ [ -59.92798615436228, -3.087462401321201 ], [ -59.927828107899856, -3.08757781353787 ], [ -59.926730845866146, -3.088482960445983 ] ] } },
{ "type": "Feature", "properties": { "id": 67, "pagina": 15, "classe": "Logradouros", "metodo": "EIXO_TRACO", "comp_m": 132.3404823521461, "id_layer": "p15_camadas_logradouros", "doc_fonte": "Resposta SECT_autos.pdf", "doc_pagina": 15, "doc_folha": 108, "doc_escala": "1:15.000", "doc_metodo": "Reconstituição Vetorial Afim", "doc_rms_m": 0.68 }, "geometry": { "type": "LineString", "coordinates": [ [ -59.892033009434911, -3.085898596011864 ], [ -59.892041903277764, -3.085933949603783 ], [ -59.892544760936431, -3.0864367096439 ], [ -59.892826995375991, -3.086692427376481 ], [ -59.892888630181972, -3.086709947721031 ] ] } },
{ "type": "Feature", "properties": { "id": 68, "pagina": 15, "classe": "Logradouros", "metodo": "EIXO_TRACO", "comp_m": 59.525434436086904, "id_layer": "p15_camadas_logradouros", "doc_fonte": "Resposta SECT_autos.pdf", "doc_pagina": 15, "doc_folha": 108, "doc_escala": "1:15.000", "doc_metodo": "Reconstituição Vetorial Afim", "doc_rms_m": 0.68 }, "geometry": { "type": "LineString", "coordinates": [ [ -59.93893769181777, -3.080392105978939 ], [ -59.938560433520564, -3.08077344898672 ] ] } },
{ "type": "Feature", "properties": { "id": 69, "pagina": 15, "classe": "Logradouros", "metodo": "EIXO_TRACO", "comp_m": 1.9577134455030321, "id_layer": "p15_camadas_logradouros", "doc_fonte": "Resposta SECT_autos.pdf", "doc_pagina": 15, "doc_folha": 108, "doc_escala": "1:15.000", "doc_metodo": "Reconstituição Vetorial Afim", "doc_rms_m": 0.68 }, "geometry": { "type": "LineString", "coordinates": [ [ -59.93893769181777, -3.080392105978939 ], [ -59.938955287252526, -3.080392057179732 ] ] } },
{ "type": "Feature", "properties": { "id": 70, "pagina": 15, "classe": "Logradouros", "metodo": "EIXO_TRACO", "comp_m": 284.35310369598113, "id_layer": "p15_camadas_logradouros", "doc_fonte": "Resposta SECT_autos.pdf", "doc_pagina": 15, "doc_folha": 108, "doc_escala": "1:15.000", "doc_metodo": "Reconstituição Vetorial Afim", "doc_rms_m": 0.68 }, "geometry": { "type": "LineString", "coordinates": [ [ -59.93893769181777, -3.080392105978939 ], [ -59.938690846052182, -3.080207064232657 ], [ -59.938294050917953, -3.079880932267372 ], [ -59.937473801325034, -3.079131455739178 ], [ -59.937041694744465, -3.078761199774341 ], [ -59.936988835700348, -3.078734813827747 ] ] } },
{ "type": "Feature", "properties": { "id": 71, "pagina": 15, "classe": "Logradouros", "metodo": "EIXO_TRACO", "comp_m": 120.2805480135895, "id_layer": "p15_camadas_logradouros", "doc_fonte": "Resposta SECT_autos.pdf", "doc_pagina": 15, "doc_folha": 108, "doc_escala": "1:15.000", "doc_metodo": "Reconstituição Vetorial Afim", "doc_rms_m": 0.68 }, "geometry": { "type": "LineString", "coordinates": [ [ -59.939140145580154, -3.090031620247597 ], [ -59.93913999948402, -3.089978556020306 ], [ -59.939166125028912, -3.089881198174251 ], [ -59.939227295658128, -3.089730678204174 ], [ -59.939462912593164, -3.089031338533374 ], [ -59.93948925725676, -3.089013577045742 ] ] } },
{ "type": "Feature", "properties": { "id": 72, "pagina": 15, "classe": "Logradouros", "metodo": "EIXO_TRACO", "comp_m": 31.067472665847909, "id_layer": "p15_camadas_logradouros", "doc_fonte": "Resposta SECT_autos.pdf", "doc_pagina": 15, "doc_folha": 108, "doc_escala": "1:15.000", "doc_metodo": "Reconstituição Vetorial Afim", "doc_rms_m": 0.68 }, "geometry": { "type": "LineString", "coordinates": [ [ -59.939140145580154, -3.090031620247597 ], [ -59.939184231955011, -3.090066874009315 ], [ -59.939254930879201, -3.090181650662181 ], [ -59.939299041616593, -3.090225748446005 ], [ -59.939325435002559, -3.09022567500463 ] ] } },
{ "type": "Feature", "properties": { "id": 73, "pagina": 15, "classe": "Logradouros", "metodo": "EIXO_TRACO", "comp_m": 64.37587262678899, "id_layer": "p15_camadas_logradouros", "doc_fonte": "Resposta SECT_autos.pdf", "doc_pagina": 15, "doc_folha": 108, "doc_escala": "1:15.000", "doc_metodo": "Reconstituição Vetorial Afim", "doc_rms_m": 0.68 }, "geometry": { "type": "LineString", "coordinates": [ [ -59.939140145580154, -3.090031620247597 ], [ -59.939113800893402, -3.090049381755899 ], [ -59.938965431509139, -3.090483155783876 ], [ -59.938921661672005, -3.090562874536852 ] ] } },
{ "type": "Feature", "properties": { "id": 74, "pagina": 15, "classe": "Logradouros", "metodo": "EIXO_TRACO", "comp_m": 60.127745119406512, "id_layer": "p15_camadas_logradouros", "doc_fonte": "Resposta SECT_autos.pdf", "doc_pagina": 15, "doc_folha": 108, "doc_escala": "1:15.000", "doc_metodo": "Reconstituição Vetorial Afim", "doc_rms_m": 0.68 }, "geometry": { "type": "LineString", "coordinates": [ [ -59.942461247299129, -3.088403908438858 ], [ -59.9422417906558, -3.088581400989292 ], [ -59.942031058595781, -3.088732337027246 ] ] } },
{ "type": "Feature", "properties": { "id": 75, "pagina": 15, "classe": "Logradouros", "metodo": "EIXO_TRACO", "comp_m": 26.121084887123359, "id_layer": "p15_camadas_logradouros", "doc_fonte": "Resposta SECT_autos.pdf", "doc_pagina": 15, "doc_folha": 108, "doc_escala": "1:15.000", "doc_metodo": "Reconstituição Vetorial Afim", "doc_rms_m": 0.68 }, "geometry": { "type": "LineString", "coordinates": [ [ -59.940868061302133, -3.084923770162753 ], [ -59.940885462193641, -3.084852969061346 ], [ -59.940990694523407, -3.084728859308308 ] ] } },
{ "type": "Feature", "properties": { "id": 76, "pagina": 15, "classe": "Logradouros", "metodo": "EIXO_TRACO", "comp_m": 169.60724826112619, "id_layer": "p15_camadas_logradouros", "doc_fonte": "Resposta SECT_autos.pdf", "doc_pagina": 15, "doc_folha": 108, "doc_escala": "1:15.000", "doc_metodo": "Reconstituição Vetorial Afim", "doc_rms_m": 0.68 }, "geometry": { "type": "LineString", "coordinates": [ [ -59.940868061302133, -3.084923770162753 ], [ -59.940832967637654, -3.084959244068721 ], [ -59.94079809288516, -3.085074314205034 ], [ -59.940807279822451, -3.085215794159128 ], [ -59.940824972609192, -3.085251121353431 ], [ -59.940825069912741, -3.085286497454318 ], [ -59.941063533453395, -3.085621910056422 ], [ -59.941107643826136, -3.085666007877148 ], [ -59.941319617017072, -3.08596611755344 ], [ -59.941505026757369, -3.08620439233614 ] ] } },
{ "type": "Feature", "properties": { "id": 77, "pagina": 15, "classe": "Logradouros", "metodo": "EIXO_TRACO", "comp_m": 51.102552566252399, "id_layer": "p15_camadas_logradouros", "doc_fonte": "Resposta SECT_autos.pdf", "doc_pagina": 15, "doc_folha": 108, "doc_escala": "1:15.000", "doc_metodo": "Reconstituição Vetorial Afim", "doc_rms_m": 0.68 }, "geometry": { "type": "LineString", "coordinates": [ [ -59.940868061302133, -3.084923770162753 ], [ -59.941168011523416, -3.085223635537846 ], [ -59.941203226809272, -3.085232381734296 ] ] } },
{ "type": "Feature", "properties": { "id": 78, "pagina": 15, "classe": "Logradouros", "metodo": "EIXO_TRACO", "comp_m": 142.47348995111892, "id_layer": "p15_camadas_logradouros", "doc_fonte": "Resposta SECT_autos.pdf", "doc_pagina": 15, "doc_folha": 108, "doc_escala": "1:15.000", "doc_metodo": "Reconstituição Vetorial Afim", "doc_rms_m": 0.68 }, "geometry": { "type": "LineString", "coordinates": [ [ -59.942368157438068, -3.092932336510385 ], [ -59.941732423410699, -3.092102764713229 ], [ -59.941617588784609, -3.091935047070493 ], [ -59.94160869345388, -3.091899695512207 ] ] } },
{ "type": "Feature", "properties": { "id": 79, "pagina": 15, "classe": "Logradouros", "metodo": "EIXO_TRACO", "comp_m": 55.952969874495551, "id_layer": "p15_camadas_logradouros", "doc_fonte": "Resposta SECT_autos.pdf", "doc_pagina": 15, "doc_folha": 108, "doc_escala": "1:15.000", "doc_metodo": "Reconstituição Vetorial Afim", "doc_rms_m": 0.68 }, "geometry": { "type": "LineString", "coordinates": [ [ -59.915905457228327, -3.093509904741961 ], [ -59.915914424529312, -3.093571789983518 ], [ -59.916205532784801, -3.093854002672046 ], [ -59.916214427552177, -3.093889355233079 ] ] } },
{ "type": "Feature", "properties": { "id": 80, "pagina": 15, "classe": "Logradouros", "metodo": "EIXO_TRACO", "comp_m": 263.47531182162311, "id_layer": "p15_camadas_logradouros", "doc_fonte": "Resposta SECT_autos.pdf", "doc_pagina": 15, "doc_folha": 108, "doc_escala": "1:15.000", "doc_metodo": "Reconstituição Vetorial Afim", "doc_rms_m": 0.68 }, "geometry": { "type": "LineString", "coordinates": [ [ -59.915905457228327, -3.093509904741961 ], [ -59.915958245271625, -3.09350975887188 ], [ -59.916037499888944, -3.093536072724511 ], [ -59.916125479951489, -3.093535829593192 ], [ -59.916134253770807, -3.093526961059529 ], [ -59.918113779105958, -3.093512644467019 ], [ -59.918201637986215, -3.093468180145776 ], [ -59.918254401715345, -3.093459189959541 ] ] } },
{ "type": "Feature", "properties": { "id": 81, "pagina": 15, "classe": "Logradouros", "metodo": "EIXO_TRACO", "comp_m": 359.71873017209668, "id_layer": "p15_camadas_logradouros", "doc_fonte": "Resposta SECT_autos.pdf", "doc_pagina": 15, "doc_folha": 108, "doc_escala": "1:15.000", "doc_metodo": "Reconstituição Vetorial Afim", "doc_rms_m": 0.68 }, "geometry": { "type": "LineString", "coordinates": [ [ -59.915905457228327, -3.093509904741961 ], [ -59.915870216829816, -3.093492313542791 ], [ -59.91562372750009, -3.093439928877896 ], [ -59.915394713268235, -3.093343274389879 ], [ -59.915174569579882, -3.093273128192445 ], [ -59.91510408878441, -3.093237945704926 ], [ -59.915007238129355, -3.093211680342364 ], [ -59.91481346429255, -3.093132616884979 ], [ -59.914619738797185, -3.093071241828901 ], [ -59.914549258004826, -3.09303605927404 ], [ -59.914091326200392, -3.092878126335432 ], [ -59.913791855337657, -3.092755132857634 ], [ -59.913730245050544, -3.09274645863209 ], [ -59.913642168226062, -3.092711324542043 ], [ -59.913253992528816, -3.092323246374918 ], [ -59.913042332898705, -3.092138099934604 ] ] } },
{ "type": "Feature", "properties": { "id": 82, "pagina": 15, "classe": "Logradouros", "metodo": "EIXO_TRACO", "comp_m": 48.240147600250971, "id_layer": "p15_camadas_logradouros", "doc_fonte": "Resposta SECT_autos.pdf", "doc_pagina": 15, "doc_folha": 108, "doc_escala": "1:15.000", "doc_metodo": "Reconstituição Vetorial Afim", "doc_rms_m": 0.68 }, "geometry": { "type": "LineString", "coordinates": [ [ -59.89386970489852, -3.081860498054151 ], [ -59.89388722933316, -3.081833916787247 ], [ -59.894133240880947, -3.081709422182775 ], [ -59.894150789218273, -3.081691685315436 ], [ -59.89418593371601, -3.081673900371925 ], [ -59.894247496364336, -3.081664887707372 ] ] } },
{ "type": "Feature", "properties": { "id": 83, "pagina": 15, "classe": "Logradouros", "metodo": "EIXO_TRACO", "comp_m": 117.67400148016804, "id_layer": "p15_camadas_logradouros", "doc_fonte": "Resposta SECT_autos.pdf", "doc_pagina": 15, "doc_folha": 108, "doc_escala": "1:15.000", "doc_metodo": "Reconstituição Vetorial Afim", "doc_rms_m": 0.68 }, "geometry": { "type": "LineString", "coordinates": [ [ -59.89386970489852, -3.081860498054151 ], [ -59.89392285208784, -3.081993019788304 ], [ -59.893949772445545, -3.082187524405626 ], [ -59.894003158858595, -3.082408490075336 ], [ -59.894020826785002, -3.08243497517928 ], [ -59.894153826639446, -3.082814923525541 ], [ -59.894153994088697, -3.082876834292243 ] ] } },
{ "type": "Feature", "properties": { "id": 84, "pagina": 15, "classe": "Logradouros", "metodo": "EIXO_TRACO", "comp_m": 71.594128749892491, "id_layer": "p15_camadas_logradouros", "doc_fonte": "Resposta SECT_autos.pdf", "doc_pagina": 15, "doc_folha": 108, "doc_escala": "1:15.000", "doc_metodo": "Reconstituição Vetorial Afim", "doc_rms_m": 0.68 }, "geometry": { "type": "LineString", "coordinates": [ [ -59.89386970489852, -3.081860498054151 ], [ -59.89362352587424, -3.081923081862056 ], [ -59.893377179414998, -3.081923754829426 ], [ -59.893236338266036, -3.081897606148757 ] ] } },
{ "type": "Feature", "properties": { "id": 85, "pagina": 15, "classe": "Logradouros", "metodo": "EIXO_TRACO", "comp_m": 13.915541205577558, "id_layer": "p15_camadas_logradouros", "doc_fonte": "Resposta SECT_autos.pdf", "doc_pagina": 15, "doc_folha": 108, "doc_escala": "1:15.000", "doc_metodo": "Reconstituição Vetorial Afim", "doc_rms_m": 0.68 }, "geometry": { "type": "LineString", "coordinates": [ [ -59.943388474587799, -3.096033760524508 ], [ -59.943371001127097, -3.096078029660636 ], [ -59.943327085366008, -3.09610468447308 ], [ -59.943300691930006, -3.096104758154119 ] ] } },
{ "type": "Feature", "properties": { "id": 86, "pagina": 15, "classe": "Logradouros", "metodo": "EIXO_TRACO", "comp_m": 10.609234019689836, "id_layer": "p15_camadas_logradouros", "doc_fonte": "Resposta SECT_autos.pdf", "doc_pagina": 15, "doc_folha": 108, "doc_escala": "1:15.000", "doc_metodo": "Reconstituição Vetorial Afim", "doc_rms_m": 0.68 }, "geometry": { "type": "LineString", "coordinates": [ [ -59.943352659371349, -3.083041918382168 ], [ -59.943290953798176, -3.082997869550951 ], [ -59.943273382717699, -3.083006762469418 ] ] } },
{ "type": "Feature", "properties": { "id": 87, "pagina": 15, "classe": "Logradouros", "metodo": "EIXO_TRACO", "comp_m": 287.7843166982301, "id_layer": "p15_camadas_logradouros", "doc_fonte": "Resposta SECT_autos.pdf", "doc_pagina": 15, "doc_folha": 108, "doc_escala": "1:15.000", "doc_metodo": "Reconstituição Vetorial Afim", "doc_rms_m": 0.68 }, "geometry": { "type": "LineString", "coordinates": [ [ -59.924274923938327, -3.078354277474305 ], [ -59.924283625216205, -3.078318876580191 ], [ -59.924388788715859, -3.078168234762229 ], [ -59.924449601137667, -3.077885051914064 ], [ -59.924502170811856, -3.077805308947515 ], [ -59.924843547816643, -3.077167583705566 ], [ -59.925615389129277, -3.07629872231021 ], [ -59.925676804743411, -3.076236643479668 ], [ -59.925694400320005, -3.076236594965928 ] ] } },
{ "type": "Feature", "properties": { "id": 88, "pagina": 15, "classe": "Logradouros", "metodo": "EIXO_TRACO", "comp_m": 363.08010362101942, "id_layer": "p15_camadas_logradouros", "doc_fonte": "Resposta SECT_autos.pdf", "doc_pagina": 15, "doc_folha": 108, "doc_escala": "1:15.000", "doc_metodo": "Reconstituição Vetorial Afim", "doc_rms_m": 0.68 }, "geometry": { "type": "LineString", "coordinates": [ [ -59.924274923938327, -3.078354277474305 ], [ -59.924275599739772, -3.078601913900945 ], [ -59.924171136232701, -3.079009036369522 ], [ -59.924127412646968, -3.079106443450284 ], [ -59.924048594317213, -3.07923932424303 ], [ -59.923838146512082, -3.079496387309994 ], [ -59.923268315063467, -3.080240874458568 ], [ -59.923224301720545, -3.080232151633334 ], [ -59.923136130193051, -3.08016164097418 ], [ -59.922527631073933, -3.079632664895867 ], [ -59.92247469924753, -3.079579745405971 ], [ -59.922465804889022, -3.079544392973418 ] ] } },
{ "type": "Feature", "properties": { "id": 89, "pagina": 15, "classe": "Logradouros", "metodo": "EIXO_TRACO", "comp_m": 44.00502760602069, "id_layer": "p15_camadas_logradouros", "doc_fonte": "Resposta SECT_autos.pdf", "doc_pagina": 15, "doc_folha": 108, "doc_escala": "1:15.000", "doc_metodo": "Reconstituição Vetorial Afim", "doc_rms_m": 0.68 }, "geometry": { "type": "LineString", "coordinates": [ [ -59.924274923938327, -3.078354277474305 ], [ -59.924222161170654, -3.078363267202661 ], [ -59.924002674248904, -3.078531912762234 ], [ -59.923967531234155, -3.078549698126692 ], [ -59.923941137771351, -3.078549770908906 ] ] } },
{ "type": "Feature", "properties": { "id": 90, "pagina": 15, "classe": "Logradouros", "metodo": "EIXO_TRACO", "comp_m": 69.338775500396579, "id_layer": "p15_camadas_logradouros", "doc_fonte": "Resposta SECT_autos.pdf", "doc_pagina": 15, "doc_folha": 108, "doc_escala": "1:15.000", "doc_metodo": "Reconstituição Vetorial Afim", "doc_rms_m": 0.68 }, "geometry": { "type": "LineString", "coordinates": [ [ -59.920821932748218, -3.07680720586394 ], [ -59.920830706485326, -3.076798337457133 ], [ -59.920883493471408, -3.076798192129408 ], [ -59.920892315396898, -3.076807012093081 ], [ -59.921437756673988, -3.076796666030267 ] ] } },
{ "type": "Feature", "properties": { "id": 91, "pagina": 15, "classe": "Logradouros", "metodo": "EIXO_TRACO", "comp_m": 106.29822892257624, "id_layer": "p15_camadas_logradouros", "doc_fonte": "Resposta SECT_autos.pdf", "doc_pagina": 15, "doc_folha": 108, "doc_escala": "1:15.000", "doc_metodo": "Reconstituição Vetorial Afim", "doc_rms_m": 0.68 }, "geometry": { "type": "LineString", "coordinates": [ [ -59.920821932748218, -3.07680720586394 ], [ -59.92077787130939, -3.076780794410011 ], [ -59.920442710524853, -3.076472168128229 ], [ -59.920195913583512, -3.076304806502684 ], [ -59.920107814837316, -3.076260827660762 ], [ -59.920055003757419, -3.076252128732633 ] ] } },
{ "type": "Feature", "properties": { "id": 92, "pagina": 15, "classe": "Logradouros", "metodo": "EIXO_TRACO", "comp_m": 84.656042943428844, "id_layer": "p15_camadas_logradouros", "doc_fonte": "Resposta SECT_autos.pdf", "doc_pagina": 15, "doc_folha": 108, "doc_escala": "1:15.000", "doc_metodo": "Reconstituição Vetorial Afim", "doc_rms_m": 0.68 }, "geometry": { "type": "LineString", "coordinates": [ [ -59.920821932748218, -3.07680720586394 ], [ -59.920839648883288, -3.076851378349788 ], [ -59.920927892249225, -3.076948422164591 ], [ -59.921086542382859, -3.077054116341505 ], [ -59.921236563408485, -3.077221743968699 ], [ -59.921360046372634, -3.077336379131417 ] ] } },
{ "type": "Feature", "properties": { "id": 93, "pagina": 15, "classe": "Logradouros", "metodo": "EIXO_TRACO", "comp_m": 260.52082162415593, "id_layer": "p15_camadas_logradouros", "doc_fonte": "Resposta SECT_autos.pdf", "doc_pagina": 15, "doc_folha": 108, "doc_escala": "1:15.000", "doc_metodo": "Reconstituição Vetorial Afim", "doc_rms_m": 0.68 }, "geometry": { "type": "LineString", "coordinates": [ [ -59.940402903768387, -3.07892876537367 ], [ -59.938656860420217, -3.077438951784741 ], [ -59.938630346104716, -3.077394804685722 ] ] } },
{ "type": "Feature", "properties": { "id": 94, "pagina": 15, "classe": "Logradouros", "metodo": "EIXO_TRACO", "comp_m": 26.447251547422535, "id_layer": "p15_camadas_logradouros", "doc_fonte": "Resposta SECT_autos.pdf", "doc_pagina": 15, "doc_folha": 108, "doc_escala": "1:15.000", "doc_metodo": "Reconstituição Vetorial Afim", "doc_rms_m": 0.68 }, "geometry": { "type": "LineString", "coordinates": [ [ -59.895344392489456, -3.083855314054229 ], [ -59.895334948074115, -3.083616539702151 ] ] } },
{ "type": "Feature", "properties": { "id": 95, "pagina": 15, "classe": "Logradouros", "metodo": "EIXO_TRACO", "comp_m": 1.9577134455030321, "id_layer": "p15_camadas_logradouros", "doc_fonte": "Resposta SECT_autos.pdf", "doc_pagina": 15, "doc_folha": 108, "doc_escala": "1:15.000", "doc_metodo": "Reconstituição Vetorial Afim", "doc_rms_m": 0.68 }, "geometry": { "type": "LineString", "coordinates": [ [ -59.895344392489456, -3.083855314054229 ], [ -59.895361988667894, -3.083855265924256 ] ] } },
{ "type": "Feature", "properties": { "id": 96, "pagina": 15, "classe": "Logradouros", "metodo": "EIXO_TRACO", "comp_m": 24.549601694312408, "id_layer": "p15_camadas_logradouros", "doc_fonte": "Resposta SECT_autos.pdf", "doc_pagina": 15, "doc_folha": 108, "doc_escala": "1:15.000", "doc_metodo": "Reconstituição Vetorial Afim", "doc_rms_m": 0.68 }, "geometry": { "type": "LineString", "coordinates": [ [ -59.895344392489456, -3.083855314054229 ], [ -59.895124488110234, -3.083873604429183 ] ] } },
{ "type": "Feature", "properties": { "id": 97, "pagina": 15, "classe": "Logradouros", "metodo": "EIXO_TRACO", "comp_m": 1.957713389769197, "id_layer": "p15_camadas_logradouros", "doc_fonte": "Resposta SECT_autos.pdf", "doc_pagina": 15, "doc_folha": 108, "doc_escala": "1:15.000", "doc_metodo": "Reconstituição Vetorial Afim", "doc_rms_m": 0.68 }, "geometry": { "type": "LineString", "coordinates": [ [ -59.943179868470722, -3.084192128382017 ], [ -59.943179917144533, -3.084209816395195 ] ] } },
{ "type": "Feature", "properties": { "id": 98, "pagina": 15, "classe": "Logradouros", "metodo": "EIXO_TRACO", "comp_m": 27.749306555893853, "id_layer": "p15_camadas_logradouros", "doc_fonte": "Resposta SECT_autos.pdf", "doc_pagina": 15, "doc_folha": 108, "doc_escala": "1:15.000", "doc_metodo": "Reconstituição Vetorial Afim", "doc_rms_m": 0.68 }, "geometry": { "type": "LineString", "coordinates": [ [ -59.943179868470722, -3.084192128382017 ], [ -59.94326767525569, -3.084129975688764 ], [ -59.943355409015332, -3.084041290982358 ], [ -59.943355360341279, -3.084023602971912 ] ] } },
{ "type": "Feature", "properties": { "id": 99, "pagina": 15, "classe": "Logradouros", "metodo": "EIXO_TRACO", "comp_m": 80.326112305235654, "id_layer": "p15_camadas_logradouros", "doc_fonte": "Resposta SECT_autos.pdf", "doc_pagina": 15, "doc_folha": 108, "doc_escala": "1:15.000", "doc_metodo": "Reconstituição Vetorial Afim", "doc_rms_m": 0.68 }, "geometry": { "type": "LineString", "coordinates": [ [ -59.940609505817605, -3.086879033608392 ], [ -59.940220944528768, -3.086349468198265 ], [ -59.940185656187367, -3.086314189906431 ], [ -59.940168060674836, -3.086314238819809 ] ] } },
{ "type": "Feature", "properties": { "id": 100, "pagina": 15, "classe": "Logradouros", "metodo": "EIXO_TRACO", "comp_m": 41.24959233031997, "id_layer": "p15_camadas_logradouros", "doc_fonte": "Resposta SECT_autos.pdf", "doc_pagina": 15, "doc_folha": 108, "doc_escala": "1:15.000", "doc_metodo": "Reconstituição Vetorial Afim", "doc_rms_m": 0.68 }, "geometry": { "type": "LineString", "coordinates": [ [ -59.925212469808699, -3.089822640467847 ], [ -59.925107597710408, -3.090079413119883 ], [ -59.925098920973227, -3.090123658229067 ], [ -59.925063826280216, -3.090159132273576 ] ] } },
{ "type": "Feature", "properties": { "id": 101, "pagina": 15, "classe": "Logradouros", "metodo": "EIXO_TRACO", "comp_m": 13.738908434916482, "id_layer": "p15_camadas_logradouros", "doc_fonte": "Resposta SECT_autos.pdf", "doc_pagina": 15, "doc_folha": 108, "doc_escala": "1:15.000", "doc_metodo": "Reconstituição Vetorial Afim", "doc_rms_m": 0.68 }, "geometry": { "type": "LineString", "coordinates": [ [ -59.895562645075977, -3.083226761140941 ], [ -59.895571778269002, -3.083350558455499 ] ] } },
{ "type": "Feature", "properties": { "id": 102, "pagina": 15, "classe": "Logradouros", "metodo": "EIXO_TRACO", "comp_m": 46.093853463202933, "id_layer": "p15_camadas_logradouros", "doc_fonte": "Resposta SECT_autos.pdf", "doc_pagina": 15, "doc_folha": 108, "doc_escala": "1:15.000", "doc_metodo": "Reconstituição Vetorial Afim", "doc_rms_m": 0.68 }, "geometry": { "type": "LineString", "coordinates": [ [ -59.895562645075977, -3.083226761140941 ], [ -59.895677020141569, -3.083226448331048 ], [ -59.895685794286152, -3.083217579885109 ], [ -59.895764977015759, -3.083217363317167 ], [ -59.895773751158934, -3.083208494871239 ], [ -59.895949688818504, -3.083199169206867 ], [ -59.895958439019822, -3.083181456380006 ] ] } },
{ "type": "Feature", "properties": { "id": 103, "pagina": 15, "classe": "Logradouros", "metodo": "EIXO_TRACO", "comp_m": 254.21496920075208, "id_layer": "p15_camadas_logradouros", "doc_fonte": "Resposta SECT_autos.pdf", "doc_pagina": 15, "doc_folha": 108, "doc_escala": "1:15.000", "doc_metodo": "Reconstituição Vetorial Afim", "doc_rms_m": 0.68 }, "geometry": { "type": "LineString", "coordinates": [ [ -59.941574500615936, -3.089069683181988 ], [ -59.941521567838812, -3.089016766007262 ], [ -59.940859275474899, -3.088125356033854 ], [ -59.940179437676086, -3.087251681557289 ] ] } },
{ "type": "Feature", "properties": { "id": 104, "pagina": 15, "classe": "Logradouros", "metodo": "EIXO_TRACO", "comp_m": 3.9154267814010382, "id_layer": "p15_camadas_logradouros", "doc_fonte": "Resposta SECT_autos.pdf", "doc_pagina": 15, "doc_folha": 108, "doc_escala": "1:15.000", "doc_metodo": "Reconstituição Vetorial Afim", "doc_rms_m": 0.68 }, "geometry": { "type": "LineString", "coordinates": [ [ -59.942953941280052, -3.082017113875148 ], [ -59.942953844009509, -3.081981737840091 ] ] } },
{ "type": "Feature", "properties": { "id": 105, "pagina": 15, "classe": "Logradouros", "metodo": "EIXO_TRACO", "comp_m": 56.105391483065375, "id_layer": "p15_camadas_logradouros", "doc_fonte": "Resposta SECT_autos.pdf", "doc_pagina": 15, "doc_folha": 108, "doc_escala": "1:15.000", "doc_metodo": "Reconstituição Vetorial Afim", "doc_rms_m": 0.68 }, "geometry": { "type": "LineString", "coordinates": [ [ -59.942953941280052, -3.082017113875148 ], [ -59.942971560995652, -3.082025908992184 ], [ -59.942980431648955, -3.082052416571844 ], [ -59.94314819593, -3.08227305226019 ], [ -59.943271728559644, -3.082405370054537 ] ] } },
{ "type": "Feature", "properties": { "id": 106, "pagina": 15, "classe": "Logradouros", "metodo": "EIXO_TRACO", "comp_m": 79.245183891632621, "id_layer": "p15_camadas_logradouros", "doc_fonte": "Resposta SECT_autos.pdf", "doc_pagina": 15, "doc_folha": 108, "doc_escala": "1:15.000", "doc_metodo": "Reconstituição Vetorial Afim", "doc_rms_m": 0.68 }, "geometry": { "type": "LineString", "coordinates": [ [ -59.942953941280052, -3.082017113875148 ], [ -59.942927572500636, -3.082026031220959 ], [ -59.942453858320867, -3.082522615887946 ] ] } },
{ "type": "Feature", "properties": { "id": 107, "pagina": 15, "classe": "Logradouros", "metodo": "EIXO_TRACO", "comp_m": 3.5293180478256989, "id_layer": "p15_camadas_logradouros", "doc_fonte": "Resposta SECT_autos.pdf", "doc_pagina": 15, "doc_folha": 108, "doc_escala": "1:15.000", "doc_metodo": "Reconstituição Vetorial Afim", "doc_rms_m": 0.68 }, "geometry": { "type": "LineString", "coordinates": [ [ -59.896173564906952, -3.087894956864331 ], [ -59.896155896743664, -3.087868471934772 ] ] } },
{ "type": "Feature", "properties": { "id": 108, "pagina": 15, "classe": "Logradouros", "metodo": "EIXO_TRACO", "comp_m": 150.5510383097899, "id_layer": "p15_camadas_logradouros", "doc_fonte": "Resposta SECT_autos.pdf", "doc_pagina": 15, "doc_folha": 108, "doc_escala": "1:15.000", "doc_metodo": "Reconstituição Vetorial Afim", "doc_rms_m": 0.68 }, "geometry": { "type": "LineString", "coordinates": [ [ -59.896173564906952, -3.087894956864331 ], [ -59.896129957965499, -3.088036587441737 ], [ -59.896130269685635, -3.088151564366657 ], [ -59.896210268094507, -3.088452056277301 ], [ -59.896228152124756, -3.088558140597293 ], [ -59.896405193897451, -3.088955655349889 ], [ -59.896537717488492, -3.089158714275177 ] ] } },
{ "type": "Feature", "properties": { "id": 109, "pagina": 15, "classe": "Logradouros", "metodo": "EIXO_TRACO", "comp_m": 39.235280578307737, "id_layer": "p15_camadas_logradouros", "doc_fonte": "Resposta SECT_autos.pdf", "doc_pagina": 15, "doc_folha": 108, "doc_escala": "1:15.000", "doc_metodo": "Reconstituição Vetorial Afim", "doc_rms_m": 0.68 }, "geometry": { "type": "LineString", "coordinates": [ [ -59.922126386556435, -3.090556408516472 ], [ -59.922135039214147, -3.09050331913796 ], [ -59.922275079763239, -3.090237604533791 ] ] } },
{ "type": "Feature", "properties": { "id": 110, "pagina": 15, "classe": "Logradouros", "metodo": "EIXO_TRACO", "comp_m": 43.258476296999262, "id_layer": "p15_camadas_logradouros", "doc_fonte": "Resposta SECT_autos.pdf", "doc_pagina": 15, "doc_folha": 108, "doc_escala": "1:15.000", "doc_metodo": "Reconstituição Vetorial Afim", "doc_rms_m": 0.68 }, "geometry": { "type": "LineString", "coordinates": [ [ -59.922126386556435, -3.090556408516472 ], [ -59.922091243244914, -3.090574194222916 ], [ -59.921959976385935, -3.090831040371769 ], [ -59.921951347944891, -3.09089297393388 ] ] } },
{ "type": "Feature", "properties": { "id": 111, "pagina": 15, "classe": "Logradouros", "metodo": "EIXO_TRACO", "comp_m": 64.532289102469548, "id_layer": "p15_camadas_logradouros", "doc_fonte": "Resposta SECT_autos.pdf", "doc_pagina": 15, "doc_folha": 108, "doc_escala": "1:15.000", "doc_metodo": "Reconstituição Vetorial Afim", "doc_rms_m": 0.68 }, "geometry": { "type": "LineString", "coordinates": [ [ -59.922126386556435, -3.090556408516472 ], [ -59.922161650931834, -3.090582843674261 ], [ -59.922654916364465, -3.09079374054323 ] ] } },
{ "type": "Feature", "properties": { "id": 112, "pagina": 15, "classe": "Logradouros", "metodo": "EIXO_TRACO", "comp_m": 63.405632268913216, "id_layer": "p15_camadas_logradouros", "doc_fonte": "Resposta SECT_autos.pdf", "doc_pagina": 15, "doc_folha": 108, "doc_escala": "1:15.000", "doc_metodo": "Reconstituição Vetorial Afim", "doc_rms_m": 0.68 }, "geometry": { "type": "LineString", "coordinates": [ [ -59.943318924948557, -3.077169547247192 ], [ -59.943292750522666, -3.077249216539553 ], [ -59.943196316246599, -3.077373301159892 ], [ -59.943082432331984, -3.077550498665756 ], [ -59.943021042968134, -3.077621421615424 ], [ -59.94299464998096, -3.077621494849439 ] ] } },
{ "type": "Feature", "properties": { "id": 113, "pagina": 15, "classe": "Logradouros", "metodo": "EIXO_TRACO", "comp_m": 177.35532190207505, "id_layer": "p15_camadas_logradouros", "doc_fonte": "Resposta SECT_autos.pdf", "doc_pagina": 15, "doc_folha": 108, "doc_escala": "1:15.000", "doc_metodo": "Reconstituição Vetorial Afim", "doc_rms_m": 0.68 }, "geometry": { "type": "LineString", "coordinates": [ [ -59.943318924948557, -3.077169547247192 ], [ -59.943283710041001, -3.077160800881017 ], [ -59.943248446569612, -3.077134366498687 ], [ -59.942110975832122, -3.076200048980263 ], [ -59.942066963277476, -3.076191326925769 ] ] } },
{ "type": "Feature", "properties": { "id": 114, "pagina": 15, "classe": "Logradouros", "metodo": "EIXO_TRACO", "comp_m": 3.5293180265964699, "id_layer": "p15_camadas_logradouros", "doc_fonte": "Resposta SECT_autos.pdf", "doc_pagina": 15, "doc_folha": 108, "doc_escala": "1:15.000", "doc_metodo": "Reconstituição Vetorial Afim", "doc_rms_m": 0.68 }, "geometry": { "type": "LineString", "coordinates": [ [ -59.943318924948557, -3.077169547247192 ], [ -59.943336447413344, -3.077142966406829 ] ] } },
{ "type": "Feature", "properties": { "id": 115, "pagina": 15, "classe": "Logradouros", "metodo": "EIXO_TRACO", "comp_m": 2.9365700855851169, "id_layer": "p15_camadas_logradouros", "doc_fonte": "Resposta SECT_autos.pdf", "doc_pagina": 15, "doc_folha": 108, "doc_escala": "1:15.000", "doc_metodo": "Reconstituição Vetorial Afim", "doc_rms_m": 0.68 }, "geometry": { "type": "LineString", "coordinates": [ [ -59.943322204301268, -3.081565042792193 ], [ -59.943322277253309, -3.081591574809862 ] ] } },
{ "type": "Feature", "properties": { "id": 116, "pagina": 15, "classe": "Logradouros", "metodo": "EIXO_TRACO", "comp_m": 188.87026279652014, "id_layer": "p15_camadas_logradouros", "doc_fonte": "Resposta SECT_autos.pdf", "doc_pagina": 15, "doc_folha": 108, "doc_escala": "1:15.000", "doc_metodo": "Reconstituição Vetorial Afim", "doc_rms_m": 0.68 }, "geometry": { "type": "LineString", "coordinates": [ [ -59.943322204301268, -3.081565042792193 ], [ -59.943207542505441, -3.081459232491766 ], [ -59.942625095862681, -3.080806388744879 ], [ -59.942439833956364, -3.080621177555497 ], [ -59.942157724607689, -3.080409702922059 ], [ -59.942122412348859, -3.080365580548627 ] ] } },
{ "type": "Feature", "properties": { "id": 117, "pagina": 15, "classe": "Logradouros", "metodo": "EIXO_TRACO", "comp_m": 6.8045544053847191, "id_layer": "p15_camadas_logradouros", "doc_fonte": "Resposta SECT_autos.pdf", "doc_pagina": 15, "doc_folha": 108, "doc_escala": "1:15.000", "doc_metodo": "Reconstituição Vetorial Afim", "doc_rms_m": 0.68 }, "geometry": { "type": "LineString", "coordinates": [ [ -59.943322204301268, -3.081565042792193 ], [ -59.943339751051013, -3.081547305890139 ], [ -59.943348451474222, -3.081511905422144 ] ] } },
{ "type": "Feature", "properties": { "id": 118, "pagina": 15, "classe": "Logradouros", "metodo": "EIXO_TRACO", "comp_m": 302.36928111142697, "id_layer": "p15_camadas_logradouros", "doc_fonte": "Resposta SECT_autos.pdf", "doc_pagina": 15, "doc_folha": 108, "doc_escala": "1:15.000", "doc_metodo": "Reconstituição Vetorial Afim", "doc_rms_m": 0.68 }, "geometry": { "type": "LineString", "coordinates": [ [ -59.919148826603681, -3.076254622012897 ], [ -59.919131327227703, -3.076290047215503 ], [ -59.919105391162056, -3.076458159613677 ], [ -59.919087915864452, -3.076502429019556 ], [ -59.919079238409871, -3.076546674221971 ], [ -59.919088084408635, -3.076564338416469 ], [ -59.920225727893083, -3.077560608915811 ], [ -59.920799009505764, -3.078080841290386 ], [ -59.920851917079403, -3.078124916830306 ], [ -59.920895954498597, -3.078142484040939 ] ] } },
{ "type": "Feature", "properties": { "id": 119, "pagina": 15, "classe": "Logradouros", "metodo": "EIXO_TRACO", "comp_m": 102.91474030430402, "id_layer": "p15_camadas_logradouros", "doc_fonte": "Resposta SECT_autos.pdf", "doc_pagina": 15, "doc_folha": 108, "doc_escala": "1:15.000", "doc_metodo": "Reconstituição Vetorial Afim", "doc_rms_m": 0.68 }, "geometry": { "type": "LineString", "coordinates": [ [ -59.940201157058901, -3.08235199095528 ], [ -59.940157289927988, -3.082396333237168 ], [ -59.939814883210268, -3.082653762755325 ], [ -59.939639244461731, -3.082769223691381 ], [ -59.939463678547078, -3.082911216743963 ] ] } },
{ "type": "Feature", "properties": { "id": 120, "pagina": 15, "classe": "Logradouros", "metodo": "EIXO_TRACO", "comp_m": 8.0718590945584534, "id_layer": "p15_camadas_logradouros", "doc_fonte": "Resposta SECT_autos.pdf", "doc_pagina": 15, "doc_folha": 108, "doc_escala": "1:15.000", "doc_metodo": "Reconstituição Vetorial Afim", "doc_rms_m": 0.68 }, "geometry": { "type": "LineString", "coordinates": [ [ -59.921588042756419, -3.077061579566577 ], [ -59.921605445592263, -3.076990777671458 ] ] } },
{ "type": "Feature", "properties": { "id": 121, "pagina": 15, "classe": "Logradouros", "metodo": "EIXO_TRACO", "comp_m": 296.14841447386175, "id_layer": "p15_camadas_logradouros", "doc_fonte": "Resposta SECT_autos.pdf", "doc_pagina": 15, "doc_folha": 108, "doc_escala": "1:15.000", "doc_metodo": "Reconstituição Vetorial Afim", "doc_rms_m": 0.68 }, "geometry": { "type": "LineString", "coordinates": [ [ -59.921588042756419, -3.077061579566577 ], [ -59.922020148730574, -3.077431847638232 ], [ -59.923589972958524, -3.078824910344437 ] ] } },
{ "type": "Feature", "properties": { "id": 122, "pagina": 15, "classe": "Logradouros", "metodo": "EIXO_TRACO", "comp_m": 41.007122754678925, "id_layer": "p15_camadas_logradouros", "doc_fonte": "Resposta SECT_autos.pdf", "doc_pagina": 15, "doc_folha": 108, "doc_escala": "1:15.000", "doc_metodo": "Reconstituição Vetorial Afim", "doc_rms_m": 0.68 }, "geometry": { "type": "LineString", "coordinates": [ [ -59.921588042756419, -3.077061579566577 ], [ -59.92156164927389, -3.077061652254495 ], [ -59.92154410182291, -3.077079389072748 ], [ -59.921395165389065, -3.07730974966868 ], [ -59.921360046372634, -3.077336379131417 ] ] } },
{ "type": "Feature", "properties": { "id": 123, "pagina": 15, "classe": "Logradouros", "metodo": "EIXO_TRACO", "comp_m": 240.62626442949374, "id_layer": "p15_camadas_logradouros", "doc_fonte": "Resposta SECT_autos.pdf", "doc_pagina": 15, "doc_folha": 108, "doc_escala": "1:15.000", "doc_metodo": "Reconstituição Vetorial Afim", "doc_rms_m": 0.68 }, "geometry": { "type": "LineString", "coordinates": [ [ -59.894322495262365, -3.080116902365925 ], [ -59.894313529887476, -3.080055015632054 ], [ -59.894278122519317, -3.079975512185784 ], [ -59.894074046484945, -3.079339268220112 ], [ -59.894012245015062, -3.07925983678004 ], [ -59.893941764950917, -3.07922465133202 ], [ -59.893871380450904, -3.079224843467165 ], [ -59.89343171610151, -3.079314488221433 ], [ -59.893290994795166, -3.079332561235798 ], [ -59.893194287699423, -3.079359358580412 ], [ -59.893150297352705, -3.079359478639679 ], [ -59.892868950164079, -3.07943100222319 ], [ -59.892833757874321, -3.07943109826219 ], [ -59.892798613350784, -3.079448883112926 ] ] } },
{ "type": "Feature", "properties": { "id": 124, "pagina": 15, "classe": "Logradouros", "metodo": "EIXO_TRACO", "comp_m": 145.06067345337595, "id_layer": "p15_camadas_logradouros", "doc_fonte": "Resposta SECT_autos.pdf", "doc_pagina": 15, "doc_folha": 108, "doc_escala": "1:15.000", "doc_metodo": "Reconstituição Vetorial Afim", "doc_rms_m": 0.68 }, "geometry": { "type": "LineString", "coordinates": [ [ -59.894322495262365, -3.080116902365925 ], [ -59.89434013919881, -3.080134543099665 ], [ -59.894482079582033, -3.080567533910239 ], [ -59.894605874155552, -3.080797151646712 ], [ -59.894764789361432, -3.081000139993595 ], [ -59.894950051023372, -3.081185367357666 ], [ -59.894967766740614, -3.081229541221477 ] ] } },
{ "type": "Feature", "properties": { "id": 125, "pagina": 15, "classe": "Logradouros", "metodo": "EIXO_TRACO", "comp_m": 55.31739839679031, "id_layer": "p15_camadas_logradouros", "doc_fonte": "Resposta SECT_autos.pdf", "doc_pagina": 15, "doc_folha": 108, "doc_escala": "1:15.000", "doc_metodo": "Reconstituição Vetorial Afim", "doc_rms_m": 0.68 }, "geometry": { "type": "LineString", "coordinates": [ [ -59.941520943019611, -3.085594106053041 ], [ -59.941494549800268, -3.085594179439185 ], [ -59.941265127268075, -3.08534718281812 ], [ -59.941212170522512, -3.085285421410413 ], [ -59.941203226809272, -3.085232381734296 ] ] } },
{ "type": "Feature", "properties": { "id": 126, "pagina": 15, "classe": "Logradouros", "metodo": "EIXO_TRACO", "comp_m": 14.441319224110966, "id_layer": "p15_camadas_logradouros", "doc_fonte": "Resposta SECT_autos.pdf", "doc_pagina": 15, "doc_folha": 108, "doc_escala": "1:15.000", "doc_metodo": "Reconstituição Vetorial Afim", "doc_rms_m": 0.68 }, "geometry": { "type": "LineString", "coordinates": [ [ -59.939682795347402, -3.076197934546313 ], [ -59.93971801030051, -3.076206681091239 ], [ -59.939779788004984, -3.07627726275984 ] ] } },
{ "type": "Feature", "properties": { "id": 127, "pagina": 15, "classe": "Logradouros", "metodo": "EIXO_TRACO", "comp_m": 296.64139521363336, "id_layer": "p15_camadas_logradouros", "doc_fonte": "Resposta SECT_autos.pdf", "doc_pagina": 15, "doc_folha": 108, "doc_escala": "1:15.000", "doc_metodo": "Reconstituição Vetorial Afim", "doc_rms_m": 0.68 }, "geometry": { "type": "LineString", "coordinates": [ [ -59.930276968446684, -3.088685395231397 ], [ -59.930268000735396, -3.088623510863007 ], [ -59.930206124587642, -3.088517552297638 ], [ -59.930206076060379, -3.088499864079046 ], [ -59.930126458657078, -3.088340889616641 ], [ -59.929834285981705, -3.087669541881472 ], [ -59.929665938538712, -3.087236643540771 ], [ -59.929577450862169, -3.087051160898176 ], [ -59.929533049447635, -3.086900932815908 ], [ -59.929514968865334, -3.086724099259936 ], [ -59.929506146777399, -3.086715279516044 ], [ -59.929505492222326, -3.086476488405979 ], [ -59.92951426582259, -3.086467619921518 ], [ -59.929522772766653, -3.086361466171215 ], [ -59.92955764899861, -3.086246395203866 ], [ -59.92955745507718, -3.086175642285144 ] ] } },
{ "type": "Feature", "properties": { "id": 128, "pagina": 15, "classe": "Logradouros", "metodo": "EIXO_TRACO", "comp_m": 74.594994925248642, "id_layer": "p15_camadas_logradouros", "doc_fonte": "Resposta SECT_autos.pdf", "doc_pagina": 15, "doc_folha": 108, "doc_escala": "1:15.000", "doc_metodo": "Reconstituição Vetorial Afim", "doc_rms_m": 0.68 }, "geometry": { "type": "LineString", "coordinates": [ [ -59.930276968446684, -3.088685395231397 ], [ -59.93021535920019, -3.088676721872242 ], [ -59.930083172999794, -3.088597490759803 ], [ -59.930065577289547, -3.088597539541285 ], [ -59.930012693106768, -3.088562309440674 ], [ -59.929924617503694, -3.088527176890396 ], [ -59.929748539076016, -3.088483444089907 ], [ -59.929651738388564, -3.088474868230232 ] ] } },
{ "type": "Feature", "properties": { "id": 129, "pagina": 15, "classe": "Logradouros", "metodo": "EIXO_TRACO", "comp_m": 1018.0948896230763, "id_layer": "p15_camadas_logradouros", "doc_fonte": "Resposta SECT_autos.pdf", "doc_pagina": 15, "doc_folha": 108, "doc_escala": "1:15.000", "doc_metodo": "Reconstituição Vetorial Afim", "doc_rms_m": 0.68 }, "geometry": { "type": "LineString", "coordinates": [ [ -59.930276968446684, -3.088685395231397 ], [ -59.930321103314093, -3.088738337914993 ], [ -59.930479683092841, -3.088817495776621 ], [ -59.930744055553596, -3.0889759577576 ], [ -59.931968753485883, -3.089627028591404 ], [ -59.93266487655255, -3.090023083636709 ], [ -59.933202565725743, -3.090393045242112 ], [ -59.933326002902255, -3.090489988127461 ], [ -59.933378862887551, -3.090516373780926 ], [ -59.933590448686978, -3.090674980835137 ], [ -59.933987275519129, -3.091009956118656 ], [ -59.934322493332047, -3.091336258072426 ], [ -59.934543096124962, -3.091574436862651 ], [ -59.934613746447809, -3.091671526059565 ], [ -59.934878508916597, -3.091971490876122 ], [ -59.935108153171882, -3.092298085538105 ], [ -59.935461575971907, -3.092845439146539 ], [ -59.935700505507342, -3.093348890147078 ], [ -59.935948549893283, -3.093967289206891 ], [ -59.93600197025286, -3.094197087931221 ], [ -59.936019663388244, -3.094232415210711 ], [ -59.936108567568397, -3.094568244690108 ], [ -59.93613513166266, -3.094630079652936 ], [ -59.936152970990712, -3.094718471284353 ], [ -59.936268366428358, -3.095089603430938 ], [ -59.936286010879137, -3.095107242563205 ] ] } },
{ "type": "Feature", "properties": { "id": 130, "pagina": 15, "classe": "Logradouros", "metodo": "EIXO_TRACO", "comp_m": 40.891207879616317, "id_layer": "p15_camadas_logradouros", "doc_fonte": "Resposta SECT_autos.pdf", "doc_pagina": 15, "doc_folha": 108, "doc_escala": "1:15.000", "doc_metodo": "Reconstituição Vetorial Afim", "doc_rms_m": 0.68 }, "geometry": { "type": "LineString", "coordinates": [ [ -59.892064758984205, -3.09112559466667 ], [ -59.892284593480817, -3.091080770243869 ], [ -59.892372455351733, -3.091036307243177 ], [ -59.892416422238277, -3.091027342353959 ] ] } },
{ "type": "Feature", "properties": { "id": 131, "pagina": 15, "classe": "Logradouros", "metodo": "EIXO_TRACO", "comp_m": 15.910984958474007, "id_layer": "p15_camadas_logradouros", "doc_fonte": "Resposta SECT_autos.pdf", "doc_pagina": 15, "doc_folha": 108, "doc_escala": "1:15.000", "doc_metodo": "Reconstituição Vetorial Afim", "doc_rms_m": 0.68 }, "geometry": { "type": "LineString", "coordinates": [ [ -59.922812358801366, -3.090457223925886 ], [ -59.922803488220779, -3.090430715767459 ], [ -59.922724234218741, -3.090404402361495 ], [ -59.922706565713341, -3.090377918543321 ] ] } },
{ "type": "Feature", "properties": { "id": 132, "pagina": 15, "classe": "Logradouros", "metodo": "EIXO_TRACO", "comp_m": 40.3592955428119, "id_layer": "p15_camadas_logradouros", "doc_fonte": "Resposta SECT_autos.pdf", "doc_pagina": 15, "doc_folha": 108, "doc_escala": "1:15.000", "doc_metodo": "Reconstituição Vetorial Afim", "doc_rms_m": 0.68 }, "geometry": { "type": "LineString", "coordinates": [ [ -59.922812358801366, -3.090457223925886 ], [ -59.922672512228004, -3.090793691850457 ] ] } },
{ "type": "Feature", "properties": { "id": 133, "pagina": 15, "classe": "Logradouros", "metodo": "EIXO_TRACO", "comp_m": 220.32220507225261, "id_layer": "p15_camadas_logradouros", "doc_fonte": "Resposta SECT_autos.pdf", "doc_pagina": 15, "doc_folha": 108, "doc_escala": "1:15.000", "doc_metodo": "Reconstituição Vetorial Afim", "doc_rms_m": 0.68 }, "geometry": { "type": "LineString", "coordinates": [ [ -59.922812358801366, -3.090457223925886 ], [ -59.922856348439623, -3.090457102200093 ], [ -59.922926804513601, -3.090483439935431 ], [ -59.92334083992003, -3.090676867183458 ], [ -59.92371076459542, -3.090826195101835 ], [ -59.924186458199578, -3.09104598372432 ], [ -59.924477104657733, -3.091160153777127 ], [ -59.924574027207093, -3.091212950686342 ], [ -59.924609218887092, -3.091212853223407 ], [ -59.924626863204246, -3.091230492797878 ] ] } },
{ "type": "Feature", "properties": { "id": 134, "pagina": 15, "classe": "Logradouros", "metodo": "EIXO_TRACO", "comp_m": 98.895267417511107, "id_layer": "p15_camadas_logradouros", "doc_fonte": "Resposta SECT_autos.pdf", "doc_pagina": 15, "doc_folha": 108, "doc_escala": "1:15.000", "doc_metodo": "Reconstituição Vetorial Afim", "doc_rms_m": 0.68 }, "geometry": { "type": "LineString", "coordinates": [ [ -59.917814008583406, -3.099704464759219 ], [ -59.917814275325007, -3.09980175102285 ], [ -59.917805501530225, -3.099810619605435 ], [ -59.917788511699641, -3.100031773507904 ], [ -59.917779737904354, -3.100040642092246 ], [ -59.91778114459111, -3.100553606037925 ], [ -59.917790039663657, -3.10058895847882 ] ] } },
{ "type": "Feature", "properties": { "id": 135, "pagina": 15, "classe": "Logradouros", "metodo": "EIXO_TRACO", "comp_m": 1.9577134455030321, "id_layer": "p15_camadas_logradouros", "doc_fonte": "Resposta SECT_autos.pdf", "doc_pagina": 15, "doc_folha": 108, "doc_escala": "1:15.000", "doc_metodo": "Reconstituição Vetorial Afim", "doc_rms_m": 0.68 }, "geometry": { "type": "LineString", "coordinates": [ [ -59.917814008583406, -3.099704464759219 ], [ -59.91783160467029, -3.099704416007025 ] ] } },
{ "type": "Feature", "properties": { "id": 136, "pagina": 15, "classe": "Logradouros", "metodo": "EIXO_TRACO", "comp_m": 52.502965040910254, "id_layer": "p15_camadas_logradouros", "doc_fonte": "Resposta SECT_autos.pdf", "doc_pagina": 15, "doc_folha": 108, "doc_escala": "1:15.000", "doc_metodo": "Reconstituição Vetorial Afim", "doc_rms_m": 0.68 }, "geometry": { "type": "LineString", "coordinates": [ [ -59.917814008583406, -3.099704464759219 ], [ -59.917470763604449, -3.099661194325865 ], [ -59.917347518222016, -3.099635002909664 ] ] } },
{ "type": "Feature", "properties": { "id": 137, "pagina": 15, "classe": "Logradouros", "metodo": "EIXO_TRACO", "comp_m": 50.653580005889047, "id_layer": "p15_camadas_logradouros", "doc_fonte": "Resposta SECT_autos.pdf", "doc_pagina": 15, "doc_folha": 108, "doc_escala": "1:15.000", "doc_metodo": "Reconstituição Vetorial Afim", "doc_rms_m": 0.68 }, "geometry": { "type": "LineString", "coordinates": [ [ -59.922905497951788, -3.076244280764454 ], [ -59.922870403137111, -3.076279754377918 ], [ -59.922704160778942, -3.076616293302989 ], [ -59.922677815549868, -3.076634054350308 ] ] } },
{ "type": "Feature", "properties": { "id": 138, "pagina": 15, "classe": "Logradouros", "metodo": "EIXO_TRACO", "comp_m": 249.87515874280248, "id_layer": "p15_camadas_logradouros", "doc_fonte": "Resposta SECT_autos.pdf", "doc_pagina": 15, "doc_folha": 108, "doc_escala": "1:15.000", "doc_metodo": "Reconstituição Vetorial Afim", "doc_rms_m": 0.68 }, "geometry": { "type": "LineString", "coordinates": [ [ -59.942030036246869, -3.091553602246053 ], [ -59.940714340737095, -3.089806136973878 ], [ -59.940696647733375, -3.089770809849365 ], [ -59.94069657465252, -3.089744277772854 ] ] } },
{ "type": "Feature", "properties": { "id": 139, "pagina": 15, "classe": "Logradouros", "metodo": "EIXO_TRACO", "comp_m": 1.9577134455030321, "id_layer": "p15_camadas_logradouros", "doc_fonte": "Resposta SECT_autos.pdf", "doc_pagina": 15, "doc_folha": 108, "doc_escala": "1:15.000", "doc_metodo": "Reconstituição Vetorial Afim", "doc_rms_m": 0.68 }, "geometry": { "type": "LineString", "coordinates": [ [ -59.942030036246869, -3.091553602246053 ], [ -59.942047631816095, -3.091553553218721 ] ] } },
{ "type": "Feature", "properties": { "id": 140, "pagina": 15, "classe": "Logradouros", "metodo": "EIXO_TRACO", "comp_m": 61.332082135056758, "id_layer": "p15_camadas_logradouros", "doc_fonte": "Resposta SECT_autos.pdf", "doc_pagina": 15, "doc_folha": 108, "doc_escala": "1:15.000", "doc_metodo": "Reconstituição Vetorial Afim", "doc_rms_m": 0.68 }, "geometry": { "type": "LineString", "coordinates": [ [ -59.942030036246869, -3.091553602246053 ], [ -59.941643738307775, -3.091846533354801 ], [ -59.9416086446845, -3.091882007476474 ], [ -59.94160869345388, -3.091899695512207 ] ] } },
{ "type": "Feature", "properties": { "id": 141, "pagina": 15, "classe": "Logradouros", "metodo": "EIXO_TRACO", "comp_m": 14.789092690917112, "id_layer": "p15_camadas_logradouros", "doc_fonte": "Resposta SECT_autos.pdf", "doc_pagina": 15, "doc_folha": 108, "doc_escala": "1:15.000", "doc_metodo": "Reconstituição Vetorial Afim", "doc_rms_m": 0.68 }, "geometry": { "type": "LineString", "coordinates": [ [ -59.893861071660126, -3.088423112911682 ], [ -59.893878835675402, -3.088484975510485 ], [ -59.893878955490706, -3.088529197492802 ], [ -59.893896599695815, -3.088546838106964 ] ] } },
{ "type": "Feature", "properties": { "id": 142, "pagina": 15, "classe": "Logradouros", "metodo": "EIXO_TRACO", "comp_m": 91.152991425146624, "id_layer": "p15_camadas_logradouros", "doc_fonte": "Resposta SECT_autos.pdf", "doc_pagina": 15, "doc_folha": 108, "doc_escala": "1:15.000", "doc_metodo": "Reconstituição Vetorial Afim", "doc_rms_m": 0.68 }, "geometry": { "type": "LineString", "coordinates": [ [ -59.893861071660126, -3.088423112911682 ], [ -59.893878620012224, -3.088405375942215 ], [ -59.8938599934283, -3.088025115062254 ], [ -59.893851171334028, -3.088016294750527 ], [ -59.89383280841502, -3.087733322218591 ], [ -59.893797376322226, -3.08764497457592 ], [ -59.893797304455482, -3.087618441384179 ] ] } },
{ "type": "Feature", "properties": { "id": 143, "pagina": 15, "classe": "Logradouros", "metodo": "EIXO_TRACO", "comp_m": 207.51620928880624, "id_layer": "p15_camadas_logradouros", "doc_fonte": "Resposta SECT_autos.pdf", "doc_pagina": 15, "doc_folha": 108, "doc_escala": "1:15.000", "doc_metodo": "Reconstituição Vetorial Afim", "doc_rms_m": 0.68 }, "geometry": { "type": "LineString", "coordinates": [ [ -59.893861071660126, -3.088423112911682 ], [ -59.893808163019933, -3.088379035454316 ], [ -59.893808115097123, -3.088361346660225 ], [ -59.893622252097913, -3.087955010144175 ], [ -59.893419224228786, -3.087707920818429 ], [ -59.893375113785297, -3.087663819209445 ], [ -59.893110666736227, -3.087478809067801 ], [ -59.892687422291395, -3.087135032729344 ], [ -59.892608143288435, -3.087099871715221 ] ] } },
{ "type": "Feature", "properties": { "id": 144, "pagina": 15, "classe": "Logradouros", "metodo": "EIXO_TRACO", "comp_m": 60.892943819645566, "id_layer": "p15_camadas_logradouros", "doc_fonte": "Resposta SECT_autos.pdf", "doc_pagina": 15, "doc_folha": 108, "doc_escala": "1:15.000", "doc_metodo": "Reconstituição Vetorial Afim", "doc_rms_m": 0.68 }, "geometry": { "type": "LineString", "coordinates": [ [ -59.940822939944127, -3.094095219316587 ], [ -59.940875629250577, -3.094059696079864 ], [ -59.940893224879446, -3.094059647032068 ], [ -59.941279816277962, -3.093872843483582 ], [ -59.941306136513695, -3.093846237846269 ] ] } },
{ "type": "Feature", "properties": { "id": 145, "pagina": 15, "classe": "Logradouros", "metodo": "EIXO_TRACO", "comp_m": 136.65636843121172, "id_layer": "p15_camadas_logradouros", "doc_fonte": "Resposta SECT_autos.pdf", "doc_pagina": 15, "doc_folha": 108, "doc_escala": "1:15.000", "doc_metodo": "Reconstituição Vetorial Afim", "doc_rms_m": 0.68 }, "geometry": { "type": "LineString", "coordinates": [ [ -59.940770031076667, -3.094051146336305 ], [ -59.94076993349799, -3.094015770239499 ], [ -59.940248935682035, -3.093318538700784 ], [ -59.940089941085468, -3.093089035144308 ], [ -59.940072223553585, -3.093044864013709 ] ] } },
{ "type": "Feature", "properties": { "id": 146, "pagina": 15, "classe": "Logradouros", "metodo": "EIXO_TRACO", "comp_m": 1.957713389769197, "id_layer": "p15_camadas_logradouros", "doc_fonte": "Resposta SECT_autos.pdf", "doc_pagina": 15, "doc_folha": 108, "doc_escala": "1:15.000", "doc_metodo": "Reconstituição Vetorial Afim", "doc_rms_m": 0.68 }, "geometry": { "type": "LineString", "coordinates": [ [ -59.941066039881832, -3.086532844443266 ], [ -59.941066088557704, -3.086550532489428 ] ] } },
{ "type": "Feature", "properties": { "id": 147, "pagina": 15, "classe": "Logradouros", "metodo": "EIXO_TRACO", "comp_m": 60.044744276478838, "id_layer": "p15_camadas_logradouros", "doc_fonte": "Resposta SECT_autos.pdf", "doc_pagina": 15, "doc_folha": 108, "doc_escala": "1:15.000", "doc_metodo": "Reconstituição Vetorial Afim", "doc_rms_m": 0.68 }, "geometry": { "type": "LineString", "coordinates": [ [ -59.941066039881832, -3.086532844443266 ], [ -59.941329412578106, -3.086328697953131 ], [ -59.941469908793664, -3.086231022262731 ], [ -59.941505075435295, -3.086222080375402 ] ] } },
{ "type": "Feature", "properties": { "id": 148, "pagina": 15, "classe": "Logradouros", "metodo": "EIXO_TRACO", "comp_m": 101.2505541319822, "id_layer": "p15_camadas_logradouros", "doc_fonte": "Resposta SECT_autos.pdf", "doc_pagina": 15, "doc_folha": 108, "doc_escala": "1:15.000", "doc_metodo": "Reconstituição Vetorial Afim", "doc_rms_m": 0.68 }, "geometry": { "type": "LineString", "coordinates": [ [ -59.941066039881832, -3.086532844443266 ], [ -59.940801206947548, -3.086206349451444 ], [ -59.940536276894406, -3.085844478126081 ], [ -59.940501012912669, -3.08581804386619 ] ] } },
{ "type": "Feature", "properties": { "id": 149, "pagina": 15, "classe": "Logradouros", "metodo": "EIXO_TRACO", "comp_m": 24.090884057711722, "id_layer": "p15_camadas_logradouros", "doc_fonte": "Resposta SECT_autos.pdf", "doc_pagina": 15, "doc_folha": 108, "doc_escala": "1:15.000", "doc_metodo": "Reconstituição Vetorial Afim", "doc_rms_m": 0.68 }, "geometry": { "type": "LineString", "coordinates": [ [ -59.922109513696128, -3.094032241533041 ], [ -59.922127182342386, -3.094058725316036 ], [ -59.922268070948455, -3.094102556282076 ], [ -59.922294537561172, -3.094129015687993 ] ] } },
{ "type": "Feature", "properties": { "id": 150, "pagina": 15, "classe": "Logradouros", "metodo": "EIXO_TRACO", "comp_m": 27.768788004782206, "id_layer": "p15_camadas_logradouros", "doc_fonte": "Resposta SECT_autos.pdf", "doc_pagina": 15, "doc_folha": 108, "doc_escala": "1:15.000", "doc_metodo": "Reconstituição Vetorial Afim", "doc_rms_m": 0.68 }, "geometry": { "type": "LineString", "coordinates": [ [ -59.922109513696128, -3.094032241533041 ], [ -59.922030307788532, -3.094023616662034 ], [ -59.921871774772313, -3.093962146025563 ] ] } },
{ "type": "Feature", "properties": { "id": 151, "pagina": 15, "classe": "Logradouros", "metodo": "EIXO_TRACO", "comp_m": 41.916623823110363, "id_layer": "p15_camadas_logradouros", "doc_fonte": "Resposta SECT_autos.pdf", "doc_pagina": 15, "doc_folha": 108, "doc_escala": "1:15.000", "doc_metodo": "Reconstituição Vetorial Afim", "doc_rms_m": 0.68 }, "geometry": { "type": "LineString", "coordinates": [ [ -59.922109513696128, -3.094032241533041 ], [ -59.922118214699204, -3.09399684047525 ], [ -59.922197056999188, -3.093872802760683 ], [ -59.922258303370349, -3.093748813790126 ], [ -59.922302196209159, -3.093713315273045 ] ] } },
{ "type": "Feature", "properties": { "id": 152, "pagina": 15, "classe": "Logradouros", "metodo": "EIXO_TRACO", "comp_m": 30.928054205375162, "id_layer": "p15_camadas_logradouros", "doc_fonte": "Resposta SECT_autos.pdf", "doc_pagina": 15, "doc_folha": 108, "doc_escala": "1:15.000", "doc_metodo": "Reconstituição Vetorial Afim", "doc_rms_m": 0.68 }, "geometry": { "type": "LineString", "coordinates": [ [ -59.937747837737085, -3.076397863868456 ], [ -59.937738943121964, -3.076362512021205 ], [ -59.937641877738159, -3.076256651326399 ], [ -59.937597768128612, -3.076212552843499 ], [ -59.937562553125431, -3.076203806211593 ] ] } },
{ "type": "Feature", "properties": { "id": 153, "pagina": 15, "classe": "Logradouros", "metodo": "EIXO_TRACO", "comp_m": 55.047109982589973, "id_layer": "p15_camadas_logradouros", "doc_fonte": "Resposta SECT_autos.pdf", "doc_pagina": 15, "doc_folha": 108, "doc_escala": "1:15.000", "doc_metodo": "Reconstituição Vetorial Afim", "doc_rms_m": 0.68 }, "geometry": { "type": "LineString", "coordinates": [ [ -59.937747837737085, -3.076397863868456 ], [ -59.937774255049852, -3.076406634844966 ], [ -59.93780954274991, -3.076441913613965 ], [ -59.938030212102916, -3.076706626087141 ], [ -59.938056677892469, -3.076733085144455 ], [ -59.938091892905568, -3.076741831739213 ] ] } },
{ "type": "Feature", "properties": { "id": 154, "pagina": 15, "classe": "Logradouros", "metodo": "EIXO_TRACO", "comp_m": 113.17990386053087, "id_layer": "p15_camadas_logradouros", "doc_fonte": "Resposta SECT_autos.pdf", "doc_pagina": 15, "doc_folha": 108, "doc_escala": "1:15.000", "doc_metodo": "Reconstituição Vetorial Afim", "doc_rms_m": 0.68 }, "geometry": { "type": "LineString", "coordinates": [ [ -59.937747837737085, -3.076397863868456 ], [ -59.937660200015408, -3.076521924172622 ], [ -59.937581626523361, -3.076743244707985 ], [ -59.937529155346226, -3.076858363551243 ], [ -59.937520478808487, -3.07690260817601 ], [ -59.937468007630407, -3.07701772702977 ], [ -59.937459331094637, -3.077061971657598 ], [ -59.937406859915583, -3.07717709052189 ], [ -59.937398183381802, -3.077221335152777 ], [ -59.937363234907934, -3.077309873140646 ], [ -59.937345687967294, -3.077327609973284 ] ] } },
{ "type": "Feature", "properties": { "id": 155, "pagina": 15, "classe": "Logradouros", "metodo": "EIXO_TRACO", "comp_m": 217.82687506663822, "id_layer": "p15_camadas_logradouros", "doc_fonte": "Resposta SECT_autos.pdf", "doc_pagina": 15, "doc_folha": 108, "doc_escala": "1:15.000", "doc_metodo": "Reconstituição Vetorial Afim", "doc_rms_m": 0.68 }, "geometry": { "type": "LineString", "coordinates": [ [ -59.924626863204246, -3.091230492797878 ], [ -59.924609485515532, -3.091310138909898 ], [ -59.924443391547705, -3.09169974466531 ], [ -59.924425989626414, -3.091770546639395 ], [ -59.924242445249327, -3.09221326617255 ], [ -59.924190094046473, -3.092372607211999 ], [ -59.923919249182603, -3.093063207061667 ] ] } },
{ "type": "Feature", "properties": { "id": 156, "pagina": 15, "classe": "Logradouros", "metodo": "EIXO_TRACO", "comp_m": 1.9577134455321361, "id_layer": "p15_camadas_logradouros", "doc_fonte": "Resposta SECT_autos.pdf", "doc_pagina": 15, "doc_folha": 108, "doc_escala": "1:15.000", "doc_metodo": "Reconstituição Vetorial Afim", "doc_rms_m": 0.68 }, "geometry": { "type": "LineString", "coordinates": [ [ -59.924626863204246, -3.091230492797878 ], [ -59.92464445904384, -3.091230444065401 ] ] } },
{ "type": "Feature", "properties": { "id": 157, "pagina": 15, "classe": "Logradouros", "metodo": "EIXO_TRACO", "comp_m": 4.3775802343417034, "id_layer": "p15_camadas_logradouros", "doc_fonte": "Resposta SECT_autos.pdf", "doc_pagina": 15, "doc_folha": 108, "doc_escala": "1:15.000", "doc_metodo": "Reconstituição Vetorial Afim", "doc_rms_m": 0.68 }, "geometry": { "type": "LineString", "coordinates": [ [ -59.929051063671871, -3.113160651088174 ], [ -59.929068562011942, -3.113125225479243 ] ] } },
{ "type": "Feature", "properties": { "id": 158, "pagina": 15, "classe": "Logradouros", "metodo": "EIXO_TRACO", "comp_m": 49.814378539072976, "id_layer": "p15_camadas_logradouros", "doc_fonte": "Resposta SECT_autos.pdf", "doc_pagina": 15, "doc_folha": 108, "doc_escala": "1:15.000", "doc_metodo": "Reconstituição Vetorial Afim", "doc_rms_m": 0.68 }, "geometry": { "type": "LineString", "coordinates": [ [ -59.923589972958524, -3.078824910344437 ], [ -59.923581247531033, -3.07885146709491 ], [ -59.923546128623414, -3.078878096625874 ], [ -59.923282604018858, -3.079029175211525 ], [ -59.923212269638043, -3.079047057613607 ] ] } },
{ "type": "Feature", "properties": { "id": 159, "pagina": 15, "classe": "Logradouros", "metodo": "EIXO_TRACO", "comp_m": 50.802913295707455, "id_layer": "p15_camadas_logradouros", "doc_fonte": "Resposta SECT_autos.pdf", "doc_pagina": 15, "doc_folha": 108, "doc_escala": "1:15.000", "doc_metodo": "Reconstituição Vetorial Afim", "doc_rms_m": 0.68 }, "geometry": { "type": "LineString", "coordinates": [ [ -59.923589972958524, -3.078824910344437 ], [ -59.92361636643642, -3.078824837564459 ], [ -59.923651509472762, -3.0788070521975 ], [ -59.923897317599469, -3.0786118013387 ], [ -59.923932412351093, -3.078576327651917 ], [ -59.923941137771351, -3.078549770908906 ] ] } },
{ "type": "Feature", "properties": { "id": 160, "pagina": 15, "classe": "Logradouros", "metodo": "EIXO_TRACO", "comp_m": 191.42024732052241, "id_layer": "p15_camadas_logradouros", "doc_fonte": "Resposta SECT_autos.pdf", "doc_pagina": 15, "doc_folha": 108, "doc_escala": "1:15.000", "doc_metodo": "Reconstituição Vetorial Afim", "doc_rms_m": 0.68 }, "geometry": { "type": "LineString", "coordinates": [ [ -59.940578414235105, -3.081970647399114 ], [ -59.940754878868404, -3.08215588342444 ], [ -59.941010644543525, -3.08238511959558 ], [ -59.941610493745777, -3.082967163296338 ], [ -59.941681070002943, -3.083037719907356 ], [ -59.941716406766943, -3.083090686244633 ], [ -59.941778136688619, -3.083143579243002 ], [ -59.941822149592561, -3.083152301035284 ] ] } },
{ "type": "Feature", "properties": { "id": 161, "pagina": 15, "classe": "Logradouros", "metodo": "EIXO_TRACO", "comp_m": 1.9577134455030321, "id_layer": "p15_camadas_logradouros", "doc_fonte": "Resposta SECT_autos.pdf", "doc_pagina": 15, "doc_folha": 108, "doc_escala": "1:15.000", "doc_metodo": "Reconstituição Vetorial Afim", "doc_rms_m": 0.68 }, "geometry": { "type": "LineString", "coordinates": [ [ -59.933695408972888, -3.07762072464646 ], [ -59.933677813500204, -3.077620773314624 ] ] } },
{ "type": "Feature", "properties": { "id": 162, "pagina": 15, "classe": "Logradouros", "metodo": "EIXO_TRACO", "comp_m": 48.580399291861518, "id_layer": "p15_camadas_logradouros", "doc_fonte": "Resposta SECT_autos.pdf", "doc_pagina": 15, "doc_folha": 108, "doc_escala": "1:15.000", "doc_metodo": "Reconstituição Vetorial Afim", "doc_rms_m": 0.68 }, "geometry": { "type": "LineString", "coordinates": [ [ -59.933695408972888, -3.07762072464646 ], [ -59.933712956031769, -3.077602987811596 ], [ -59.933721608528359, -3.077549898978589 ], [ -59.933870274388916, -3.077222254259937 ] ] } },
{ "type": "Feature", "properties": { "id": 163, "pagina": 15, "classe": "Logradouros", "metodo": "EIXO_TRACO", "comp_m": 178.18259017801591, "id_layer": "p15_camadas_logradouros", "doc_fonte": "Resposta SECT_autos.pdf", "doc_pagina": 15, "doc_folha": 108, "doc_escala": "1:15.000", "doc_metodo": "Reconstituição Vetorial Afim", "doc_rms_m": 0.68 }, "geometry": { "type": "LineString", "coordinates": [ [ -59.933695408972888, -3.07762072464646 ], [ -59.933721874802451, -3.077647183893041 ], [ -59.933871605769333, -3.077708678768112 ], [ -59.935096113165478, -3.078297848150823 ], [ -59.935140126042235, -3.078306570466046 ] ] } },
{ "type": "Feature", "properties": { "id": 164, "pagina": 15, "classe": "Logradouros", "metodo": "EIXO_TRACO", "comp_m": 219.54722790849877, "id_layer": "p15_camadas_logradouros", "doc_fonte": "Resposta SECT_autos.pdf", "doc_pagina": 15, "doc_folha": 108, "doc_escala": "1:15.000", "doc_metodo": "Reconstituição Vetorial Afim", "doc_rms_m": 0.68 }, "geometry": { "type": "LineString", "coordinates": [ [ -59.940827220440646, -3.076460086305957 ], [ -59.940827293209914, -3.076486618385946 ], [ -59.940844961320941, -3.07651310169679 ], [ -59.9417796738215, -3.07729763420762 ], [ -59.942238269243944, -3.077703190083067 ], [ -59.942317545377982, -3.077738346487882 ] ] } },
{ "type": "Feature", "properties": { "id": 165, "pagina": 15, "classe": "Logradouros", "metodo": "EIXO_TRACO", "comp_m": 51.511901849365927, "id_layer": "p15_camadas_logradouros", "doc_fonte": "Resposta SECT_autos.pdf", "doc_pagina": 15, "doc_folha": 108, "doc_escala": "1:15.000", "doc_metodo": "Reconstituição Vetorial Afim", "doc_rms_m": 0.68 }, "geometry": { "type": "LineString", "coordinates": [ [ -59.940827220440646, -3.076460086305957 ], [ -59.94080082742974, -3.076460159457842 ], [ -59.940765588236076, -3.076442568938342 ], [ -59.940518647114168, -3.076222150916921 ], [ -59.940456990663733, -3.076195789483568 ] ] } },
{ "type": "Feature", "properties": { "id": 166, "pagina": 15, "classe": "Logradouros", "metodo": "EIXO_TRACO", "comp_m": 32.067772007820373, "id_layer": "p15_camadas_logradouros", "doc_fonte": "Resposta SECT_autos.pdf", "doc_pagina": 15, "doc_folha": 108, "doc_escala": "1:15.000", "doc_metodo": "Reconstituição Vetorial Afim", "doc_rms_m": 0.68 }, "geometry": { "type": "LineString", "coordinates": [ [ -59.940827220440646, -3.076460086305957 ], [ -59.940905841577745, -3.076256454247122 ], [ -59.940940862460963, -3.076194448533521 ] ] } },
{ "type": "Feature", "properties": { "id": 167, "pagina": 15, "classe": "Logradouros", "metodo": "EIXO_TRACO", "comp_m": 64.384925206665258, "id_layer": "p15_camadas_logradouros", "doc_fonte": "Resposta SECT_autos.pdf", "doc_pagina": 15, "doc_folha": 108, "doc_escala": "1:15.000", "doc_metodo": "Reconstituição Vetorial Afim", "doc_rms_m": 0.68 }, "geometry": { "type": "LineString", "coordinates": [ [ -59.939159152020522, -3.093737247464067 ], [ -59.93911528478624, -3.093781590185284 ], [ -59.938764102996053, -3.094047891612055 ], [ -59.938737758258249, -3.094065653210981 ], [ -59.938693793477512, -3.094074619781119 ] ] } },
{ "type": "Feature", "properties": { "id": 168, "pagina": 15, "classe": "Logradouros", "metodo": "EIXO_TRACO", "comp_m": 76.453238521299994, "id_layer": "p15_camadas_logradouros", "doc_fonte": "Resposta SECT_autos.pdf", "doc_pagina": 15, "doc_folha": 108, "doc_escala": "1:15.000", "doc_metodo": "Reconstituição Vetorial Afim", "doc_rms_m": 0.68 }, "geometry": { "type": "LineString", "coordinates": [ [ -59.91267174167654, -3.101399119008342 ], [ -59.91268068509266, -3.101452160138678 ], [ -59.91271604702861, -3.101513972471459 ], [ -59.912989926606571, -3.101928897109754 ], [ -59.913025215912022, -3.101964176669628 ], [ -59.913042812111641, -3.101964127961933 ] ] } },
{ "type": "Feature", "properties": { "id": 169, "pagina": 15, "classe": "Logradouros", "metodo": "EIXO_TRACO", "comp_m": 81.85480120473629, "id_layer": "p15_camadas_logradouros", "doc_fonte": "Resposta SECT_autos.pdf", "doc_pagina": 15, "doc_folha": 108, "doc_escala": "1:15.000", "doc_metodo": "Reconstituição Vetorial Afim", "doc_rms_m": 0.68 }, "geometry": { "type": "LineString", "coordinates": [ [ -59.91267174167654, -3.101399119008342 ], [ -59.912706934067963, -3.101399021622196 ], [ -59.912847824727749, -3.101442853289928 ], [ -59.913076599448672, -3.101451064454845 ], [ -59.913085373320648, -3.101442195861718 ], [ -59.91319092623278, -3.101433059412158 ], [ -59.913340324249056, -3.10137073574828 ], [ -59.91338431471069, -3.101370613988608 ] ] } },
{ "type": "Feature", "properties": { "id": 170, "pagina": 15, "classe": "Logradouros", "metodo": "EIXO_TRACO", "comp_m": 1877.8725746504499, "id_layer": "p15_camadas_logradouros", "doc_fonte": "Resposta SECT_autos.pdf", "doc_pagina": 15, "doc_folha": 108, "doc_escala": "1:15.000", "doc_metodo": "Reconstituição Vetorial Afim", "doc_rms_m": 0.68 }, "geometry": { "type": "LineString", "coordinates": [ [ -59.91267174167654, -3.101399119008342 ], [ -59.912557124215567, -3.101310993034053 ], [ -59.912257213983935, -3.101028804728412 ], [ -59.912177861612172, -3.100967114034431 ], [ -59.91175439088866, -3.100543758045375 ], [ -59.911110459919875, -3.099935280235338 ], [ -59.911013463090825, -3.099855949435502 ], [ -59.910810550416805, -3.099653090779074 ], [ -59.910651845998927, -3.09952970880157 ], [ -59.910563623141769, -3.099441509314766 ], [ -59.910484295139028, -3.099388662549858 ], [ -59.910369605458008, -3.099274003162783 ], [ -59.910316720133153, -3.099238771963837 ], [ -59.909646468875899, -3.098656897442729 ], [ -59.908323685222832, -3.097537317866063 ], [ -59.907362567374051, -3.096761666515193 ], [ -59.906771694756188, -3.096250323126287 ], [ -59.906427820817342, -3.095977095898226 ], [ -59.90622498198983, -3.095800767709848 ], [ -59.906136832113972, -3.095739100102332 ], [ -59.906013345117749, -3.09562446366387 ], [ -59.905969282248122, -3.095598051990649 ], [ -59.905643004843959, -3.09532477562285 ], [ -59.905237327675181, -3.094972118355196 ], [ -59.904549557127915, -3.094416816765734 ], [ -59.904073327083843, -3.094002441934242 ], [ -59.903314955974032, -3.09336773316695 ], [ -59.903015218465484, -3.093147448015878 ], [ -59.902927092961491, -3.093094624077653 ], [ -59.902724495789201, -3.093006737399471 ], [ -59.902698101468395, -3.093006809992314 ], [ -59.902636442505937, -3.092980446392618 ], [ -59.90260125007616, -3.092980543179174 ], [ -59.902539591112919, -3.092954179570092 ], [ -59.902486802464594, -3.092954324743416 ], [ -59.902416369459679, -3.092936829646633 ], [ -59.902134829946846, -3.092937603836776 ], [ -59.902126055901796, -3.092946472359861 ], [ -59.902064469122934, -3.092946641703951 ], [ -59.90205569507674, -3.092955510227074 ], [ -59.902002906405599, -3.092955655376278 ], [ -59.901871006908735, -3.09298255123632 ], [ -59.901466678603285, -3.093125173294943 ], [ -59.901431558317007, -3.09315180305591 ], [ -59.900816387548666, -3.093409981935078 ], [ -59.900702180322149, -3.093472206727481 ], [ -59.900640641550382, -3.093490064702213 ], [ -59.900535208362669, -3.093543420966316 ], [ -59.90023655306863, -3.093721130081447 ], [ -59.89995530145486, -3.093828036060194 ], [ -59.899858666287557, -3.093881368138839 ], [ -59.89961248680688, -3.093943955622646 ], [ -59.899208133092934, -3.094077733089474 ], [ -59.899102579419178, -3.094086867560222 ] ] } },
{ "type": "Feature", "properties": { "id": 171, "pagina": 15, "classe": "Logradouros", "metodo": "EIXO_TRACO", "comp_m": 46.464150477828305, "id_layer": "p15_camadas_logradouros", "doc_fonte": "Resposta SECT_autos.pdf", "doc_pagina": 15, "doc_folha": 108, "doc_escala": "1:15.000", "doc_metodo": "Reconstituição Vetorial Afim", "doc_rms_m": 0.68 }, "geometry": { "type": "LineString", "coordinates": [ [ -59.9395622011019, -3.096327446451241 ], [ -59.93955357407885, -3.096389379216704 ], [ -59.93950978008175, -3.096460254142916 ], [ -59.939474857138897, -3.096557636643486 ], [ -59.939413613867444, -3.096681624849512 ], [ -59.939387269132283, -3.096699386515944 ] ] } },
{ "type": "Feature", "properties": { "id": 172, "pagina": 15, "classe": "Logradouros", "metodo": "EIXO_TRACO", "comp_m": 3.9154268910351679, "id_layer": "p15_camadas_logradouros", "doc_fonte": "Resposta SECT_autos.pdf", "doc_pagina": 15, "doc_folha": 108, "doc_escala": "1:15.000", "doc_metodo": "Reconstituição Vetorial Afim", "doc_rms_m": 0.68 }, "geometry": { "type": "LineString", "coordinates": [ [ -59.9395622011019, -3.096327446451241 ], [ -59.939597392475875, -3.096327348327336 ] ] } },
{ "type": "Feature", "properties": { "id": 173, "pagina": 15, "classe": "Logradouros", "metodo": "EIXO_TRACO", "comp_m": 158.80933566237195, "id_layer": "p15_camadas_logradouros", "doc_fonte": "Resposta SECT_autos.pdf", "doc_pagina": 15, "doc_folha": 108, "doc_escala": "1:15.000", "doc_metodo": "Reconstituição Vetorial Afim", "doc_rms_m": 0.68 }, "geometry": { "type": "LineString", "coordinates": [ [ -59.9395622011019, -3.096327446451241 ], [ -59.939526912117429, -3.096292168439009 ], [ -59.939464912391706, -3.096141991566741 ], [ -59.939455992547529, -3.096097795923553 ], [ -59.93936745295165, -3.095894628394677 ], [ -59.939358533122544, -3.095850432744626 ], [ -59.939101615031426, -3.095205529229276 ], [ -59.939083824237855, -3.095134825965616 ], [ -59.939048462164948, -3.095073015770329 ], [ -59.939039469221512, -3.095002287984167 ] ] } },
{ "type": "Feature", "properties": { "id": 174, "pagina": 15, "classe": "Logradouros", "metodo": "EIXO_TRACO", "comp_m": 167.1822239104273, "id_layer": "p15_camadas_logradouros", "doc_fonte": "Resposta SECT_autos.pdf", "doc_pagina": 15, "doc_folha": 108, "doc_escala": "1:15.000", "doc_metodo": "Reconstituição Vetorial Afim", "doc_rms_m": 0.68 }, "geometry": { "type": "LineString", "coordinates": [ [ -59.92069920485887, -3.099493049275594 ], [ -59.920752769698211, -3.099775916724242 ], [ -59.920797123922547, -3.099908457449712 ], [ -59.920797221024003, -3.099943834178173 ], [ -59.920832752979265, -3.100067555111865 ], [ -59.920832874363981, -3.100111776020896 ], [ -59.920975148111587, -3.100659724739987 ], [ -59.920975269525435, -3.100703945642879 ], [ -59.921037559961135, -3.100960255990949 ] ] } },
{ "type": "Feature", "properties": { "id": 175, "pagina": 15, "classe": "Logradouros", "metodo": "EIXO_TRACO", "comp_m": 73.929020033829815, "id_layer": "p15_camadas_logradouros", "doc_fonte": "Resposta SECT_autos.pdf", "doc_pagina": 15, "doc_folha": 108, "doc_escala": "1:15.000", "doc_metodo": "Reconstituição Vetorial Afim", "doc_rms_m": 0.68 }, "geometry": { "type": "LineString", "coordinates": [ [ -59.92069920485887, -3.099493049275594 ], [ -59.920628820704479, -3.099493244460805 ], [ -59.920356276212885, -3.099564754244664 ], [ -59.920224354405995, -3.099582808552034 ], [ -59.920145244993712, -3.099609560667762 ], [ -59.920074885063599, -3.099618600011209 ], [ -59.920057337547256, -3.099636337175573 ] ] } },
{ "type": "Feature", "properties": { "id": 176, "pagina": 15, "classe": "Logradouros", "metodo": "EIXO_TRACO", "comp_m": 29.652189662421407, "id_layer": "p15_camadas_logradouros", "doc_fonte": "Resposta SECT_autos.pdf", "doc_pagina": 15, "doc_folha": 108, "doc_escala": "1:15.000", "doc_metodo": "Reconstituição Vetorial Afim", "doc_rms_m": 0.68 }, "geometry": { "type": "LineString", "coordinates": [ [ -59.92069920485887, -3.099493049275594 ], [ -59.920716752354316, -3.099475312112915 ], [ -59.920760742447108, -3.099475190119742 ], [ -59.920910211659141, -3.099439398604072 ], [ -59.92093650861932, -3.099403948680014 ] ] } },
{ "type": "Feature", "properties": { "id": 177, "pagina": 15, "classe": "Logradouros", "metodo": "EIXO_TRACO", "comp_m": 17.895625307335685, "id_layer": "p15_camadas_logradouros", "doc_fonte": "Resposta SECT_autos.pdf", "doc_pagina": 15, "doc_folha": 108, "doc_escala": "1:15.000", "doc_metodo": "Reconstituição Vetorial Afim", "doc_rms_m": 0.68 }, "geometry": { "type": "LineString", "coordinates": [ [ -59.938051497876131, -3.113153159498611 ], [ -59.937989887388099, -3.113144488012927 ], [ -59.937963444357713, -3.11312687387804 ], [ -59.937928252375904, -3.113126972478986 ], [ -59.937901907432121, -3.113144734516693 ] ] } },
{ "type": "Feature", "properties": { "id": 178, "pagina": 15, "classe": "Logradouros", "metodo": "EIXO_TRACO", "comp_m": 32.221788906015831, "id_layer": "p15_camadas_logradouros", "doc_fonte": "Resposta SECT_autos.pdf", "doc_pagina": 15, "doc_folha": 108, "doc_escala": "1:15.000", "doc_metodo": "Reconstituição Vetorial Afim", "doc_rms_m": 0.68 }, "geometry": { "type": "LineString", "coordinates": [ [ -59.929276384710747, -3.086344460226971 ], [ -59.929276336233073, -3.086326771992869 ], [ -59.929407891799144, -3.086176056519367 ], [ -59.929425293571704, -3.086105254859798 ] ] } },
{ "type": "Feature", "properties": { "id": 179, "pagina": 15, "classe": "Logradouros", "metodo": "EIXO_TRACO", "comp_m": 53.787050784379822, "id_layer": "p15_camadas_logradouros", "doc_fonte": "Resposta SECT_autos.pdf", "doc_pagina": 15, "doc_folha": 108, "doc_escala": "1:15.000", "doc_metodo": "Reconstituição Vetorial Afim", "doc_rms_m": 0.68 }, "geometry": { "type": "LineString", "coordinates": [ [ -59.929276384710747, -3.086344460226971 ], [ -59.929232443972587, -3.086362270292545 ], [ -59.929171028736022, -3.086424349678711 ], [ -59.928942793745918, -3.086610709685646 ], [ -59.928916472916804, -3.086637315141924 ], [ -59.928916521393418, -3.086655003381646 ] ] } },
{ "type": "Feature", "properties": { "id": 180, "pagina": 15, "classe": "Logradouros", "metodo": "EIXO_TRACO", "comp_m": 4.8942835424968516, "id_layer": "p15_camadas_logradouros", "doc_fonte": "Resposta SECT_autos.pdf", "doc_pagina": 15, "doc_folha": 108, "doc_escala": "1:15.000", "doc_metodo": "Reconstituição Vetorial Afim", "doc_rms_m": 0.68 }, "geometry": { "type": "LineString", "coordinates": [ [ -59.929276384710747, -3.086344460226971 ], [ -59.929302875196186, -3.086379763595004 ] ] } },
{ "type": "Feature", "properties": { "id": 181, "pagina": 15, "classe": "Logradouros", "metodo": "EIXO_TRACO", "comp_m": 60.482027463234374, "id_layer": "p15_camadas_logradouros", "doc_fonte": "Resposta SECT_autos.pdf", "doc_pagina": 15, "doc_folha": 108, "doc_escala": "1:15.000", "doc_metodo": "Reconstituição Vetorial Afim", "doc_rms_m": 0.68 }, "geometry": { "type": "LineString", "coordinates": [ [ -59.939339324042358, -3.09207405407318 ], [ -59.939383239990356, -3.092047399488906 ], [ -59.939435880641376, -3.091994188303702 ], [ -59.939602746576348, -3.091887594469955 ], [ -59.939778337161798, -3.091754444047502 ] ] } },
{ "type": "Feature", "properties": { "id": 182, "pagina": 15, "classe": "Logradouros", "metodo": "EIXO_TRACO", "comp_m": 6.2677411211848844, "id_layer": "p15_camadas_logradouros", "doc_fonte": "Resposta SECT_autos.pdf", "doc_pagina": 15, "doc_folha": 108, "doc_escala": "1:15.000", "doc_metodo": "Reconstituição Vetorial Afim", "doc_rms_m": 0.68 }, "geometry": { "type": "LineString", "coordinates": [ [ -59.940681947932411, -3.113092721332646 ], [ -59.940717262550486, -3.113136842747604 ] ] } },
{ "type": "Feature", "properties": { "id": 183, "pagina": 15, "classe": "Logradouros", "metodo": "EIXO_TRACO", "comp_m": 29.77484875295599, "id_layer": "p15_camadas_logradouros", "doc_fonte": "Resposta SECT_autos.pdf", "doc_pagina": 15, "doc_folha": 108, "doc_escala": "1:15.000", "doc_metodo": "Reconstituição Vetorial Afim", "doc_rms_m": 0.68 }, "geometry": { "type": "LineString", "coordinates": [ [ -59.941203226809272, -3.085232381734296 ], [ -59.941308507724827, -3.085125959992709 ], [ -59.941325981556076, -3.085081690972944 ], [ -59.941334584666336, -3.085010914346911 ] ] } },
{ "type": "Feature", "properties": { "id": 184, "pagina": 15, "classe": "Logradouros", "metodo": "EIXO_TRACO", "comp_m": 252.6095853454197, "id_layer": "p15_camadas_logradouros", "doc_fonte": "Resposta SECT_autos.pdf", "doc_pagina": 15, "doc_folha": 108, "doc_escala": "1:15.000", "doc_metodo": "Reconstituição Vetorial Afim", "doc_rms_m": 0.68 }, "geometry": { "type": "LineString", "coordinates": [ [ -59.940201132761231, -3.082343146924589 ], [ -59.939865920357654, -3.08201684580401 ], [ -59.939760007598679, -3.081893322360044 ], [ -59.939636353692045, -3.08171678350253 ], [ -59.939380491156079, -3.081452170409608 ], [ -59.939124822989413, -3.081258309447528 ], [ -59.938904467168626, -3.081108570922369 ], [ -59.938613414039949, -3.080844054937815 ], [ -59.938560457792278, -3.080782293030763 ] ] } },
{ "type": "Feature", "properties": { "id": 185, "pagina": 15, "classe": "Logradouros", "metodo": "EIXO_TRACO", "comp_m": 253.61583245133937, "id_layer": "p15_camadas_logradouros", "doc_fonte": "Resposta SECT_autos.pdf", "doc_pagina": 15, "doc_folha": 108, "doc_escala": "1:15.000", "doc_metodo": "Reconstituição Vetorial Afim", "doc_rms_m": 0.68 }, "geometry": { "type": "LineString", "coordinates": [ [ -59.940907484032344, -3.099224556303674 ], [ -59.940915768729916, -3.099038807272777 ], [ -59.940924542149695, -3.099029938687018 ], [ -59.940924175626236, -3.098897278354834 ], [ -59.940932949045823, -3.098888409770171 ], [ -59.940932582538103, -3.098755749438638 ], [ -59.940941355957506, -3.098746880855069 ], [ -59.940940965033256, -3.098605376502113 ], [ -59.940949738452467, -3.098596507919705 ], [ -59.94094937197724, -3.098463847589435 ], [ -59.940958145396266, -3.098454979008139 ], [ -59.94095758349814, -3.098251566502578 ], [ -59.940966356916967, -3.098242697922907 ], [ -59.940999642995102, -3.09755276599771 ], [ -59.941008416412991, -3.09754389742344 ], [ -59.941033198068467, -3.096960118342801 ] ] } },
{ "type": "Feature", "properties": { "id": 186, "pagina": 15, "classe": "Logradouros", "metodo": "EIXO_TRACO", "comp_m": 756.1701401417082, "id_layer": "p15_camadas_logradouros", "doc_fonte": "Resposta SECT_autos.pdf", "doc_pagina": 15, "doc_folha": 108, "doc_escala": "1:15.000", "doc_metodo": "Reconstituição Vetorial Afim", "doc_rms_m": 0.68 }, "geometry": { "type": "LineString", "coordinates": [ [ -59.940907484032344, -3.099224556303674 ], [ -59.940889937191955, -3.099242293478259 ], [ -59.940854770199323, -3.099251235760237 ], [ -59.940722875635636, -3.099278136294485 ], [ -59.940485406724648, -3.099305331569057 ], [ -59.940476633297635, -3.09931420015679 ], [ -59.940230342025266, -3.099332575922129 ], [ -59.940221568594104, -3.099341444509981 ], [ -59.940036813449758, -3.099341960257761 ], [ -59.940028040015441, -3.099350828845614 ], [ -59.939852082703545, -3.09935132000389 ], [ -59.93984326040826, -3.09934250053032 ], [ -59.939764079608786, -3.099342721540697 ], [ -59.939755257313678, -3.09933390206562 ], [ -59.939649682905582, -3.099334196735174 ], [ -59.939588048976212, -3.099316680555384 ], [ -59.939526463897749, -3.099316852436515 ], [ -59.939412018324994, -3.099290639532339 ], [ -59.939359231108007, -3.099290786849192 ], [ -59.939086301737809, -3.099220795650127 ], [ -59.938742867265148, -3.099106780521228 ], [ -59.938478564813117, -3.098974856243206 ], [ -59.938319934525339, -3.098878013528394 ], [ -59.937932071319857, -3.098604927818364 ], [ -59.937852670782412, -3.098525552212187 ], [ -59.937808608188398, -3.098499142739845 ], [ -59.937632162600693, -3.098322752422849 ], [ -59.937385016884107, -3.098031585581753 ], [ -59.937287849906333, -3.097890350543822 ], [ -59.937013774197496, -3.097404687813941 ], [ -59.936933934849534, -3.097166119008889 ], [ -59.936792315416014, -3.096856969308156 ], [ -59.936730218287074, -3.096671415714443 ], [ -59.936730145141404, -3.09664488354646 ], [ -59.936641483808437, -3.096397495051985 ], [ -59.936579216161917, -3.096150032996258 ], [ -59.93656152292472, -3.096114705775535 ], [ -59.936534763695398, -3.095982118422875 ], [ -59.936499304118733, -3.095884931796269 ], [ -59.93648144028321, -3.095787696160499 ], [ -59.936392706137823, -3.095513775341382 ], [ -59.936374817979541, -3.09540769562892 ] ] } },
{ "type": "Feature", "properties": { "id": 187, "pagina": 15, "classe": "Logradouros", "metodo": "EIXO_TRACO", "comp_m": 525.55960335483894, "id_layer": "p15_camadas_logradouros", "doc_fonte": "Resposta SECT_autos.pdf", "doc_pagina": 15, "doc_folha": 108, "doc_escala": "1:15.000", "doc_metodo": "Reconstituição Vetorial Afim", "doc_rms_m": 0.68 }, "geometry": { "type": "LineString", "coordinates": [ [ -59.943138223137275, -3.104162161874112 ], [ -59.943137978197036, -3.104073721838074 ], [ -59.943129155824195, -3.104064902456374 ], [ -59.943127588381842, -3.103498886217082 ], [ -59.943118766018316, -3.103490066830563 ], [ -59.943117223356801, -3.102932894583779 ], [ -59.943108401002426, -3.10292407519251 ], [ -59.943106858628248, -3.102366902934546 ], [ -59.94309803628304, -3.102358083538528 ], [ -59.943096494196176, -3.101800911269384 ], [ -59.943087671860134, -3.101792091868633 ], [ -59.943086105589849, -3.101226075583804 ], [ -59.943077283263094, -3.101217256178216 ], [ -59.943055675341547, -3.099766888579809 ], [ -59.943064448726815, -3.099758019987652 ], [ -59.943381171070392, -3.099757134800469 ] ] } },
{ "type": "Feature", "properties": { "id": 188, "pagina": 15, "classe": "Logradouros", "metodo": "EIXO_TRACO", "comp_m": 116.5003969760042, "id_layer": "p15_camadas_logradouros", "doc_fonte": "Resposta SECT_autos.pdf", "doc_pagina": 15, "doc_folha": 108, "doc_escala": "1:15.000", "doc_metodo": "Reconstituição Vetorial Afim", "doc_rms_m": 0.68 }, "geometry": { "type": "LineString", "coordinates": [ [ -59.943138223137275, -3.104162161874112 ], [ -59.943158734241585, -3.105214549027909 ] ] } },
{ "type": "Feature", "properties": { "id": 189, "pagina": 15, "classe": "Logradouros", "metodo": "EIXO_TRACO", "comp_m": 30.176613102311073, "id_layer": "p15_camadas_logradouros", "doc_fonte": "Resposta SECT_autos.pdf", "doc_pagina": 15, "doc_folha": 108, "doc_escala": "1:15.000", "doc_metodo": "Reconstituição Vetorial Afim", "doc_rms_m": 0.68 }, "geometry": { "type": "LineString", "coordinates": [ [ -59.943138223137275, -3.104162161874112 ], [ -59.943261393449809, -3.104161817148726 ], [ -59.943270166833329, -3.104152948522402 ], [ -59.943393337130111, -3.104152603782597 ], [ -59.943402159504465, -3.10416142315925 ] ] } },
{ "type": "Feature", "properties": { "id": 190, "pagina": 15, "classe": "Logradouros", "metodo": "EIXO_TRACO", "comp_m": 21.534847900620662, "id_layer": "p15_camadas_logradouros", "doc_fonte": "Resposta SECT_autos.pdf", "doc_pagina": 15, "doc_folha": 108, "doc_escala": "1:15.000", "doc_metodo": "Reconstituição Vetorial Afim", "doc_rms_m": 0.68 }, "geometry": { "type": "LineString", "coordinates": [ [ -59.943138223137275, -3.104162161874112 ], [ -59.942944669761232, -3.10416270355639 ] ] } },
{ "type": "Feature", "properties": { "id": 191, "pagina": 15, "classe": "Logradouros", "metodo": "EIXO_TRACO", "comp_m": 122.81007993619693, "id_layer": "p15_camadas_logradouros", "doc_fonte": "Resposta SECT_autos.pdf", "doc_pagina": 15, "doc_folha": 108, "doc_escala": "1:15.000", "doc_metodo": "Reconstituição Vetorial Afim", "doc_rms_m": 0.68 }, "geometry": { "type": "LineString", "coordinates": [ [ -59.920616722540942, -3.098290459874628 ], [ -59.920625690380085, -3.098352344772493 ], [ -59.920661052255134, -3.098414156500631 ], [ -59.920687785969115, -3.098537901896551 ], [ -59.920705479046816, -3.098573229847015 ], [ -59.920705624631985, -3.098626294945404 ], [ -59.920732212786326, -3.098696975232767 ], [ -59.920758995077847, -3.098838408976869 ], [ -59.920830082955774, -3.099094695102675 ], [ -59.920856913858806, -3.099253817184985 ], [ -59.920874631244786, -3.099297989297136 ], [ -59.920874801144038, -3.099359898568335 ] ] } },
{ "type": "Feature", "properties": { "id": 192, "pagina": 15, "classe": "Logradouros", "metodo": "EIXO_TRACO", "comp_m": 43.144687753538548, "id_layer": "p15_camadas_logradouros", "doc_fonte": "Resposta SECT_autos.pdf", "doc_pagina": 15, "doc_folha": 108, "doc_escala": "1:15.000", "doc_metodo": "Reconstituição Vetorial Afim", "doc_rms_m": 0.68 }, "geometry": { "type": "LineString", "coordinates": [ [ -59.920616722540942, -3.098290459874628 ], [ -59.920687106616626, -3.098290264765871 ], [ -59.920766361483565, -3.098316577810846 ], [ -59.920845567822894, -3.098325202482105 ], [ -59.920880808382357, -3.098342793283019 ], [ -59.920951216709085, -3.098351442334524 ], [ -59.920986481532992, -3.098377877310281 ] ] } },
{ "type": "Feature", "properties": { "id": 193, "pagina": 15, "classe": "Logradouros", "metodo": "EIXO_TRACO", "comp_m": 28.227557093548942, "id_layer": "p15_camadas_logradouros", "doc_fonte": "Resposta SECT_autos.pdf", "doc_pagina": 15, "doc_folha": 108, "doc_escala": "1:15.000", "doc_metodo": "Reconstituição Vetorial Afim", "doc_rms_m": 0.68 }, "geometry": { "type": "LineString", "coordinates": [ [ -59.921156361911457, -3.099367961946591 ], [ -59.921156410459531, -3.0993856503053 ], [ -59.921138862978395, -3.099403387466983 ], [ -59.921059753662917, -3.099430139617049 ], [ -59.920971749229984, -3.099421539442157 ], [ -59.92093650861932, -3.099403948680014 ] ] } },
{ "type": "Feature", "properties": { "id": 194, "pagina": 15, "classe": "Logradouros", "metodo": "EIXO_TRACO", "comp_m": 56.773688966847942, "id_layer": "p15_camadas_logradouros", "doc_fonte": "Resposta SECT_autos.pdf", "doc_pagina": 15, "doc_folha": 108, "doc_escala": "1:15.000", "doc_metodo": "Reconstituição Vetorial Afim", "doc_rms_m": 0.68 }, "geometry": { "type": "LineString", "coordinates": [ [ -59.938630321859158, -3.077385960641691 ], [ -59.938998855110363, -3.077031175258093 ] ] } },
{ "type": "Feature", "properties": { "id": 195, "pagina": 15, "classe": "Logradouros", "metodo": "EIXO_TRACO", "comp_m": 11.074499582541307, "id_layer": "p15_camadas_logradouros", "doc_fonte": "Resposta SECT_autos.pdf", "doc_pagina": 15, "doc_folha": 108, "doc_escala": "1:15.000", "doc_metodo": "Reconstituição Vetorial Afim", "doc_rms_m": 0.68 }, "geometry": { "type": "LineString", "coordinates": [ [ -59.89203561263097, -3.083607869370008 ], [ -59.892097223331334, -3.083616545530936 ], [ -59.892123689401068, -3.083643006655515 ] ] } },
{ "type": "Feature", "properties": { "id": 196, "pagina": 15, "classe": "Logradouros", "metodo": "EIXO_TRACO", "comp_m": 334.03711196314481, "id_layer": "p15_camadas_logradouros", "doc_fonte": "Resposta SECT_autos.pdf", "doc_pagina": 15, "doc_folha": 108, "doc_escala": "1:15.000", "doc_metodo": "Reconstituição Vetorial Afim", "doc_rms_m": 0.68 }, "geometry": { "type": "LineString", "coordinates": [ [ -59.929425293571704, -3.086105254859798 ], [ -59.929363732929474, -3.086114269534195 ], [ -59.92925832850095, -3.086176470732515 ], [ -59.92910011275773, -3.08622997399904 ], [ -59.928889037201849, -3.0862570910737 ], [ -59.928880215121659, -3.086248271315866 ], [ -59.928757045281401, -3.086248612380686 ], [ -59.928677816196306, -3.086231143385424 ], [ -59.928624956417252, -3.08620475718015 ], [ -59.928572145102606, -3.086196059215069 ], [ -59.928255131809713, -3.086090806600556 ], [ -59.928211069880383, -3.086064396002179 ], [ -59.928052587454573, -3.086020613751102 ], [ -59.927991002503447, -3.086020784224587 ], [ -59.927982180427378, -3.08601196445025 ], [ -59.927762258369327, -3.086021417380535 ], [ -59.92759524450063, -3.086074944823062 ], [ -59.927454672604071, -3.086146087470132 ], [ -59.926945317194807, -3.086483576778499 ], [ -59.92670811395206, -3.086608052073548 ], [ -59.926681793014509, -3.086634657527306 ], [ -59.926681841454119, -3.086652345802549 ] ] } },
{ "type": "Feature", "properties": { "id": 197, "pagina": 15, "classe": "Logradouros", "metodo": "EIXO_TRACO", "comp_m": 1070.5406299085737, "id_layer": "p15_camadas_logradouros", "doc_fonte": "Resposta SECT_autos.pdf", "doc_pagina": 15, "doc_folha": 108, "doc_escala": "1:15.000", "doc_metodo": "Reconstituição Vetorial Afim", "doc_rms_m": 0.68 }, "geometry": { "type": "LineString", "coordinates": [ [ -59.929425293571704, -3.086105254859798 ], [ -59.929521778941201, -3.085998857451029 ], [ -59.929696960056084, -3.085715358482285 ], [ -59.930668380771472, -3.083837703013421 ], [ -59.930764696305879, -3.083669397062373 ], [ -59.930834666864406, -3.083518852412308 ], [ -59.930852214019716, -3.083501115488211 ], [ -59.931018451616502, -3.083164576751757 ], [ -59.931035998765637, -3.08314683983299 ], [ -59.93110596930449, -3.08299629523311 ], [ -59.931141039368619, -3.082951977298143 ], [ -59.932121910146044, -3.08131309148128 ], [ -59.932288462352503, -3.081091526464542 ], [ -59.932472755388496, -3.080922977342971 ], [ -59.932736276737266, -3.08077189726991 ], [ -59.932850429719714, -3.080691983893665 ], [ -59.933096379594787, -3.080549796624067 ], [ -59.93314027151898, -3.080514298512447 ], [ -59.933386221273075, -3.080372111251269 ], [ -59.933430113174516, -3.080336613143757 ], [ -59.933719978913253, -3.080167771870317 ], [ -59.933763870788511, -3.080132273767529 ], [ -59.93489689054902, -3.079439293698241 ], [ -59.935494215909152, -3.079101562541373 ], [ -59.935538107645442, -3.079066064462964 ], [ -59.935546832679186, -3.079039507897027 ] ] } },
{ "type": "Feature", "properties": { "id": 198, "pagina": 15, "classe": "Logradouros", "metodo": "EIXO_TRACO", "comp_m": 85.525595191846165, "id_layer": "p15_camadas_logradouros", "doc_fonte": "Resposta SECT_autos.pdf", "doc_pagina": 15, "doc_folha": 108, "doc_escala": "1:15.000", "doc_metodo": "Reconstituição Vetorial Afim", "doc_rms_m": 0.68 }, "geometry": { "type": "LineString", "coordinates": [ [ -59.919730087978365, -3.099009302173862 ], [ -59.919386843759987, -3.098966032226488 ], [ -59.91937802147892, -3.09895721241627 ], [ -59.919272420918702, -3.098948660815094 ], [ -59.9191491757893, -3.098922469573488 ], [ -59.919096387628883, -3.098922615858306 ], [ -59.919034752932959, -3.098905098128076 ], [ -59.918973166740244, -3.0989052687858 ] ] } },
{ "type": "Feature", "properties": { "id": 199, "pagina": 15, "classe": "Logradouros", "metodo": "EIXO_TRACO", "comp_m": 27.065663257386685, "id_layer": "p15_camadas_logradouros", "doc_fonte": "Resposta SECT_autos.pdf", "doc_pagina": 15, "doc_folha": 108, "doc_escala": "1:15.000", "doc_metodo": "Reconstituição Vetorial Afim", "doc_rms_m": 0.68 }, "geometry": { "type": "LineString", "coordinates": [ [ -59.895626529866014, -3.084075653526876 ], [ -59.895626194670093, -3.083951832158168 ], [ -59.89561737264021, -3.083943011842574 ], [ -59.895617133224235, -3.08385456800689 ], [ -59.895608287254824, -3.083836903306721 ] ] } },
{ "type": "Feature", "properties": { "id": 200, "pagina": 15, "classe": "Logradouros", "metodo": "EIXO_TRACO", "comp_m": 27.85103674128738, "id_layer": "p15_camadas_logradouros", "doc_fonte": "Resposta SECT_autos.pdf", "doc_pagina": 15, "doc_folha": 108, "doc_escala": "1:15.000", "doc_metodo": "Reconstituição Vetorial Afim", "doc_rms_m": 0.68 }, "geometry": { "type": "LineString", "coordinates": [ [ -59.895626529866014, -3.084075653526876 ], [ -59.895503356614761, -3.084075990485377 ], [ -59.895494582466867, -3.084084858937801 ], [ -59.895380231232153, -3.084094016200387 ] ] } },
{ "type": "Feature", "properties": { "id": 201, "pagina": 15, "classe": "Logradouros", "metodo": "EIXO_TRACO", "comp_m": 7.2574526099056431, "id_layer": "p15_camadas_logradouros", "doc_fonte": "Resposta SECT_autos.pdf", "doc_pagina": 15, "doc_folha": 108, "doc_escala": "1:15.000", "doc_metodo": "Reconstituição Vetorial Afim", "doc_rms_m": 0.68 }, "geometry": { "type": "LineString", "coordinates": [ [ -59.895626529866014, -3.084075653526876 ], [ -59.895635351898036, -3.084084473841266 ], [ -59.89563549555843, -3.084137540141604 ] ] } },
{ "type": "Feature", "properties": { "id": 202, "pagina": 15, "classe": "Logradouros", "metodo": "EIXO_TRACO", "comp_m": 30.697612167009783, "id_layer": "p15_camadas_logradouros", "doc_fonte": "Resposta SECT_autos.pdf", "doc_pagina": 15, "doc_folha": 108, "doc_escala": "1:15.000", "doc_metodo": "Reconstituição Vetorial Afim", "doc_rms_m": 0.68 }, "geometry": { "type": "LineString", "coordinates": [ [ -59.922964370037363, -3.091350070861342 ], [ -59.922937976235112, -3.091350143920816 ], [ -59.922761775297403, -3.091262189287455 ], [ -59.922708987687031, -3.091262335391478 ] ] } },
{ "type": "Feature", "properties": { "id": 203, "pagina": 15, "classe": "Logradouros", "metodo": "EIXO_TRACO", "comp_m": 62.255594553986086, "id_layer": "p15_camadas_logradouros", "doc_fonte": "Resposta SECT_autos.pdf", "doc_pagina": 15, "doc_folha": 108, "doc_escala": "1:15.000", "doc_metodo": "Reconstituição Vetorial Afim", "doc_rms_m": 0.68 }, "geometry": { "type": "LineString", "coordinates": [ [ -59.93961568797593, -3.093391055696605 ], [ -59.93916792546694, -3.093728378920034 ] ] } },
{ "type": "Feature", "properties": { "id": 204, "pagina": 15, "classe": "Logradouros", "metodo": "EIXO_TRACO", "comp_m": 58.141122007023874, "id_layer": "p15_camadas_logradouros", "doc_fonte": "Resposta SECT_autos.pdf", "doc_pagina": 15, "doc_folha": 108, "doc_escala": "1:15.000", "doc_metodo": "Reconstituição Vetorial Afim", "doc_rms_m": 0.68 }, "geometry": { "type": "LineString", "coordinates": [ [ -59.94040292804074, -3.078937609403317 ], [ -59.940034444210532, -3.079310083513674 ] ] } },
{ "type": "Feature", "properties": { "id": 205, "pagina": 15, "classe": "Logradouros", "metodo": "EIXO_TRACO", "comp_m": 100.12611173514034, "id_layer": "p15_camadas_logradouros", "doc_fonte": "Resposta SECT_autos.pdf", "doc_pagina": 15, "doc_folha": 108, "doc_escala": "1:15.000", "doc_metodo": "Reconstituição Vetorial Afim", "doc_rms_m": 0.68 }, "geometry": { "type": "LineString", "coordinates": [ [ -59.89248469841359, -3.090248841759692 ], [ -59.892431549965394, -3.090116320190885 ], [ -59.8923697471539, -3.090036889142994 ], [ -59.892316694594264, -3.089939745178444 ], [ -59.892272583974766, -3.089895643569073 ], [ -59.892087031926472, -3.089604283827523 ], [ -59.892051647628264, -3.089533624872375 ], [ -59.892042681777291, -3.089471738079113 ] ] } },
{ "type": "Feature", "properties": { "id": 206, "pagina": 15, "classe": "Logradouros", "metodo": "EIXO_TRACO", "comp_m": 84.373648107068192, "id_layer": "p15_camadas_logradouros", "doc_fonte": "Resposta SECT_autos.pdf", "doc_pagina": 15, "doc_folha": 108, "doc_escala": "1:15.000", "doc_metodo": "Reconstituição Vetorial Afim", "doc_rms_m": 0.68 }, "geometry": { "type": "LineString", "coordinates": [ [ -59.89248469841359, -3.090248841759692 ], [ -59.892467773129539, -3.090496533344093 ], [ -59.892458998929904, -3.090505401844087 ], [ -59.892442025753986, -3.090735404621769 ], [ -59.892433251553811, -3.090744273123572 ], [ -59.892433419334878, -3.090806183975631 ], [ -59.892416038718444, -3.090885831833291 ], [ -59.892416350326968, -3.09100080913137 ] ] } },
{ "type": "Feature", "properties": { "id": 207, "pagina": 15, "classe": "Logradouros", "metodo": "EIXO_TRACO", "comp_m": 85.838237842945858, "id_layer": "p15_camadas_logradouros", "doc_fonte": "Resposta SECT_autos.pdf", "doc_pagina": 15, "doc_folha": 108, "doc_escala": "1:15.000", "doc_metodo": "Reconstituição Vetorial Afim", "doc_rms_m": 0.68 }, "geometry": { "type": "LineString", "coordinates": [ [ -59.89248469841359, -3.090248841759692 ], [ -59.892555059759637, -3.09023980462313 ], [ -59.892774846058288, -3.090177291479575 ], [ -59.892810038703232, -3.090177195107736 ], [ -59.893126556732696, -3.090096728089707 ], [ -59.893161749364005, -3.090096631708671 ], [ -59.893214490369211, -3.090078798332082 ], [ -59.89322324058675, -3.090061085433645 ] ] } },
{ "type": "Feature", "properties": { "id": 208, "pagina": 15, "classe": "Logradouros", "metodo": "EIXO_TRACO", "comp_m": 43.814793908290227, "id_layer": "p15_camadas_logradouros", "doc_fonte": "Resposta SECT_autos.pdf", "doc_pagina": 15, "doc_folha": 108, "doc_escala": "1:15.000", "doc_metodo": "Reconstituição Vetorial Afim", "doc_rms_m": 0.68 }, "geometry": { "type": "LineString", "coordinates": [ [ -59.943338463093909, -3.077877018941806 ], [ -59.943215150099, -3.077824296715931 ], [ -59.942986070870887, -3.07770111534369 ] ] } },
{ "type": "Feature", "properties": { "id": 209, "pagina": 15, "classe": "Logradouros", "metodo": "EIXO_TRACO", "comp_m": 42.480283645490289, "id_layer": "p15_camadas_logradouros", "doc_fonte": "Resposta SECT_autos.pdf", "doc_pagina": 15, "doc_folha": 108, "doc_escala": "1:15.000", "doc_metodo": "Reconstituição Vetorial Afim", "doc_rms_m": 0.68 }, "geometry": { "type": "LineString", "coordinates": [ [ -59.894038328556228, -3.088900228473633 ], [ -59.894029386612267, -3.088847186195654 ], [ -59.893914387685541, -3.088617545097303 ], [ -59.893896599695815, -3.088546838106964 ] ] } },
{ "type": "Feature", "properties": { "id": 210, "pagina": 15, "classe": "Logradouros", "metodo": "EIXO_TRACO", "comp_m": 178.58392483504159, "id_layer": "p15_camadas_logradouros", "doc_fonte": "Resposta SECT_autos.pdf", "doc_pagina": 15, "doc_folha": 108, "doc_escala": "1:15.000", "doc_metodo": "Reconstituição Vetorial Afim", "doc_rms_m": 0.68 }, "geometry": { "type": "LineString", "coordinates": [ [ -59.894038328556228, -3.088900228473633 ], [ -59.894055948805672, -3.088909024681726 ], [ -59.894100203161742, -3.089006192554014 ], [ -59.894550850278982, -3.089721359303422 ], [ -59.89470996024874, -3.089995101499913 ], [ -59.894860128289679, -3.090215801374161 ], [ -59.894877868489232, -3.090268819483024 ] ] } },
{ "type": "Feature", "properties": { "id": 211, "pagina": 15, "classe": "Logradouros", "metodo": "EIXO_TRACO", "comp_m": 96.350732758319282, "id_layer": "p15_camadas_logradouros", "doc_fonte": "Resposta SECT_autos.pdf", "doc_pagina": 15, "doc_folha": 108, "doc_escala": "1:15.000", "doc_metodo": "Reconstituição Vetorial Afim", "doc_rms_m": 0.68 }, "geometry": { "type": "LineString", "coordinates": [ [ -59.894038328556228, -3.088900228473633 ], [ -59.893994361817512, -3.088909193335083 ], [ -59.893511350619441, -3.089237761116735 ], [ -59.893361997778371, -3.08931777026734 ], [ -59.893309328702955, -3.089362136816027 ] ] } },
{ "type": "Feature", "properties": { "id": 212, "pagina": 15, "classe": "Logradouros", "metodo": "EIXO_TRACO", "comp_m": 75.298564858924351, "id_layer": "p15_camadas_logradouros", "doc_fonte": "Resposta SECT_autos.pdf", "doc_pagina": 15, "doc_folha": 108, "doc_escala": "1:15.000", "doc_metodo": "Reconstituição Vetorial Afim", "doc_rms_m": 0.68 }, "geometry": { "type": "LineString", "coordinates": [ [ -59.93968127482659, -3.088455864509273 ], [ -59.939681177460741, -3.088420488373981 ], [ -59.939733477303562, -3.088243460888764 ], [ -59.939838296062071, -3.087969002252935 ], [ -59.93987314640782, -3.087845087931145 ], [ -59.939899466705889, -3.087818482435426 ] ] } },
{ "type": "Feature", "properties": { "id": 213, "pagina": 15, "classe": "Logradouros", "metodo": "EIXO_TRACO", "comp_m": 133.64589263968637, "id_layer": "p15_camadas_logradouros", "doc_fonte": "Resposta SECT_autos.pdf", "doc_pagina": 15, "doc_folha": 108, "doc_escala": "1:15.000", "doc_metodo": "Reconstituição Vetorial Afim", "doc_rms_m": 0.68 }, "geometry": { "type": "LineString", "coordinates": [ [ -59.93968127482659, -3.088455864509273 ], [ -59.939743005323564, -3.088508757420767 ], [ -59.939901949584311, -3.088720573709636 ], [ -59.939910820399604, -3.088747081331969 ], [ -59.940025556721906, -3.088879423632469 ], [ -59.940122746218229, -3.089029502908608 ], [ -59.940361138580762, -3.089338382972854 ], [ -59.940396548892188, -3.089417881295255 ] ] } },
{ "type": "Feature", "properties": { "id": 214, "pagina": 15, "classe": "Logradouros", "metodo": "EIXO_TRACO", "comp_m": 66.072846278732484, "id_layer": "p15_camadas_logradouros", "doc_fonte": "Resposta SECT_autos.pdf", "doc_pagina": 15, "doc_folha": 108, "doc_escala": "1:15.000", "doc_metodo": "Reconstituição Vetorial Afim", "doc_rms_m": 0.68 }, "geometry": { "type": "LineString", "coordinates": [ [ -59.93968127482659, -3.088455864509273 ], [ -59.939654954517266, -3.088482470019589 ], [ -59.939585156493493, -3.08869492260297 ], [ -59.939567633960202, -3.088721503648121 ], [ -59.939497835943094, -3.088933956256593 ], [ -59.93948925725676, -3.089013577045742 ] ] } },
{ "type": "Feature", "properties": { "id": 215, "pagina": 15, "classe": "Logradouros", "metodo": "EIXO_TRACO", "comp_m": 132.88535280901982, "id_layer": "p15_camadas_logradouros", "doc_fonte": "Resposta SECT_autos.pdf", "doc_pagina": 15, "doc_folha": 108, "doc_escala": "1:15.000", "doc_metodo": "Reconstituição Vetorial Afim", "doc_rms_m": 0.68 }, "geometry": { "type": "LineString", "coordinates": [ [ -59.939787134965968, -3.091754419551028 ], [ -59.940202167254732, -3.092310441966003 ], [ -59.940237529114135, -3.092372252149103 ], [ -59.940458254396098, -3.092654648359776 ], [ -59.940511187523285, -3.092707565462082 ] ] } },
{ "type": "Feature", "properties": { "id": 216, "pagina": 15, "classe": "Logradouros", "metodo": "EIXO_TRACO", "comp_m": 76.009130309083446, "id_layer": "p15_camadas_logradouros", "doc_fonte": "Resposta SECT_autos.pdf", "doc_pagina": 15, "doc_folha": 108, "doc_escala": "1:15.000", "doc_metodo": "Reconstituição Vetorial Afim", "doc_rms_m": 0.68 }, "geometry": { "type": "LineString", "coordinates": [ [ -59.929627004689401, -3.076225744850675 ], [ -59.929697410906314, -3.076234394648248 ], [ -59.930199559618629, -3.076480645113758 ], [ -59.930252370314378, -3.076489343446236 ] ] } },
{ "type": "Feature", "properties": { "id": 217, "pagina": 15, "classe": "Logradouros", "metodo": "EIXO_TRACO", "comp_m": 62.030025692076286, "id_layer": "p15_camadas_logradouros", "doc_fonte": "Resposta SECT_autos.pdf", "doc_pagina": 15, "doc_folha": 108, "doc_escala": "1:15.000", "doc_metodo": "Reconstituição Vetorial Afim", "doc_rms_m": 0.68 }, "geometry": { "type": "LineString", "coordinates": [ [ -59.94157452497808, -3.089078527200597 ], [ -59.941398959386454, -3.08922052130989 ], [ -59.941179453594636, -3.089380325924661 ], [ -59.941144286860961, -3.089389267903278 ], [ -59.941126740035052, -3.089407004925535 ] ] } },
{ "type": "Feature", "properties": { "id": 218, "pagina": 15, "classe": "Logradouros", "metodo": "EIXO_TRACO", "comp_m": 30.40764404078341, "id_layer": "p15_camadas_logradouros", "doc_fonte": "Resposta SECT_autos.pdf", "doc_pagina": 15, "doc_folha": 108, "doc_escala": "1:15.000", "doc_metodo": "Reconstituição Vetorial Afim", "doc_rms_m": 0.68 }, "geometry": { "type": "LineString", "coordinates": [ [ -59.916962451563279, -3.093958041730792 ], [ -59.916980797706046, -3.094232163696339 ] ] } },
{ "type": "Feature", "properties": { "id": 219, "pagina": 15, "classe": "Logradouros", "metodo": "EIXO_TRACO", "comp_m": 70.593688000040288, "id_layer": "p15_camadas_logradouros", "doc_fonte": "Resposta SECT_autos.pdf", "doc_pagina": 15, "doc_folha": 108, "doc_escala": "1:15.000", "doc_metodo": "Reconstituição Vetorial Afim", "doc_rms_m": 0.68 }, "geometry": { "type": "LineString", "coordinates": [ [ -59.916962451563279, -3.093958041730792 ], [ -59.916980023371863, -3.093949148869714 ], [ -59.917076801396085, -3.093948881302806 ], [ -59.917085575200211, -3.093940012765592 ], [ -59.917252737219535, -3.093939550583666 ], [ -59.917261511020811, -3.093930682046435 ], [ -59.917586988577902, -3.093912093514959 ] ] } },
{ "type": "Feature", "properties": { "id": 220, "pagina": 15, "classe": "Logradouros", "metodo": "EIXO_TRACO", "comp_m": 47.891690194867216, "id_layer": "p15_camadas_logradouros", "doc_fonte": "Resposta SECT_autos.pdf", "doc_pagina": 15, "doc_folha": 108, "doc_escala": "1:15.000", "doc_metodo": "Reconstituição Vetorial Afim", "doc_rms_m": 0.68 }, "geometry": { "type": "LineString", "coordinates": [ [ -59.916962451563279, -3.093958041730792 ], [ -59.916557815941658, -3.093985693197689 ], [ -59.916540268316183, -3.094003430272462 ] ] } },
{ "type": "Feature", "properties": { "id": 221, "pagina": 15, "classe": "Logradouros", "metodo": "EIXO_TRACO", "comp_m": 155.25242256188619, "id_layer": "p15_camadas_logradouros", "doc_fonte": "Resposta SECT_autos.pdf", "doc_pagina": 15, "doc_folha": 108, "doc_escala": "1:15.000", "doc_metodo": "Reconstituição Vetorial Afim", "doc_rms_m": 0.68 }, "geometry": { "type": "LineString", "coordinates": [ [ -59.895576185165801, -3.091469750537277 ], [ -59.895567243016444, -3.091416708367216 ], [ -59.895523036275904, -3.091337229547289 ], [ -59.895434478847037, -3.091125205580086 ], [ -59.895266474235356, -3.09081611041118 ], [ -59.895089743600145, -3.090533572396413 ], [ -59.895001474282132, -3.090427680893558 ], [ -59.894921955158964, -3.090304076478857 ], [ -59.894877868489232, -3.090268819483024 ] ] } },
{ "type": "Feature", "properties": { "id": 222, "pagina": 15, "classe": "Logradouros", "metodo": "EIXO_TRACO", "comp_m": 194.24389584517155, "id_layer": "p15_camadas_logradouros", "doc_fonte": "Resposta SECT_autos.pdf", "doc_pagina": 15, "doc_folha": 108, "doc_escala": "1:15.000", "doc_metodo": "Reconstituição Vetorial Afim", "doc_rms_m": 0.68 }, "geometry": { "type": "LineString", "coordinates": [ [ -59.895576185165801, -3.091469750537277 ], [ -59.895602627616746, -3.091487366923198 ], [ -59.89560267561788, -3.091505055688028 ], [ -59.895620319919885, -3.091522696199051 ], [ -59.895974214419546, -3.092246970175552 ], [ -59.896062556111289, -3.092379394496196 ], [ -59.896089118654416, -3.092441232732937 ], [ -59.896133253499293, -3.092494178310319 ], [ -59.89615979204055, -3.092547172160717 ], [ -59.896327509319839, -3.092750134157984 ], [ -59.896503856695475, -3.09289116129639 ], [ -59.896512726907211, -3.09291767027643 ] ] } },
{ "type": "Feature", "properties": { "id": 223, "pagina": 15, "classe": "Logradouros", "metodo": "EIXO_TRACO", "comp_m": 83.915802208785308, "id_layer": "p15_camadas_logradouros", "doc_fonte": "Resposta SECT_autos.pdf", "doc_pagina": 15, "doc_folha": 108, "doc_escala": "1:15.000", "doc_metodo": "Reconstituição Vetorial Afim", "doc_rms_m": 0.68 }, "geometry": { "type": "LineString", "coordinates": [ [ -59.895576185165801, -3.091469750537277 ], [ -59.895541016564628, -3.091478691424411 ], [ -59.894917211563111, -3.091798802145039 ], [ -59.894899615246992, -3.091798850391454 ] ] } },
{ "type": "Feature", "properties": { "id": 224, "pagina": 15, "classe": "Logradouros", "metodo": "EIXO_TRACO", "comp_m": 5.8731401730328798, "id_layer": "p15_camadas_logradouros", "doc_fonte": "Resposta SECT_autos.pdf", "doc_pagina": 15, "doc_folha": 108, "doc_escala": "1:15.000", "doc_metodo": "Reconstituição Vetorial Afim", "doc_rms_m": 0.68 }, "geometry": { "type": "LineString", "coordinates": [ [ -59.894899759230839, -3.091851916718799 ], [ -59.894899615246992, -3.091798850391454 ] ] } },
{ "type": "Feature", "properties": { "id": 225, "pagina": 15, "classe": "Logradouros", "metodo": "EIXO_TRACO", "comp_m": 178.94335713939026, "id_layer": "p15_camadas_logradouros", "doc_fonte": "Resposta SECT_autos.pdf", "doc_pagina": 15, "doc_folha": 108, "doc_escala": "1:15.000", "doc_metodo": "Reconstituição Vetorial Afim", "doc_rms_m": 0.68 }, "geometry": { "type": "LineString", "coordinates": [ [ -59.894899759230839, -3.091851916718799 ], [ -59.894943870013066, -3.091896018037817 ], [ -59.895182572358138, -3.092319897166116 ], [ -59.895226731187044, -3.092381687214067 ], [ -59.895394832497487, -3.092726159694597 ], [ -59.895668848145625, -3.093194163718389 ], [ -59.895686612575716, -3.093256026107724 ] ] } },
{ "type": "Feature", "properties": { "id": 226, "pagina": 15, "classe": "Logradouros", "metodo": "EIXO_TRACO", "comp_m": 72.406806294704495, "id_layer": "p15_camadas_logradouros", "doc_fonte": "Resposta SECT_autos.pdf", "doc_pagina": 15, "doc_folha": 108, "doc_escala": "1:15.000", "doc_metodo": "Reconstituição Vetorial Afim", "doc_rms_m": 0.68 }, "geometry": { "type": "LineString", "coordinates": [ [ -59.894899759230839, -3.091851916718799 ], [ -59.894469657185269, -3.092224563116936 ], [ -59.894399391845297, -3.09226897805633 ] ] } },
{ "type": "Feature", "properties": { "id": 227, "pagina": 15, "classe": "Logradouros", "metodo": "EIXO_TRACO", "comp_m": 62.887096392842651, "id_layer": "p15_camadas_logradouros", "doc_fonte": "Resposta SECT_autos.pdf", "doc_pagina": 15, "doc_folha": 108, "doc_escala": "1:15.000", "doc_metodo": "Reconstituição Vetorial Afim", "doc_rms_m": 0.68 }, "geometry": { "type": "LineString", "coordinates": [ [ -59.943334747817282, -3.076523885946765 ], [ -59.943193669809183, -3.076409304322098 ], [ -59.943158430654591, -3.076391713918481 ], [ -59.942929157710466, -3.076197780149861 ], [ -59.942885145181677, -3.076189058135699 ] ] } },
{ "type": "Feature", "properties": { "id": 228, "pagina": 15, "classe": "Logradouros", "metodo": "EIXO_TRACO", "comp_m": 55.275769732660592, "id_layer": "p15_camadas_logradouros", "doc_fonte": "Resposta SECT_autos.pdf", "doc_pagina": 15, "doc_folha": 108, "doc_escala": "1:15.000", "doc_metodo": "Reconstituição Vetorial Afim", "doc_rms_m": 0.68 }, "geometry": { "type": "LineString", "coordinates": [ [ -59.936059841651229, -3.076827054381918 ], [ -59.936059381485258, -3.076659017153578 ], [ -59.936050559557074, -3.076650197434946 ], [ -59.936032092323778, -3.076331859790172 ] ] } },
{ "type": "Feature", "properties": { "id": 229, "pagina": 15, "classe": "Logradouros", "metodo": "EIXO_TRACO", "comp_m": 70.096923742470636, "id_layer": "p15_camadas_logradouros", "doc_fonte": "Resposta SECT_autos.pdf", "doc_pagina": 15, "doc_folha": 108, "doc_escala": "1:15.000", "doc_metodo": "Reconstituição Vetorial Afim", "doc_rms_m": 0.68 }, "geometry": { "type": "LineString", "coordinates": [ [ -59.936059841651229, -3.076827054381918 ], [ -59.935998233452921, -3.076818380747344 ], [ -59.935848502823085, -3.076756886169838 ], [ -59.93578682196852, -3.076721680316961 ], [ -59.935531397709582, -3.076616257447005 ], [ -59.935496158427959, -3.076598666673838 ], [ -59.935487312287627, -3.076581002876323 ] ] } },
{ "type": "Feature", "properties": { "id": 230, "pagina": 15, "classe": "Logradouros", "metodo": "EIXO_TRACO", "comp_m": 88.89005965620521, "id_layer": "p15_camadas_logradouros", "doc_fonte": "Resposta SECT_autos.pdf", "doc_pagina": 15, "doc_folha": 108, "doc_escala": "1:15.000", "doc_metodo": "Reconstituição Vetorial Afim", "doc_rms_m": 0.68 }, "geometry": { "type": "LineString", "coordinates": [ [ -59.94160869345388, -3.091899695512207 ], [ -59.941564728883044, -3.091908662093639 ], [ -59.941538384277465, -3.091926423667735 ], [ -59.941002864791358, -3.092343587856587 ], [ -59.940958900176675, -3.092352554435137 ] ] } },
{ "type": "Feature", "properties": { "id": 231, "pagina": 15, "classe": "Logradouros", "metodo": "EIXO_TRACO", "comp_m": 245.1582852803661, "id_layer": "p15_camadas_logradouros", "doc_fonte": "Resposta SECT_autos.pdf", "doc_pagina": 15, "doc_folha": 108, "doc_escala": "1:15.000", "doc_metodo": "Reconstituição Vetorial Afim", "doc_rms_m": 0.68 }, "geometry": { "type": "LineString", "coordinates": [ [ -59.918406305277799, -3.091097349978241 ], [ -59.919056387096717, -3.090741782694772 ], [ -59.919117851867448, -3.090697391496487 ], [ -59.919258232167124, -3.090555495295442 ], [ -59.919354622656776, -3.090413720691155 ], [ -59.919407120118301, -3.090307444457947 ], [ -59.919651648701681, -3.089643449132764 ], [ -59.919721717858565, -3.089528280131486 ], [ -59.919739265377622, -3.089510543122952 ], [ -59.919774432969007, -3.089501601682566 ] ] } },
{ "type": "Feature", "properties": { "id": 232, "pagina": 15, "classe": "Logradouros", "metodo": "EIXO_TRACO", "comp_m": 50.458884078482534, "id_layer": "p15_camadas_logradouros", "doc_fonte": "Resposta SECT_autos.pdf", "doc_pagina": 15, "doc_folha": 108, "doc_escala": "1:15.000", "doc_metodo": "Reconstituição Vetorial Afim", "doc_rms_m": 0.68 }, "geometry": { "type": "LineString", "coordinates": [ [ -59.926730845866146, -3.088482960445983 ], [ -59.92672219339434, -3.08853604962994 ], [ -59.926625780218856, -3.088668979677869 ], [ -59.926538310326222, -3.088854950207166 ], [ -59.926511965141998, -3.088872711574119 ] ] } },
{ "type": "Feature", "properties": { "id": 233, "pagina": 15, "classe": "Logradouros", "metodo": "EIXO_TRACO", "comp_m": 49.500200723544012, "id_layer": "p15_camadas_logradouros", "doc_fonte": "Resposta SECT_autos.pdf", "doc_pagina": 15, "doc_folha": 108, "doc_escala": "1:15.000", "doc_metodo": "Reconstituição Vetorial Afim", "doc_rms_m": 0.68 }, "geometry": { "type": "LineString", "coordinates": [ [ -59.926730845866146, -3.088482960445983 ], [ -59.926660511287253, -3.08850084361485 ], [ -59.9265025129138, -3.088633944192552 ], [ -59.926397107938143, -3.088696145499998 ], [ -59.92637081121682, -3.08873159514148 ] ] } },
{ "type": "Feature", "properties": { "id": 234, "pagina": 15, "classe": "Logradouros", "metodo": "EIXO_TRACO", "comp_m": 1.9577134455321361, "id_layer": "p15_camadas_logradouros", "doc_fonte": "Resposta SECT_autos.pdf", "doc_pagina": 15, "doc_folha": 108, "doc_escala": "1:15.000", "doc_metodo": "Reconstituição Vetorial Afim", "doc_rms_m": 0.68 }, "geometry": { "type": "LineString", "coordinates": [ [ -59.922672512228004, -3.090793691850457 ], [ -59.922654916364465, -3.09079374054323 ] ] } },
{ "type": "Feature", "properties": { "id": 235, "pagina": 15, "classe": "Logradouros", "metodo": "EIXO_TRACO", "comp_m": 104.47660738431591, "id_layer": "p15_camadas_logradouros", "doc_fonte": "Resposta SECT_autos.pdf", "doc_pagina": 15, "doc_folha": 108, "doc_escala": "1:15.000", "doc_metodo": "Reconstituição Vetorial Afim", "doc_rms_m": 0.68 }, "geometry": { "type": "LineString", "coordinates": [ [ -59.922672512228004, -3.090793691850457 ], [ -59.922725396696194, -3.090828922443758 ], [ -59.922883929003724, -3.090890393352277 ], [ -59.923024889673556, -3.09096075708683 ], [ -59.923086523631994, -3.090978274961 ], [ -59.923447699028813, -3.091145315582781 ], [ -59.92350935721354, -3.091171677577444 ], [ -59.923526928840559, -3.091162784702569 ] ] } },
{ "type": "Feature", "properties": { "id": 236, "pagina": 15, "classe": "Logradouros", "metodo": "EIXO_TRACO", "comp_m": 87.746342926522829, "id_layer": "p15_camadas_logradouros", "doc_fonte": "Resposta SECT_autos.pdf", "doc_pagina": 15, "doc_folha": 108, "doc_escala": "1:15.000", "doc_metodo": "Reconstituição Vetorial Afim", "doc_rms_m": 0.68 }, "geometry": { "type": "LineString", "coordinates": [ [ -59.892024693071697, -3.079565973025649 ], [ -59.892306088314307, -3.079512138400319 ], [ -59.892350078700261, -3.079512018370111 ], [ -59.892358852896692, -3.079503149953951 ], [ -59.892517170505805, -3.079485029012754 ], [ -59.892525944699521, -3.079476160596742 ], [ -59.892798613350784, -3.079448883112926 ] ] } },
{ "type": "Feature", "properties": { "id": 237, "pagina": 15, "classe": "Logradouros", "metodo": "EIXO_TRACO", "comp_m": 2.9365700855851169, "id_layer": "p15_camadas_logradouros", "doc_fonte": "Resposta SECT_autos.pdf", "doc_pagina": 15, "doc_folha": 108, "doc_escala": "1:15.000", "doc_metodo": "Reconstituição Vetorial Afim", "doc_rms_m": 0.68 }, "geometry": { "type": "LineString", "coordinates": [ [ -59.892416350326968, -3.09100080913137 ], [ -59.892416422238277, -3.091027342353959 ] ] } },
{ "type": "Feature", "properties": { "id": 238, "pagina": 15, "classe": "Logradouros", "metodo": "EIXO_TRACO", "comp_m": 71.212444100221234, "id_layer": "p15_camadas_logradouros", "doc_fonte": "Resposta SECT_autos.pdf", "doc_pagina": 15, "doc_folha": 108, "doc_escala": "1:15.000", "doc_metodo": "Reconstituição Vetorial Afim", "doc_rms_m": 0.68 }, "geometry": { "type": "LineString", "coordinates": [ [ -59.892416350326968, -3.09100080913137 ], [ -59.892548274940879, -3.090982758866493 ], [ -59.892943904821472, -3.09087554157766 ], [ -59.893040660666678, -3.090866432074333 ] ] } },
{ "type": "Feature", "properties": { "id": 239, "pagina": 15, "classe": "Logradouros", "metodo": "EIXO_TRACO", "comp_m": 3.9154267814010382, "id_layer": "p15_camadas_logradouros", "doc_fonte": "Resposta SECT_autos.pdf", "doc_pagina": 15, "doc_folha": 108, "doc_escala": "1:15.000", "doc_metodo": "Reconstituição Vetorial Afim", "doc_rms_m": 0.68 }, "geometry": { "type": "LineString", "coordinates": [ [ -59.921141136969958, -3.077717284725123 ], [ -59.921141233386322, -3.077752661457455 ] ] } },
{ "type": "Feature", "properties": { "id": 240, "pagina": 15, "classe": "Logradouros", "metodo": "EIXO_TRACO", "comp_m": 251.83308055023002, "id_layer": "p15_camadas_logradouros", "doc_fonte": "Resposta SECT_autos.pdf", "doc_pagina": 15, "doc_folha": 108, "doc_escala": "1:15.000", "doc_metodo": "Reconstituição Vetorial Afim", "doc_rms_m": 0.68 }, "geometry": { "type": "LineString", "coordinates": [ [ -59.921141136969958, -3.077717284725123 ], [ -59.921088301743957, -3.077699741742008 ], [ -59.920444565539825, -3.077153170663258 ], [ -59.919465572878252, -3.076262594859416 ], [ -59.919421559611081, -3.076253871689281 ] ] } },
{ "type": "Feature", "properties": { "id": 241, "pagina": 15, "classe": "Logradouros", "metodo": "EIXO_TRACO", "comp_m": 46.292465914130233, "id_layer": "p15_camadas_logradouros", "doc_fonte": "Resposta SECT_autos.pdf", "doc_pagina": 15, "doc_folha": 108, "doc_escala": "1:15.000", "doc_metodo": "Reconstituição Vetorial Afim", "doc_rms_m": 0.68 }, "geometry": { "type": "LineString", "coordinates": [ [ -59.921141136969958, -3.077717284725123 ], [ -59.921184981526018, -3.077664098473408 ], [ -59.921290025259395, -3.077469235695969 ], [ -59.92136011868125, -3.077362911675645 ] ] } },
{ "type": "Feature", "properties": { "id": 242, "pagina": 15, "classe": "Logradouros", "metodo": "EIXO_TRACO", "comp_m": 26.679776831713042, "id_layer": "p15_camadas_logradouros", "doc_fonte": "Resposta SECT_autos.pdf", "doc_pagina": 15, "doc_folha": 108, "doc_escala": "1:15.000", "doc_metodo": "Reconstituição Vetorial Afim", "doc_rms_m": 0.68 }, "geometry": { "type": "LineString", "coordinates": [ [ -59.895590020762491, -3.083589308693775 ], [ -59.895580624226518, -3.083368223160499 ], [ -59.895571778269002, -3.083350558455499 ] ] } },
{ "type": "Feature", "properties": { "id": 243, "pagina": 15, "classe": "Logradouros", "metodo": "EIXO_TRACO", "comp_m": 31.3845340280558, "id_layer": "p15_camadas_logradouros", "doc_fonte": "Resposta SECT_autos.pdf", "doc_pagina": 15, "doc_folha": 108, "doc_escala": "1:15.000", "doc_metodo": "Reconstituição Vetorial Afim", "doc_rms_m": 0.68 }, "geometry": { "type": "LineString", "coordinates": [ [ -59.895590020762491, -3.083589308693775 ], [ -59.89587151157054, -3.083570849817062 ] ] } },
{ "type": "Feature", "properties": { "id": 244, "pagina": 15, "classe": "Logradouros", "metodo": "EIXO_TRACO", "comp_m": 58.912233702175662, "id_layer": "p15_camadas_logradouros", "doc_fonte": "Resposta SECT_autos.pdf", "doc_pagina": 15, "doc_folha": 108, "doc_escala": "1:15.000", "doc_metodo": "Reconstituição Vetorial Afim", "doc_rms_m": 0.68 }, "geometry": { "type": "LineString", "coordinates": [ [ -59.894154866959859, -3.092941827376448 ], [ -59.894163617133543, -3.092924114463603 ], [ -59.894216334170977, -3.092897436528395 ], [ -59.894348186746541, -3.092852852669845 ], [ -59.894550256640322, -3.092746165049451 ], [ -59.894629368149154, -3.092719414728436 ] ] } },
{ "type": "Feature", "properties": { "id": 245, "pagina": 15, "classe": "Logradouros", "metodo": "EIXO_TRACO", "comp_m": 128.04471789550897, "id_layer": "p15_camadas_logradouros", "doc_fonte": "Resposta SECT_autos.pdf", "doc_pagina": 15, "doc_folha": 108, "doc_escala": "1:15.000", "doc_metodo": "Reconstituição Vetorial Afim", "doc_rms_m": 0.68 }, "geometry": { "type": "LineString", "coordinates": [ [ -59.894154866959859, -3.092941827376448 ], [ -59.894163809133786, -3.092994869611469 ], [ -59.894287535608051, -3.093197952862976 ], [ -59.894481911622321, -3.093498131299932 ], [ -59.89473799508194, -3.093842362580518 ], [ -59.894755663469994, -3.093868847470985 ], [ -59.894764581707534, -3.093913045275919 ] ] } },
{ "type": "Feature", "properties": { "id": 246, "pagina": 15, "classe": "Logradouros", "metodo": "EIXO_TRACO", "comp_m": 71.092073024016855, "id_layer": "p15_camadas_logradouros", "doc_fonte": "Resposta SECT_autos.pdf", "doc_pagina": 15, "doc_folha": 108, "doc_escala": "1:15.000", "doc_metodo": "Reconstituição Vetorial Afim", "doc_rms_m": 0.68 }, "geometry": { "type": "LineString", "coordinates": [ [ -59.921951347944891, -3.09089297393388 ], [ -59.922004232431362, -3.090928204581326 ], [ -59.922101106608821, -3.090963313508488 ], [ -59.922277307523402, -3.091051268351782 ], [ -59.922338941517395, -3.091068786276341 ], [ -59.922471104318554, -3.091139174442922 ], [ -59.922532714090615, -3.091147848178424 ] ] } },
{ "type": "Feature", "properties": { "id": 247, "pagina": 15, "classe": "Logradouros", "metodo": "EIXO_TRACO", "comp_m": 164.51516317862792, "id_layer": "p15_camadas_logradouros", "doc_fonte": "Resposta SECT_autos.pdf", "doc_pagina": 15, "doc_folha": 108, "doc_escala": "1:15.000", "doc_metodo": "Reconstituição Vetorial Afim", "doc_rms_m": 0.68 }, "geometry": { "type": "LineString", "coordinates": [ [ -59.939325435002559, -3.09022567500463 ], [ -59.939325532413633, -3.090261051150075 ], [ -59.939352047566373, -3.090305197887921 ], [ -59.939784722825195, -3.090878860332676 ], [ -59.940208479028982, -3.091408326499935 ] ] } },
{ "type": "Feature", "properties": { "id": 248, "pagina": 15, "classe": "Logradouros", "metodo": "EIXO_TRACO", "comp_m": 45.523382790312503, "id_layer": "p15_camadas_logradouros", "doc_fonte": "Resposta SECT_autos.pdf", "doc_pagina": 15, "doc_folha": 108, "doc_escala": "1:15.000", "doc_metodo": "Reconstituição Vetorial Afim", "doc_rms_m": 0.68 }, "geometry": { "type": "LineString", "coordinates": [ [ -59.939325435002559, -3.09022567500463 ], [ -59.939588808685478, -3.090021527766329 ], [ -59.939615153352804, -3.090003766254401 ], [ -59.939659117953781, -3.089994799813632 ] ] } },
{ "type": "Feature", "properties": { "id": 249, "pagina": 15, "classe": "Logradouros", "metodo": "EIXO_TRACO", "comp_m": 4.3775802465894103, "id_layer": "p15_camadas_logradouros", "doc_fonte": "Resposta SECT_autos.pdf", "doc_pagina": 15, "doc_folha": 108, "doc_escala": "1:15.000", "doc_metodo": "Reconstituição Vetorial Afim", "doc_rms_m": 0.68 }, "geometry": { "type": "LineString", "coordinates": [ [ -59.929631662530333, -3.1131324965869 ], [ -59.929622913374232, -3.113150209387094 ], [ -59.929631760341522, -3.113167873025897 ] ] } },
{ "type": "Feature", "properties": { "id": 250, "pagina": 15, "classe": "Logradouros", "metodo": "EIXO_TRACO", "comp_m": 28.183594487218848, "id_layer": "p15_camadas_logradouros", "doc_fonte": "Resposta SECT_autos.pdf", "doc_pagina": 15, "doc_folha": 108, "doc_escala": "1:15.000", "doc_metodo": "Reconstituição Vetorial Afim", "doc_rms_m": 0.68 }, "geometry": { "type": "LineString", "coordinates": [ [ -59.924816418699031, -3.089770671680292 ], [ -59.924729093819515, -3.090009707359223 ] ] } },
{ "type": "Feature", "properties": { "id": 251, "pagina": 15, "classe": "Logradouros", "metodo": "EIXO_TRACO", "comp_m": 2.1887901541417452, "id_layer": "p15_camadas_logradouros", "doc_fonte": "Resposta SECT_autos.pdf", "doc_pagina": 15, "doc_folha": 108, "doc_escala": "1:15.000", "doc_metodo": "Reconstituição Vetorial Afim", "doc_rms_m": 0.68 }, "geometry": { "type": "LineString", "coordinates": [ [ -59.924816418699031, -3.089770671680292 ], [ -59.924833990282522, -3.089761778815864 ] ] } },
{ "type": "Feature", "properties": { "id": 252, "pagina": 15, "classe": "Logradouros", "metodo": "EIXO_TRACO", "comp_m": 1.9577133916318421, "id_layer": "p15_camadas_logradouros", "doc_fonte": "Resposta SECT_autos.pdf", "doc_pagina": 15, "doc_folha": 108, "doc_escala": "1:15.000", "doc_metodo": "Reconstituição Vetorial Afim", "doc_rms_m": 0.68 }, "geometry": { "type": "LineString", "coordinates": [ [ -59.942031058595781, -3.088732337027246 ], [ -59.942031107322371, -3.088750025057282 ] ] } },
{ "type": "Feature", "properties": { "id": 253, "pagina": 15, "classe": "Logradouros", "metodo": "EIXO_TRACO", "comp_m": 257.85825271556962, "id_layer": "p15_camadas_logradouros", "doc_fonte": "Resposta SECT_autos.pdf", "doc_pagina": 15, "doc_folha": 108, "doc_escala": "1:15.000", "doc_metodo": "Reconstituição Vetorial Afim", "doc_rms_m": 0.68 }, "geometry": { "type": "LineString", "coordinates": [ [ -59.942031058595781, -3.088732337027246 ], [ -59.941978150212812, -3.088688263896246 ], [ -59.941536678875721, -3.088114627092468 ], [ -59.940839050704056, -3.087170250319143 ], [ -59.940618327911984, -3.086887853170189 ] ] } },
{ "type": "Feature", "properties": { "id": 254, "pagina": 15, "classe": "Logradouros", "metodo": "EIXO_TRACO", "comp_m": 24.54667599230239, "id_layer": "p15_camadas_logradouros", "doc_fonte": "Resposta SECT_autos.pdf", "doc_pagina": 15, "doc_folha": 108, "doc_escala": "1:15.000", "doc_metodo": "Reconstituição Vetorial Afim", "doc_rms_m": 0.68 }, "geometry": { "type": "LineString", "coordinates": [ [ -59.918608257939312, -3.094165752715272 ], [ -59.918511068447394, -3.094015669020766 ], [ -59.918493424045465, -3.09399802929217 ], [ -59.918475828063201, -3.093998077965735 ] ] } },
{ "type": "Feature", "properties": { "id": 255, "pagina": 15, "classe": "Logradouros", "metodo": "EIXO_TRACO", "comp_m": 46.90156968317622, "id_layer": "p15_camadas_logradouros", "doc_fonte": "Resposta SECT_autos.pdf", "doc_pagina": 15, "doc_folha": 108, "doc_escala": "1:15.000", "doc_metodo": "Reconstituição Vetorial Afim", "doc_rms_m": 0.68 }, "geometry": { "type": "LineString", "coordinates": [ [ -59.939659117953781, -3.089994799813632 ], [ -59.93965906924678, -3.089977111746139 ], [ -59.939694162993987, -3.089941637686181 ], [ -59.939931240557186, -3.089772940061881 ], [ -59.939957560854374, -3.08974633452127 ], [ -59.939957487792455, -3.089719802427066 ] ] } },
{ "type": "Feature", "properties": { "id": 256, "pagina": 15, "classe": "Logradouros", "metodo": "EIXO_TRACO", "comp_m": 205.05847355611331, "id_layer": "p15_camadas_logradouros", "doc_fonte": "Resposta SECT_autos.pdf", "doc_pagina": 15, "doc_folha": 108, "doc_escala": "1:15.000", "doc_metodo": "Reconstituição Vetorial Afim", "doc_rms_m": 0.68 }, "geometry": { "type": "LineString", "coordinates": [ [ -59.939659117953781, -3.089994799813632 ], [ -59.939676835304432, -3.090038971018434 ], [ -59.940180087607118, -3.090683189580631 ], [ -59.940515670791079, -3.091142148249801 ], [ -59.940515768270529, -3.09117752435664 ], [ -59.940454378671753, -3.091248448058447 ], [ -59.940217276826907, -3.091408302002619 ] ] } },
{ "type": "Feature", "properties": { "id": 257, "pagina": 15, "classe": "Logradouros", "metodo": "EIXO_TRACO", "comp_m": 165.98359318768956, "id_layer": "p15_camadas_logradouros", "doc_fonte": "Resposta SECT_autos.pdf", "doc_pagina": 15, "doc_folha": 108, "doc_escala": "1:15.000", "doc_metodo": "Reconstituição Vetorial Afim", "doc_rms_m": 0.68 }, "geometry": { "type": "LineString", "coordinates": [ [ -59.894899615246992, -3.091798850391454 ], [ -59.894855528469087, -3.091763593453238 ], [ -59.894678917451508, -3.09152527736788 ], [ -59.894484422349684, -3.091180876713936 ], [ -59.894289735569707, -3.090765720760673 ], [ -59.894192212420634, -3.090491809763315 ] ] } },
{ "type": "Feature", "properties": { "id": 258, "pagina": 15, "classe": "Logradouros", "metodo": "EIXO_TRACO", "comp_m": 135.95533802160998, "id_layer": "p15_camadas_logradouros", "doc_fonte": "Resposta SECT_autos.pdf", "doc_pagina": 15, "doc_folha": 108, "doc_escala": "1:15.000", "doc_metodo": "Reconstituição Vetorial Afim", "doc_rms_m": 0.68 }, "geometry": { "type": "LineString", "coordinates": [ [ -59.93961566359593, -3.093382211663095 ], [ -59.938971082984239, -3.092534972832031 ], [ -59.938909254592446, -3.09244670390843 ], [ -59.938900310576969, -3.092393664166724 ] ] } },
{ "type": "Feature", "properties": { "id": 259, "pagina": 15, "classe": "Logradouros", "metodo": "EIXO_TRACO", "comp_m": 240.87104537221072, "id_layer": "p15_camadas_logradouros", "doc_fonte": "Resposta SECT_autos.pdf", "doc_pagina": 15, "doc_folha": 108, "doc_escala": "1:15.000", "doc_metodo": "Reconstituição Vetorial Afim", "doc_rms_m": 0.68 }, "geometry": { "type": "LineString", "coordinates": [ [ -59.899102579419178, -3.094086867560222 ], [ -59.899067290644993, -3.094051586844624 ], [ -59.899014501779185, -3.094051731895815 ], [ -59.898882457461198, -3.094025561443682 ], [ -59.89868872992821, -3.093964182742699 ], [ -59.898600628239166, -3.093920202662703 ], [ -59.898450915478932, -3.093867547392984 ], [ -59.897587543077847, -3.093445385999321 ], [ -59.897569946776358, -3.093445434315894 ], [ -59.897367300929957, -3.093339857516734 ], [ -59.89734970462677, -3.093339905827991 ], [ -59.897155880971852, -3.093243149163543 ], [ -59.89714701073887, -3.093216640206717 ] ] } },
{ "type": "Feature", "properties": { "id": 260, "pagina": 15, "classe": "Logradouros", "metodo": "EIXO_TRACO", "comp_m": 479.02840602505529, "id_layer": "p15_camadas_logradouros", "doc_fonte": "Resposta SECT_autos.pdf", "doc_pagina": 15, "doc_folha": 108, "doc_escala": "1:15.000", "doc_metodo": "Reconstituição Vetorial Afim", "doc_rms_m": 0.68 }, "geometry": { "type": "LineString", "coordinates": [ [ -59.899102579419178, -3.094086867560222 ], [ -59.899076257135405, -3.094113473151848 ], [ -59.899023516365666, -3.094131306916547 ], [ -59.898759740314155, -3.094193942653927 ], [ -59.898592719775166, -3.094247468096804 ], [ -59.898548729027191, -3.094247588960853 ], [ -59.898495988219388, -3.094265422713701 ], [ -59.898451997466879, -3.094265543574419 ], [ -59.898012330271271, -3.094355195711096 ], [ -59.897968339496131, -3.094355316555166 ], [ -59.897924396803518, -3.094373126124786 ], [ -59.8977573039557, -3.094400118406245 ], [ -59.89771336125019, -3.094417927972108 ], [ -59.897141793327819, -3.094534475479999 ], [ -59.897018715181375, -3.094570191239917 ], [ -59.896939555734576, -3.094579253069902 ], [ -59.896895612978916, -3.0945970626215 ], [ -59.896860420316017, -3.094597159267227 ], [ -59.896816477555497, -3.094614968817446 ], [ -59.896385607638081, -3.094704596378882 ], [ -59.896306496195535, -3.094731346928461 ], [ -59.896271303509778, -3.094731443558738 ], [ -59.895752547651185, -3.094856690049109 ], [ -59.895216147033267, -3.094964295930357 ], [ -59.895049101683256, -3.095008976706549 ], [ -59.894917176968704, -3.095027027713777 ] ] } },
{ "type": "Feature", "properties": { "id": 261, "pagina": 15, "classe": "Logradouros", "metodo": "EIXO_TRACO", "comp_m": 41.582041957654042, "id_layer": "p15_camadas_logradouros", "doc_fonte": "Resposta SECT_autos.pdf", "doc_pagina": 15, "doc_folha": 108, "doc_escala": "1:15.000", "doc_metodo": "Reconstituição Vetorial Afim", "doc_rms_m": 0.68 }, "geometry": { "type": "LineString", "coordinates": [ [ -59.93545990226022, -3.076209624980122 ], [ -59.935468942076255, -3.07629804133685 ], [ -59.935477763998584, -3.076306861067777 ], [ -59.935487312287627, -3.076581002876323 ] ] } },
{ "type": "Feature", "properties": { "id": 262, "pagina": 15, "classe": "Logradouros", "metodo": "EIXO_TRACO", "comp_m": 75.148240310101642, "id_layer": "p15_camadas_logradouros", "doc_fonte": "Resposta SECT_autos.pdf", "doc_pagina": 15, "doc_folha": 108, "doc_escala": "1:15.000", "doc_metodo": "Reconstituição Vetorial Afim", "doc_rms_m": 0.68 }, "geometry": { "type": "LineString", "coordinates": [ [ -59.913042332898705, -3.092138099934604 ], [ -59.913033389981571, -3.092085058742067 ], [ -59.913006923478761, -3.092058598835477 ], [ -59.912566274001854, -3.09178564083366 ], [ -59.912504615435566, -3.091759277975323 ] ] } },
{ "type": "Feature", "properties": { "id": 263, "pagina": 15, "classe": "Logradouros", "metodo": "EIXO_TRACO", "comp_m": 72.632758791816457, "id_layer": "p15_camadas_logradouros", "doc_fonte": "Resposta SECT_autos.pdf", "doc_pagina": 15, "doc_folha": 108, "doc_escala": "1:15.000", "doc_metodo": "Reconstituição Vetorial Afim", "doc_rms_m": 0.68 }, "geometry": { "type": "LineString", "coordinates": [ [ -59.913042332898705, -3.092138099934604 ], [ -59.913007140823545, -3.092138197041422 ], [ -59.912945482241966, -3.092111834238784 ], [ -59.912751563599365, -3.091979704582548 ], [ -59.912733967559966, -3.091979753128776 ], [ -59.912522452905932, -3.091847671926242 ], [ -59.912487164251921, -3.091812392009596 ] ] } },
{ "type": "Feature", "properties": { "id": 264, "pagina": 15, "classe": "Logradouros", "metodo": "EIXO_TRACO", "comp_m": 62.355802963893609, "id_layer": "p15_camadas_logradouros", "doc_fonte": "Resposta SECT_autos.pdf", "doc_pagina": 15, "doc_folha": 108, "doc_escala": "1:15.000", "doc_metodo": "Reconstituição Vetorial Afim", "doc_rms_m": 0.68 }, "geometry": { "type": "LineString", "coordinates": [ [ -59.943149607817112, -3.111440800946758 ], [ -59.943167228249472, -3.111449595587745 ], [ -59.943202640984794, -3.111529092880991 ], [ -59.943237955514185, -3.111573214161646 ], [ -59.943299860308237, -3.111688013397543 ], [ -59.94341467555784, -3.111846884505092 ], [ -59.943432467903413, -3.111917587132691 ] ] } },
{ "type": "Feature", "properties": { "id": 265, "pagina": 15, "classe": "Logradouros", "metodo": "EIXO_TRACO", "comp_m": 21.911488661755936, "id_layer": "p15_camadas_logradouros", "doc_fonte": "Resposta SECT_autos.pdf", "doc_pagina": 15, "doc_folha": 108, "doc_escala": "1:15.000", "doc_metodo": "Reconstituição Vetorial Afim", "doc_rms_m": 0.68 }, "geometry": { "type": "LineString", "coordinates": [ [ -59.943149607817112, -3.111440800946758 ], [ -59.943114416055963, -3.111440899668167 ], [ -59.94296502291364, -3.111503227247319 ] ] } },
{ "type": "Feature", "properties": { "id": 266, "pagina": 15, "classe": "Logradouros", "metodo": "EIXO_TRACO", "comp_m": 32.883445952138651, "id_layer": "p15_camadas_logradouros", "doc_fonte": "Resposta SECT_autos.pdf", "doc_pagina": 15, "doc_folha": 108, "doc_escala": "1:15.000", "doc_metodo": "Reconstituição Vetorial Afim", "doc_rms_m": 0.68 }, "geometry": { "type": "LineString", "coordinates": [ [ -59.895898576203948, -3.083818420294575 ], [ -59.89587215800664, -3.083809648120348 ], [ -59.895863383864786, -3.083818516570905 ], [ -59.895608263313825, -3.083828058923066 ] ] } },
{ "type": "Feature", "properties": { "id": 267, "pagina": 15, "classe": "Logradouros", "metodo": "EIXO_TRACO", "comp_m": 59.038651916430993, "id_layer": "p15_camadas_logradouros", "doc_fonte": "Resposta SECT_autos.pdf", "doc_pagina": 15, "doc_folha": 108, "doc_escala": "1:15.000", "doc_metodo": "Reconstituição Vetorial Afim", "doc_rms_m": 0.68 }, "geometry": { "type": "LineString", "coordinates": [ [ -59.936699698781069, -3.079168976906764 ], [ -59.93670837528834, -3.079124732240055 ], [ -59.936831107039701, -3.078965197992595 ], [ -59.936936243323068, -3.078805712506598 ], [ -59.93696246678455, -3.078743730995323 ], [ -59.936988835700348, -3.078734813827747 ] ] } },
{ "type": "Feature", "properties": { "id": 268, "pagina": 15, "classe": "Logradouros", "metodo": "EIXO_TRACO", "comp_m": 55.46721524524439, "id_layer": "p15_camadas_logradouros", "doc_fonte": "Resposta SECT_autos.pdf", "doc_pagina": 15, "doc_folha": 108, "doc_escala": "1:15.000", "doc_metodo": "Reconstituição Vetorial Afim", "doc_rms_m": 0.68 }, "geometry": { "type": "LineString", "coordinates": [ [ -59.936699698781069, -3.079168976906764 ], [ -59.936664532123274, -3.079177918450791 ], [ -59.93645396851209, -3.079390760801689 ], [ -59.936322269239867, -3.079488411041881 ] ] } },
{ "type": "Feature", "properties": { "id": 269, "pagina": 15, "classe": "Logradouros", "metodo": "EIXO_TRACO", "comp_m": 61.792147266834135, "id_layer": "p15_camadas_logradouros", "doc_fonte": "Resposta SECT_autos.pdf", "doc_pagina": 15, "doc_folha": 108, "doc_escala": "1:15.000", "doc_metodo": "Reconstituição Vetorial Afim", "doc_rms_m": 0.68 }, "geometry": { "type": "LineString", "coordinates": [ [ -59.936699698781069, -3.079168976906764 ], [ -59.937122983700263, -3.079530413286296 ] ] } },
{ "type": "Feature", "properties": { "id": 270, "pagina": 15, "classe": "Logradouros", "metodo": "EIXO_TRACO", "comp_m": 49.853928451782458, "id_layer": "p15_camadas_logradouros", "doc_fonte": "Resposta SECT_autos.pdf", "doc_pagina": 15, "doc_folha": 108, "doc_escala": "1:15.000", "doc_metodo": "Reconstituição Vetorial Afim", "doc_rms_m": 0.68 }, "geometry": { "type": "LineString", "coordinates": [ [ -59.934974107692128, -3.078722704563784 ], [ -59.934991509356053, -3.078651903274024 ], [ -59.935122724374352, -3.078377371743815 ], [ -59.935140126042235, -3.078306570466046 ] ] } },
{ "type": "Feature", "properties": { "id": 271, "pagina": 15, "classe": "Logradouros", "metodo": "EIXO_TRACO", "comp_m": 73.414223891479224, "id_layer": "p15_camadas_logradouros", "doc_fonte": "Resposta SECT_autos.pdf", "doc_pagina": 15, "doc_folha": 108, "doc_escala": "1:15.000", "doc_metodo": "Reconstituição Vetorial Afim", "doc_rms_m": 0.68 }, "geometry": { "type": "LineString", "coordinates": [ [ -59.934974107692128, -3.078722704563784 ], [ -59.935000597802492, -3.078758007794103 ], [ -59.935079898553241, -3.078802008966121 ], [ -59.935520366780686, -3.07901304877314 ], [ -59.935546832679186, -3.079039507897027 ] ] } },
{ "type": "Feature", "properties": { "id": 272, "pagina": 15, "classe": "Logradouros", "metodo": "EIXO_TRACO", "comp_m": 183.75219263121525, "id_layer": "p15_camadas_logradouros", "doc_fonte": "Resposta SECT_autos.pdf", "doc_pagina": 15, "doc_folha": 108, "doc_escala": "1:15.000", "doc_metodo": "Reconstituição Vetorial Afim", "doc_rms_m": 0.68 }, "geometry": { "type": "LineString", "coordinates": [ [ -59.934974107692128, -3.078722704563784 ], [ -59.934903701583124, -3.078714055315622 ], [ -59.934806781140907, -3.078661258746253 ], [ -59.934789185668755, -3.078661307449284 ], [ -59.934586547056959, -3.078555738600307 ], [ -59.934568951583053, -3.078555787298018 ], [ -59.933740850202497, -3.078151247951091 ], [ -59.933723254721819, -3.07815129662839 ], [ -59.933538235856659, -3.078054522792854 ], [ -59.933520640374354, -3.078054571465266 ], [ -59.933502996474871, -3.078036931967794 ], [ -59.933502948058234, -3.078019243798181 ] ] } },
{ "type": "Feature", "properties": { "id": 273, "pagina": 15, "classe": "Logradouros", "metodo": "EIXO_TRACO", "comp_m": 6.9151284017289898, "id_layer": "p15_camadas_logradouros", "doc_fonte": "Resposta SECT_autos.pdf", "doc_pagina": 15, "doc_folha": 108, "doc_escala": "1:15.000", "doc_metodo": "Reconstituição Vetorial Afim", "doc_rms_m": 0.68 }, "geometry": { "type": "LineString", "coordinates": [ [ -59.930177240030254, -3.113166348871106 ], [ -59.930194811687187, -3.113157455594859 ], [ -59.930194762772231, -3.113139767384308 ], [ -59.930212309971054, -3.113122030003181 ] ] } },
{ "type": "Feature", "properties": { "id": 274, "pagina": 15, "classe": "Logradouros", "metodo": "EIXO_TRACO", "comp_m": 1.9577134455321361, "id_layer": "p15_camadas_logradouros", "doc_fonte": "Resposta SECT_autos.pdf", "doc_pagina": 15, "doc_folha": 108, "doc_escala": "1:15.000", "doc_metodo": "Reconstituição Vetorial Afim", "doc_rms_m": 0.68 }, "geometry": { "type": "LineString", "coordinates": [ [ -59.932065649450919, -3.076829256547382 ], [ -59.932048053965381, -3.076829305176036 ] ] } },
{ "type": "Feature", "properties": { "id": 275, "pagina": 15, "classe": "Logradouros", "metodo": "EIXO_TRACO", "comp_m": 45.335999000565053, "id_layer": "p15_camadas_logradouros", "doc_fonte": "Resposta SECT_autos.pdf", "doc_pagina": 15, "doc_folha": 108, "doc_escala": "1:15.000", "doc_metodo": "Reconstituição Vetorial Afim", "doc_rms_m": 0.68 }, "geometry": { "type": "LineString", "coordinates": [ [ -59.932065649450919, -3.076829256547382 ], [ -59.93215307057465, -3.076625599197183 ], [ -59.932231839069466, -3.076475030754751 ], [ -59.932231790698403, -3.076457342564377 ] ] } },
{ "type": "Feature", "properties": { "id": 276, "pagina": 15, "classe": "Logradouros", "metodo": "EIXO_TRACO", "comp_m": 200.90982160770471, "id_layer": "p15_camadas_logradouros", "doc_fonte": "Resposta SECT_autos.pdf", "doc_pagina": 15, "doc_folha": 108, "doc_escala": "1:15.000", "doc_metodo": "Reconstituição Vetorial Afim", "doc_rms_m": 0.68 }, "geometry": { "type": "LineString", "coordinates": [ [ -59.932065649450919, -3.076829256547382 ], [ -59.932092115240707, -3.076855715892547 ], [ -59.932215452952633, -3.076917284144545 ], [ -59.932233048436949, -3.076917235511728 ], [ -59.93248854580392, -3.077049191699003 ], [ -59.932506141286076, -3.077049143059577 ], [ -59.932761638671067, -3.077181099118105 ], [ -59.932779234151056, -3.07718105047207 ], [ -59.933633776405017, -3.077603206816094 ], [ -59.933660169614562, -3.07760313381525 ], [ -59.933677813500204, -3.077620773314624 ] ] } },
{ "type": "Feature", "properties": { "id": 277, "pagina": 15, "classe": "Logradouros", "metodo": "EIXO_TRACO", "comp_m": 72.287304226620734, "id_layer": "p15_camadas_logradouros", "doc_fonte": "Resposta SECT_autos.pdf", "doc_pagina": 15, "doc_folha": 108, "doc_escala": "1:15.000", "doc_metodo": "Reconstituição Vetorial Afim", "doc_rms_m": 0.68 }, "geometry": { "type": "LineString", "coordinates": [ [ -59.939899466705889, -3.087818482435426 ], [ -59.939916818865768, -3.087729993182162 ], [ -59.939986762943555, -3.08757060488668 ], [ -59.940039111486016, -3.08741126553483 ], [ -59.940126724098704, -3.087278360432154 ], [ -59.940144270955635, -3.087260623443561 ], [ -59.940179437676086, -3.087251681557289 ] ] } },
{ "type": "Feature", "properties": { "id": 278, "pagina": 15, "classe": "Logradouros", "metodo": "EIXO_TRACO", "comp_m": 223.2623072406198, "id_layer": "p15_camadas_logradouros", "doc_fonte": "Resposta SECT_autos.pdf", "doc_pagina": 15, "doc_folha": 108, "doc_escala": "1:15.000", "doc_metodo": "Reconstituição Vetorial Afim", "doc_rms_m": 0.68 }, "geometry": { "type": "LineString", "coordinates": [ [ -59.939899466705889, -3.087818482435426 ], [ -59.939934706466182, -3.087836072633475 ], [ -59.939978841355135, -3.087889014488223 ], [ -59.940897218424702, -3.089124632849545 ], [ -59.94109147585575, -3.089380570814031 ], [ -59.941126740035052, -3.089407004925535 ] ] } },
{ "type": "Feature", "properties": { "id": 279, "pagina": 15, "classe": "Logradouros", "metodo": "EIXO_TRACO", "comp_m": 57.453135276227812, "id_layer": "p15_camadas_logradouros", "doc_fonte": "Resposta SECT_autos.pdf", "doc_pagina": 15, "doc_folha": 108, "doc_escala": "1:15.000", "doc_metodo": "Reconstituição Vetorial Afim", "doc_rms_m": 0.68 }, "geometry": { "type": "LineString", "coordinates": [ [ -59.939779812251253, -3.076286106794901 ], [ -59.939411303785235, -3.076649735996257 ] ] } },
{ "type": "Feature", "properties": { "id": 280, "pagina": 15, "classe": "Logradouros", "metodo": "EIXO_TRACO", "comp_m": 213.73254129357073, "id_layer": "p15_camadas_logradouros", "doc_fonte": "Resposta SECT_autos.pdf", "doc_pagina": 15, "doc_folha": 108, "doc_escala": "1:15.000", "doc_metodo": "Reconstituição Vetorial Afim", "doc_rms_m": 0.68 }, "geometry": { "type": "LineString", "coordinates": [ [ -59.924798685080987, -3.086507203838583 ], [ -59.924807434554253, -3.086489491203063 ], [ -59.924921806980798, -3.086489174902552 ], [ -59.925106659236988, -3.086524040530175 ], [ -59.92516824437665, -3.086523870196733 ], [ -59.925177066459916, -3.086532690012694 ], [ -59.925229853719785, -3.0865325440089 ], [ -59.925238675803215, -3.086541363823789 ], [ -59.925291463060603, -3.086541217816512 ], [ -59.92542350381914, -3.086567385229737 ], [ -59.925546698274864, -3.086575888664289 ], [ -59.925828399703583, -3.086637018848726 ], [ -59.925898782681891, -3.086636824126532 ], [ -59.926083634838456, -3.086671689528072 ], [ -59.926541148246478, -3.086679267764598 ], [ -59.926585089143579, -3.0866614577557 ], [ -59.926681841454119, -3.086652345802549 ] ] } },
{ "type": "Feature", "properties": { "id": 281, "pagina": 15, "classe": "Logradouros", "metodo": "EIXO_TRACO", "comp_m": 31.465891698753357, "id_layer": "p15_camadas_logradouros", "doc_fonte": "Resposta SECT_autos.pdf", "doc_pagina": 15, "doc_folha": 108, "doc_escala": "1:15.000", "doc_metodo": "Reconstituição Vetorial Afim", "doc_rms_m": 0.68 }, "geometry": { "type": "LineString", "coordinates": [ [ -59.924798685080987, -3.086507203838583 ], [ -59.924807555570617, -3.086533711965738 ], [ -59.924834021820942, -3.086560171430308 ], [ -59.924860463868306, -3.08657778674086 ], [ -59.924886857507182, -3.08657771374612 ], [ -59.924913323759718, -3.086604173205762 ], [ -59.925019067750902, -3.086665790270934 ] ] } },
{ "type": "Feature", "properties": { "id": 282, "pagina": 15, "classe": "Logradouros", "metodo": "EIXO_TRACO", "comp_m": 377.65340417567296, "id_layer": "p15_camadas_logradouros", "doc_fonte": "Resposta SECT_autos.pdf", "doc_pagina": 15, "doc_folha": 108, "doc_escala": "1:15.000", "doc_metodo": "Reconstituição Vetorial Afim", "doc_rms_m": 0.68 }, "geometry": { "type": "LineString", "coordinates": [ [ -59.924798685080987, -3.086507203838583 ], [ -59.924754647276494, -3.086489637183758 ], [ -59.924710657876453, -3.086489758832331 ], [ -59.924605010705243, -3.086463518319029 ], [ -59.924358621617216, -3.086446511174749 ], [ -59.924349799535641, -3.086437691344795 ], [ -59.924103410401756, -3.086420684131384 ], [ -59.924094588320678, -3.086411864297076 ], [ -59.923892212765978, -3.08640357956533 ], [ -59.923883390685255, -3.08639475972747 ], [ -59.92362817938632, -3.086368932546387 ], [ -59.923619357306258, -3.086360112703957 ], [ -59.923311310245147, -3.08631674301754 ], [ -59.923126409417939, -3.086264188653305 ], [ -59.923011988458342, -3.086246816403158 ], [ -59.922527693225128, -3.086097802633851 ], [ -59.922413175514599, -3.086045053605985 ], [ -59.922140174797548, -3.085948521174366 ], [ -59.921646912385398, -3.085737621813586 ], [ -59.921602898722938, -3.085728899125352 ], [ -59.921585254585054, -3.085711259364163 ], [ -59.921541240921968, -3.085702536671819 ] ] } },
{ "type": "Feature", "properties": { "id": 283, "pagina": 15, "classe": "Logradouros", "metodo": "EIXO_TRACO", "comp_m": 32.23793861159934, "id_layer": "p15_camadas_logradouros", "doc_fonte": "Resposta SECT_autos.pdf", "doc_pagina": 15, "doc_folha": 108, "doc_escala": "1:15.000", "doc_metodo": "Reconstituição Vetorial Afim", "doc_rms_m": 0.68 }, "geometry": { "type": "LineString", "coordinates": [ [ -59.921487284754619, -3.091707928301366 ], [ -59.921478680540439, -3.091778706069737 ], [ -59.921417433932966, -3.091902694977506 ], [ -59.921400055990794, -3.091982341274851 ] ] } },
{ "type": "Feature", "properties": { "id": 284, "pagina": 15, "classe": "Logradouros", "metodo": "EIXO_TRACO", "comp_m": 120.19635724421138, "id_layer": "p15_camadas_logradouros", "doc_fonte": "Resposta SECT_autos.pdf", "doc_pagina": 15, "doc_folha": 108, "doc_escala": "1:15.000", "doc_metodo": "Reconstituição Vetorial Afim", "doc_rms_m": 0.68 }, "geometry": { "type": "LineString", "coordinates": [ [ -59.921487284754619, -3.091707928301366 ], [ -59.921408054782809, -3.091690459035187 ], [ -59.921179041734774, -3.091593805943058 ], [ -59.921126254033076, -3.091593951983677 ], [ -59.920828721703792, -3.092178495589592 ], [ -59.920820044820793, -3.092222740847683 ] ] } },
{ "type": "Feature", "properties": { "id": 285, "pagina": 15, "classe": "Logradouros", "metodo": "EIXO_TRACO", "comp_m": 1.9577133916318421, "id_layer": "p15_camadas_logradouros", "doc_fonte": "Resposta SECT_autos.pdf", "doc_pagina": 15, "doc_folha": 108, "doc_escala": "1:15.000", "doc_metodo": "Reconstituição Vetorial Afim", "doc_rms_m": 0.68 }, "geometry": { "type": "LineString", "coordinates": [ [ -59.942486594212887, -3.091216255025051 ], [ -59.94248654543977, -3.091198567003112 ] ] } },
{ "type": "Feature", "properties": { "id": 286, "pagina": 15, "classe": "Logradouros", "metodo": "EIXO_TRACO", "comp_m": 61.886081974667938, "id_layer": "p15_camadas_logradouros", "doc_fonte": "Resposta SECT_autos.pdf", "doc_pagina": 15, "doc_folha": 108, "doc_escala": "1:15.000", "doc_metodo": "Reconstituição Vetorial Afim", "doc_rms_m": 0.68 }, "geometry": { "type": "LineString", "coordinates": [ [ -59.942486594212887, -3.091216255025051 ], [ -59.942389989350175, -3.091278432764674 ], [ -59.942091523194385, -3.091518054592854 ], [ -59.942065154227933, -3.091526972148276 ], [ -59.942047631816095, -3.091553553218721 ] ] } },
{ "type": "Feature", "properties": { "id": 287, "pagina": 15, "classe": "Logradouros", "metodo": "EIXO_TRACO", "comp_m": 160.1707480215365, "id_layer": "p15_camadas_logradouros", "doc_fonte": "Resposta SECT_autos.pdf", "doc_pagina": 15, "doc_folha": 108, "doc_escala": "1:15.000", "doc_metodo": "Reconstituição Vetorial Afim", "doc_rms_m": 0.68 }, "geometry": { "type": "LineString", "coordinates": [ [ -59.894174616114704, -3.090491857977288 ], [ -59.894139111759472, -3.090376977281105 ], [ -59.894006540021358, -3.090156228979617 ], [ -59.893812213494442, -3.0898737385303 ], [ -59.893723968290999, -3.089776691145401 ], [ -59.893662141526733, -3.089688415847154 ], [ -59.893600386684234, -3.089626673730868 ], [ -59.893371131446983, -3.089441567780588 ], [ -59.893318198748908, -3.089388645927259 ], [ -59.893309328702955, -3.089362136816027 ] ] } },
{ "type": "Feature", "properties": { "id": 288, "pagina": 15, "classe": "Logradouros", "metodo": "EIXO_TRACO", "comp_m": 69.917095636276002, "id_layer": "p15_camadas_logradouros", "doc_fonte": "Resposta SECT_autos.pdf", "doc_pagina": 15, "doc_folha": 108, "doc_escala": "1:15.000", "doc_metodo": "Reconstituição Vetorial Afim", "doc_rms_m": 0.68 }, "geometry": { "type": "LineString", "coordinates": [ [ -59.894174616114704, -3.090491857977288 ], [ -59.894165865923512, -3.090509570871926 ], [ -59.89407793234831, -3.090527500727178 ], [ -59.893990046723367, -3.090563119368391 ], [ -59.893963652257888, -3.09056319168586 ], [ -59.893902137107347, -3.090589893611883 ], [ -59.893875742639146, -3.090589965927783 ], [ -59.893620811877973, -3.090670264530827 ], [ -59.893594489334049, -3.09069687003658 ] ] } },
{ "type": "Feature", "properties": { "id": 289, "pagina": 15, "classe": "Logradouros", "metodo": "EIXO_TRACO", "comp_m": 1.9577134455030321, "id_layer": "p15_camadas_logradouros", "doc_fonte": "Resposta SECT_autos.pdf", "doc_pagina": 15, "doc_folha": 108, "doc_escala": "1:15.000", "doc_metodo": "Reconstituição Vetorial Afim", "doc_rms_m": 0.68 }, "geometry": { "type": "LineString", "coordinates": [ [ -59.894174616114704, -3.090491857977288 ], [ -59.894192212420634, -3.090491809763315 ] ] } },
{ "type": "Feature", "properties": { "id": 290, "pagina": 15, "classe": "Logradouros", "metodo": "EIXO_TRACO", "comp_m": 134.38085972721322, "id_layer": "p15_camadas_logradouros", "doc_fonte": "Resposta SECT_autos.pdf", "doc_pagina": 15, "doc_folha": 108, "doc_escala": "1:15.000", "doc_metodo": "Reconstituição Vetorial Afim", "doc_rms_m": 0.68 }, "geometry": { "type": "LineString", "coordinates": [ [ -59.892039534574515, -3.081803585316373 ], [ -59.892180280240908, -3.081794356552259 ], [ -59.892189054441062, -3.081785488118781 ], [ -59.892347420174829, -3.081785055700331 ], [ -59.892356242168759, -3.081793876085934 ], [ -59.892461819312238, -3.081793587792156 ], [ -59.89247064130636, -3.081802408175843 ], [ -59.89269943955248, -3.081819472313327 ], [ -59.892708261547114, -3.081828292692971 ], [ -59.893025088475859, -3.081862805282459 ], [ -59.893157131550431, -3.08188897803198 ], [ -59.893227516270045, -3.081888785778193 ] ] } },
{ "type": "Feature", "properties": { "id": 291, "pagina": 15, "classe": "Logradouros", "metodo": "EIXO_TRACO", "comp_m": 1730.1656672121485, "id_layer": "p15_camadas_logradouros", "doc_fonte": "Resposta SECT_autos.pdf", "doc_pagina": 15, "doc_folha": 108, "doc_escala": "1:15.000", "doc_metodo": "Reconstituição Vetorial Afim", "doc_rms_m": 0.68 }, "geometry": { "type": "LineString", "coordinates": [ [ -59.926417044198899, -3.11193866118602 ], [ -59.926337837088376, -3.111930037944944 ], [ -59.925739079460165, -3.111754823914541 ], [ -59.925668572769169, -3.11171079950155 ], [ -59.92564208089383, -3.1116754965429 ], [ -59.925632916702874, -3.111542858951729 ], [ -59.925754918317089, -3.111117996699707 ], [ -59.925754820699673, -3.111082620136076 ], [ -59.925710415468323, -3.110932392393223 ], [ -59.925710269053589, -3.110879327545492 ], [ -59.925779994789764, -3.110640339502968 ], [ -59.925797322524083, -3.110543004898345 ], [ -59.925814821063014, -3.110507579280024 ], [ -59.925814137884828, -3.110259943344596 ], [ -59.925805315418934, -3.110251123729879 ], [ -59.925805144633934, -3.110189214745307 ], [ -59.925796322169177, -3.110180395129856 ], [ -59.925796151388582, -3.110118486144719 ], [ -59.925778335686338, -3.110038937925949 ], [ -59.925759690587576, -3.109658688907554 ], [ -59.925750868131409, -3.10964986928711 ], [ -59.925750672990254, -3.10957911615761 ], [ -59.925732857337792, -3.109499567925534 ], [ -59.925705633884917, -3.109198940669146 ], [ -59.925652308993378, -3.109004516642797 ], [ -59.925555067018813, -3.108836747585884 ], [ -59.925405085510917, -3.108686813839746 ], [ -59.924911370327266, -3.108316732074681 ], [ -59.924646721737815, -3.108060986778777 ], [ -59.924584867251177, -3.107963872611172 ], [ -59.924478705707159, -3.107751906938903 ], [ -59.924407712095963, -3.10753099909225 ], [ -59.924345370432249, -3.107257001805114 ], [ -59.924318781373216, -3.107186322051155 ], [ -59.924283004504062, -3.106974160329191 ], [ -59.924256391113659, -3.106894636409137 ], [ -59.924220687390559, -3.106709007124307 ], [ -59.924185227266008, -3.106611819367112 ], [ -59.924185129842506, -3.106576442750623 ], [ -59.924149742800282, -3.106505787447955 ], [ -59.924123105107427, -3.106417419348637 ], [ -59.924043557369416, -3.106284977350195 ], [ -59.923990598614324, -3.106223215137787 ], [ -59.923584865746705, -3.105852886412489 ], [ -59.923452627226986, -3.10575596773233 ], [ -59.923187931185609, -3.105482532792843 ], [ -59.923064077062328, -3.105235238744352 ], [ -59.922974977237466, -3.104828651831166 ], [ -59.922868549145697, -3.104519399567904 ], [ -59.922797775556035, -3.104378088566559 ], [ -59.922744598082744, -3.104236728636678 ], [ -59.922541172920752, -3.103848147658681 ], [ -59.92244398104409, -3.103698065720226 ], [ -59.922443932406921, -3.103680377383383 ], [ -59.922364385285341, -3.103547934857963 ], [ -59.922258127988698, -3.103300591425286 ], [ -59.922231515052744, -3.103221067217555 ], [ -59.922231417800731, -3.103185690536784 ], [ -59.922204902125735, -3.103141543005259 ], [ -59.922160401403232, -3.102955937616537 ], [ -59.92213386143434, -3.102902945903797 ], [ -59.922115997960127, -3.102805708895305 ], [ -59.922080514120182, -3.102699676582474 ], [ -59.922080416889571, -3.102664299896563 ], [ -59.922044981682966, -3.102575955917971 ], [ -59.922018174383865, -3.102425678295423 ], [ -59.92199163445683, -3.102372686559301 ], [ -59.921982666295001, -3.10231080178497 ], [ -59.92192948925377, -3.102169441607636 ], [ -59.921920521107893, -3.102107556827516 ], [ -59.921876215039113, -3.101992704720999 ], [ -59.921858375977685, -3.1019043118431 ], [ -59.921787457173295, -3.101709935430641 ], [ -59.92178738428084, -3.101683402908745 ], [ -59.921760820116518, -3.1016215669634 ], [ -59.921760722930387, -3.101586190266625 ], [ -59.921680860422725, -3.101338773181816 ], [ -59.921680763248126, -3.101303396482316 ], [ -59.921600900836573, -3.101055979352412 ], [ -59.921600803673499, -3.101020602650186 ], [ -59.921574215278568, -3.100949922497605 ], [ -59.921547456869149, -3.100817333108819 ], [ -59.921520917070062, -3.100764341298933 ], [ -59.921449682868236, -3.100454990430169 ], [ -59.921423118813507, -3.100393154427174 ], [ -59.921423045961134, -3.100366621895949 ], [ -59.921387586761696, -3.100269433589756 ], [ -59.921387489630405, -3.100234056880238 ], [ -59.921316522720154, -3.100021991886948 ], [ -59.921245264540431, -3.099703796718161 ], [ -59.921235908165229, -3.099500405012936 ], [ -59.921227085874776, -3.0994915852371 ], [ -59.921226333366988, -3.099217415694149 ], [ -59.921235107106142, -3.09920854711467 ], [ -59.921234815830729, -3.099102416969397 ], [ -59.921243589569677, -3.0990935483908 ], [ -59.921252120586587, -3.098996238025725 ], [ -59.921278296172183, -3.098916567221782 ], [ -59.921313318310006, -3.098854560378839 ], [ -59.92163775233513, -3.098455669677825 ], [ -59.921646404714139, -3.098402580225878 ] ] } },
{ "type": "Feature", "properties": { "id": 292, "pagina": 15, "classe": "Logradouros", "metodo": "EIXO_TRACO", "comp_m": 81.480444435686209, "id_layer": "p15_camadas_logradouros", "doc_fonte": "Resposta SECT_autos.pdf", "doc_pagina": 15, "doc_folha": 108, "doc_escala": "1:15.000", "doc_metodo": "Reconstituição Vetorial Afim", "doc_rms_m": 0.68 }, "geometry": { "type": "LineString", "coordinates": [ [ -59.926417044198899, -3.11193866118602 ], [ -59.926434689185889, -3.111956300368136 ], [ -59.926487502063189, -3.111964997234675 ], [ -59.926601999144303, -3.112008898813279 ], [ -59.926751664106042, -3.112043858046365 ], [ -59.926874959257155, -3.112087735028351 ], [ -59.92693657019894, -3.112096407313216 ], [ -59.927051067271954, -3.112140308811486 ], [ -59.927112678208942, -3.112148981081729 ] ] } },
{ "type": "Feature", "properties": { "id": 293, "pagina": 15, "classe": "Logradouros", "metodo": "EIXO_TRACO", "comp_m": 2.9365700855851169, "id_layer": "p15_camadas_logradouros", "doc_fonte": "Resposta SECT_autos.pdf", "doc_pagina": 15, "doc_folha": 108, "doc_escala": "1:15.000", "doc_metodo": "Reconstituição Vetorial Afim", "doc_rms_m": 0.68 }, "geometry": { "type": "LineString", "coordinates": [ [ -59.941324154376723, -3.081216829100447 ], [ -59.941324081483046, -3.081190297034713 ] ] } },
{ "type": "Feature", "properties": { "id": 294, "pagina": 15, "classe": "Logradouros", "metodo": "EIXO_TRACO", "comp_m": 191.24005898499047, "id_layer": "p15_camadas_logradouros", "doc_fonte": "Resposta SECT_autos.pdf", "doc_pagina": 15, "doc_folha": 108, "doc_escala": "1:15.000", "doc_metodo": "Reconstituição Vetorial Afim", "doc_rms_m": 0.68 }, "geometry": { "type": "LineString", "coordinates": [ [ -59.941324154376723, -3.081216829100447 ], [ -59.941359418092425, -3.081243263461328 ], [ -59.9413947547067, -3.081296229883329 ], [ -59.941562421423669, -3.081481490175429 ], [ -59.941588936052248, -3.081525636984059 ], [ -59.941677156142781, -3.081613832865765 ], [ -59.941853717902667, -3.081834444652586 ], [ -59.941986072429181, -3.081975582381436 ], [ -59.9424450606138, -3.082522640333485 ] ] } },
{ "type": "Feature", "properties": { "id": 295, "pagina": 15, "classe": "Logradouros", "metodo": "EIXO_TRACO", "comp_m": 57.453135277528936, "id_layer": "p15_camadas_logradouros", "doc_fonte": "Resposta SECT_autos.pdf", "doc_pagina": 15, "doc_folha": 108, "doc_escala": "1:15.000", "doc_metodo": "Reconstituição Vetorial Afim", "doc_rms_m": 0.68 }, "geometry": { "type": "LineString", "coordinates": [ [ -59.941324154376723, -3.081216829100447 ], [ -59.940955646845573, -3.081580459940129 ] ] } },
{ "type": "Feature", "properties": { "id": 296, "pagina": 15, "classe": "Logradouros", "metodo": "EIXO_TRACO", "comp_m": 65.015305983935377, "id_layer": "p15_camadas_logradouros", "doc_fonte": "Resposta SECT_autos.pdf", "doc_pagina": 15, "doc_folha": 108, "doc_escala": "1:15.000", "doc_metodo": "Reconstituição Vetorial Afim", "doc_rms_m": 0.68 }, "geometry": { "type": "LineString", "coordinates": [ [ -59.939597392475875, -3.096327348327336 ], [ -59.939606019498953, -3.096265415564391 ], [ -59.939649764685356, -3.096176852582186 ], [ -59.939816093979893, -3.095875689421692 ], [ -59.939868710195469, -3.095813634026509 ] ] } },
{ "type": "Feature", "properties": { "id": 297, "pagina": 15, "classe": "Logradouros", "metodo": "EIXO_TRACO", "comp_m": 110.56839855464504, "id_layer": "p15_camadas_logradouros", "doc_fonte": "Resposta SECT_autos.pdf", "doc_pagina": 15, "doc_folha": 108, "doc_escala": "1:15.000", "doc_metodo": "Reconstituição Vetorial Afim", "doc_rms_m": 0.68 }, "geometry": { "type": "LineString", "coordinates": [ [ -59.939597392475875, -3.096327348327336 ], [ -59.940144274386498, -3.09683878092614 ], [ -59.940276657053666, -3.096988761292167 ], [ -59.940294374811579, -3.097032932345469 ] ] } },
{ "type": "Feature", "properties": { "id": 298, "pagina": 15, "classe": "Logradouros", "metodo": "EIXO_TRACO", "comp_m": 2.188790116344359, "id_layer": "p15_camadas_logradouros", "doc_fonte": "Resposta SECT_autos.pdf", "doc_pagina": 15, "doc_folha": 108, "doc_escala": "1:15.000", "doc_metodo": "Reconstituição Vetorial Afim", "doc_rms_m": 0.68 }, "geometry": { "type": "LineString", "coordinates": [ [ -59.938502167094938, -3.094773838227259 ], [ -59.9384934180191, -3.0947915508214 ] ] } },
{ "type": "Feature", "properties": { "id": 299, "pagina": 15, "classe": "Logradouros", "metodo": "EIXO_TRACO", "comp_m": 34.494480720980697, "id_layer": "p15_camadas_logradouros", "doc_fonte": "Resposta SECT_autos.pdf", "doc_pagina": 15, "doc_folha": 108, "doc_escala": "1:15.000", "doc_metodo": "Reconstituição Vetorial Afim", "doc_rms_m": 0.68 }, "geometry": { "type": "LineString", "coordinates": [ [ -59.943356552936237, -3.084456959225732 ], [ -59.943347633519757, -3.084412763668023 ], [ -59.943259388634331, -3.084315724278894 ], [ -59.943197536911768, -3.084218611471558 ], [ -59.943179917144533, -3.084209816395195 ] ] } },
{ "type": "Feature", "properties": { "id": 300, "pagina": 15, "classe": "Logradouros", "metodo": "EIXO_TRACO", "comp_m": 122.05649987443952, "id_layer": "p15_camadas_logradouros", "doc_fonte": "Resposta SECT_autos.pdf", "doc_pagina": 15, "doc_folha": 108, "doc_escala": "1:15.000", "doc_metodo": "Reconstituição Vetorial Afim", "doc_rms_m": 0.68 }, "geometry": { "type": "LineString", "coordinates": [ [ -59.920986481532992, -3.098377877310281 ], [ -59.920977756319871, -3.098404434245134 ], [ -59.920942612817392, -3.098422220175819 ], [ -59.920854875375241, -3.098510905911739 ], [ -59.920819925983913, -3.098599445300875 ], [ -59.920837667598136, -3.09865246160796 ], [ -59.920837813193629, -3.098705526699964 ], [ -59.920855482015448, -3.098732010458578 ], [ -59.920900297184957, -3.099032590659016 ], [ -59.920953789114485, -3.099288925527815 ], [ -59.920954031834611, -3.09937736733754 ], [ -59.920936460074614, -3.099386260317807 ] ] } },
{ "type": "Feature", "properties": { "id": 301, "pagina": 15, "classe": "Logradouros", "metodo": "EIXO_TRACO", "comp_m": 74.277251826331963, "id_layer": "p15_camadas_logradouros", "doc_fonte": "Resposta SECT_autos.pdf", "doc_pagina": 15, "doc_folha": 108, "doc_escala": "1:15.000", "doc_metodo": "Reconstituição Vetorial Afim", "doc_rms_m": 0.68 }, "geometry": { "type": "LineString", "coordinates": [ [ -59.920986481532992, -3.098377877310281 ], [ -59.921109677897633, -3.098386379993998 ], [ -59.921215326772909, -3.098412619807887 ], [ -59.921356094860421, -3.098412229490443 ], [ -59.921364917133523, -3.098421049272849 ], [ -59.921646404714139, -3.098402580225878 ] ] } },
{ "type": "Feature", "properties": { "id": 302, "pagina": 15, "classe": "Logradouros", "metodo": "EIXO_TRACO", "comp_m": 65.787619059804427, "id_layer": "p15_camadas_logradouros", "doc_fonte": "Resposta SECT_autos.pdf", "doc_pagina": 15, "doc_folha": 108, "doc_escala": "1:15.000", "doc_metodo": "Reconstituição Vetorial Afim", "doc_rms_m": 0.68 }, "geometry": { "type": "LineString", "coordinates": [ [ -59.938119430997418, -3.080367842677652 ], [ -59.938551635796962, -3.080773473386103 ] ] } },
{ "type": "Feature", "properties": { "id": 303, "pagina": 15, "classe": "Logradouros", "metodo": "EIXO_TRACO", "comp_m": 2.1887901163313441, "id_layer": "p15_camadas_logradouros", "doc_fonte": "Resposta SECT_autos.pdf", "doc_pagina": 15, "doc_folha": 108, "doc_escala": "1:15.000", "doc_metodo": "Reconstituição Vetorial Afim", "doc_rms_m": 0.68 }, "geometry": { "type": "LineString", "coordinates": [ [ -59.937734055241208, -3.090601554850686 ], [ -59.93772530611507, -3.090619267419068 ] ] } },
{ "type": "Feature", "properties": { "id": 304, "pagina": 15, "classe": "Logradouros", "metodo": "EIXO_TRACO", "comp_m": 213.86135095909071, "id_layer": "p15_camadas_logradouros", "doc_fonte": "Resposta SECT_autos.pdf", "doc_pagina": 15, "doc_folha": 108, "doc_escala": "1:15.000", "doc_metodo": "Reconstituição Vetorial Afim", "doc_rms_m": 0.68 }, "geometry": { "type": "LineString", "coordinates": [ [ -59.903938673595519, -3.105916195040902 ], [ -59.904044227854875, -3.105907059016809 ], [ -59.904149733735309, -3.105880234358352 ], [ -59.904659618151456, -3.105728470991802 ], [ -59.905002747771341, -3.105727522716037 ], [ -59.905266838712407, -3.10577985902086 ], [ -59.905689490612538, -3.105902511841734 ], [ -59.905812689464661, -3.105911015607866 ] ] } },
{ "type": "Feature", "properties": { "id": 305, "pagina": 15, "classe": "Logradouros", "metodo": "EIXO_TRACO", "comp_m": 65.036667958786268, "id_layer": "p15_camadas_logradouros", "doc_fonte": "Resposta SECT_autos.pdf", "doc_pagina": 15, "doc_folha": 108, "doc_escala": "1:15.000", "doc_metodo": "Reconstituição Vetorial Afim", "doc_rms_m": 0.68 }, "geometry": { "type": "LineString", "coordinates": [ [ -59.941167616327334, -3.094660280180405 ], [ -59.941211483396621, -3.09461593742154 ], [ -59.941404766895339, -3.094518113511731 ], [ -59.941501372015772, -3.094455935528802 ], [ -59.941624370554209, -3.094393683949966 ], [ -59.941677133015808, -3.094384692735493 ] ] } },
{ "type": "Feature", "properties": { "id": 306, "pagina": 15, "classe": "Logradouros", "metodo": "EIXO_TRACO", "comp_m": 255.92909546541347, "id_layer": "p15_camadas_logradouros", "doc_fonte": "Resposta SECT_autos.pdf", "doc_pagina": 15, "doc_folha": 108, "doc_escala": "1:15.000", "doc_metodo": "Reconstituição Vetorial Afim", "doc_rms_m": 0.68 }, "geometry": { "type": "LineString", "coordinates": [ [ -59.941167616327334, -3.094660280180405 ], [ -59.941176511756964, -3.094695631732749 ], [ -59.941555916197366, -3.095092557616752 ], [ -59.942455808549646, -3.096000987474905 ], [ -59.942729371412533, -3.09630092259524 ], [ -59.94273826694694, -3.096336274070587 ] ] } },
{ "type": "Feature", "properties": { "id": 307, "pagina": 15, "classe": "Logradouros", "metodo": "EIXO_TRACO", "comp_m": 60.47934999277372, "id_layer": "p15_camadas_logradouros", "doc_fonte": "Resposta SECT_autos.pdf", "doc_pagina": 15, "doc_folha": 108, "doc_escala": "1:15.000", "doc_metodo": "Reconstituição Vetorial Afim", "doc_rms_m": 0.68 }, "geometry": { "type": "LineString", "coordinates": [ [ -59.941167616327334, -3.094660280180405 ], [ -59.941106056008117, -3.094669295917112 ], [ -59.940710812944772, -3.094909188381699 ], [ -59.940702063924114, -3.094926900960024 ] ] } },
{ "type": "Feature", "properties": { "id": 308, "pagina": 15, "classe": "Logradouros", "metodo": "EIXO_TRACO", "comp_m": 13.132740704678096, "id_layer": "p15_camadas_logradouros", "doc_fonte": "Resposta SECT_autos.pdf", "doc_pagina": 15, "doc_folha": 108, "doc_escala": "1:15.000", "doc_metodo": "Reconstituição Vetorial Afim", "doc_rms_m": 0.68 }, "geometry": { "type": "LineString", "coordinates": [ [ -59.912108994153066, -3.091866501051519 ], [ -59.912161492612114, -3.091760224426457 ] ] } },
{ "type": "Feature", "properties": { "id": 309, "pagina": 15, "classe": "Logradouros", "metodo": "EIXO_TRACO", "comp_m": 43.708906425748168, "id_layer": "p15_camadas_logradouros", "doc_fonte": "Resposta SECT_autos.pdf", "doc_pagina": 15, "doc_folha": 108, "doc_escala": "1:15.000", "doc_metodo": "Reconstituição Vetorial Afim", "doc_rms_m": 0.68 }, "geometry": { "type": "LineString", "coordinates": [ [ -59.923016697703773, -3.094392342102393 ], [ -59.923007851244691, -3.094374678148981 ], [ -59.922963837201273, -3.094365955869385 ], [ -59.92289335653242, -3.094330774217342 ], [ -59.922814126401434, -3.094313305265465 ], [ -59.922717227606412, -3.094269352550592 ], [ -59.922655617638441, -3.094260678999751 ] ] } },
{ "type": "Feature", "properties": { "id": 310, "pagina": 15, "classe": "Logradouros", "metodo": "EIXO_TRACO", "comp_m": 42.393564767799688, "id_layer": "p15_camadas_logradouros", "doc_fonte": "Resposta SECT_autos.pdf", "doc_pagina": 15, "doc_folha": 108, "doc_escala": "1:15.000", "doc_metodo": "Reconstituição Vetorial Afim", "doc_rms_m": 0.68 }, "geometry": { "type": "LineString", "coordinates": [ [ -59.923016697703773, -3.094392342102393 ], [ -59.923078307663424, -3.094401015622033 ], [ -59.92324566287779, -3.09447130573141 ], [ -59.923324892999496, -3.094488774632816 ], [ -59.923368979800259, -3.094524029377523 ] ] } },
{ "type": "Feature", "properties": { "id": 311, "pagina": 15, "classe": "Logradouros", "metodo": "EIXO_TRACO", "comp_m": 47.250383191288151, "id_layer": "p15_camadas_logradouros", "doc_fonte": "Resposta SECT_autos.pdf", "doc_pagina": 15, "doc_folha": 108, "doc_escala": "1:15.000", "doc_metodo": "Reconstituição Vetorial Afim", "doc_rms_m": 0.68 }, "geometry": { "type": "LineString", "coordinates": [ [ -59.89495826164724, -3.09395673614689 ], [ -59.894932227340576, -3.09408947437691 ], [ -59.894897274785407, -3.094178014816615 ], [ -59.894871408606576, -3.094372663770781 ] ] } },
{ "type": "Feature", "properties": { "id": 312, "pagina": 15, "classe": "Logradouros", "metodo": "EIXO_TRACO", "comp_m": 22.442980632063609, "id_layer": "p15_camadas_logradouros", "doc_fonte": "Resposta SECT_autos.pdf", "doc_pagina": 15, "doc_folha": 108, "doc_escala": "1:15.000", "doc_metodo": "Reconstituição Vetorial Afim", "doc_rms_m": 0.68 }, "geometry": { "type": "LineString", "coordinates": [ [ -59.89495826164724, -3.09395673614689 ], [ -59.894879030038041, -3.093939264632501 ], [ -59.894817442804843, -3.093939433608229 ], [ -59.894764581707534, -3.093913045275919 ] ] } },
{ "type": "Feature", "properties": { "id": 313, "pagina": 15, "classe": "Logradouros", "metodo": "EIXO_TRACO", "comp_m": 47.897134472724574, "id_layer": "p15_camadas_logradouros", "doc_fonte": "Resposta SECT_autos.pdf", "doc_pagina": 15, "doc_folha": 108, "doc_escala": "1:15.000", "doc_metodo": "Reconstituição Vetorial Afim", "doc_rms_m": 0.68 }, "geometry": { "type": "LineString", "coordinates": [ [ -59.89495826164724, -3.09395673614689 ], [ -59.895063455512705, -3.093814936276205 ], [ -59.895195043872086, -3.093673064000834 ], [ -59.895221342328746, -3.093637614039654 ], [ -59.89522129430074, -3.093619925269541 ] ] } },
{ "type": "Feature", "properties": { "id": 314, "pagina": 15, "classe": "Logradouros", "metodo": "EIXO_TRACO", "comp_m": 58.141122008361542, "id_layer": "p15_camadas_logradouros", "doc_fonte": "Resposta SECT_autos.pdf", "doc_pagina": 15, "doc_folha": 108, "doc_escala": "1:15.000", "doc_metodo": "Reconstituição Vetorial Afim", "doc_rms_m": 0.68 }, "geometry": { "type": "LineString", "coordinates": [ [ -59.940946873432146, -3.08158932839062 ], [ -59.94057838993735, -3.081961803371387 ] ] } },
{ "type": "Feature", "properties": { "id": 315, "pagina": 15, "classe": "Logradouros", "metodo": "EIXO_TRACO", "comp_m": 661.26433312104677, "id_layer": "p15_camadas_logradouros", "doc_fonte": "Resposta SECT_autos.pdf", "doc_pagina": 15, "doc_folha": 108, "doc_escala": "1:15.000", "doc_metodo": "Reconstituição Vetorial Afim", "doc_rms_m": 0.68 }, "geometry": { "type": "LineString", "coordinates": [ [ -59.911741020668771, -3.076274975053685 ], [ -59.911785610570433, -3.076495960778928 ], [ -59.911785754675286, -3.076549026323021 ], [ -59.911794576593444, -3.07655784643609 ], [ -59.911812676786745, -3.07674352754679 ], [ -59.911839454814967, -3.076884963218754 ], [ -59.911910558705799, -3.077150097726943 ], [ -59.911990340465422, -3.077370986765043 ], [ -59.911990412543126, -3.077397519531824 ], [ -59.912052526481766, -3.077591924074187 ], [ -59.912141106287628, -3.077812788883644 ], [ -59.912211850023141, -3.077945259431492 ], [ -59.912282689922691, -3.078113106970248 ], [ -59.912494945444408, -3.078519362662741 ], [ -59.912892366164833, -3.079075462780112 ], [ -59.91306892562158, -3.079296085471599 ], [ -59.913307166771837, -3.079551915784071 ], [ -59.913827566816771, -3.080036922254563 ], [ -59.914436042707941, -3.080557062988591 ], [ -59.91493877559958, -3.081015583657244 ], [ -59.91497401540601, -3.08103317529803 ], [ -59.915000409142039, -3.081033102680361 ] ] } },
{ "type": "Feature", "properties": { "id": 316, "pagina": 15, "classe": "Logradouros", "metodo": "EIXO_TRACO", "comp_m": 86.96727524773631, "id_layer": "p15_camadas_logradouros", "doc_fonte": "Resposta SECT_autos.pdf", "doc_pagina": 15, "doc_folha": 108, "doc_escala": "1:15.000", "doc_metodo": "Reconstituição Vetorial Afim", "doc_rms_m": 0.68 }, "geometry": { "type": "LineString", "coordinates": [ [ -59.941306136513695, -3.093846237846269 ], [ -59.941385292396511, -3.093837173092485 ], [ -59.941701769456564, -3.093747849929968 ], [ -59.941754556287513, -3.09374770275922 ], [ -59.94193041476494, -3.093711836111108 ], [ -59.942071155205198, -3.093702599610147 ] ] } },
{ "type": "Feature", "properties": { "id": 317, "pagina": 15, "classe": "Logradouros", "metodo": "EIXO_TRACO", "comp_m": 152.99625152132597, "id_layer": "p15_camadas_logradouros", "doc_fonte": "Resposta SECT_autos.pdf", "doc_pagina": 15, "doc_folha": 108, "doc_escala": "1:15.000", "doc_metodo": "Reconstituição Vetorial Afim", "doc_rms_m": 0.68 }, "geometry": { "type": "LineString", "coordinates": [ [ -59.941306136513695, -3.093846237846269 ], [ -59.941297216717402, -3.093802042271818 ], [ -59.941120455501, -3.09351068005487 ], [ -59.940511236287527, -3.092725253515046 ] ] } },
{ "type": "Feature", "properties": { "id": 318, "pagina": 15, "classe": "Logradouros", "metodo": "EIXO_TRACO", "comp_m": 2.9365700855851169, "id_layer": "p15_camadas_logradouros", "doc_fonte": "Resposta SECT_autos.pdf", "doc_pagina": 15, "doc_folha": 108, "doc_escala": "1:15.000", "doc_metodo": "Reconstituição Vetorial Afim", "doc_rms_m": 0.68 }, "geometry": { "type": "LineString", "coordinates": [ [ -59.894871480657535, -3.09439919693383 ], [ -59.894871408606576, -3.094372663770781 ] ] } },
{ "type": "Feature", "properties": { "id": 319, "pagina": 15, "classe": "Logradouros", "metodo": "EIXO_TRACO", "comp_m": 70.909044453715637, "id_layer": "p15_camadas_logradouros", "doc_fonte": "Resposta SECT_autos.pdf", "doc_pagina": 15, "doc_folha": 108, "doc_escala": "1:15.000", "doc_metodo": "Reconstituição Vetorial Afim", "doc_rms_m": 0.68 }, "geometry": { "type": "LineString", "coordinates": [ [ -59.894871480657535, -3.09439919693383 ], [ -59.894871936994704, -3.094567240299497 ], [ -59.894880759194358, -3.094576060542563 ], [ -59.89488107144124, -3.094691037580942 ], [ -59.894889893642862, -3.094699857822875 ], [ -59.894890181882808, -3.094805990472599 ], [ -59.89489900408627, -3.094814810713469 ], [ -59.894899340380746, -3.094938632136861 ], [ -59.894917176968704, -3.095027027713777 ] ] } },
{ "type": "Feature", "properties": { "id": 320, "pagina": 15, "classe": "Logradouros", "metodo": "EIXO_TRACO", "comp_m": 203.09400203425835, "id_layer": "p15_camadas_logradouros", "doc_fonte": "Resposta SECT_autos.pdf", "doc_pagina": 15, "doc_folha": 108, "doc_escala": "1:15.000", "doc_metodo": "Reconstituição Vetorial Afim", "doc_rms_m": 0.68 }, "geometry": { "type": "LineString", "coordinates": [ [ -59.894871480657535, -3.09439919693383 ], [ -59.894774700675747, -3.094399462504249 ], [ -59.894765926511432, -3.09440833103509 ], [ -59.894370104363446, -3.094444794933676 ], [ -59.894361330192588, -3.09445366346467 ], [ -59.893991806394531, -3.094454677252487 ], [ -59.89344603059714, -3.094350040774091 ], [ -59.893084968707988, -3.094227208455507 ] ] } },
{ "type": "Feature", "properties": { "id": 321, "pagina": 15, "classe": "Logradouros", "metodo": "EIXO_TRACO", "comp_m": 7.8308536779193672, "id_layer": "p15_camadas_logradouros", "doc_fonte": "Resposta SECT_autos.pdf", "doc_pagina": 15, "doc_folha": 108, "doc_escala": "1:15.000", "doc_metodo": "Reconstituição Vetorial Afim", "doc_rms_m": 0.68 }, "geometry": { "type": "LineString", "coordinates": [ [ -59.928943011892926, -3.086690306762542 ], [ -59.928916715302627, -3.086725756340501 ], [ -59.928890321755659, -3.086725829439229 ] ] } },
{ "type": "Feature", "properties": { "id": 322, "pagina": 15, "classe": "Logradouros", "metodo": "EIXO_TRACO", "comp_m": 53.772725026688022, "id_layer": "p15_camadas_logradouros", "doc_fonte": "Resposta SECT_autos.pdf", "doc_pagina": 15, "doc_folha": 108, "doc_escala": "1:15.000", "doc_metodo": "Reconstituição Vetorial Afim", "doc_rms_m": 0.68 }, "geometry": { "type": "LineString", "coordinates": [ [ -59.928943011892926, -3.086690306762542 ], [ -59.928986952655649, -3.086672496691585 ], [ -59.929232734841797, -3.08646839970123 ], [ -59.929302923675124, -3.086397451828683 ], [ -59.929302875196186, -3.086379763595004 ] ] } },
{ "type": "Feature", "properties": { "id": 323, "pagina": 15, "classe": "Logradouros", "metodo": "EIXO_TRACO", "comp_m": 4.8942835424968516, "id_layer": "p15_camadas_logradouros", "doc_fonte": "Resposta SECT_autos.pdf", "doc_pagina": 15, "doc_folha": 108, "doc_escala": "1:15.000", "doc_metodo": "Reconstituição Vetorial Afim", "doc_rms_m": 0.68 }, "geometry": { "type": "LineString", "coordinates": [ [ -59.928943011892926, -3.086690306762542 ], [ -59.928916521393418, -3.086655003381646 ] ] } },
{ "type": "Feature", "properties": { "id": 324, "pagina": 15, "classe": "Logradouros", "metodo": "EIXO_TRACO", "comp_m": 28.296866132329942, "id_layer": "p15_camadas_logradouros", "doc_fonte": "Resposta SECT_autos.pdf", "doc_pagina": 15, "doc_folha": 108, "doc_escala": "1:15.000", "doc_metodo": "Reconstituição Vetorial Afim", "doc_rms_m": 0.68 }, "geometry": { "type": "LineString", "coordinates": [ [ -59.895416740479433, -3.084580361110794 ], [ -59.895425490683586, -3.08456264826967 ], [ -59.89541666864401, -3.084553827955695 ], [ -59.895407319833637, -3.084350431168744 ], [ -59.895398473854264, -3.084332766467564 ] ] } },
{ "type": "Feature", "properties": { "id": 325, "pagina": 15, "classe": "Logradouros", "metodo": "EIXO_TRACO", "comp_m": 75.837825803851388, "id_layer": "p15_camadas_logradouros", "doc_fonte": "Resposta SECT_autos.pdf", "doc_pagina": 15, "doc_folha": 108, "doc_escala": "1:15.000", "doc_metodo": "Reconstituição Vetorial Afim", "doc_rms_m": 0.68 }, "geometry": { "type": "LineString", "coordinates": [ [ -59.936322269239867, -3.079488411041881 ], [ -59.936251741937653, -3.079435541629077 ], [ -59.935872179112259, -3.078976698040502 ] ] } },
{ "type": "Feature", "properties": { "id": 326, "pagina": 15, "classe": "Logradouros", "metodo": "EIXO_TRACO", "comp_m": 517.15208642876496, "id_layer": "p15_camadas_logradouros", "doc_fonte": "Resposta SECT_autos.pdf", "doc_pagina": 15, "doc_folha": 108, "doc_escala": "1:15.000", "doc_metodo": "Reconstituição Vetorial Afim", "doc_rms_m": 0.68 }, "geometry": { "type": "LineString", "coordinates": [ [ -59.936322269239867, -3.079488411041881 ], [ -59.936340010161906, -3.079541426672072 ], [ -59.936904641093157, -3.080114730494089 ], [ -59.936957621508022, -3.08018533666535 ], [ -59.937266439599263, -3.080511713283366 ], [ -59.937372352018734, -3.080635237388452 ], [ -59.937425356762525, -3.080714687534321 ], [ -59.937848861176555, -3.081155719237369 ], [ -59.938034098961658, -3.081332087857256 ], [ -59.938219433903981, -3.081543832571958 ], [ -59.938378205785995, -3.081693742082889 ], [ -59.939331420995636, -3.082805454642726 ], [ -59.939428463314989, -3.082902470401954 ], [ -59.939463678547078, -3.082911216743963 ] ] } },
{ "type": "Feature", "properties": { "id": 327, "pagina": 15, "classe": "Logradouros", "metodo": "EIXO_TRACO", "comp_m": 62.393550876180555, "id_layer": "p15_camadas_logradouros", "doc_fonte": "Resposta SECT_autos.pdf", "doc_pagina": 15, "doc_folha": 108, "doc_escala": "1:15.000", "doc_metodo": "Reconstituição Vetorial Afim", "doc_rms_m": 0.68 }, "geometry": { "type": "LineString", "coordinates": [ [ -59.941970406500822, -3.085875866900275 ], [ -59.941970357820651, -3.085858178868329 ], [ -59.942005451412555, -3.085822704933011 ], [ -59.942154696513043, -3.08570731677781 ], [ -59.942356630608607, -3.085556405767363 ], [ -59.942409392662483, -3.08554741494071 ] ] } },
{ "type": "Feature", "properties": { "id": 328, "pagina": 15, "classe": "Logradouros", "metodo": "EIXO_TRACO", "comp_m": 64.056591074126487, "id_layer": "p15_camadas_logradouros", "doc_fonte": "Resposta SECT_autos.pdf", "doc_pagina": 15, "doc_folha": 108, "doc_escala": "1:15.000", "doc_metodo": "Reconstituição Vetorial Afim", "doc_rms_m": 0.68 }, "geometry": { "type": "LineString", "coordinates": [ [ -59.941970406500822, -3.085875866900275 ], [ -59.941935215546565, -3.085875964772186 ], [ -59.941908871009566, -3.085893726208292 ], [ -59.941680640881707, -3.086080086728975 ], [ -59.941505026757369, -3.08620439233614 ] ] } },
{ "type": "Feature", "properties": { "id": 329, "pagina": 15, "classe": "Logradouros", "metodo": "EIXO_TRACO", "comp_m": 318.03714534790976, "id_layer": "p15_camadas_logradouros", "doc_fonte": "Resposta SECT_autos.pdf", "doc_pagina": 15, "doc_folha": 108, "doc_escala": "1:15.000", "doc_metodo": "Reconstituição Vetorial Afim", "doc_rms_m": 0.68 }, "geometry": { "type": "LineString", "coordinates": [ [ -59.941970406500822, -3.085875866900275 ], [ -59.941979277260188, -3.085902374479818 ], [ -59.942244134455485, -3.08623771291772 ], [ -59.94232365495548, -3.086361308838566 ], [ -59.942650315781187, -3.086776071707602 ], [ -59.942871111727314, -3.087084999963502 ], [ -59.943339097354752, -3.087702782481835 ], [ -59.943347992561783, -3.087738134006482 ], [ -59.943339243551478, -3.087755846510243 ], [ -59.943154807681239, -3.087871332956998 ], [ -59.942908982434723, -3.088057742924975 ] ] } },
{ "type": "Feature", "properties": { "id": 330, "pagina": 15, "classe": "Logradouros", "metodo": "EIXO_TRACO", "comp_m": 4.0359296471106427, "id_layer": "p15_camadas_logradouros", "doc_fonte": "Resposta SECT_autos.pdf", "doc_pagina": 15, "doc_folha": 108, "doc_escala": "1:15.000", "doc_metodo": "Reconstituição Vetorial Afim", "doc_rms_m": 0.68 }, "geometry": { "type": "LineString", "coordinates": [ [ -59.920784877202742, -3.092231682399718 ], [ -59.920820044820793, -3.092222740847683 ] ] } },
{ "type": "Feature", "properties": { "id": 331, "pagina": 15, "classe": "Logradouros", "metodo": "EIXO_TRACO", "comp_m": 170.49221075331707, "id_layer": "p15_camadas_logradouros", "doc_fonte": "Resposta SECT_autos.pdf", "doc_pagina": 15, "doc_folha": 108, "doc_escala": "1:15.000", "doc_metodo": "Reconstituição Vetorial Afim", "doc_rms_m": 0.68 }, "geometry": { "type": "LineString", "coordinates": [ [ -59.897074827621289, -3.076315118184208 ], [ -59.897013265416689, -3.076324130699567 ], [ -59.896872688323533, -3.076395270010345 ], [ -59.896679633699506, -3.07658153032543 ], [ -59.896583237775879, -3.076723304567912 ], [ -59.896557010968792, -3.076785287267916 ], [ -59.896548380206255, -3.076847221929703 ], [ -59.896487128569738, -3.076971211360232 ], [ -59.896399506748033, -3.077104117242171 ], [ -59.896294241067729, -3.077219382421044 ], [ -59.89625032261484, -3.077246035664518 ], [ -59.896083566274157, -3.077396846525414 ], [ -59.896065970213044, -3.077396894566654 ] ] } },
{ "type": "Feature", "properties": { "id": 332, "pagina": 15, "classe": "Logradouros", "metodo": "EIXO_TRACO", "comp_m": 50.901907231148016, "id_layer": "p15_camadas_logradouros", "doc_fonte": "Resposta SECT_autos.pdf", "doc_pagina": 15, "doc_folha": 108, "doc_escala": "1:15.000", "doc_metodo": "Reconstituição Vetorial Afim", "doc_rms_m": 0.68 }, "geometry": { "type": "LineString", "coordinates": [ [ -59.91897314248807, -3.098896424589069 ], [ -59.918981916263562, -3.098887556013004 ], [ -59.918981770751934, -3.098834490832904 ], [ -59.919025130355784, -3.098604419831947 ], [ -59.919042289908937, -3.0984451755442 ] ] } },
{ "type": "Feature", "properties": { "id": 333, "pagina": 15, "classe": "Logradouros", "metodo": "EIXO_TRACO", "comp_m": 22.195021814829751, "id_layer": "p15_camadas_logradouros", "doc_fonte": "Resposta SECT_autos.pdf", "doc_pagina": 15, "doc_folha": 108, "doc_escala": "1:15.000", "doc_metodo": "Reconstituição Vetorial Afim", "doc_rms_m": 0.68 }, "geometry": { "type": "LineString", "coordinates": [ [ -59.896342240867305, -3.085205784054002 ], [ -59.896324668639636, -3.085214676599097 ], [ -59.896245413930913, -3.085188360213801 ], [ -59.89621022155756, -3.085188456544383 ], [ -59.896175005226901, -3.085179708494823 ], [ -59.896157361127493, -3.085162067900739 ] ] } },
{ "type": "Feature", "properties": { "id": 334, "pagina": 15, "classe": "Logradouros", "metodo": "EIXO_TRACO", "comp_m": 30.30058315836429, "id_layer": "p15_camadas_logradouros", "doc_fonte": "Resposta SECT_autos.pdf", "doc_pagina": 15, "doc_folha": 108, "doc_escala": "1:15.000", "doc_metodo": "Reconstituição Vetorial Afim", "doc_rms_m": 0.68 }, "geometry": { "type": "LineString", "coordinates": [ [ -59.9384934180191, -3.0947915508214 ], [ -59.938564385929389, -3.095003611740768 ], [ -59.93859967482927, -3.095038889857459 ] ] } },
{ "type": "Feature", "properties": { "id": 335, "pagina": 15, "classe": "Logradouros", "metodo": "EIXO_TRACO", "comp_m": 43.471801667788938, "id_layer": "p15_camadas_logradouros", "doc_fonte": "Resposta SECT_autos.pdf", "doc_pagina": 15, "doc_folha": 108, "doc_escala": "1:15.000", "doc_metodo": "Reconstituição Vetorial Afim", "doc_rms_m": 0.68 }, "geometry": { "type": "LineString", "coordinates": [ [ -59.922302196209159, -3.093713315273045 ], [ -59.922302099253351, -3.093677938588165 ], [ -59.922354596136472, -3.093571662340653 ], [ -59.922442139410734, -3.093412223617727 ], [ -59.922486032232896, -3.09337672511184 ] ] } },
{ "type": "Feature", "properties": { "id": 336, "pagina": 15, "classe": "Logradouros", "metodo": "EIXO_TRACO", "comp_m": 184.58585400107194, "id_layer": "p15_camadas_logradouros", "doc_fonte": "Resposta SECT_autos.pdf", "doc_pagina": 15, "doc_folha": 108, "doc_escala": "1:15.000", "doc_metodo": "Reconstituição Vetorial Afim", "doc_rms_m": 0.68 }, "geometry": { "type": "LineString", "coordinates": [ [ -59.922302196209159, -3.093713315273045 ], [ -59.922566425838497, -3.093818714279029 ], [ -59.922645655938517, -3.093836183288605 ], [ -59.922962746035381, -3.093967968404038 ], [ -59.923174090937614, -3.094038136724445 ], [ -59.923332648110538, -3.094108451245408 ], [ -59.923359041971644, -3.094108378110947 ], [ -59.923403104492998, -3.094134788705973 ], [ -59.923614449384502, -3.094204956878635 ], [ -59.923773006559294, -3.094275271281737 ], [ -59.923852236634644, -3.094292740149178 ] ] } },
{ "type": "Feature", "properties": { "id": 337, "pagina": 15, "classe": "Logradouros", "metodo": "EIXO_TRACO", "comp_m": 2.9365700855851169, "id_layer": "p15_camadas_logradouros", "doc_fonte": "Resposta SECT_autos.pdf", "doc_pagina": 15, "doc_folha": 108, "doc_escala": "1:15.000", "doc_metodo": "Reconstituição Vetorial Afim", "doc_rms_m": 0.68 }, "geometry": { "type": "LineString", "coordinates": [ [ -59.92136011868125, -3.077362911675645 ], [ -59.921360046372634, -3.077336379131417 ] ] } },
{ "type": "Feature", "properties": { "id": 338, "pagina": 15, "classe": "Logradouros", "metodo": "EIXO_TRACO", "comp_m": 278.11360195585337, "id_layer": "p15_camadas_logradouros", "doc_fonte": "Resposta SECT_autos.pdf", "doc_pagina": 15, "doc_folha": 108, "doc_escala": "1:15.000", "doc_metodo": "Reconstituição Vetorial Afim", "doc_rms_m": 0.68 }, "geometry": { "type": "LineString", "coordinates": [ [ -59.92136011868125, -3.077362911675645 ], [ -59.921765927828254, -3.077768629218873 ], [ -59.92204803711396, -3.077980113836093 ], [ -59.923212269638043, -3.079047057613607 ] ] } },
{ "type": "Feature", "properties": { "id": 339, "pagina": 15, "classe": "Logradouros", "metodo": "EIXO_TRACO", "comp_m": 41.141106050507872, "id_layer": "p15_camadas_logradouros", "doc_fonte": "Resposta SECT_autos.pdf", "doc_pagina": 15, "doc_folha": 108, "doc_escala": "1:15.000", "doc_metodo": "Reconstituição Vetorial Afim", "doc_rms_m": 0.68 }, "geometry": { "type": "LineString", "coordinates": [ [ -59.896821166751863, -3.093102556970897 ], [ -59.896821118705681, -3.093084868225741 ], [ -59.89678585402244, -3.09305843170325 ], [ -59.89664489138476, -3.092988063080739 ], [ -59.896565563873729, -3.092935214152603 ], [ -59.896512726907211, -3.09291767027643 ] ] } },
{ "type": "Feature", "properties": { "id": 340, "pagina": 15, "classe": "Logradouros", "metodo": "EIXO_TRACO", "comp_m": 39.051560808670409, "id_layer": "p15_camadas_logradouros", "doc_fonte": "Resposta SECT_autos.pdf", "doc_pagina": 15, "doc_folha": 108, "doc_escala": "1:15.000", "doc_metodo": "Reconstituição Vetorial Afim", "doc_rms_m": 0.68 }, "geometry": { "type": "LineString", "coordinates": [ [ -59.896821166751863, -3.093102556970897 ], [ -59.896865157520239, -3.093102436223477 ], [ -59.897076601492628, -3.093207989057089 ], [ -59.89714701073887, -3.093216640206717 ] ] } },
{ "type": "Feature", "properties": { "id": 341, "pagina": 15, "classe": "Logradouros", "metodo": "EIXO_TRACO", "comp_m": 10.590379768477559, "id_layer": "p15_camadas_logradouros", "doc_fonte": "Resposta SECT_autos.pdf", "doc_pagina": 15, "doc_folha": 108, "doc_escala": "1:15.000", "doc_metodo": "Reconstituição Vetorial Afim", "doc_rms_m": 0.68 }, "geometry": { "type": "LineString", "coordinates": [ [ -59.943357453578692, -3.084784187414732 ], [ -59.943348728889291, -3.084810743901126 ], [ -59.943313635385778, -3.084846217806769 ], [ -59.943313684072145, -3.084863905817607 ] ] } },
{ "type": "Feature", "properties": { "id": 342, "pagina": 15, "classe": "Logradouros", "metodo": "EIXO_TRACO", "comp_m": 29.605978165106549, "id_layer": "p15_camadas_logradouros", "doc_fonte": "Resposta SECT_autos.pdf", "doc_pagina": 15, "doc_folha": 108, "doc_escala": "1:15.000", "doc_metodo": "Reconstituição Vetorial Afim", "doc_rms_m": 0.68 }, "geometry": { "type": "LineString", "coordinates": [ [ -59.921437756673988, -3.076796666030267 ], [ -59.921446626798421, -3.0768231743466 ], [ -59.921605373286333, -3.076964245132881 ], [ -59.921605445592263, -3.076990777671458 ] ] } },
{ "type": "Feature", "properties": { "id": 343, "pagina": 15, "classe": "Logradouros", "metodo": "EIXO_TRACO", "comp_m": 42.514248526202714, "id_layer": "p15_camadas_logradouros", "doc_fonte": "Resposta SECT_autos.pdf", "doc_pagina": 15, "doc_folha": 108, "doc_escala": "1:15.000", "doc_metodo": "Reconstituição Vetorial Afim", "doc_rms_m": 0.68 }, "geometry": { "type": "LineString", "coordinates": [ [ -59.920820044820793, -3.092222740847683 ], [ -59.920846511341047, -3.092249200369535 ], [ -59.920890549562607, -3.0922667670204 ], [ -59.921110885982856, -3.092407665311583 ], [ -59.92114610203086, -3.092416412106984 ] ] } },
{ "type": "Feature", "properties": { "id": 344, "pagina": 15, "classe": "Logradouros", "metodo": "EIXO_TRACO", "comp_m": 88.053566277038016, "id_layer": "p15_camadas_logradouros", "doc_fonte": "Resposta SECT_autos.pdf", "doc_pagina": 15, "doc_folha": 108, "doc_escala": "1:15.000", "doc_metodo": "Reconstituição Vetorial Afim", "doc_rms_m": 0.68 }, "geometry": { "type": "LineString", "coordinates": [ [ -59.896640441579187, -3.084860034526984 ], [ -59.896675586012783, -3.084842249442162 ], [ -59.896745251989707, -3.084576725533589 ], [ -59.896753475143484, -3.084364436462442 ], [ -59.896762249271248, -3.084355568007323 ], [ -59.896761554616567, -3.084099081146369 ] ] } },
{ "type": "Feature", "properties": { "id": 345, "pagina": 15, "classe": "Logradouros", "metodo": "EIXO_TRACO", "comp_m": 165.22220693584291, "id_layer": "p15_camadas_logradouros", "doc_fonte": "Resposta SECT_autos.pdf", "doc_pagina": 15, "doc_folha": 108, "doc_escala": "1:15.000", "doc_metodo": "Reconstituição Vetorial Afim", "doc_rms_m": 0.68 }, "geometry": { "type": "LineString", "coordinates": [ [ -59.92418433969388, -3.077399350927422 ], [ -59.92438567597496, -3.077027338463867 ], [ -59.925052209843201, -3.076256053833635 ], [ -59.925096150559604, -3.076238244269963 ] ] } },
{ "type": "Feature", "properties": { "id": 346, "pagina": 15, "classe": "Logradouros", "metodo": "EIXO_TRACO", "comp_m": 79.587802053439518, "id_layer": "p15_camadas_logradouros", "doc_fonte": "Resposta SECT_autos.pdf", "doc_pagina": 15, "doc_folha": 108, "doc_escala": "1:15.000", "doc_metodo": "Reconstituição Vetorial Afim", "doc_rms_m": 0.68 }, "geometry": { "type": "LineString", "coordinates": [ [ -59.943158734241585, -3.105214549027909 ], [ -59.943159003777353, -3.10531183306364 ], [ -59.942957926501443, -3.105772287830693 ], [ -59.942940453240055, -3.10581655712301 ], [ -59.942931851392935, -3.105887333796878 ] ] } },
{ "type": "Feature", "properties": { "id": 347, "pagina": 15, "classe": "Logradouros", "metodo": "EIXO_TRACO", "comp_m": 24.937815194097549, "id_layer": "p15_camadas_logradouros", "doc_fonte": "Resposta SECT_autos.pdf", "doc_pagina": 15, "doc_folha": 108, "doc_escala": "1:15.000", "doc_metodo": "Reconstituição Vetorial Afim", "doc_rms_m": 0.68 }, "geometry": { "type": "LineString", "coordinates": [ [ -59.943158734241585, -3.105214549027909 ], [ -59.943017968016569, -3.105214943118343 ], [ -59.943009194628573, -3.105223811752826 ], [ -59.942938787007122, -3.105215164785958 ] ] } },
{ "type": "Feature", "properties": { "id": 348, "pagina": 15, "classe": "Logradouros", "metodo": "EIXO_TRACO", "comp_m": 50.304034946221982, "id_layer": "p15_camadas_logradouros", "doc_fonte": "Resposta SECT_autos.pdf", "doc_pagina": 15, "doc_folha": 108, "doc_escala": "1:15.000", "doc_metodo": "Reconstituição Vetorial Afim", "doc_rms_m": 0.68 }, "geometry": { "type": "LineString", "coordinates": [ [ -59.940396548892188, -3.089417881295255 ], [ -59.940422966587427, -3.089426651873411 ], [ -59.940449432994079, -3.08945311050553 ], [ -59.940652537030303, -3.089726712161072 ], [ -59.94069657465252, -3.089744277772854 ] ] } },
{ "type": "Feature", "properties": { "id": 349, "pagina": 15, "classe": "Logradouros", "metodo": "EIXO_TRACO", "comp_m": 59.84271618640426, "id_layer": "p15_camadas_logradouros", "doc_fonte": "Resposta SECT_autos.pdf", "doc_pagina": 15, "doc_folha": 108, "doc_escala": "1:15.000", "doc_metodo": "Reconstituição Vetorial Afim", "doc_rms_m": 0.68 }, "geometry": { "type": "LineString", "coordinates": [ [ -59.940396548892188, -3.089417881295255 ], [ -59.940177018384951, -3.089568841854374 ], [ -59.94001902358437, -3.089701942990692 ], [ -59.939983881150241, -3.089719728981267 ], [ -59.939957487792455, -3.089719802427066 ] ] } },
{ "type": "Feature", "properties": { "id": 350, "pagina": 15, "classe": "Logradouros", "metodo": "EIXO_TRACO", "comp_m": 59.323885234865919, "id_layer": "p15_camadas_logradouros", "doc_fonte": "Resposta SECT_autos.pdf", "doc_pagina": 15, "doc_folha": 108, "doc_escala": "1:15.000", "doc_metodo": "Reconstituição Vetorial Afim", "doc_rms_m": 0.68 }, "geometry": { "type": "LineString", "coordinates": [ [ -59.940208503398303, -3.091417170529058 ], [ -59.939787110597486, -3.091745575518597 ] ] } },
{ "type": "Feature", "properties": { "id": 351, "pagina": 15, "classe": "Logradouros", "metodo": "EIXO_TRACO", "comp_m": 30.981090038787727, "id_layer": "p15_camadas_logradouros", "doc_fonte": "Resposta SECT_autos.pdf", "doc_pagina": 15, "doc_folha": 108, "doc_escala": "1:15.000", "doc_metodo": "Reconstituição Vetorial Afim", "doc_rms_m": 0.68 }, "geometry": { "type": "LineString", "coordinates": [ [ -59.917586988577902, -3.093912093514959 ], [ -59.91759583497879, -3.093929757603276 ], [ -59.917596149607846, -3.09404473231344 ], [ -59.917604971809126, -3.094053552192054 ], [ -59.917605334859381, -3.09418621531774 ] ] } },
{ "type": "Feature", "properties": { "id": 352, "pagina": 15, "classe": "Logradouros", "metodo": "EIXO_TRACO", "comp_m": 50.005208264916547, "id_layer": "p15_camadas_logradouros", "doc_fonte": "Resposta SECT_autos.pdf", "doc_pagina": 15, "doc_folha": 108, "doc_escala": "1:15.000", "doc_metodo": "Reconstituição Vetorial Afim", "doc_rms_m": 0.68 }, "geometry": { "type": "LineString", "coordinates": [ [ -59.917586988577902, -3.093912093514959 ], [ -59.917604560371068, -3.09390320064915 ], [ -59.917815688082563, -3.093893772532427 ], [ -59.917824461874702, -3.093884903995317 ], [ -59.918018017756729, -3.093884368708975 ], [ -59.918026839955608, -3.093893188582019 ] ] } },
{ "type": "Feature", "properties": { "id": 353, "pagina": 15, "classe": "Logradouros", "metodo": "EIXO_TRACO", "comp_m": 243.3878668827407, "id_layer": "p15_camadas_logradouros", "doc_fonte": "Resposta SECT_autos.pdf", "doc_pagina": 15, "doc_folha": 108, "doc_escala": "1:15.000", "doc_metodo": "Reconstituição Vetorial Afim", "doc_rms_m": 0.68 }, "geometry": { "type": "LineString", "coordinates": [ [ -59.942158196979733, -3.096550151003638 ], [ -59.942149301451444, -3.096514799506759 ], [ -59.94176989598207, -3.096117874543717 ], [ -59.941187628208056, -3.095535789167447 ], [ -59.940887599114326, -3.095209394568732 ], [ -59.940728677008167, -3.095006423591347 ], [ -59.940702063924114, -3.094926900960024 ] ] } },
{ "type": "Feature", "properties": { "id": 354, "pagina": 15, "classe": "Logradouros", "metodo": "EIXO_TRACO", "comp_m": 69.560418823879928, "id_layer": "p15_camadas_logradouros", "doc_fonte": "Resposta SECT_autos.pdf", "doc_pagina": 15, "doc_folha": 108, "doc_escala": "1:15.000", "doc_metodo": "Reconstituição Vetorial Afim", "doc_rms_m": 0.68 }, "geometry": { "type": "LineString", "coordinates": [ [ -59.942158196979733, -3.096550151003638 ], [ -59.942219757325482, -3.09654113510996 ], [ -59.942501018954047, -3.096443065213064 ], [ -59.942571303807782, -3.096407492723055 ], [ -59.942729517986791, -3.09635398664426 ], [ -59.94273826694694, -3.096336274070587 ] ] } },
{ "type": "Feature", "properties": { "id": 355, "pagina": 15, "classe": "Logradouros", "metodo": "EIXO_TRACO", "comp_m": 68.667117225768592, "id_layer": "p15_camadas_logradouros", "doc_fonte": "Resposta SECT_autos.pdf", "doc_pagina": 15, "doc_folha": 108, "doc_escala": "1:15.000", "doc_metodo": "Reconstituição Vetorial Afim", "doc_rms_m": 0.68 }, "geometry": { "type": "LineString", "coordinates": [ [ -59.942158196979733, -3.096550151003638 ], [ -59.942096709906806, -3.096585698934263 ], [ -59.941903328697151, -3.096648147207801 ], [ -59.94178030564612, -3.096701555035252 ], [ -59.94157810209407, -3.09675518382232 ] ] } },
{ "type": "Feature", "properties": { "id": 356, "pagina": 15, "classe": "Logradouros", "metodo": "EIXO_TRACO", "comp_m": 41.299404930517682, "id_layer": "p15_camadas_logradouros", "doc_fonte": "Resposta SECT_autos.pdf", "doc_pagina": 15, "doc_folha": 108, "doc_escala": "1:15.000", "doc_metodo": "Reconstituição Vetorial Afim", "doc_rms_m": 0.68 }, "geometry": { "type": "LineString", "coordinates": [ [ -59.922706565713341, -3.090377918543321 ], [ -59.922715218344607, -3.090324829188804 ], [ -59.922785238522856, -3.090191971922081 ], [ -59.922828889136746, -3.090068031860968 ], [ -59.922855210265048, -3.090041426332175 ] ] } },
{ "type": "Feature", "properties": { "id": 357, "pagina": 15, "classe": "Logradouros", "metodo": "EIXO_TRACO", "comp_m": 50.720718167298486, "id_layer": "p15_camadas_logradouros", "doc_fonte": "Resposta SECT_autos.pdf", "doc_pagina": 15, "doc_folha": 108, "doc_escala": "1:15.000", "doc_metodo": "Reconstituição Vetorial Afim", "doc_rms_m": 0.68 }, "geometry": { "type": "LineString", "coordinates": [ [ -59.922706565713341, -3.090377918543321 ], [ -59.922636158071434, -3.090369269119627 ], [ -59.922380727558966, -3.090263844976722 ], [ -59.922275079763239, -3.090237604533791 ] ] } },
{ "type": "Feature", "properties": { "id": 358, "pagina": 15, "classe": "Logradouros", "metodo": "EIXO_TRACO", "comp_m": 1.9577134455030321, "id_layer": "p15_camadas_logradouros", "doc_fonte": "Resposta SECT_autos.pdf", "doc_pagina": 15, "doc_folha": 108, "doc_escala": "1:15.000", "doc_metodo": "Reconstituição Vetorial Afim", "doc_rms_m": 0.68 }, "geometry": { "type": "LineString", "coordinates": [ [ -59.942859352643076, -3.079611787693016 ], [ -59.942876948002741, -3.079611738841115 ] ] } },
{ "type": "Feature", "properties": { "id": 359, "pagina": 15, "classe": "Logradouros", "metodo": "EIXO_TRACO", "comp_m": 264.82690538851392, "id_layer": "p15_camadas_logradouros", "doc_fonte": "Resposta SECT_autos.pdf", "doc_pagina": 15, "doc_folha": 108, "doc_escala": "1:15.000", "doc_metodo": "Reconstituição Vetorial Afim", "doc_rms_m": 0.68 }, "geometry": { "type": "LineString", "coordinates": [ [ -59.942859352643076, -3.079611787693016 ], [ -59.942744666942836, -3.079497133082352 ], [ -59.942577122305543, -3.079356092930376 ], [ -59.942295037826469, -3.07915346204843 ], [ -59.942092205406801, -3.078977143310591 ], [ -59.941845336072753, -3.078783258488797 ], [ -59.941448347829009, -3.078386375945124 ], [ -59.941078068442827, -3.078104392089091 ], [ -59.94103403149164, -3.078086826034549 ] ] } },
{ "type": "Feature", "properties": { "id": 360, "pagina": 15, "classe": "Logradouros", "metodo": "EIXO_TRACO", "comp_m": 58.157599543816296, "id_layer": "p15_camadas_logradouros", "doc_fonte": "Resposta SECT_autos.pdf", "doc_pagina": 15, "doc_folha": 108, "doc_escala": "1:15.000", "doc_metodo": "Reconstituição Vetorial Afim", "doc_rms_m": 0.68 }, "geometry": { "type": "LineString", "coordinates": [ [ -59.942859352643076, -3.079611787693016 ], [ -59.94249969245859, -3.079993081641604 ] ] } },
{ "type": "Feature", "properties": { "id": 361, "pagina": 15, "classe": "Logradouros", "metodo": "EIXO_TRACO", "comp_m": 108.25043681213437, "id_layer": "p15_camadas_logradouros", "doc_fonte": "Resposta SECT_autos.pdf", "doc_pagina": 15, "doc_folha": 108, "doc_escala": "1:15.000", "doc_metodo": "Reconstituição Vetorial Afim", "doc_rms_m": 0.68 }, "geometry": { "type": "LineString", "coordinates": [ [ -59.941822149592561, -3.083152301035284 ], [ -59.941822222545092, -3.083178833088109 ], [ -59.941839915251393, -3.083214160266755 ], [ -59.941998760557361, -3.083390600551305 ], [ -59.942069434158206, -3.083496533146667 ], [ -59.942413566821394, -3.083867028075223 ], [ -59.94243125957091, -3.083902355213798 ] ] } },
{ "type": "Feature", "properties": { "id": 362, "pagina": 15, "classe": "Logradouros", "metodo": "EIXO_TRACO", "comp_m": 138.47373410526995, "id_layer": "p15_camadas_logradouros", "doc_fonte": "Resposta SECT_autos.pdf", "doc_pagina": 15, "doc_folha": 108, "doc_escala": "1:15.000", "doc_metodo": "Reconstituição Vetorial Afim", "doc_rms_m": 0.68 }, "geometry": { "type": "LineString", "coordinates": [ [ -59.942239606953848, -3.094170866170619 ], [ -59.942248380350428, -3.09416199762215 ], [ -59.942424360834671, -3.094170350897018 ], [ -59.943040621938316, -3.094318981188095 ], [ -59.943243239902749, -3.094415700706994 ], [ -59.943278528771195, -3.094450978537322 ], [ -59.94334903325565, -3.094495002177071 ], [ -59.943375499910701, -3.09452146054303 ], [ -59.943384370970023, -3.094547968004392 ] ] } },
{ "type": "Feature", "properties": { "id": 363, "pagina": 15, "classe": "Logradouros", "metodo": "EIXO_TRACO", "comp_m": 7.126184505375238, "id_layer": "p15_camadas_logradouros", "doc_fonte": "Resposta SECT_autos.pdf", "doc_pagina": 15, "doc_folha": 108, "doc_escala": "1:15.000", "doc_metodo": "Reconstituição Vetorial Afim", "doc_rms_m": 0.68 }, "geometry": { "type": "LineString", "coordinates": [ [ -59.942239606953848, -3.094170866170619 ], [ -59.942177973505331, -3.094153349895455 ] ] } },
{ "type": "Feature", "properties": { "id": 364, "pagina": 15, "classe": "Logradouros", "metodo": "EIXO_TRACO", "comp_m": 186.97563578303846, "id_layer": "p15_camadas_logradouros", "doc_fonte": "Resposta SECT_autos.pdf", "doc_pagina": 15, "doc_folha": 108, "doc_escala": "1:15.000", "doc_metodo": "Reconstituição Vetorial Afim", "doc_rms_m": 0.68 }, "geometry": { "type": "LineString", "coordinates": [ [ -59.942239606953848, -3.094170866170619 ], [ -59.942257324604157, -3.09421503715983 ], [ -59.94234557115373, -3.09431207591792 ], [ -59.943360175674783, -3.095344001953328 ], [ -59.943386715652096, -3.09539699230738 ] ] } },
{ "type": "Feature", "properties": { "id": 365, "pagina": 15, "classe": "Logradouros", "metodo": "EIXO_TRACO", "comp_m": 95.25093181900516, "id_layer": "p15_camadas_logradouros", "doc_fonte": "Resposta SECT_autos.pdf", "doc_pagina": 15, "doc_folha": 108, "doc_escala": "1:15.000", "doc_metodo": "Reconstituição Vetorial Afim", "doc_rms_m": 0.68 }, "geometry": { "type": "LineString", "coordinates": [ [ -59.893896599695815, -3.088546838106964 ], [ -59.893940566427055, -3.088537873262852 ], [ -59.894010855678019, -3.088502302960898 ], [ -59.894265833887125, -3.088439693564823 ], [ -59.894406580078169, -3.088430463696255 ], [ -59.894476917215243, -3.088412582168135 ], [ -59.894731991151325, -3.088385350264572 ] ] } },
{ "type": "Feature", "properties": { "id": 366, "pagina": 15, "classe": "Logradouros", "metodo": "EIXO_TRACO", "comp_m": 80.385612659444163, "id_layer": "p15_camadas_logradouros", "doc_fonte": "Resposta SECT_autos.pdf", "doc_pagina": 15, "doc_folha": 108, "doc_escala": "1:15.000", "doc_metodo": "Reconstituição Vetorial Afim", "doc_rms_m": 0.68 }, "geometry": { "type": "LineString", "coordinates": [ [ -59.940294374811579, -3.097032932345469 ], [ -59.940320792756857, -3.097041702744871 ], [ -59.940329566185589, -3.097032834174805 ], [ -59.940399948930256, -3.097032637829963 ], [ -59.940408722357702, -3.097023769259957 ], [ -59.940549463414875, -3.097014532530709 ], [ -59.940558236839884, -3.097005663960773 ], [ -59.940698977874561, -3.096996427215059 ], [ -59.94070775129714, -3.096987558645226 ], [ -59.940918875017452, -3.096978125507035 ], [ -59.940998006719205, -3.096960216534636 ] ] } },
{ "type": "Feature", "properties": { "id": 367, "pagina": 15, "classe": "Logradouros", "metodo": "EIXO_TRACO", "comp_m": 128.4511309277317, "id_layer": "p15_camadas_logradouros", "doc_fonte": "Resposta SECT_autos.pdf", "doc_pagina": 15, "doc_folha": 108, "doc_escala": "1:15.000", "doc_metodo": "Reconstituição Vetorial Afim", "doc_rms_m": 0.68 }, "geometry": { "type": "LineString", "coordinates": [ [ -59.940294374811579, -3.097032932345469 ], [ -59.940276827952829, -3.097050669485643 ], [ -59.940021714861757, -3.097060225217446 ], [ -59.939960178761673, -3.097078085059194 ], [ -59.939819413205981, -3.097078477691268 ], [ -59.939810639768957, -3.097087346261504 ], [ -59.939722661286112, -3.097087591647007 ], [ -59.939643431826823, -3.097070124422342 ], [ -59.939520042260497, -3.096990871635477 ], [ -59.939414199591702, -3.096893881679058 ], [ -59.939387610798775, -3.096823203002873 ], [ -59.939387269132283, -3.096699386515944 ] ] } },
{ "type": "Feature", "properties": { "id": 368, "pagina": 15, "classe": "Logradouros", "metodo": "EIXO_TRACO", "comp_m": 51.602786588872803, "id_layer": "p15_camadas_logradouros", "doc_fonte": "Resposta SECT_autos.pdf", "doc_pagina": 15, "doc_folha": 108, "doc_escala": "1:15.000", "doc_metodo": "Reconstituição Vetorial Afim", "doc_rms_m": 0.68 }, "geometry": { "type": "LineString", "coordinates": [ [ -59.942177973505331, -3.094153349895455 ], [ -59.942133667195741, -3.094038500398715 ], [ -59.942115729911677, -3.093914733278342 ], [ -59.942071277220272, -3.093746819679466 ], [ -59.942071155205198, -3.093702599610147 ] ] } },
{ "type": "Feature", "properties": { "id": 369, "pagina": 15, "classe": "Logradouros", "metodo": "EIXO_TRACO", "comp_m": 62.270709704416724, "id_layer": "p15_camadas_logradouros", "doc_fonte": "Resposta SECT_autos.pdf", "doc_pagina": 15, "doc_folha": 108, "doc_escala": "1:15.000", "doc_metodo": "Reconstituição Vetorial Afim", "doc_rms_m": 0.68 }, "geometry": { "type": "LineString", "coordinates": [ [ -59.942177973505331, -3.094153349895455 ], [ -59.942134033293797, -3.0941711605982 ], [ -59.942063675254659, -3.094180200891258 ], [ -59.941914283380434, -3.09424252607549 ], [ -59.941694655422289, -3.09435811161891 ], [ -59.941677133015808, -3.094384692735493 ] ] } },
{ "type": "Feature", "properties": { "id": 370, "pagina": 15, "classe": "Logradouros", "metodo": "EIXO_TRACO", "comp_m": 63.577458502333343, "id_layer": "p15_camadas_logradouros", "doc_fonte": "Resposta SECT_autos.pdf", "doc_pagina": 15, "doc_folha": 108, "doc_escala": "1:15.000", "doc_metodo": "Reconstituição Vetorial Afim", "doc_rms_m": 0.68 }, "geometry": { "type": "LineString", "coordinates": [ [ -59.938226767265341, -3.077802751951749 ], [ -59.938235467985471, -3.077767351390054 ], [ -59.938621548409387, -3.077394829058953 ] ] } },
{ "type": "Feature", "properties": { "id": 371, "pagina": 15, "classe": "Logradouros", "metodo": "EIXO_TRACO", "comp_m": 33.806694124609464, "id_layer": "p15_camadas_logradouros", "doc_fonte": "Resposta SECT_autos.pdf", "doc_pagina": 15, "doc_folha": 108, "doc_escala": "1:15.000", "doc_metodo": "Reconstituição Vetorial Afim", "doc_rms_m": 0.68 }, "geometry": { "type": "LineString", "coordinates": [ [ -59.938226767265341, -3.077802751951749 ], [ -59.938191600702631, -3.077811693491243 ], [ -59.937998560369991, -3.077997954707063 ] ] } },
{ "type": "Feature", "properties": { "id": 372, "pagina": 15, "classe": "Logradouros", "metodo": "EIXO_TRACO", "comp_m": 260.00783751099914, "id_layer": "p15_camadas_logradouros", "doc_fonte": "Resposta SECT_autos.pdf", "doc_pagina": 15, "doc_folha": 108, "doc_escala": "1:15.000", "doc_metodo": "Reconstituição Vetorial Afim", "doc_rms_m": 0.68 }, "geometry": { "type": "LineString", "coordinates": [ [ -59.938226767265341, -3.077802751951749 ], [ -59.938253257353935, -3.077838055019914 ], [ -59.938526568057533, -3.078049556476652 ], [ -59.938650051139405, -3.078164187752312 ], [ -59.939381909813299, -3.078763558577479 ], [ -59.940016848810671, -3.079310132313655 ] ] } },
{ "type": "Feature", "properties": { "id": 373, "pagina": 15, "classe": "Logradouros", "metodo": "EIXO_TRACO", "comp_m": 53.514802952179508, "id_layer": "p15_camadas_logradouros", "doc_fonte": "Resposta SECT_autos.pdf", "doc_pagina": 15, "doc_folha": 108, "doc_escala": "1:15.000", "doc_metodo": "Reconstituição Vetorial Afim", "doc_rms_m": 0.68 }, "geometry": { "type": "LineString", "coordinates": [ [ -59.935734931748371, -3.07704905686895 ], [ -59.935735052844237, -3.07709327720486 ], [ -59.935551293787086, -3.077456395286754 ], [ -59.935524949067208, -3.077474156468726 ] ] } },
{ "type": "Feature", "properties": { "id": 374, "pagina": 15, "classe": "Logradouros", "metodo": "EIXO_TRACO", "comp_m": 50.464557586081924, "id_layer": "p15_camadas_logradouros", "doc_fonte": "Resposta SECT_autos.pdf", "doc_pagina": 15, "doc_folha": 108, "doc_escala": "1:15.000", "doc_metodo": "Reconstituição Vetorial Afim", "doc_rms_m": 0.68 }, "geometry": { "type": "LineString", "coordinates": [ [ -59.935734931748371, -3.07704905686895 ], [ -59.935822957338722, -3.07706650153288 ], [ -59.935911055587738, -3.077110478384063 ], [ -59.936131216436728, -3.077189466225347 ], [ -59.936148884534326, -3.077215949714916 ] ] } },
{ "type": "Feature", "properties": { "id": 375, "pagina": 15, "classe": "Logradouros", "metodo": "EIXO_TRACO", "comp_m": 215.88737715107092, "id_layer": "p15_camadas_logradouros", "doc_fonte": "Resposta SECT_autos.pdf", "doc_pagina": 15, "doc_folha": 108, "doc_escala": "1:15.000", "doc_metodo": "Reconstituição Vetorial Afim", "doc_rms_m": 0.68 }, "geometry": { "type": "LineString", "coordinates": [ [ -59.935734931748371, -3.07704905686895 ], [ -59.935699668230292, -3.077022622052123 ], [ -59.93553236632188, -3.076970020200867 ], [ -59.935241726862898, -3.076855850596286 ], [ -59.935144879325861, -3.07682958612631 ], [ -59.935118437746404, -3.07681197100145 ], [ -59.935021590206674, -3.076785706513454 ], [ -59.934995148628076, -3.07676809138251 ], [ -59.934898301085646, -3.076741826876495 ], [ -59.934871859507929, -3.076724211739483 ], [ -59.934775011962792, -3.076697947215433 ], [ -59.934501992136475, -3.076592572665743 ], [ -59.934220222988365, -3.076504910482101 ], [ -59.934123980479839, -3.076699747866395 ], [ -59.934097877741586, -3.076805949820717 ] ] } },
{ "type": "Feature", "properties": { "id": 376, "pagina": 15, "classe": "Logradouros", "metodo": "EIXO_TRACO", "comp_m": 4.894283477216959, "id_layer": "p15_camadas_logradouros", "doc_fonte": "Resposta SECT_autos.pdf", "doc_pagina": 15, "doc_folha": 108, "doc_escala": "1:15.000", "doc_metodo": "Reconstituição Vetorial Afim", "doc_rms_m": 0.68 }, "geometry": { "type": "LineString", "coordinates": [ [ -59.912319253500002, -3.091538681351284 ], [ -59.91231913280415, -3.091494460098079 ] ] } },
{ "type": "Feature", "properties": { "id": 377, "pagina": 15, "classe": "Logradouros", "metodo": "EIXO_TRACO", "comp_m": 29.181380675090541, "id_layer": "p15_camadas_logradouros", "doc_fonte": "Resposta SECT_autos.pdf", "doc_pagina": 15, "doc_folha": 108, "doc_escala": "1:15.000", "doc_metodo": "Reconstituição Vetorial Afim", "doc_rms_m": 0.68 }, "geometry": { "type": "LineString", "coordinates": [ [ -59.912319253500002, -3.091538681351284 ], [ -59.912380960334232, -3.091582732737316 ], [ -59.912486898684477, -3.091715105267592 ], [ -59.912504494723414, -3.091715056729629 ] ] } },
{ "type": "Feature", "properties": { "id": 378, "pagina": 15, "classe": "Logradouros", "metodo": "EIXO_TRACO", "comp_m": 29.264381742005426, "id_layer": "p15_camadas_logradouros", "doc_fonte": "Resposta SECT_autos.pdf", "doc_pagina": 15, "doc_folha": 108, "doc_escala": "1:15.000", "doc_metodo": "Reconstituição Vetorial Afim", "doc_rms_m": 0.68 }, "geometry": { "type": "LineString", "coordinates": [ [ -59.912319253500002, -3.091538681351284 ], [ -59.912275384097896, -3.09158302393592 ], [ -59.912179088656913, -3.091760175893205 ] ] } },
{ "type": "Feature", "properties": { "id": 379, "pagina": 15, "classe": "Logradouros", "metodo": "EIXO_TRACO", "comp_m": 39.947427212578496, "id_layer": "p15_camadas_logradouros", "doc_fonte": "Resposta SECT_autos.pdf", "doc_pagina": 15, "doc_folha": 108, "doc_escala": "1:15.000", "doc_metodo": "Reconstituição Vetorial Afim", "doc_rms_m": 0.68 }, "geometry": { "type": "LineString", "coordinates": [ [ -59.925986200293188, -3.089643613656629 ], [ -59.925977281210166, -3.089599417307936 ], [ -59.926003311343528, -3.089466682075937 ], [ -59.926002850864805, -3.08929864336725 ], [ -59.926011624522765, -3.089289774862301 ] ] } },
{ "type": "Feature", "properties": { "id": 380, "pagina": 15, "classe": "Logradouros", "metodo": "EIXO_TRACO", "comp_m": 207.88586724602791, "id_layer": "p15_camadas_logradouros", "doc_fonte": "Resposta SECT_autos.pdf", "doc_pagina": 15, "doc_folha": 108, "doc_escala": "1:15.000", "doc_metodo": "Reconstituição Vetorial Afim", "doc_rms_m": 0.68 }, "geometry": { "type": "LineString", "coordinates": [ [ -59.925986200293188, -3.089643613656629 ], [ -59.925654231303263, -3.090502421560164 ], [ -59.925339445995562, -3.091210830603786 ], [ -59.925295795850396, -3.091334770532708 ], [ -59.925278272754881, -3.09136135172164 ], [ -59.925260676923138, -3.091361400466732 ] ] } },
{ "type": "Feature", "properties": { "id": 381, "pagina": 15, "classe": "Logradouros", "metodo": "EIXO_TRACO", "comp_m": 38.651403748912735, "id_layer": "p15_camadas_logradouros", "doc_fonte": "Resposta SECT_autos.pdf", "doc_pagina": 15, "doc_folha": 108, "doc_escala": "1:15.000", "doc_metodo": "Reconstituição Vetorial Afim", "doc_rms_m": 0.68 }, "geometry": { "type": "LineString", "coordinates": [ [ -59.925986200293188, -3.089643613656629 ], [ -59.926030141296764, -3.0896258035462 ], [ -59.926179317694789, -3.089483883069057 ], [ -59.926214412314593, -3.089448409043685 ], [ -59.926223089017789, -3.089404163974271 ] ] } },
{ "type": "Feature", "properties": { "id": 382, "pagina": 15, "classe": "Logradouros", "metodo": "EIXO_TRACO", "comp_m": 58.883471403104416, "id_layer": "p15_camadas_logradouros", "doc_fonte": "Resposta SECT_autos.pdf", "doc_pagina": 15, "doc_folha": 108, "doc_escala": "1:15.000", "doc_metodo": "Reconstituição Vetorial Afim", "doc_rms_m": 0.68 }, "geometry": { "type": "LineString", "coordinates": [ [ -59.919414474998575, -3.099417012929495 ], [ -59.91937050911465, -3.099425979057694 ], [ -59.919308874392314, -3.099408461375703 ], [ -59.919097673155221, -3.099391358231455 ], [ -59.919088850867425, -3.099382538419963 ], [ -59.91903606268135, -3.099382684723453 ], [ -59.918895221407276, -3.099356542261346 ] ] } },
{ "type": "Feature", "properties": { "id": 383, "pagina": 15, "classe": "Logradouros", "metodo": "EIXO_TRACO", "comp_m": 1.957713389769197, "id_layer": "p15_camadas_logradouros", "doc_fonte": "Resposta SECT_autos.pdf", "doc_pagina": 15, "doc_folha": 108, "doc_escala": "1:15.000", "doc_metodo": "Reconstituição Vetorial Afim", "doc_rms_m": 0.68 }, "geometry": { "type": "LineString", "coordinates": [ [ -59.940511187523285, -3.092707565462082 ], [ -59.940511236287527, -3.092725253515046 ] ] } },
{ "type": "Feature", "properties": { "id": 384, "pagina": 15, "classe": "Logradouros", "metodo": "EIXO_TRACO", "comp_m": 63.894966056834214, "id_layer": "p15_camadas_logradouros", "doc_fonte": "Resposta SECT_autos.pdf", "doc_pagina": 15, "doc_folha": 108, "doc_escala": "1:15.000", "doc_metodo": "Reconstituição Vetorial Afim", "doc_rms_m": 0.68 }, "geometry": { "type": "LineString", "coordinates": [ [ -59.940511187523285, -3.092707565462082 ], [ -59.940941402108791, -3.092387979549436 ], [ -59.940958900176675, -3.092352554435137 ] ] } },
{ "type": "Feature", "properties": { "id": 385, "pagina": 15, "classe": "Logradouros", "metodo": "EIXO_TRACO", "comp_m": 119.08795106218396, "id_layer": "p15_camadas_logradouros", "doc_fonte": "Resposta SECT_autos.pdf", "doc_pagina": 15, "doc_folha": 108, "doc_escala": "1:15.000", "doc_metodo": "Reconstituição Vetorial Afim", "doc_rms_m": 0.68 }, "geometry": { "type": "LineString", "coordinates": [ [ -59.892849344817044, -3.085197650739652 ], [ -59.892849440532885, -3.085233028360036 ], [ -59.89288487231012, -3.085321376187846 ], [ -59.892884991961374, -3.08536559821183 ], [ -59.89292054341297, -3.085498168053775 ], [ -59.892921189595285, -3.085736966974426 ], [ -59.892912415405128, -3.085745835438353 ], [ -59.892913037702151, -3.08597578995514 ], [ -59.892904263511753, -3.085984658420868 ], [ -59.892904861918126, -3.086205768533805 ], [ -59.892896087727486, -3.086214637001282 ], [ -59.892904981604566, -3.086249990556251 ] ] } },
{ "type": "Feature", "properties": { "id": 386, "pagina": 15, "classe": "Logradouros", "metodo": "EIXO_TRACO", "comp_m": 158.97071298971403, "id_layer": "p15_camadas_logradouros", "doc_fonte": "Resposta SECT_autos.pdf", "doc_pagina": 15, "doc_folha": 108, "doc_escala": "1:15.000", "doc_metodo": "Reconstituição Vetorial Afim", "doc_rms_m": 0.68 }, "geometry": { "type": "LineString", "coordinates": [ [ -59.892849344817044, -3.085197650739652 ], [ -59.892902085676347, -3.085179817601084 ], [ -59.89296352893296, -3.085126582789399 ], [ -59.893174109430284, -3.084913739785526 ], [ -59.893375197811345, -3.084444433242412 ], [ -59.893453734764229, -3.08420541794774 ], [ -59.893505901337853, -3.083975319231534 ] ] } },
{ "type": "Feature", "properties": { "id": 387, "pagina": 15, "classe": "Logradouros", "metodo": "EIXO_TRACO", "comp_m": 142.9120716372482, "id_layer": "p15_camadas_logradouros", "doc_fonte": "Resposta SECT_autos.pdf", "doc_pagina": 15, "doc_folha": 108, "doc_escala": "1:15.000", "doc_metodo": "Reconstituição Vetorial Afim", "doc_rms_m": 0.68 }, "geometry": { "type": "LineString", "coordinates": [ [ -59.892849344817044, -3.085197650739652 ], [ -59.892805258503778, -3.085162393390189 ], [ -59.892752158728364, -3.085047560436516 ], [ -59.892628554396836, -3.08488869784313 ], [ -59.892037358226169, -3.084253511423588 ], [ -59.89202846444946, -3.084218157817284 ] ] } },
{ "type": "Feature", "properties": { "id": 388, "pagina": 15, "classe": "Logradouros", "metodo": "EIXO_TRACO", "comp_m": 175.67722999381334, "id_layer": "p15_camadas_logradouros", "doc_fonte": "Resposta SECT_autos.pdf", "doc_pagina": 15, "doc_folha": 108, "doc_escala": "1:15.000", "doc_metodo": "Reconstituição Vetorial Afim", "doc_rms_m": 0.68 }, "geometry": { "type": "LineString", "coordinates": [ [ -59.934097877741586, -3.076805949820717 ], [ -59.934115473194261, -3.076805901158464 ], [ -59.935128567237143, -3.077298370623059 ], [ -59.935146162681562, -3.077298321935943 ], [ -59.935436899198578, -3.077447867738194 ], [ -59.935524949067208, -3.077474156468726 ] ] } },
{ "type": "Feature", "properties": { "id": 389, "pagina": 15, "classe": "Logradouros", "metodo": "EIXO_TRACO", "comp_m": 52.576414020015925, "id_layer": "p15_camadas_logradouros", "doc_fonte": "Resposta SECT_autos.pdf", "doc_pagina": 15, "doc_folha": 108, "doc_escala": "1:15.000", "doc_metodo": "Reconstituição Vetorial Afim", "doc_rms_m": 0.68 }, "geometry": { "type": "LineString", "coordinates": [ [ -59.934097877741586, -3.076805949820717 ], [ -59.934071508765449, -3.076814866894018 ], [ -59.933896522353457, -3.077169116771409 ], [ -59.933896594968154, -3.077195649016832 ], [ -59.933879047915468, -3.077213385845515 ] ] } },
{ "type": "Feature", "properties": { "id": 390, "pagina": 15, "classe": "Logradouros", "metodo": "EIXO_TRACO", "comp_m": 63.708378169545675, "id_layer": "p15_camadas_logradouros", "doc_fonte": "Resposta SECT_autos.pdf", "doc_pagina": 15, "doc_folha": 108, "doc_escala": "1:15.000", "doc_metodo": "Reconstituição Vetorial Afim", "doc_rms_m": 0.68 }, "geometry": { "type": "LineString", "coordinates": [ [ -59.923721213371891, -3.09463802813191 ], [ -59.923712609483303, -3.094708805796253 ], [ -59.92369508634733, -3.094735387047981 ], [ -59.923555410698498, -3.095133764462923 ], [ -59.923520315897854, -3.095169238659468 ] ] } },
{ "type": "Feature", "properties": { "id": 391, "pagina": 15, "classe": "Logradouros", "metodo": "EIXO_TRACO", "comp_m": 41.671526945923745, "id_layer": "p15_camadas_logradouros", "doc_fonte": "Resposta SECT_autos.pdf", "doc_pagina": 15, "doc_folha": 108, "doc_escala": "1:15.000", "doc_metodo": "Reconstituição Vetorial Afim", "doc_rms_m": 0.68 }, "geometry": { "type": "LineString", "coordinates": [ [ -59.923721213371891, -3.09463802813191 ], [ -59.923738785023744, -3.094629135201212 ], [ -59.923756283900602, -3.094593709791881 ], [ -59.923843608479984, -3.094354673645171 ], [ -59.923852236634644, -3.094292740149178 ] ] } },
{ "type": "Feature", "properties": { "id": 392, "pagina": 15, "classe": "Logradouros", "metodo": "EIXO_TRACO", "comp_m": 41.34521718380806, "id_layer": "p15_camadas_logradouros", "doc_fonte": "Resposta SECT_autos.pdf", "doc_pagina": 15, "doc_folha": 108, "doc_escala": "1:15.000", "doc_metodo": "Reconstituição Vetorial Afim", "doc_rms_m": 0.68 }, "geometry": { "type": "LineString", "coordinates": [ [ -59.923721213371891, -3.09463802813191 ], [ -59.923439387708491, -3.094532678484305 ], [ -59.923368979800259, -3.094524029377523 ] ] } },
{ "type": "Feature", "properties": { "id": 393, "pagina": 15, "classe": "Logradouros", "metodo": "EIXO_TRACO", "comp_m": 265.57963213288934, "id_layer": "p15_camadas_logradouros", "doc_fonte": "Resposta SECT_autos.pdf", "doc_pagina": 15, "doc_folha": 108, "doc_escala": "1:15.000", "doc_metodo": "Reconstituição Vetorial Afim", "doc_rms_m": 0.68 }, "geometry": { "type": "LineString", "coordinates": [ [ -59.940990694523407, -3.084728859308308 ], [ -59.940990621554739, -3.084702327236338 ], [ -59.940972928791517, -3.084667000041004 ], [ -59.940849249742278, -3.08448161780956 ], [ -59.940399252150975, -3.084005286996498 ], [ -59.939949327896052, -3.083555487699782 ], [ -59.939640289269505, -3.083149517199208 ], [ -59.939472622058837, -3.082964256538525 ], [ -59.939463678547078, -3.082911216743963 ] ] } },
{ "type": "Feature", "properties": { "id": 394, "pagina": 15, "classe": "Logradouros", "metodo": "EIXO_TRACO", "comp_m": 51.193112497312192, "id_layer": "p15_camadas_logradouros", "doc_fonte": "Resposta SECT_autos.pdf", "doc_pagina": 15, "doc_folha": 108, "doc_escala": "1:15.000", "doc_metodo": "Reconstituição Vetorial Afim", "doc_rms_m": 0.68 }, "geometry": { "type": "LineString", "coordinates": [ [ -59.940990694523407, -3.084728859308308 ], [ -59.941025885469941, -3.084728761504125 ], [ -59.941069971446652, -3.08476401534067 ], [ -59.941290571655991, -3.085002192604416 ], [ -59.941334584666336, -3.085010914346911 ] ] } },
{ "type": "Feature", "properties": { "id": 395, "pagina": 15, "classe": "Logradouros", "metodo": "EIXO_TRACO", "comp_m": 171.52408422246893, "id_layer": "p15_camadas_logradouros", "doc_fonte": "Resposta SECT_autos.pdf", "doc_pagina": 15, "doc_folha": 108, "doc_escala": "1:15.000", "doc_metodo": "Reconstituição Vetorial Afim", "doc_rms_m": 0.68 }, "geometry": { "type": "LineString", "coordinates": [ [ -59.936730042287749, -3.077400067614989 ], [ -59.936730187668843, -3.077453131970143 ], [ -59.936651662496828, -3.077692140803495 ], [ -59.936651735192036, -3.0777186729828 ], [ -59.936538091867099, -3.077984311468878 ], [ -59.936459275906778, -3.078117191629944 ], [ -59.936406804629264, -3.078232310595943 ], [ -59.936266598474354, -3.078436113812984 ], [ -59.936187661308431, -3.078524773700648 ], [ -59.93613509307179, -3.07860451644478 ], [ -59.936056131651924, -3.078684332280458 ], [ -59.936038730076639, -3.078755133520472 ] ] } },
{ "type": "Feature", "properties": { "id": 396, "pagina": 15, "classe": "Logradouros", "metodo": "EIXO_TRACO", "comp_m": 68.463814910298169, "id_layer": "p15_camadas_logradouros", "doc_fonte": "Resposta SECT_autos.pdf", "doc_pagina": 15, "doc_folha": 108, "doc_escala": "1:15.000", "doc_metodo": "Reconstituição Vetorial Afim", "doc_rms_m": 0.68 }, "geometry": { "type": "LineString", "coordinates": [ [ -59.936730042287749, -3.077400067614989 ], [ -59.936677231794505, -3.077391369699437 ], [ -59.936650790203544, -3.077373754650601 ], [ -59.936236910114999, -3.077233394324715 ], [ -59.936210468527207, -3.077215779254114 ], [ -59.936148884534326, -3.077215949714916 ] ] } },
{ "type": "Feature", "properties": { "id": 397, "pagina": 15, "classe": "Logradouros", "metodo": "EIXO_TRACO", "comp_m": 13.102158223337838, "id_layer": "p15_camadas_logradouros", "doc_fonte": "Resposta SECT_autos.pdf", "doc_pagina": 15, "doc_folha": 108, "doc_escala": "1:15.000", "doc_metodo": "Reconstituição Vetorial Afim", "doc_rms_m": 0.68 }, "geometry": { "type": "LineString", "coordinates": [ [ -59.936014182111755, -3.07621693563055 ], [ -59.93603189859968, -3.076261107270628 ], [ -59.936032092323778, -3.076331859790172 ] ] } },
{ "type": "Feature", "properties": { "id": 398, "pagina": 15, "classe": "Logradouros", "metodo": "EIXO_TRACO", "comp_m": 57.453135237810379, "id_layer": "p15_camadas_logradouros", "doc_fonte": "Resposta SECT_autos.pdf", "doc_pagina": 15, "doc_folha": 108, "doc_escala": "1:15.000", "doc_metodo": "Reconstituição Vetorial Afim", "doc_rms_m": 0.68 }, "geometry": { "type": "LineString", "coordinates": [ [ -59.940569616517685, -3.081970671824716 ], [ -59.940209930484642, -3.082343122499097 ] ] } },
{ "type": "Feature", "properties": { "id": 399, "pagina": 15, "classe": "Logradouros", "metodo": "EIXO_TRACO", "comp_m": 106.90003620998694, "id_layer": "p15_camadas_logradouros", "doc_fonte": "Resposta SECT_autos.pdf", "doc_pagina": 15, "doc_folha": 108, "doc_escala": "1:15.000", "doc_metodo": "Reconstituição Vetorial Afim", "doc_rms_m": 0.68 }, "geometry": { "type": "LineString", "coordinates": [ [ -59.936148884534326, -3.077215949714916 ], [ -59.936140232163972, -3.07726903844972 ], [ -59.936035216743001, -3.077472744153187 ], [ -59.93596529528174, -3.077640976209949 ], [ -59.935764086339454, -3.078057207453428 ], [ -59.93573776585, -3.078083812718326 ] ] } },
{ "type": "Feature", "properties": { "id": 400, "pagina": 15, "classe": "Logradouros", "metodo": "EIXO_TRACO", "comp_m": 115.12706784479329, "id_layer": "p15_camadas_logradouros", "doc_fonte": "Resposta SECT_autos.pdf", "doc_pagina": 15, "doc_folha": 108, "doc_escala": "1:15.000", "doc_metodo": "Reconstituição Vetorial Afim", "doc_rms_m": 0.68 }, "geometry": { "type": "LineString", "coordinates": [ [ -59.939330526231991, -3.092074078568455 ], [ -59.938756500418755, -3.091288550986525 ], [ -59.938730033925019, -3.091262092316094 ], [ -59.938703616143627, -3.091253321726066 ] ] } },
{ "type": "Feature", "properties": { "id": 401, "pagina": 15, "classe": "Logradouros", "metodo": "EIXO_TRACO", "comp_m": 197.16908274978556, "id_layer": "p15_camadas_logradouros", "doc_fonte": "Resposta SECT_autos.pdf", "doc_pagina": 15, "doc_folha": 108, "doc_escala": "1:15.000", "doc_metodo": "Reconstituição Vetorial Afim", "doc_rms_m": 0.68 }, "geometry": { "type": "LineString", "coordinates": [ [ -59.938693793477512, -3.094074619781119 ], [ -59.938684922512707, -3.094048112164347 ], [ -59.938349386204372, -3.093606841142554 ], [ -59.93830527519588, -3.093562743417897 ], [ -59.93826991328217, -3.093500933101597 ], [ -59.938172820351177, -3.093386229986532 ], [ -59.938040341196853, -3.093200872449829 ], [ -59.938040146275299, -3.093130120080815 ], [ -59.938092494685144, -3.092970780299311 ], [ -59.938136240181315, -3.092882217384273 ], [ -59.938232187914672, -3.09258125045268 ], [ -59.93825853265961, -3.092563488893074 ] ] } },
{ "type": "Feature", "properties": { "id": 402, "pagina": 15, "classe": "Logradouros", "metodo": "EIXO_TRACO", "comp_m": 295.72304502053703, "id_layer": "p15_camadas_logradouros", "doc_fonte": "Resposta SECT_autos.pdf", "doc_pagina": 15, "doc_folha": 108, "doc_escala": "1:15.000", "doc_metodo": "Reconstituição Vetorial Afim", "doc_rms_m": 0.68 }, "geometry": { "type": "LineString", "coordinates": [ [ -59.938693793477512, -3.094074619781119 ], [ -59.938693866611189, -3.094101151903412 ], [ -59.938676319702559, -3.094118888996999 ], [ -59.938448039193744, -3.094287562938867 ], [ -59.938377778391406, -3.094331979195969 ], [ -59.938289897528591, -3.094367600419746 ], [ -59.938246005845997, -3.094403099119551 ], [ -59.938184469729286, -3.094420958739717 ], [ -59.938087839752022, -3.094474292555377 ], [ -59.937894457875942, -3.094536739952455 ], [ -59.93779780347954, -3.094581229717542 ], [ -59.937639588529571, -3.094634735041718 ], [ -59.937613194994462, -3.094634808545623 ], [ -59.937542909722353, -3.094670380752202 ], [ -59.937041895407134, -3.094839814206675 ], [ -59.936866133317594, -3.094911056594734 ], [ -59.93663758404805, -3.094982445952074 ], [ -59.936584870015054, -3.095009125097897 ], [ -59.93655847644559, -3.095009198584314 ], [ -59.936400309947054, -3.095080391960114 ], [ -59.936286010879137, -3.095107242563205 ] ] } },
{ "type": "Feature", "properties": { "id": 403, "pagina": 15, "classe": "Logradouros", "metodo": "EIXO_TRACO", "comp_m": 52.138184814204166, "id_layer": "p15_camadas_logradouros", "doc_fonte": "Resposta SECT_autos.pdf", "doc_pagina": 15, "doc_folha": 108, "doc_escala": "1:15.000", "doc_metodo": "Reconstituição Vetorial Afim", "doc_rms_m": 0.68 }, "geometry": { "type": "LineString", "coordinates": [ [ -59.892888630181972, -3.086709947721031 ], [ -59.892879281429181, -3.086506550481319 ], [ -59.892888055620212, -3.086497682011607 ], [ -59.892887744415852, -3.086382704751931 ], [ -59.892896518606683, -3.086373836283161 ], [ -59.892896207413912, -3.086258859024082 ], [ -59.892904981604566, -3.086249990556251 ] ] } },
{ "type": "Feature", "properties": { "id": 404, "pagina": 15, "classe": "Logradouros", "metodo": "EIXO_TRACO", "comp_m": 143.37004157920069, "id_layer": "p15_camadas_logradouros", "doc_fonte": "Resposta SECT_autos.pdf", "doc_pagina": 15, "doc_folha": 108, "doc_escala": "1:15.000", "doc_metodo": "Reconstituição Vetorial Afim", "doc_rms_m": 0.68 }, "geometry": { "type": "LineString", "coordinates": [ [ -59.892888630181972, -3.086709947721031 ], [ -59.892924014240961, -3.086780606687485 ], [ -59.893559179993048, -3.087406825975679 ], [ -59.893770886102978, -3.087609669230543 ], [ -59.893797304455482, -3.087618441384179 ] ] } },
{ "type": "Feature", "properties": { "id": 405, "pagina": 15, "classe": "Logradouros", "metodo": "EIXO_TRACO", "comp_m": 191.54970382298285, "id_layer": "p15_camadas_logradouros", "doc_fonte": "Resposta SECT_autos.pdf", "doc_pagina": 15, "doc_folha": 108, "doc_escala": "1:15.000", "doc_metodo": "Reconstituição Vetorial Afim", "doc_rms_m": 0.68 }, "geometry": { "type": "LineString", "coordinates": [ [ -59.942953844009509, -3.081981737840091 ], [ -59.942900936232178, -3.081937664465451 ], [ -59.942653676734771, -3.081602276461668 ], [ -59.942450673311129, -3.081364050213666 ], [ -59.942238993819267, -3.081170068344515 ], [ -59.941948062211772, -3.080949774172638 ], [ -59.94177169515239, -3.080799914423792 ], [ -59.941745204865029, -3.08076461162779 ] ] } },
{ "type": "Feature", "properties": { "id": 406, "pagina": 15, "classe": "Logradouros", "metodo": "EIXO_TRACO", "comp_m": 60.034083216488192, "id_layer": "p15_camadas_logradouros", "doc_fonte": "Resposta SECT_autos.pdf", "doc_pagina": 15, "doc_folha": 108, "doc_escala": "1:15.000", "doc_metodo": "Reconstituição Vetorial Afim", "doc_rms_m": 0.68 }, "geometry": { "type": "LineString", "coordinates": [ [ -59.942953844009509, -3.081981737840091 ], [ -59.94299773523079, -3.081946239578303 ], [ -59.943155607419207, -3.081768919403586 ], [ -59.943269588365837, -3.081627097506217 ], [ -59.943295908492836, -3.081600492151856 ], [ -59.943322277253309, -3.081591574809862 ] ] } },
{ "type": "Feature", "properties": { "id": 407, "pagina": 15, "classe": "Logradouros", "metodo": "EIXO_TRACO", "comp_m": 94.544045434790178, "id_layer": "p15_camadas_logradouros", "doc_fonte": "Resposta SECT_autos.pdf", "doc_pagina": 15, "doc_folha": 108, "doc_escala": "1:15.000", "doc_metodo": "Reconstituição Vetorial Afim", "doc_rms_m": 0.68 }, "geometry": { "type": "LineString", "coordinates": [ [ -59.93948925725676, -3.089013577045742 ], [ -59.939524497081514, -3.089031167225766 ], [ -59.939957487792455, -3.089719802427066 ] ] } },
{ "type": "Feature", "properties": { "id": 408, "pagina": 15, "classe": "Logradouros", "metodo": "EIXO_TRACO", "comp_m": 26.409479843586844, "id_layer": "p15_camadas_logradouros", "doc_fonte": "Resposta SECT_autos.pdf", "doc_pagina": 15, "doc_folha": 108, "doc_escala": "1:15.000", "doc_metodo": "Reconstituição Vetorial Afim", "doc_rms_m": 0.68 }, "geometry": { "type": "LineString", "coordinates": [ [ -59.922465804889022, -3.079544392973418 ], [ -59.922421791555095, -3.079535670081001 ], [ -59.922324749894891, -3.07943865098286 ], [ -59.922271914593651, -3.079421108159211 ] ] } },
{ "type": "Feature", "properties": { "id": 409, "pagina": 15, "classe": "Logradouros", "metodo": "EIXO_TRACO", "comp_m": 48.877355902185784, "id_layer": "p15_camadas_logradouros", "doc_fonte": "Resposta SECT_autos.pdf", "doc_pagina": 15, "doc_folha": 108, "doc_escala": "1:15.000", "doc_metodo": "Reconstituição Vetorial Afim", "doc_rms_m": 0.68 }, "geometry": { "type": "LineString", "coordinates": [ [ -59.922465804889022, -3.079544392973418 ], [ -59.922790745807305, -3.079331235370167 ], [ -59.922817018665256, -3.079286941750467 ] ] } },
{ "type": "Feature", "properties": { "id": 410, "pagina": 15, "classe": "Logradouros", "metodo": "EIXO_TRACO", "comp_m": 248.07654318535711, "id_layer": "p15_camadas_logradouros", "doc_fonte": "Resposta SECT_autos.pdf", "doc_pagina": 15, "doc_folha": 108, "doc_escala": "1:15.000", "doc_metodo": "Reconstituição Vetorial Afim", "doc_rms_m": 0.68 }, "geometry": { "type": "LineString", "coordinates": [ [ -59.941736382868982, -3.080755792034825 ], [ -59.941366077794761, -3.080464965131713 ], [ -59.940554746576446, -3.079759689228516 ], [ -59.940087400319271, -3.079371845336664 ], [ -59.940034444210532, -3.079310083513674 ] ] } },
{ "type": "Feature", "properties": { "id": 411, "pagina": 15, "classe": "Logradouros", "metodo": "EIXO_TRACO", "comp_m": 106.63495182351787, "id_layer": "p15_camadas_logradouros", "doc_fonte": "Resposta SECT_autos.pdf", "doc_pagina": 15, "doc_folha": 108, "doc_escala": "1:15.000", "doc_metodo": "Reconstituição Vetorial Afim", "doc_rms_m": 0.68 }, "geometry": { "type": "LineString", "coordinates": [ [ -59.936032092323778, -3.076331859790172 ], [ -59.936102473979062, -3.076331665041188 ], [ -59.936208143323114, -3.076366749163115 ], [ -59.936243334146866, -3.076366651782268 ], [ -59.936322586151924, -3.076392964858947 ], [ -59.936463422088977, -3.076419107494568 ], [ -59.936956505250016, -3.076568092893495 ] ] } },
{ "type": "Feature", "properties": { "id": 412, "pagina": 15, "classe": "Logradouros", "metodo": "EIXO_TRACO", "comp_m": 65.167520764518201, "id_layer": "p15_camadas_logradouros", "doc_fonte": "Resposta SECT_autos.pdf", "doc_pagina": 15, "doc_folha": 108, "doc_escala": "1:15.000", "doc_metodo": "Reconstituição Vetorial Afim", "doc_rms_m": 0.68 }, "geometry": { "type": "LineString", "coordinates": [ [ -59.938621524163899, -3.07738598501485 ], [ -59.938506838946431, -3.077271329273816 ], [ -59.938286145080994, -3.076997773081044 ], [ -59.938259679278453, -3.076971314041338 ], [ -59.938224464259953, -3.076962567460778 ] ] } },
{ "type": "Feature", "properties": { "id": 413, "pagina": 15, "classe": "Logradouros", "metodo": "EIXO_TRACO", "comp_m": 34.144170962526893, "id_layer": "p15_camadas_logradouros", "doc_fonte": "Resposta SECT_autos.pdf", "doc_pagina": 15, "doc_folha": 108, "doc_escala": "1:15.000", "doc_metodo": "Reconstituição Vetorial Afim", "doc_rms_m": 0.68 }, "geometry": { "type": "LineString", "coordinates": [ [ -59.918475828063201, -3.093998077965735 ], [ -59.918466909025128, -3.09395388129452 ], [ -59.918413927410612, -3.093883273694884 ], [ -59.918378541786041, -3.093812617417083 ], [ -59.918334382385765, -3.093750829669768 ], [ -59.918316762198742, -3.093742034133989 ] ] } },
{ "type": "Feature", "properties": { "id": 414, "pagina": 15, "classe": "Logradouros", "metodo": "EIXO_TRACO", "comp_m": 91.28922159547362, "id_layer": "p15_camadas_logradouros", "doc_fonte": "Resposta SECT_autos.pdf", "doc_pagina": 15, "doc_folha": 108, "doc_escala": "1:15.000", "doc_metodo": "Reconstituição Vetorial Afim", "doc_rms_m": 0.68 }, "geometry": { "type": "LineString", "coordinates": [ [ -59.918475828063201, -3.093998077965735 ], [ -59.918458232080646, -3.093998126639007 ], [ -59.918335278073904, -3.094078065167222 ], [ -59.91787860536558, -3.094380033559793 ], [ -59.917852283990719, -3.094406639182792 ], [ -59.917781948406883, -3.094424522272109 ] ] } },
{ "type": "Feature", "properties": { "id": 415, "pagina": 15, "classe": "Logradouros", "metodo": "EIXO_TRACO", "comp_m": 189.78239263040172, "id_layer": "p15_camadas_logradouros", "doc_fonte": "Resposta SECT_autos.pdf", "doc_pagina": 15, "doc_folha": 108, "doc_escala": "1:15.000", "doc_metodo": "Reconstituição Vetorial Afim", "doc_rms_m": 0.68 }, "geometry": { "type": "LineString", "coordinates": [ [ -59.942137943256974, -3.08281534838222 ], [ -59.942102728091655, -3.082806602147294 ], [ -59.942067439976285, -3.0827713238635 ], [ -59.941723210798649, -3.082365452286529 ], [ -59.941273214961029, -3.081889121346694 ], [ -59.940955671143435, -3.081589303964907 ] ] } },
{ "type": "Feature", "properties": { "id": 416, "pagina": 15, "classe": "Logradouros", "metodo": "EIXO_TRACO", "comp_m": 46.479375672455163, "id_layer": "p15_camadas_logradouros", "doc_fonte": "Resposta SECT_autos.pdf", "doc_pagina": 15, "doc_folha": 108, "doc_escala": "1:15.000", "doc_metodo": "Reconstituição Vetorial Afim", "doc_rms_m": 0.68 }, "geometry": { "type": "LineString", "coordinates": [ [ -59.942137943256974, -3.08281534838222 ], [ -59.942208179043924, -3.08276208873017 ], [ -59.942445084931407, -3.082531484346231 ] ] } },
{ "type": "Feature", "properties": { "id": 417, "pagina": 15, "classe": "Logradouros", "metodo": "EIXO_TRACO", "comp_m": 1.9577134455030321, "id_layer": "p15_camadas_logradouros", "doc_fonte": "Resposta SECT_autos.pdf", "doc_pagina": 15, "doc_folha": 108, "doc_escala": "1:15.000", "doc_metodo": "Reconstituição Vetorial Afim", "doc_rms_m": 0.68 }, "geometry": { "type": "LineString", "coordinates": [ [ -59.912161492612114, -3.091760224426457 ], [ -59.912179088656913, -3.091760175893205 ] ] } },
{ "type": "Feature", "properties": { "id": 418, "pagina": 15, "classe": "Logradouros", "metodo": "EIXO_TRACO", "comp_m": 216.97191247531177, "id_layer": "p15_camadas_logradouros", "doc_fonte": "Resposta SECT_autos.pdf", "doc_pagina": 15, "doc_folha": 108, "doc_escala": "1:15.000", "doc_metodo": "Reconstituição Vetorial Afim", "doc_rms_m": 0.68 }, "geometry": { "type": "LineString", "coordinates": [ [ -59.912161492612114, -3.091760224426457 ], [ -59.91191476176094, -3.0916193958004 ], [ -59.911870675099337, -3.091584140099776 ], [ -59.911412477988961, -3.091328918187459 ], [ -59.91132432883289, -3.091267250943396 ], [ -59.911262670271157, -3.091240887954522 ], [ -59.911086396109468, -3.091126397654192 ], [ -59.910584136670899, -3.090844763473667 ], [ -59.91047836739078, -3.090774300300922 ] ] } },
{ "type": "Feature", "properties": { "id": 419, "pagina": 15, "classe": "Logradouros", "metodo": "EIXO_TRACO", "comp_m": 151.32440671477841, "id_layer": "p15_camadas_logradouros", "doc_fonte": "Resposta SECT_autos.pdf", "doc_pagina": 15, "doc_folha": 108, "doc_escala": "1:15.000", "doc_metodo": "Reconstituição Vetorial Afim", "doc_rms_m": 0.68 }, "geometry": { "type": "LineString", "coordinates": [ [ -59.923417696014624, -3.089827608378901 ], [ -59.923426445496808, -3.089809895707924 ], [ -59.923523222586702, -3.089809627908601 ], [ -59.923532044722208, -3.089818447724883 ], [ -59.923822424383751, -3.089835332588793 ], [ -59.923831246519775, -3.089844152400003 ], [ -59.923954417319202, -3.089843811512039 ], [ -59.923963239455432, -3.089852631321036 ], [ -59.924033622763289, -3.089852436520346 ], [ -59.924042444899669, -3.089861256327969 ], [ -59.924112828203093, -3.089861061521464 ], [ -59.924200855775368, -3.089878506320352 ], [ -59.924306430715518, -3.089878214091395 ], [ -59.924658686315745, -3.090001058062993 ], [ -59.924729093819515, -3.090009707359223 ] ] } },
{ "type": "Feature", "properties": { "id": 420, "pagina": 15, "classe": "Logradouros", "metodo": "EIXO_TRACO", "comp_m": 183.55535305987314, "id_layer": "p15_camadas_logradouros", "doc_fonte": "Resposta SECT_autos.pdf", "doc_pagina": 15, "doc_folha": 108, "doc_escala": "1:15.000", "doc_metodo": "Reconstituição Vetorial Afim", "doc_rms_m": 0.68 }, "geometry": { "type": "LineString", "coordinates": [ [ -59.923417696014624, -3.089827608378901 ], [ -59.923426566586436, -3.089854116522643 ], [ -59.923453032995432, -3.08988057597447 ], [ -59.923541133269282, -3.089924553323245 ], [ -59.9245717006538, -3.090363911932593 ], [ -59.924783141354673, -3.090469457123315 ], [ -59.924906433297735, -3.090513336810966 ] ] } },
{ "type": "Feature", "properties": { "id": 421, "pagina": 15, "classe": "Logradouros", "metodo": "EIXO_TRACO", "comp_m": 76.434952778544343, "id_layer": "p15_camadas_logradouros", "doc_fonte": "Resposta SECT_autos.pdf", "doc_pagina": 15, "doc_folha": 108, "doc_escala": "1:15.000", "doc_metodo": "Reconstituição Vetorial Afim", "doc_rms_m": 0.68 }, "geometry": { "type": "LineString", "coordinates": [ [ -59.923417696014624, -3.089827608378901 ], [ -59.923320846263188, -3.089801343678773 ], [ -59.923250462913678, -3.0898015384288 ], [ -59.923206424886374, -3.089783971815811 ], [ -59.923162435289655, -3.089784093529682 ], [ -59.923109696201301, -3.089801927914837 ], [ -59.922986670598902, -3.089855333698401 ], [ -59.922942777847567, -3.089890832073037 ], [ -59.922881361889786, -3.089952911633253 ], [ -59.922855210265048, -3.090041426332175 ] ] } },
{ "type": "Feature", "properties": { "id": 422, "pagina": 15, "classe": "Logradouros", "metodo": "EIXO_TRACO", "comp_m": 305.44417239878726, "id_layer": "p15_camadas_logradouros", "doc_fonte": "Resposta SECT_autos.pdf", "doc_pagina": 15, "doc_folha": 108, "doc_escala": "1:15.000", "doc_metodo": "Reconstituição Vetorial Afim", "doc_rms_m": 0.68 }, "geometry": { "type": "LineString", "coordinates": [ [ -59.939314901303582, -3.079993075016752 ], [ -59.939279661915528, -3.079975484537319 ], [ -59.938962191966247, -3.079702197586075 ], [ -59.938644794940707, -3.079455442513039 ], [ -59.937286721707629, -3.078282938413855 ], [ -59.937233814222353, -3.078238864352293 ], [ -59.93720739684165, -3.078230093401815 ] ] } },
{ "type": "Feature", "properties": { "id": 423, "pagina": 15, "classe": "Logradouros", "metodo": "EIXO_TRACO", "comp_m": 42.660959976926165, "id_layer": "p15_camadas_logradouros", "doc_fonte": "Resposta SECT_autos.pdf", "doc_pagina": 15, "doc_folha": 108, "doc_escala": "1:15.000", "doc_metodo": "Reconstituição Vetorial Afim", "doc_rms_m": 0.68 }, "geometry": { "type": "LineString", "coordinates": [ [ -59.924766636131245, -3.090867492693816 ], [ -59.92475803211434, -3.090938270275821 ], [ -59.924670610414054, -3.091141929437714 ], [ -59.92464445904384, -3.091230444065401 ] ] } },
{ "type": "Feature", "properties": { "id": 424, "pagina": 15, "classe": "Logradouros", "metodo": "EIXO_TRACO", "comp_m": 42.970237499206085, "id_layer": "p15_camadas_logradouros", "doc_fonte": "Resposta SECT_autos.pdf", "doc_pagina": 15, "doc_folha": 108, "doc_escala": "1:15.000", "doc_metodo": "Reconstituição Vetorial Afim", "doc_rms_m": 0.68 }, "geometry": { "type": "LineString", "coordinates": [ [ -59.924766636131245, -3.090867492693816 ], [ -59.924801730844564, -3.090832018627904 ], [ -59.924906554476259, -3.09055755756636 ], [ -59.924906433297735, -3.090513336810966 ] ] } },
{ "type": "Feature", "properties": { "id": 425, "pagina": 15, "classe": "Logradouros", "metodo": "EIXO_TRACO", "comp_m": 232.00016825153529, "id_layer": "p15_camadas_logradouros", "doc_fonte": "Resposta SECT_autos.pdf", "doc_pagina": 15, "doc_folha": 108, "doc_escala": "1:15.000", "doc_metodo": "Reconstituição Vetorial Afim", "doc_rms_m": 0.68 }, "geometry": { "type": "LineString", "coordinates": [ [ -59.924766636131245, -3.090867492693816 ], [ -59.924722622314754, -3.090858770362769 ], [ -59.924608079751479, -3.090797178015261 ], [ -59.924502407811985, -3.090762093744189 ], [ -59.924405485322062, -3.090709296785505 ], [ -59.924220535193982, -3.090639055082002 ], [ -59.923462969264627, -3.090296227271605 ], [ -59.923401335370791, -3.090278709387537 ], [ -59.92333965303483, -3.090243503170813 ], [ -59.923093044796005, -3.090146899056488 ], [ -59.922916844162621, -3.090058944269856 ], [ -59.922855210265048, -3.090041426332175 ] ] } },
{ "type": "Feature", "properties": { "id": 426, "pagina": 15, "classe": "Logradouros", "metodo": "EIXO_TRACO", "comp_m": 1731.5581446629621, "id_layer": "p15_camadas_logradouros", "doc_fonte": "Resposta SECT_autos.pdf", "doc_pagina": 15, "doc_folha": 108, "doc_escala": "1:15.000", "doc_metodo": "Reconstituição Vetorial Afim", "doc_rms_m": 0.68 }, "geometry": { "type": "LineString", "coordinates": [ [ -59.936168496549733, -3.103536023745529 ], [ -59.936149899063459, -3.103173466425226 ], [ -59.936123187720078, -3.10305856731766 ], [ -59.936105518585642, -3.103032084248528 ], [ -59.93610544530501, -3.103005552068812 ], [ -59.936052266934027, -3.102864194430793 ], [ -59.936025726608577, -3.102811203726734 ], [ -59.935910913960498, -3.102652329797236 ], [ -59.93585797987987, -3.102599412726529 ], [ -59.935849108691002, -3.102572905089952 ], [ -59.935707951175218, -3.102431792857791 ], [ -59.935399340138915, -3.102185018117673 ], [ -59.934755846651505, -3.101735761906084 ], [ -59.934473849321904, -3.101568509550652 ], [ -59.934376950113155, -3.10152455900452 ], [ -59.933892307720456, -3.101251741557626 ], [ -59.933522111695439, -3.101005137173579 ], [ -59.933425090575653, -3.100916966044654 ], [ -59.933363188030654, -3.100802164586737 ], [ -59.933301017274367, -3.100590078203108 ], [ -59.933300895353106, -3.100545857789812 ], [ -59.933274208967156, -3.100439802330707 ], [ -59.933274038287728, -3.100377893750406 ], [ -59.933265215978324, -3.100369074177794 ], [ -59.933265020921446, -3.100298321513916 ], [ -59.933256198613336, -3.100289501940516 ], [ -59.933246791168436, -3.100068424371213 ], [ -59.933229000283561, -3.099997720719925 ], [ -59.933158226839758, -3.099856411431254 ], [ -59.932990408151134, -3.099618086716586 ], [ -59.93288454059644, -3.099512251701857 ], [ -59.932672976135073, -3.09936249019461 ], [ -59.932655380288317, -3.099362539189169 ], [ -59.932593697347464, -3.099327334313844 ], [ -59.932532087512143, -3.099318661697968 ], [ -59.932496847080003, -3.099301071502156 ], [ -59.932312090656424, -3.099301585889358 ], [ -59.932303317096753, -3.099310454473997 ], [ -59.932056975146729, -3.099311140273272 ], [ -59.932048201582916, -3.099320008857885 ], [ -59.931916232656434, -3.099320376226687 ], [ -59.93190745909034, -3.099329244811302 ], [ -59.931793086006159, -3.099329563184227 ], [ -59.931784312438054, -3.099338431768881 ], [ -59.931687535202194, -3.099338701151654 ], [ -59.931678761632369, -3.099347569736337 ], [ -59.931546792658608, -3.099347937062152 ], [ -59.93153801908651, -3.099356805646854 ], [ -59.93145003976052, -3.099357050521544 ], [ -59.931441266186837, -3.099365919106277 ], [ -59.931133387199573, -3.09938446431012 ], [ -59.931063052424719, -3.09940234838653 ], [ -59.930728779499198, -3.099420966941051 ], [ -59.93057911711302, -3.099386006699394 ], [ -59.930517434123978, -3.09935080163799 ], [ -59.930491040302826, -3.099350875075471 ], [ -59.930473395719474, -3.099333235822699 ], [ -59.930455799838363, -3.09933328478008 ], [ -59.93013841655263, -3.099095375045483 ], [ -59.930094378153996, -3.099077809198169 ], [ -59.929944496665996, -3.098963251813396 ], [ -59.929768221375959, -3.09884876778375 ], [ -59.929627089198668, -3.098716497596441 ], [ -59.929538769043013, -3.098592924680334 ], [ -59.929476867074463, -3.098478122459865 ], [ -59.929467947454128, -3.098433926355987 ], [ -59.929414867789596, -3.098327943766987 ], [ -59.929326207066524, -3.098080553172343 ], [ -59.929281998390678, -3.098001078432443 ], [ -59.929095976637029, -3.097541697978785 ], [ -59.929042970093363, -3.097462247642854 ], [ -59.928954747492625, -3.097374050982263 ], [ -59.928452559790955, -3.09711896501807 ], [ -59.928434963914441, -3.097119013906803 ], [ -59.928223521600039, -3.097013471065123 ], [ -59.92806501280883, -3.096960846254354 ], [ -59.928038570364457, -3.096943231323646 ], [ -59.927950542338401, -3.09692578746435 ], [ -59.927660185953151, -3.096917749774442 ], [ -59.927651363701735, -3.096908930082436 ], [ -59.927299445934395, -3.096909907467964 ], [ -59.927290623683248, -3.096901087770036 ], [ -59.927009065085997, -3.096893025456258 ], [ -59.926947430845111, -3.096875508201179 ], [ -59.926806639365701, -3.096867054936382 ], [ -59.926542555067797, -3.096814722943066 ], [ -59.926498516716684, -3.096797156797946 ], [ -59.926445729009572, -3.09679730335027 ], [ -59.926331282745657, -3.096771088455094 ], [ -59.926014532131568, -3.096763123530681 ], [ -59.926005758470801, -3.096771992093261 ], [ -59.925908980965275, -3.096772260723128 ], [ -59.925900207302803, -3.096781129285735 ], [ -59.92575064204798, -3.096781544423512 ], [ -59.925618599816993, -3.09675537827084 ], [ -59.925521822279336, -3.096755646863751 ], [ -59.925513000031366, -3.096746827135622 ], [ -59.925275406555514, -3.096729798073497 ], [ -59.925187378377892, -3.096712353922979 ], [ -59.924949809130723, -3.096704168924736 ], [ -59.924879376861156, -3.096686675917548 ], [ -59.92470339330773, -3.096678319975932 ], [ -59.924694571061337, -3.096669500233855 ], [ -59.924527361168039, -3.096652275696127 ], [ -59.924368900663694, -3.096617338411465 ], [ -59.924316112864531, -3.096617484848739 ], [ -59.924289670407404, -3.096599869756455 ], [ -59.924175272555871, -3.09659134286763 ], [ -59.924166450311084, -3.096582523116274 ] ] } },
{ "type": "Feature", "properties": { "id": 427, "pagina": 15, "classe": "Logradouros", "metodo": "EIXO_TRACO", "comp_m": 37.706681673108527, "id_layer": "p15_camadas_logradouros", "doc_fonte": "Resposta SECT_autos.pdf", "doc_pagina": 15, "doc_folha": 108, "doc_escala": "1:15.000", "doc_metodo": "Reconstituição Vetorial Afim", "doc_rms_m": 0.68 }, "geometry": { "type": "LineString", "coordinates": [ [ -59.937440928801742, -3.089585296418954 ], [ -59.937573358208262, -3.08975296647169 ], [ -59.937643935329902, -3.089823523170165 ], [ -59.937670328745348, -3.089823449779652 ] ] } },
{ "type": "Feature", "properties": { "id": 428, "pagina": 15, "classe": "Logradouros", "metodo": "EIXO_TRACO", "comp_m": 179.03449336397438, "id_layer": "p15_camadas_logradouros", "doc_fonte": "Resposta SECT_autos.pdf", "doc_pagina": 15, "doc_folha": 108, "doc_escala": "1:15.000", "doc_metodo": "Reconstituição Vetorial Afim", "doc_rms_m": 0.68 }, "geometry": { "type": "LineString", "coordinates": [ [ -59.943363103038486, -3.086835996547867 ], [ -59.943363029961027, -3.086809464533791 ], [ -59.943345337055788, -3.086774137488475 ], [ -59.942771389963895, -3.086015144152223 ], [ -59.942683144813984, -3.085918104794481 ], [ -59.942427061151101, -3.085573898039364 ], [ -59.942418190394676, -3.085547390471505 ], [ -59.942409392662483, -3.08554741494071 ] ] } },
{ "type": "Feature", "properties": { "id": 429, "pagina": 15, "classe": "Logradouros", "metodo": "EIXO_TRACO", "comp_m": 484.74733791071378, "id_layer": "p15_camadas_logradouros", "doc_fonte": "Resposta SECT_autos.pdf", "doc_pagina": 15, "doc_folha": 108, "doc_escala": "1:15.000", "doc_metodo": "Reconstituição Vetorial Afim", "doc_rms_m": 0.68 }, "geometry": { "type": "LineString", "coordinates": [ [ -59.918254401715345, -3.093459189959541 ], [ -59.918271876674602, -3.093414920282089 ], [ -59.918631359691787, -3.092962868452651 ], [ -59.918797795232969, -3.092697080197597 ], [ -59.918832696720735, -3.092590852493523 ], [ -59.918867428805179, -3.092422715404153 ], [ -59.918875597588752, -3.09219274191253 ], [ -59.918884371363077, -3.092183873388069 ], [ -59.918883669627903, -3.091927391628879 ], [ -59.918918595347726, -3.091830008151143 ], [ -59.918927175553151, -3.091750386043096 ], [ -59.918962052886698, -3.09163531417685 ], [ -59.919067047812796, -3.091422761571808 ], [ -59.919487414466055, -3.090714058543223 ], [ -59.919610077802481, -3.090527990010929 ], [ -59.919680001786958, -3.090359755799058 ], [ -59.919749393599879, -3.089996949377772 ], [ -59.919749151715486, -3.089908507456919 ], [ -59.919757925474791, -3.089899638949682 ], [ -59.919757707784768, -3.089820041221372 ], [ -59.91976648154391, -3.089811172714813 ], [ -59.91977481993964, -3.089643108753761 ], [ -59.919783593698426, -3.089634240248557 ], [ -59.919783230912898, -3.089501577370348 ], [ -59.919774432969007, -3.089501601682566 ] ] } },
{ "type": "Feature", "properties": { "id": 430, "pagina": 15, "classe": "Logradouros", "metodo": "EIXO_TRACO", "comp_m": 32.756704503424658, "id_layer": "p15_camadas_logradouros", "doc_fonte": "Resposta SECT_autos.pdf", "doc_pagina": 15, "doc_folha": 108, "doc_escala": "1:15.000", "doc_metodo": "Reconstituição Vetorial Afim", "doc_rms_m": 0.68 }, "geometry": { "type": "LineString", "coordinates": [ [ -59.918254401715345, -3.093459189959541 ], [ -59.918316374907064, -3.093600526888886 ], [ -59.918316762198742, -3.093742034133989 ] ] } },
{ "type": "Feature", "properties": { "id": 431, "pagina": 15, "classe": "Logradouros", "metodo": "EIXO_TRACO", "comp_m": 51.547635803210248, "id_layer": "p15_camadas_logradouros", "doc_fonte": "Resposta SECT_autos.pdf", "doc_pagina": 15, "doc_folha": 108, "doc_escala": "1:15.000", "doc_metodo": "Reconstituição Vetorial Afim", "doc_rms_m": 0.68 }, "geometry": { "type": "LineString", "coordinates": [ [ -59.918026839955608, -3.093893188582019 ], [ -59.918026912571129, -3.09391972119724 ], [ -59.918000615409319, -3.093955171015081 ], [ -59.917710814031309, -3.094150546511127 ], [ -59.917684516853079, -3.094185996336369 ] ] } },
{ "type": "Feature", "properties": { "id": 432, "pagina": 15, "classe": "Logradouros", "metodo": "EIXO_TRACO", "comp_m": 37.120196560249205, "id_layer": "p15_camadas_logradouros", "doc_fonte": "Resposta SECT_autos.pdf", "doc_pagina": 15, "doc_folha": 108, "doc_escala": "1:15.000", "doc_metodo": "Reconstituição Vetorial Afim", "doc_rms_m": 0.68 }, "geometry": { "type": "LineString", "coordinates": [ [ -59.918026839955608, -3.093893188582019 ], [ -59.918114771479438, -3.093875256848149 ], [ -59.918281594442831, -3.093750975669981 ], [ -59.918316762198742, -3.093742034133989 ] ] } },
{ "type": "Feature", "properties": { "id": 433, "pagina": 15, "classe": "Logradouros", "metodo": "EIXO_TRACO", "comp_m": 1.9577134455321361, "id_layer": "p15_camadas_logradouros", "doc_fonte": "Resposta SECT_autos.pdf", "doc_pagina": 15, "doc_folha": 108, "doc_escala": "1:15.000", "doc_metodo": "Reconstituição Vetorial Afim", "doc_rms_m": 0.68 }, "geometry": { "type": "LineString", "coordinates": [ [ -59.940016848810671, -3.079310132313655 ], [ -59.940034444210532, -3.079310083513674 ] ] } },
{ "type": "Feature", "properties": { "id": 434, "pagina": 15, "classe": "Logradouros", "metodo": "EIXO_TRACO", "comp_m": 51.953228795025211, "id_layer": "p15_camadas_logradouros", "doc_fonte": "Resposta SECT_autos.pdf", "doc_pagina": 15, "doc_folha": 108, "doc_escala": "1:15.000", "doc_metodo": "Reconstituição Vetorial Afim", "doc_rms_m": 0.68 }, "geometry": { "type": "LineString", "coordinates": [ [ -59.940016848810671, -3.079310132313655 ], [ -59.939701078130653, -3.079655928034684 ] ] } },
{ "type": "Feature", "properties": { "id": 435, "pagina": 15, "classe": "Logradouros", "metodo": "EIXO_TRACO", "comp_m": 144.87713341885336, "id_layer": "p15_camadas_logradouros", "doc_fonte": "Resposta SECT_autos.pdf", "doc_pagina": 15, "doc_folha": 108, "doc_escala": "1:15.000", "doc_metodo": "Reconstituição Vetorial Afim", "doc_rms_m": 0.68 }, "geometry": { "type": "LineString", "coordinates": [ [ -59.942453882638546, -3.082531459900621 ], [ -59.942551046517465, -3.082672695184249 ], [ -59.942736406409878, -3.082893282028541 ], [ -59.942780589536497, -3.082963911853319 ], [ -59.942930661404965, -3.083149220346768 ], [ -59.943054121251052, -3.083255006069829 ], [ -59.943353802919823, -3.083457586634383 ] ] } },
{ "type": "Feature", "properties": { "id": 436, "pagina": 15, "classe": "Logradouros", "metodo": "EIXO_TRACO", "comp_m": 65.5988340407404, "id_layer": "p15_camadas_logradouros", "doc_fonte": "Resposta SECT_autos.pdf", "doc_pagina": 15, "doc_folha": 108, "doc_escala": "1:15.000", "doc_metodo": "Reconstituição Vetorial Afim", "doc_rms_m": 0.68 }, "geometry": { "type": "LineString", "coordinates": [ [ -59.94157810209407, -3.09675518382232 ], [ -59.941560555277213, -3.096772920959085 ], [ -59.941534161782577, -3.096772994611815 ], [ -59.941349578251966, -3.096835418296294 ], [ -59.941200210435291, -3.096906587793919 ], [ -59.94114744784212, -3.096915579107756 ], [ -59.941059591579688, -3.096960044698158 ], [ -59.941033198068467, -3.096960118342801 ] ] } },
{ "type": "Feature", "properties": { "id": 437, "pagina": 15, "classe": "Logradouros", "metodo": "EIXO_TRACO", "comp_m": 76.657588000494812, "id_layer": "p15_camadas_logradouros", "doc_fonte": "Resposta SECT_autos.pdf", "doc_pagina": 15, "doc_folha": 108, "doc_escala": "1:15.000", "doc_metodo": "Reconstituição Vetorial Afim", "doc_rms_m": 0.68 }, "geometry": { "type": "LineString", "coordinates": [ [ -59.93825853265961, -3.092563488893074 ], [ -59.93825841084923, -3.092519268670618 ], [ -59.938310710550695, -3.092342240848501 ], [ -59.93832823310904, -3.092315659738699 ], [ -59.938450355090495, -3.091935023038197 ], [ -59.93847669982086, -3.091917261491744 ] ] } },
{ "type": "Feature", "properties": { "id": 438, "pagina": 15, "classe": "Logradouros", "metodo": "EIXO_TRACO", "comp_m": 62.881378690729768, "id_layer": "p15_camadas_logradouros", "doc_fonte": "Resposta SECT_autos.pdf", "doc_pagina": 15, "doc_folha": 108, "doc_escala": "1:15.000", "doc_metodo": "Reconstituição Vetorial Afim", "doc_rms_m": 0.68 }, "geometry": { "type": "LineString", "coordinates": [ [ -59.920627346455099, -3.086103051526411 ], [ -59.92061869353968, -3.086156140933907 ], [ -59.920417477390707, -3.086572376458689 ], [ -59.920373560317678, -3.086599030493381 ] ] } },
{ "type": "Feature", "properties": { "id": 439, "pagina": 15, "classe": "Logradouros", "metodo": "EIXO_TRACO", "comp_m": 37.507656751892128, "id_layer": "p15_camadas_logradouros", "doc_fonte": "Resposta SECT_autos.pdf", "doc_pagina": 15, "doc_folha": 108, "doc_escala": "1:15.000", "doc_metodo": "Reconstituição Vetorial Afim", "doc_rms_m": 0.68 }, "geometry": { "type": "LineString", "coordinates": [ [ -59.920627346455099, -3.086103051526411 ], [ -59.920416196613537, -3.086103634526675 ], [ -59.9202929533662, -3.086077442025509 ] ] } },
{ "type": "Feature", "properties": { "id": 440, "pagina": 15, "classe": "Logradouros", "metodo": "EIXO_TRACO", "comp_m": 118.42356688476887, "id_layer": "p15_camadas_logradouros", "doc_fonte": "Resposta SECT_autos.pdf", "doc_pagina": 15, "doc_folha": 108, "doc_escala": "1:15.000", "doc_metodo": "Reconstituição Vetorial Afim", "doc_rms_m": 0.68 }, "geometry": { "type": "LineString", "coordinates": [ [ -59.920627346455099, -3.086103051526411 ], [ -59.920671239337473, -3.086067553321051 ], [ -59.920723785131017, -3.085978965713756 ], [ -59.920785201322303, -3.085916886373543 ], [ -59.920899332440904, -3.085828128729689 ], [ -59.921013536033676, -3.085765903639784 ], [ -59.92111021630015, -3.085730259683169 ], [ -59.921233314423866, -3.085703387022061 ], [ -59.921426868232629, -3.085702852526621 ], [ -59.921435690301301, -3.085711672409963 ], [ -59.921532467193089, -3.085711405147439 ], [ -59.921541240921968, -3.085702536671819 ] ] } },
{ "type": "Feature", "properties": { "id": 441, "pagina": 15, "classe": "Logradouros", "metodo": "EIXO_TRACO", "comp_m": 43.014802255336313, "id_layer": "p15_camadas_logradouros", "doc_fonte": "Resposta SECT_autos.pdf", "doc_pagina": 15, "doc_folha": 108, "doc_escala": "1:15.000", "doc_metodo": "Reconstituição Vetorial Afim", "doc_rms_m": 0.68 }, "geometry": { "type": "LineString", "coordinates": [ [ -59.923852236634644, -3.094292740149178 ], [ -59.923869808280344, -3.094283847222715 ], [ -59.923895959568739, -3.09419533248586 ], [ -59.923957205632057, -3.094071343587931 ], [ -59.923983405432992, -3.094000517176161 ], [ -59.923992033594978, -3.093938583689162 ] ] } },
{ "type": "Feature", "properties": { "id": 442, "pagina": 15, "classe": "Logradouros", "metodo": "EIXO_TRACO", "comp_m": 23.564181657352623, "id_layer": "p15_camadas_logradouros", "doc_fonte": "Resposta SECT_autos.pdf", "doc_pagina": 15, "doc_folha": 108, "doc_escala": "1:15.000", "doc_metodo": "Reconstituição Vetorial Afim", "doc_rms_m": 0.68 }, "geometry": { "type": "LineString", "coordinates": [ [ -59.912600790085321, -3.091537904797736 ], [ -59.912592161060985, -3.091599838805497 ], [ -59.91253963851549, -3.091697271155103 ], [ -59.912504494723414, -3.091715056729629 ] ] } },
{ "type": "Feature", "properties": { "id": 443, "pagina": 15, "classe": "Logradouros", "metodo": "EIXO_TRACO", "comp_m": 68.826062687339686, "id_layer": "p15_camadas_logradouros", "doc_fonte": "Resposta SECT_autos.pdf", "doc_pagina": 15, "doc_folha": 108, "doc_escala": "1:15.000", "doc_metodo": "Reconstituição Vetorial Afim", "doc_rms_m": 0.68 }, "geometry": { "type": "LineString", "coordinates": [ [ -59.912600790085321, -3.091537904797736 ], [ -59.912653578187154, -3.091537759185617 ], [ -59.91270643871443, -3.091564146313584 ], [ -59.912909155251221, -3.091696251783936 ], [ -59.912970813800172, -3.091722614612575 ], [ -59.913094203342041, -3.09180187298372 ], [ -59.913129443699752, -3.091819464372933 ], [ -59.913138217566761, -3.0918105958537 ] ] } },
{ "type": "Feature", "properties": { "id": 444, "pagina": 15, "classe": "Logradouros", "metodo": "EIXO_TRACO", "comp_m": 37.415136365093716, "id_layer": "p15_camadas_logradouros", "doc_fonte": "Resposta SECT_autos.pdf", "doc_pagina": 15, "doc_folha": 108, "doc_escala": "1:15.000", "doc_metodo": "Reconstituição Vetorial Afim", "doc_rms_m": 0.68 }, "geometry": { "type": "LineString", "coordinates": [ [ -59.912600790085321, -3.091537904797736 ], [ -59.91242454005021, -3.091432259154735 ], [ -59.912380549960865, -3.091432380484679 ], [ -59.91231913280415, -3.091494460098079 ] ] } },
{ "type": "Feature", "properties": { "id": 445, "pagina": 15, "classe": "Logradouros", "metodo": "EIXO_TRACO", "comp_m": 80.552137137972522, "id_layer": "p15_camadas_logradouros", "doc_fonte": "Resposta SECT_autos.pdf", "doc_pagina": 15, "doc_folha": 108, "doc_escala": "1:15.000", "doc_metodo": "Reconstituição Vetorial Afim", "doc_rms_m": 0.68 }, "geometry": { "type": "LineString", "coordinates": [ [ -59.895575575051978, -3.094485709067853 ], [ -59.895557930655087, -3.094468068602569 ], [ -59.895522713931605, -3.094459320817142 ], [ -59.895276268916191, -3.094424619424267 ], [ -59.89526744671879, -3.094415799186399 ], [ -59.894959414416419, -3.094381266724523 ], [ -59.894950592219864, -3.094372446481179 ], [ -59.894871408606576, -3.094372663770781 ] ] } },
{ "type": "Feature", "properties": { "id": 446, "pagina": 15, "classe": "Logradouros", "metodo": "EIXO_TRACO", "comp_m": 248.59920888317916, "id_layer": "p15_camadas_logradouros", "doc_fonte": "Resposta SECT_autos.pdf", "doc_pagina": 15, "doc_folha": 108, "doc_escala": "1:15.000", "doc_metodo": "Reconstituição Vetorial Afim", "doc_rms_m": 0.68 }, "geometry": { "type": "LineString", "coordinates": [ [ -59.939701078130653, -3.079655928034684 ], [ -59.939709948653324, -3.079682435739764 ], [ -59.939745236566701, -3.079717714276967 ], [ -59.940000952622484, -3.079929263405492 ], [ -59.940433108501537, -3.080317204773703 ], [ -59.941288842067401, -3.081172706692314 ], [ -59.941324081483046, -3.081190297034713 ] ] } },
{ "type": "Feature", "properties": { "id": 447, "pagina": 15, "classe": "Logradouros", "metodo": "EIXO_TRACO", "comp_m": 3.9154268910060641, "id_layer": "p15_camadas_logradouros", "doc_fonte": "Resposta SECT_autos.pdf", "doc_pagina": 15, "doc_folha": 108, "doc_escala": "1:15.000", "doc_metodo": "Reconstituição Vetorial Afim", "doc_rms_m": 0.68 }, "geometry": { "type": "LineString", "coordinates": [ [ -59.939701078130653, -3.079655928034684 ], [ -59.939665887308713, -3.079656025634245 ] ] } },
{ "type": "Feature", "properties": { "id": 448, "pagina": 15, "classe": "Logradouros", "metodo": "EIXO_TRACO", "comp_m": 88.885023591956966, "id_layer": "p15_camadas_logradouros", "doc_fonte": "Resposta SECT_autos.pdf", "doc_pagina": 15, "doc_folha": 108, "doc_escala": "1:15.000", "doc_metodo": "Reconstituição Vetorial Afim", "doc_rms_m": 0.68 }, "geometry": { "type": "LineString", "coordinates": [ [ -59.922075875225644, -3.091387906862393 ], [ -59.922075972102057, -3.091423283555979 ], [ -59.921935980041788, -3.091706686673261 ], [ -59.921918432592044, -3.091724423717319 ], [ -59.921909731528153, -3.091759824763423 ], [ -59.921752191987615, -3.09206096499043 ], [ -59.921752240430884, -3.092078653342145 ], [ -59.921725895025034, -3.092096414740652 ] ] } },
{ "type": "Feature", "properties": { "id": 449, "pagina": 15, "classe": "Logradouros", "metodo": "EIXO_TRACO", "comp_m": 98.246177069174379, "id_layer": "p15_camadas_logradouros", "doc_fonte": "Resposta SECT_autos.pdf", "doc_pagina": 15, "doc_folha": 108, "doc_escala": "1:15.000", "doc_metodo": "Reconstituição Vetorial Afim", "doc_rms_m": 0.68 }, "geometry": { "type": "LineString", "coordinates": [ [ -59.922075875225644, -3.091387906862393 ], [ -59.922119864931297, -3.091387785130636 ], [ -59.922384118014023, -3.091502028924049 ], [ -59.922481040688226, -3.091554826094653 ], [ -59.922569092752916, -3.091581115090817 ], [ -59.922656611871517, -3.09141283236252 ], [ -59.922709060357008, -3.091288867896677 ], [ -59.922708987687031, -3.091262335391478 ] ] } },
{ "type": "Feature", "properties": { "id": 450, "pagina": 15, "classe": "Logradouros", "metodo": "EIXO_TRACO", "comp_m": 4.894283477216959, "id_layer": "p15_camadas_logradouros", "doc_fonte": "Resposta SECT_autos.pdf", "doc_pagina": 15, "doc_folha": 108, "doc_escala": "1:15.000", "doc_metodo": "Reconstituição Vetorial Afim", "doc_rms_m": 0.68 }, "geometry": { "type": "LineString", "coordinates": [ [ -59.895593875829974, -3.085013254469711 ], [ -59.895593756080473, -3.084969032551847 ] ] } },
{ "type": "Feature", "properties": { "id": 451, "pagina": 15, "classe": "Logradouros", "metodo": "EIXO_TRACO", "comp_m": 65.116974735411475, "id_layer": "p15_camadas_logradouros", "doc_fonte": "Resposta SECT_autos.pdf", "doc_pagina": 15, "doc_folha": 108, "doc_escala": "1:15.000", "doc_metodo": "Reconstituição Vetorial Afim", "doc_rms_m": 0.68 }, "geometry": { "type": "LineString", "coordinates": [ [ -59.895593875829974, -3.085013254469711 ], [ -59.895629068216849, -3.085013158165075 ], [ -59.89612216875225, -3.085162164227576 ], [ -59.896157361127493, -3.085162067900739 ] ] } },
{ "type": "Feature", "properties": { "id": 452, "pagina": 15, "classe": "Logradouros", "metodo": "EIXO_TRACO", "comp_m": 58.179361618047153, "id_layer": "p15_camadas_logradouros", "doc_fonte": "Resposta SECT_autos.pdf", "doc_pagina": 15, "doc_folha": 108, "doc_escala": "1:15.000", "doc_metodo": "Reconstituição Vetorial Afim", "doc_rms_m": 0.68 }, "geometry": { "type": "LineString", "coordinates": [ [ -59.895593875829974, -3.085013254469711 ], [ -59.895558898992846, -3.085092950227716 ], [ -59.895558970844363, -3.085119483379191 ], [ -59.895506565466739, -3.085261137984802 ], [ -59.895497911075608, -3.085314228367656 ], [ -59.895445409893085, -3.085420505447839 ], [ -59.895392812898478, -3.085491404994853 ] ] } },
{ "type": "Feature", "properties": { "id": 453, "pagina": 15, "classe": "Logradouros", "metodo": "EIXO_TRACO", "comp_m": 212.2822932257844, "id_layer": "p15_camadas_logradouros", "doc_fonte": "Resposta SECT_autos.pdf", "doc_pagina": 15, "doc_folha": 108, "doc_escala": "1:15.000", "doc_metodo": "Reconstituição Vetorial Afim", "doc_rms_m": 0.68 }, "geometry": { "type": "LineString", "coordinates": [ [ -59.943195564616445, -3.093080378703565 ], [ -59.943142655854054, -3.093036305887535 ], [ -59.942921857011534, -3.092727378977619 ], [ -59.942745315655017, -3.092515613361492 ], [ -59.94270995371722, -3.092453803406819 ], [ -59.942612860898279, -3.092339101065793 ], [ -59.942400884618742, -3.092038993246366 ], [ -59.942109508945215, -3.091659509787696 ], [ -59.942047631816095, -3.091553553218721 ] ] } },
{ "type": "Feature", "properties": { "id": 454, "pagina": 15, "classe": "Logradouros", "metodo": "EIXO_TRACO", "comp_m": 18.718780188071747, "id_layer": "p15_camadas_logradouros", "doc_fonte": "Resposta SECT_autos.pdf", "doc_pagina": 15, "doc_folha": 108, "doc_escala": "1:15.000", "doc_metodo": "Reconstituição Vetorial Afim", "doc_rms_m": 0.68 }, "geometry": { "type": "LineString", "coordinates": [ [ -59.938012201911661, -3.089371449249235 ], [ -59.938091674129389, -3.089477357636429 ], [ -59.938100569275093, -3.089512709357042 ] ] } },
{ "type": "Feature", "properties": { "id": 455, "pagina": 15, "classe": "Logradouros", "metodo": "EIXO_TRACO", "comp_m": 122.62928872493185, "id_layer": "p15_camadas_logradouros", "doc_fonte": "Resposta SECT_autos.pdf", "doc_pagina": 15, "doc_folha": 108, "doc_escala": "1:15.000", "doc_metodo": "Reconstituição Vetorial Afim", "doc_rms_m": 0.68 }, "geometry": { "type": "LineString", "coordinates": [ [ -59.894731991151325, -3.088385350264572 ], [ -59.894732087028565, -3.088420727823679 ], [ -59.894785307286092, -3.088579782258097 ], [ -59.895015017683782, -3.088932931208947 ], [ -59.895076916314927, -3.089047739525479 ], [ -59.895244776257229, -3.089303768735175 ], [ -59.89524482421848, -3.089321457506358 ], [ -59.895271242604196, -3.08933022957133 ] ] } },
{ "type": "Feature", "properties": { "id": 456, "pagina": 15, "classe": "Logradouros", "metodo": "EIXO_TRACO", "comp_m": 221.0819240987455, "id_layer": "p15_camadas_logradouros", "doc_fonte": "Resposta SECT_autos.pdf", "doc_pagina": 15, "doc_folha": 108, "doc_escala": "1:15.000", "doc_metodo": "Reconstituição Vetorial Afim", "doc_rms_m": 0.68 }, "geometry": { "type": "LineString", "coordinates": [ [ -59.894731991151325, -3.088385350264572 ], [ -59.894758385545003, -3.08838527797884 ], [ -59.894784708029562, -3.088358672524352 ], [ -59.895055820135354, -3.08775650719767 ], [ -59.895467678078127, -3.087145112243351 ], [ -59.895581765978477, -3.087038666446801 ], [ -59.895818859647115, -3.086869972696205 ], [ -59.895845206044854, -3.08685221165624 ], [ -59.895897970736826, -3.086843222719417 ] ] } },
{ "type": "Feature", "properties": { "id": 457, "pagina": 15, "classe": "Logradouros", "metodo": "EIXO_TRACO", "comp_m": 261.81986238713552, "id_layer": "p15_camadas_logradouros", "doc_fonte": "Resposta SECT_autos.pdf", "doc_pagina": 15, "doc_folha": 108, "doc_escala": "1:15.000", "doc_metodo": "Reconstituição Vetorial Afim", "doc_rms_m": 0.68 }, "geometry": { "type": "LineString", "coordinates": [ [ -59.939665887308713, -3.079656025634245 ], [ -59.939551177341855, -3.079532526316154 ], [ -59.939004433487497, -3.07906530468182 ], [ -59.938051589059569, -3.078086248954478 ], [ -59.938007455056649, -3.078033306529858 ], [ -59.937998560369991, -3.077997954707063 ] ] } },
{ "type": "Feature", "properties": { "id": 458, "pagina": 15, "classe": "Logradouros", "metodo": "EIXO_TRACO", "comp_m": 18.164039686666804, "id_layer": "p15_camadas_logradouros", "doc_fonte": "Resposta SECT_autos.pdf", "doc_pagina": 15, "doc_folha": 108, "doc_escala": "1:15.000", "doc_metodo": "Reconstituição Vetorial Afim", "doc_rms_m": 0.68 }, "geometry": { "type": "LineString", "coordinates": [ [ -59.892027244903147, -3.083767092818018 ], [ -59.89205351969148, -3.083722798649704 ], [ -59.892114986931581, -3.083678408336478 ], [ -59.892123689401068, -3.083643006655515 ] ] } },
{ "type": "Feature", "properties": { "id": 459, "pagina": 15, "classe": "Logradouros", "metodo": "EIXO_TRACO", "comp_m": 4.894283477216959, "id_layer": "p15_camadas_logradouros", "doc_fonte": "Resposta SECT_autos.pdf", "doc_pagina": 15, "doc_folha": 108, "doc_escala": "1:15.000", "doc_metodo": "Reconstituição Vetorial Afim", "doc_rms_m": 0.68 }, "geometry": { "type": "LineString", "coordinates": [ [ -59.939868588190066, -3.095769413870994 ], [ -59.939868710195469, -3.095813634026509 ] ] } },
{ "type": "Feature", "properties": { "id": 460, "pagina": 15, "classe": "Logradouros", "metodo": "EIXO_TRACO", "comp_m": 126.71612700840996, "id_layer": "p15_camadas_logradouros", "doc_fonte": "Resposta SECT_autos.pdf", "doc_pagina": 15, "doc_folha": 108, "doc_escala": "1:15.000", "doc_metodo": "Reconstituição Vetorial Afim", "doc_rms_m": 0.68 }, "geometry": { "type": "LineString", "coordinates": [ [ -59.939868588190066, -3.095769413870994 ], [ -59.939842170279299, -3.095760643426247 ], [ -59.939092280629815, -3.095010984924351 ], [ -59.939039469221512, -3.095002287984167 ] ] } },
{ "type": "Feature", "properties": { "id": 461, "pagina": 15, "classe": "Logradouros", "metodo": "EIXO_TRACO", "comp_m": 54.718836211584737, "id_layer": "p15_camadas_logradouros", "doc_fonte": "Resposta SECT_autos.pdf", "doc_pagina": 15, "doc_folha": 108, "doc_escala": "1:15.000", "doc_metodo": "Reconstituição Vetorial Afim", "doc_rms_m": 0.68 }, "geometry": { "type": "LineString", "coordinates": [ [ -59.894629368149154, -3.092719414728436 ], [ -59.8946292481399, -3.092675192779089 ], [ -59.894558478789271, -3.092533875551427 ], [ -59.894425978319596, -3.092339660820363 ], [ -59.894408262001541, -3.092295487108682 ], [ -59.894399463835448, -3.092295511231558 ] ] } },
{ "type": "Feature", "properties": { "id": 462, "pagina": 15, "classe": "Logradouros", "metodo": "EIXO_TRACO", "comp_m": 121.72961007822433, "id_layer": "p15_camadas_logradouros", "doc_fonte": "Resposta SECT_autos.pdf", "doc_pagina": 15, "doc_folha": 108, "doc_escala": "1:15.000", "doc_metodo": "Reconstituição Vetorial Afim", "doc_rms_m": 0.68 }, "geometry": { "type": "LineString", "coordinates": [ [ -59.894629368149154, -3.092719414728436 ], [ -59.894646964484657, -3.092719366472173 ], [ -59.894664608824677, -3.092737006994799 ], [ -59.894664656829718, -3.092754695773956 ], [ -59.894832686193887, -3.093072635293422 ], [ -59.895009369831349, -3.093337484232703 ], [ -59.89505355276517, -3.093408118642985 ], [ -59.895053600787094, -3.093425807415805 ], [ -59.895212424088825, -3.093593416254113 ], [ -59.89522129430074, -3.093619925269541 ] ] } },
{ "type": "Feature", "properties": { "id": 463, "pagina": 15, "classe": "Logradouros", "metodo": "EIXO_TRACO", "comp_m": 70.153872450683252, "id_layer": "p15_camadas_logradouros", "doc_fonte": "Resposta SECT_autos.pdf", "doc_pagina": 15, "doc_folha": 108, "doc_escala": "1:15.000", "doc_metodo": "Reconstituição Vetorial Afim", "doc_rms_m": 0.68 }, "geometry": { "type": "LineString", "coordinates": [ [ -59.920874801144038, -3.099359898568335 ], [ -59.920822013043576, -3.099360044960193 ], [ -59.920373629570733, -3.099476263596816 ], [ -59.92025927955342, -3.09948542491982 ] ] } },
{ "type": "Feature", "properties": { "id": 464, "pagina": 15, "classe": "Logradouros", "metodo": "EIXO_TRACO", "comp_m": 7.4547506899593232, "id_layer": "p15_camadas_logradouros", "doc_fonte": "Resposta SECT_autos.pdf", "doc_pagina": 15, "doc_folha": 108, "doc_escala": "1:15.000", "doc_metodo": "Reconstituição Vetorial Afim", "doc_rms_m": 0.68 }, "geometry": { "type": "LineString", "coordinates": [ [ -59.920874801144038, -3.099359898568335 ], [ -59.920936460074614, -3.099386260317807 ] ] } },
{ "type": "Feature", "properties": { "id": 465, "pagina": 15, "classe": "Logradouros", "metodo": "EIXO_TRACO", "comp_m": 62.639867947702854, "id_layer": "p15_camadas_logradouros", "doc_fonte": "Resposta SECT_autos.pdf", "doc_pagina": 15, "doc_folha": 108, "doc_escala": "1:15.000", "doc_metodo": "Reconstituição Vetorial Afim", "doc_rms_m": 0.68 }, "geometry": { "type": "LineString", "coordinates": [ [ -59.897151736986679, -3.085230101155993 ], [ -59.897160559037836, -3.085238921436527 ], [ -59.897152024567269, -3.085336233611271 ], [ -59.897108633278862, -3.08555746335746 ], [ -59.897091468511199, -3.085716710233446 ], [ -59.897082790260349, -3.085760956186061 ], [ -59.897065242013738, -3.085778693118083 ] ] } },
{ "type": "Feature", "properties": { "id": 466, "pagina": 15, "classe": "Logradouros", "metodo": "EIXO_TRACO", "comp_m": 66.577443368954235, "id_layer": "p15_camadas_logradouros", "doc_fonte": "Resposta SECT_autos.pdf", "doc_pagina": 15, "doc_folha": 108, "doc_escala": "1:15.000", "doc_metodo": "Reconstituição Vetorial Afim", "doc_rms_m": 0.68 }, "geometry": { "type": "LineString", "coordinates": [ [ -59.93782098208014, -3.077405890769004 ], [ -59.938136705452585, -3.077042407554398 ], [ -59.938224464259953, -3.076962567460778 ] ] } },
{ "type": "Feature", "properties": { "id": 467, "pagina": 15, "classe": "Logradouros", "metodo": "EIXO_TRACO", "comp_m": 165.889569534141, "id_layer": "p15_camadas_logradouros", "doc_fonte": "Resposta SECT_autos.pdf", "doc_pagina": 15, "doc_folha": 108, "doc_escala": "1:15.000", "doc_metodo": "Reconstituição Vetorial Afim", "doc_rms_m": 0.68 }, "geometry": { "type": "LineString", "coordinates": [ [ -59.930691532780919, -3.076222805296991 ], [ -59.93073552152304, -3.076222683804934 ], [ -59.930841215358647, -3.076266612748017 ], [ -59.93178380725363, -3.076715061287909 ], [ -59.93180140274147, -3.076715012665436 ], [ -59.931951182046213, -3.076794196239007 ], [ -59.932048053965381, -3.076829305176036 ] ] } },
{ "type": "Feature", "properties": { "id": 468, "pagina": 15, "classe": "Logradouros", "metodo": "EIXO_TRACO", "comp_m": 1.957713389769197, "id_layer": "p15_camadas_logradouros", "doc_fonte": "Resposta SECT_autos.pdf", "doc_pagina": 15, "doc_folha": 108, "doc_escala": "1:15.000", "doc_metodo": "Reconstituição Vetorial Afim", "doc_rms_m": 0.68 }, "geometry": { "type": "LineString", "coordinates": [ [ -59.941505075435295, -3.086222080375402 ], [ -59.941505026757369, -3.08620439233614 ] ] } },
{ "type": "Feature", "properties": { "id": 469, "pagina": 15, "classe": "Logradouros", "metodo": "EIXO_TRACO", "comp_m": 255.91841252773571, "id_layer": "p15_camadas_logradouros", "doc_fonte": "Resposta SECT_autos.pdf", "doc_pagina": 15, "doc_folha": 108, "doc_escala": "1:15.000", "doc_metodo": "Reconstituição Vetorial Afim", "doc_rms_m": 0.68 }, "geometry": { "type": "LineString", "coordinates": [ [ -59.941505075435295, -3.086222080375402 ], [ -59.941522695264318, -3.086230875460755 ], [ -59.942476382369357, -3.087510614284854 ], [ -59.942900184685783, -3.08805776741815 ] ] } },
{ "type": "Feature", "properties": { "id": 470, "pagina": 15, "classe": "Logradouros", "metodo": "EIXO_TRACO", "comp_m": 109.59901649474689, "id_layer": "p15_camadas_logradouros", "doc_fonte": "Resposta SECT_autos.pdf", "doc_pagina": 15, "doc_folha": 108, "doc_escala": "1:15.000", "doc_metodo": "Reconstituição Vetorial Afim", "doc_rms_m": 0.68 }, "geometry": { "type": "LineString", "coordinates": [ [ -59.896157361127493, -3.085162067900739 ], [ -59.896209574756433, -3.084949658319061 ], [ -59.896252918452532, -3.084710739697778 ], [ -59.896287991042435, -3.084666421489851 ], [ -59.896375971924734, -3.084666180695457 ], [ -59.896437606447073, -3.084683700889034 ], [ -59.896455202622022, -3.084683652727983 ], [ -59.896472750887305, -3.084665915813204 ], [ -59.896507200665795, -3.084391643819762 ] ] } },
{ "type": "Feature", "properties": { "id": 471, "pagina": 15, "classe": "Logradouros", "metodo": "EIXO_TRACO", "comp_m": 11.647900502531094, "id_layer": "p15_camadas_logradouros", "doc_fonte": "Resposta SECT_autos.pdf", "doc_pagina": 15, "doc_folha": 108, "doc_escala": "1:15.000", "doc_metodo": "Reconstituição Vetorial Afim", "doc_rms_m": 0.68 }, "geometry": { "type": "LineString", "coordinates": [ [ -59.928890321755659, -3.086725829439229 ], [ -59.928890370233233, -3.086743517679354 ], [ -59.928872823012178, -3.086761254652136 ], [ -59.928811262302183, -3.086770269334906 ] ] } },
{ "type": "Feature", "properties": { "id": 472, "pagina": 15, "classe": "Logradouros", "metodo": "EIXO_TRACO", "comp_m": 4.1529373148891366, "id_layer": "p15_camadas_logradouros", "doc_fonte": "Resposta SECT_autos.pdf", "doc_pagina": 15, "doc_folha": 108, "doc_escala": "1:15.000", "doc_metodo": "Reconstituição Vetorial Afim", "doc_rms_m": 0.68 }, "geometry": { "type": "LineString", "coordinates": [ [ -59.928890321755659, -3.086725829439229 ], [ -59.928863855492899, -3.086699370176487 ] ] } },
{ "type": "Feature", "properties": { "id": 473, "pagina": 15, "classe": "Logradouros", "metodo": "EIXO_TRACO", "comp_m": 23.885217170457398, "id_layer": "p15_camadas_logradouros", "doc_fonte": "Resposta SECT_autos.pdf", "doc_pagina": 15, "doc_folha": 108, "doc_escala": "1:15.000", "doc_metodo": "Reconstituição Vetorial Afim", "doc_rms_m": 0.68 }, "geometry": { "type": "LineString", "coordinates": [ [ -59.922708987687031, -3.091262335391478 ], [ -59.922691319147447, -3.091235851586617 ], [ -59.922559180561009, -3.091174307642671 ], [ -59.922532714090615, -3.091147848178424 ] ] } },
{ "type": "Feature", "properties": { "id": 474, "pagina": 15, "classe": "Logradouros", "metodo": "EIXO_TRACO", "comp_m": 1.9577133916318421, "id_layer": "p15_camadas_logradouros", "doc_fonte": "Resposta SECT_autos.pdf", "doc_pagina": 15, "doc_folha": 108, "doc_escala": "1:15.000", "doc_metodo": "Reconstituição Vetorial Afim", "doc_rms_m": 0.68 }, "geometry": { "type": "LineString", "coordinates": [ [ -59.941126788757344, -3.089424692969789 ], [ -59.941126740035052, -3.089407004925535 ] ] } },
{ "type": "Feature", "properties": { "id": 475, "pagina": 15, "classe": "Logradouros", "metodo": "EIXO_TRACO", "comp_m": 248.67708127183124, "id_layer": "p15_camadas_logradouros", "doc_fonte": "Resposta SECT_autos.pdf", "doc_pagina": 15, "doc_folha": 108, "doc_escala": "1:15.000", "doc_metodo": "Reconstituição Vetorial Afim", "doc_rms_m": 0.68 }, "geometry": { "type": "LineString", "coordinates": [ [ -59.941126788757344, -3.089424692969789 ], [ -59.941144408667235, -3.089433488013196 ], [ -59.94114445739023, -3.089451176057141 ], [ -59.94213343954722, -3.090766190850806 ], [ -59.942451281168424, -3.091172133027103 ], [ -59.94248654543977, -3.091198567003112 ] ] } },
{ "type": "Feature", "properties": { "id": 476, "pagina": 15, "classe": "Logradouros", "metodo": "EIXO_TRACO", "comp_m": 59.517385821389681, "id_layer": "p15_camadas_logradouros", "doc_fonte": "Resposta SECT_autos.pdf", "doc_pagina": 15, "doc_folha": 108, "doc_escala": "1:15.000", "doc_metodo": "Reconstituição Vetorial Afim", "doc_rms_m": 0.68 }, "geometry": { "type": "LineString", "coordinates": [ [ -59.941126788757344, -3.089424692969789 ], [ -59.94069657465252, -3.089744277772854 ] ] } },
{ "type": "Feature", "properties": { "id": 477, "pagina": 15, "classe": "Logradouros", "metodo": "EIXO_TRACO", "comp_m": 56.346460933074475, "id_layer": "p15_camadas_logradouros", "doc_fonte": "Resposta SECT_autos.pdf", "doc_pagina": 15, "doc_folha": 108, "doc_escala": "1:15.000", "doc_metodo": "Reconstituição Vetorial Afim", "doc_rms_m": 0.68 }, "geometry": { "type": "LineString", "coordinates": [ [ -59.92114610203086, -3.092416412106984 ], [ -59.921181196980811, -3.092380937999022 ], [ -59.92137371057165, -3.092000102667922 ], [ -59.921400055990794, -3.091982341274851 ] ] } },
{ "type": "Feature", "properties": { "id": 478, "pagina": 15, "classe": "Logradouros", "metodo": "EIXO_TRACO", "comp_m": 2.188790128579051, "id_layer": "p15_camadas_logradouros", "doc_fonte": "Resposta SECT_autos.pdf", "doc_pagina": 15, "doc_folha": 108, "doc_escala": "1:15.000", "doc_metodo": "Reconstituição Vetorial Afim", "doc_rms_m": 0.68 }, "geometry": { "type": "LineString", "coordinates": [ [ -59.92114610203086, -3.092416412106984 ], [ -59.921154948426889, -3.092434076121482 ] ] } },
{ "type": "Feature", "properties": { "id": 479, "pagina": 15, "classe": "Logradouros", "metodo": "EIXO_TRACO", "comp_m": 352.01357707203289, "id_layer": "p15_camadas_logradouros", "doc_fonte": "Resposta SECT_autos.pdf", "doc_pagina": 15, "doc_folha": 108, "doc_escala": "1:15.000", "doc_metodo": "Reconstituição Vetorial Afim", "doc_rms_m": 0.68 }, "geometry": { "type": "LineString", "coordinates": [ [ -59.921646404714139, -3.098402580225878 ], [ -59.921707917917644, -3.098375876914233 ], [ -59.92176947965757, -3.098366861951241 ], [ -59.92187495858014, -3.098331192468424 ], [ -59.922094617283754, -3.098224452402397 ], [ -59.922507370562194, -3.097949136281776 ], [ -59.922551311972668, -3.09793132593686 ], [ -59.923034375979398, -3.097629282136656 ], [ -59.923657891619797, -3.097211873807845 ], [ -59.923754450856194, -3.097132007914364 ], [ -59.924026386850898, -3.096839394132518 ], [ -59.924070182480136, -3.096768518851616 ], [ -59.924140177793056, -3.096626817110091 ], [ -59.924140129238779, -3.096609128797804 ], [ -59.924166450311084, -3.096582523116274 ] ] } },
{ "type": "Feature", "properties": { "id": 480, "pagina": 15, "classe": "Logradouros", "metodo": "EIXO_TRACO", "comp_m": 252.56727121685773, "id_layer": "p15_camadas_logradouros", "doc_fonte": "Resposta SECT_autos.pdf", "doc_pagina": 15, "doc_folha": 108, "doc_escala": "1:15.000", "doc_metodo": "Reconstituição Vetorial Afim", "doc_rms_m": 0.68 }, "geometry": { "type": "LineString", "coordinates": [ [ -59.921141233386322, -3.077752661457455 ], [ -59.92117647294134, -3.07777025289787 ], [ -59.921652906197693, -3.078264218309675 ], [ -59.922226091989288, -3.078749072183748 ], [ -59.922817018665256, -3.079286941750467 ] ] } },
{ "type": "Feature", "properties": { "id": 481, "pagina": 15, "classe": "Logradouros", "metodo": "EIXO_TRACO", "comp_m": 51.820094961410256, "id_layer": "p15_camadas_logradouros", "doc_fonte": "Resposta SECT_autos.pdf", "doc_pagina": 15, "doc_folha": 108, "doc_escala": "1:15.000", "doc_metodo": "Reconstituição Vetorial Afim", "doc_rms_m": 0.68 }, "geometry": { "type": "LineString", "coordinates": [ [ -59.921141233386322, -3.077752661457455 ], [ -59.921123661817106, -3.077761554102827 ], [ -59.921123710025554, -3.07777924246925 ], [ -59.92093104944329, -3.078107010372897 ], [ -59.920895954498597, -3.078142484040939 ] ] } },
{ "type": "Feature", "properties": { "id": 482, "pagina": 15, "classe": "Logradouros", "metodo": "EIXO_TRACO", "comp_m": 94.656877686775303, "id_layer": "p15_camadas_logradouros", "doc_fonte": "Resposta SECT_autos.pdf", "doc_pagina": 15, "doc_folha": 108, "doc_escala": "1:15.000", "doc_metodo": "Reconstituição Vetorial Afim", "doc_rms_m": 0.68 }, "geometry": { "type": "LineString", "coordinates": [ [ -59.892798613350784, -3.079448883112926 ], [ -59.892807984654915, -3.079661124856198 ], [ -59.892816806615109, -3.079669945251241 ], [ -59.892817427664021, -3.079899899813805 ], [ -59.892808653474795, -3.079908768233192 ], [ -59.892809059570368, -3.080059123140023 ], [ -59.892782999779847, -3.080183016873094 ], [ -59.892765499178623, -3.080218442529384 ], [ -59.892756892216156, -3.080289221797702 ] ] } },
{ "type": "Feature", "properties": { "id": 483, "pagina": 15, "classe": "Logradouros", "metodo": "EIXO_TRACO", "comp_m": 48.700492864610951, "id_layer": "p15_camadas_logradouros", "doc_fonte": "Resposta SECT_autos.pdf", "doc_pagina": 15, "doc_folha": 108, "doc_escala": "1:15.000", "doc_metodo": "Reconstituição Vetorial Afim", "doc_rms_m": 0.68 }, "geometry": { "type": "LineString", "coordinates": [ [ -59.924877422554815, -3.089558241549911 ], [ -59.924912614170729, -3.089558144128997 ], [ -59.925247346400567, -3.089707569096966 ], [ -59.925282513777432, -3.089698627510819 ] ] } },
{ "type": "Feature", "properties": { "id": 484, "pagina": 15, "classe": "Logradouros", "metodo": "EIXO_TRACO", "comp_m": 45.818361676716542, "id_layer": "p15_camadas_logradouros", "doc_fonte": "Resposta SECT_autos.pdf", "doc_pagina": 15, "doc_folha": 108, "doc_escala": "1:15.000", "doc_metodo": "Reconstituição Vetorial Afim", "doc_rms_m": 0.68 }, "geometry": { "type": "LineString", "coordinates": [ [ -59.924245354957399, -3.093274564889013 ], [ -59.924236460011493, -3.09323921264427 ], [ -59.924201122747547, -3.093186245221231 ], [ -59.923972109568474, -3.093089593286348 ], [ -59.923945715747088, -3.093089666412072 ], [ -59.923919249182603, -3.093063207061667 ] ] } },
{ "type": "Feature", "properties": { "id": 485, "pagina": 15, "classe": "Logradouros", "metodo": "EIXO_TRACO", "comp_m": 35.465302123668998, "id_layer": "p15_camadas_logradouros", "doc_fonte": "Resposta SECT_autos.pdf", "doc_pagina": 15, "doc_folha": 108, "doc_escala": "1:15.000", "doc_metodo": "Reconstituição Vetorial Afim", "doc_rms_m": 0.68 }, "geometry": { "type": "LineString", "coordinates": [ [ -59.924245354957399, -3.093274564889013 ], [ -59.924236678276877, -3.093318810047727 ], [ -59.924157957601238, -3.093487068433356 ], [ -59.924140531486309, -3.093549026289899 ], [ -59.924122984106454, -3.093566763364091 ] ] } },
{ "type": "Feature", "properties": { "id": 486, "pagina": 15, "classe": "Logradouros", "metodo": "EIXO_TRACO", "comp_m": 2.9365701682691001, "id_layer": "p15_camadas_logradouros", "doc_fonte": "Resposta SECT_autos.pdf", "doc_pagina": 15, "doc_folha": 108, "doc_escala": "1:15.000", "doc_metodo": "Reconstituição Vetorial Afim", "doc_rms_m": 0.68 }, "geometry": { "type": "LineString", "coordinates": [ [ -59.924245354957399, -3.093274564889013 ], [ -59.924271748776249, -3.093274491751435 ] ] } },
{ "type": "Feature", "properties": { "id": 487, "pagina": 15, "classe": "Logradouros", "metodo": "EIXO_TRACO", "comp_m": 8.6442364959097713, "id_layer": "p15_camadas_logradouros", "doc_fonte": "Resposta SECT_autos.pdf", "doc_pagina": 15, "doc_folha": 108, "doc_escala": "1:15.000", "doc_metodo": "Reconstituição Vetorial Afim", "doc_rms_m": 0.68 }, "geometry": { "type": "LineString", "coordinates": [ [ -59.928863855492899, -3.086699370176487 ], [ -59.928890127848199, -3.086655076478695 ], [ -59.928916521393418, -3.086655003381646 ] ] } },
{ "type": "Feature", "properties": { "id": 488, "pagina": 15, "classe": "Logradouros", "metodo": "EIXO_TRACO", "comp_m": 11.101860121056822, "id_layer": "p15_camadas_logradouros", "doc_fonte": "Resposta SECT_autos.pdf", "doc_pagina": 15, "doc_folha": 108, "doc_escala": "1:15.000", "doc_metodo": "Reconstituição Vetorial Afim", "doc_rms_m": 0.68 }, "geometry": { "type": "LineString", "coordinates": [ [ -59.928863855492899, -3.086699370176487 ], [ -59.928846259794597, -3.08669941890775 ], [ -59.928819938960693, -3.086726024365961 ], [ -59.928811262302183, -3.086770269334906 ] ] } },
{ "type": "Feature", "properties": { "id": 489, "pagina": 15, "classe": "Logradouros", "metodo": "EIXO_TRACO", "comp_m": 59.823124378403669, "id_layer": "p15_camadas_logradouros", "doc_fonte": "Resposta SECT_autos.pdf", "doc_pagina": 15, "doc_folha": 108, "doc_escala": "1:15.000", "doc_metodo": "Reconstituição Vetorial Afim", "doc_rms_m": 0.68 }, "geometry": { "type": "LineString", "coordinates": [ [ -59.939016450489007, -3.077031126511062 ], [ -59.939033948883726, -3.076995701600196 ], [ -59.939341092039783, -3.0767118392541 ], [ -59.939393708419111, -3.076649784743794 ] ] } },
{ "type": "Feature", "properties": { "id": 490, "pagina": 15, "classe": "Logradouros", "metodo": "EIXO_TRACO", "comp_m": 1.9577134455321361, "id_layer": "p15_camadas_logradouros", "doc_fonte": "Resposta SECT_autos.pdf", "doc_pagina": 15, "doc_folha": 108, "doc_escala": "1:15.000", "doc_metodo": "Reconstituição Vetorial Afim", "doc_rms_m": 0.68 }, "geometry": { "type": "LineString", "coordinates": [ [ -59.939016450489007, -3.077031126511062 ], [ -59.938998855110363, -3.077031175258093 ] ] } },
{ "type": "Feature", "properties": { "id": 491, "pagina": 15, "classe": "Logradouros", "metodo": "EIXO_TRACO", "comp_m": 255.35048009828429, "id_layer": "p15_camadas_logradouros", "doc_fonte": "Resposta SECT_autos.pdf", "doc_pagina": 15, "doc_folha": 108, "doc_escala": "1:15.000", "doc_metodo": "Reconstituição Vetorial Afim", "doc_rms_m": 0.68 }, "geometry": { "type": "LineString", "coordinates": [ [ -59.939016450489007, -3.077031126511062 ], [ -59.93906940634934, -3.077092888552392 ], [ -59.939880709715752, -3.077789324480565 ], [ -59.939977678366944, -3.077859808487684 ], [ -59.940727229000494, -3.078494505192926 ], [ -59.940771265981972, -3.078512071248808 ] ] } },
{ "type": "Feature", "properties": { "id": 492, "pagina": 15, "classe": "Logradouros", "metodo": "EIXO_TRACO", "comp_m": 36.637774490662935, "id_layer": "p15_camadas_logradouros", "doc_fonte": "Resposta SECT_autos.pdf", "doc_pagina": 15, "doc_folha": 108, "doc_escala": "1:15.000", "doc_metodo": "Reconstituição Vetorial Afim", "doc_rms_m": 0.68 }, "geometry": { "type": "LineString", "coordinates": [ [ -59.923919249182603, -3.093063207061667 ], [ -59.923822423339246, -3.093045786860459 ], [ -59.923602280833229, -3.092975642893461 ] ] } },
{ "type": "Feature", "properties": { "id": 493, "pagina": 15, "classe": "Logradouros", "metodo": "EIXO_TRACO", "comp_m": 30.426181827408609, "id_layer": "p15_camadas_logradouros", "doc_fonte": "Resposta SECT_autos.pdf", "doc_pagina": 15, "doc_folha": 108, "doc_escala": "1:15.000", "doc_metodo": "Reconstituição Vetorial Afim", "doc_rms_m": 0.68 }, "geometry": { "type": "LineString", "coordinates": [ [ -59.922294537561172, -3.094129015687993 ], [ -59.922294683016169, -3.09418208071522 ], [ -59.922216010448388, -3.094368027650018 ], [ -59.922224856900428, -3.09438569162263 ] ] } },
{ "type": "Feature", "properties": { "id": 494, "pagina": 15, "classe": "Logradouros", "metodo": "EIXO_TRACO", "comp_m": 43.274728004246711, "id_layer": "p15_camadas_logradouros", "doc_fonte": "Resposta SECT_autos.pdf", "doc_pagina": 15, "doc_folha": 108, "doc_escala": "1:15.000", "doc_metodo": "Reconstituição Vetorial Afim", "doc_rms_m": 0.68 }, "geometry": { "type": "LineString", "coordinates": [ [ -59.922294537561172, -3.094129015687993 ], [ -59.922364945499197, -3.094137664899859 ], [ -59.922391387870391, -3.094155280129763 ], [ -59.922514656304067, -3.094190315612442 ], [ -59.922602732891804, -3.094225448565064 ], [ -59.922655617638441, -3.094260678999751 ] ] } },
{ "type": "Feature", "properties": { "id": 495, "pagina": 15, "classe": "Logradouros", "metodo": "EIXO_TRACO", "comp_m": 19.590158137390805, "id_layer": "p15_camadas_logradouros", "doc_fonte": "Resposta SECT_autos.pdf", "doc_pagina": 15, "doc_folha": 108, "doc_escala": "1:15.000", "doc_metodo": "Reconstituição Vetorial Afim", "doc_rms_m": 0.68 }, "geometry": { "type": "LineString", "coordinates": [ [ -59.943341791237863, -3.079088647799791 ], [ -59.943333090757619, -3.079124048250349 ], [ -59.943254130384858, -3.079203864142416 ], [ -59.943227761662122, -3.079212781426873 ] ] } },
{ "type": "Feature", "properties": { "id": 496, "pagina": 15, "classe": "Logradouros", "metodo": "EIXO_TRACO", "comp_m": 206.70516004258909, "id_layer": "p15_camadas_logradouros", "doc_fonte": "Resposta SECT_autos.pdf", "doc_pagina": 15, "doc_folha": 108, "doc_escala": "1:15.000", "doc_metodo": "Reconstituição Vetorial Afim", "doc_rms_m": 0.68 }, "geometry": { "type": "LineString", "coordinates": [ [ -59.940675670454702, -3.09492697454743 ], [ -59.940657952804948, -3.094882803480601 ], [ -59.940578455203536, -3.094768051901636 ], [ -59.940445853536161, -3.094538475104019 ], [ -59.94018966780137, -3.094158893032888 ], [ -59.939898217883332, -3.093752876682906 ], [ -59.939659847734482, -3.093452841387673 ], [ -59.939624485794894, -3.093391031188533 ] ] } },
{ "type": "Feature", "properties": { "id": 497, "pagina": 15, "classe": "Logradouros", "metodo": "EIXO_TRACO", "comp_m": 2.9365701682691001, "id_layer": "p15_camadas_logradouros", "doc_fonte": "Resposta SECT_autos.pdf", "doc_pagina": 15, "doc_folha": 108, "doc_escala": "1:15.000", "doc_metodo": "Reconstituição Vetorial Afim", "doc_rms_m": 0.68 }, "geometry": { "type": "LineString", "coordinates": [ [ -59.940675670454702, -3.09492697454743 ], [ -59.940702063924114, -3.094926900960024 ] ] } },
{ "type": "Feature", "properties": { "id": 498, "pagina": 15, "classe": "Logradouros", "metodo": "EIXO_TRACO", "comp_m": 28.386844172874696, "id_layer": "p15_camadas_logradouros", "doc_fonte": "Resposta SECT_autos.pdf", "doc_pagina": 15, "doc_folha": 108, "doc_escala": "1:15.000", "doc_metodo": "Reconstituição Vetorial Afim", "doc_rms_m": 0.68 }, "geometry": { "type": "LineString", "coordinates": [ [ -59.916919211669956, -3.094232333977188 ], [ -59.916919308464692, -3.094267710832344 ], [ -59.91685830320273, -3.094480142253643 ] ] } },
{ "type": "Feature", "properties": { "id": 499, "pagina": 15, "classe": "Logradouros", "metodo": "EIXO_TRACO", "comp_m": 6.8519970592751633, "id_layer": "p15_camadas_logradouros", "doc_fonte": "Resposta SECT_autos.pdf", "doc_pagina": 15, "doc_folha": 108, "doc_escala": "1:15.000", "doc_metodo": "Reconstituição Vetorial Afim", "doc_rms_m": 0.68 }, "geometry": { "type": "LineString", "coordinates": [ [ -59.916919211669956, -3.094232333977188 ], [ -59.916980797706046, -3.094232163696339 ] ] } },
{ "type": "Feature", "properties": { "id": 500, "pagina": 15, "classe": "Logradouros", "metodo": "EIXO_TRACO", "comp_m": 49.929895329873474, "id_layer": "p15_camadas_logradouros", "doc_fonte": "Resposta SECT_autos.pdf", "doc_pagina": 15, "doc_folha": 108, "doc_escala": "1:15.000", "doc_metodo": "Reconstituição Vetorial Afim", "doc_rms_m": 0.68 }, "geometry": { "type": "LineString", "coordinates": [ [ -59.916919211669956, -3.094232333977188 ], [ -59.916566783305377, -3.094047578393353 ], [ -59.916540268316183, -3.094003430272462 ] ] } },
{ "type": "Feature", "properties": { "id": 501, "pagina": 15, "classe": "Logradouros", "metodo": "EIXO_TRACO", "comp_m": 136.21405370679938, "id_layer": "p15_camadas_logradouros", "doc_fonte": "Resposta SECT_autos.pdf", "doc_pagina": 15, "doc_folha": 108, "doc_escala": "1:15.000", "doc_metodo": "Reconstituição Vetorial Afim", "doc_rms_m": 0.68 }, "geometry": { "type": "LineString", "coordinates": [ [ -59.943346700829181, -3.080875137007923 ], [ -59.943337830207312, -3.080848629430165 ], [ -59.942517385023486, -3.080028408839953 ], [ -59.94249969245859, -3.079993081641604 ] ] } },
{ "type": "Feature", "properties": { "id": 502, "pagina": 15, "classe": "Logradouros", "metodo": "EIXO_TRACO", "comp_m": 217.54445193011668, "id_layer": "p15_camadas_logradouros", "doc_fonte": "Resposta SECT_autos.pdf", "doc_pagina": 15, "doc_folha": 108, "doc_escala": "1:15.000", "doc_metodo": "Reconstituição Vetorial Afim", "doc_rms_m": 0.68 }, "geometry": { "type": "LineString", "coordinates": [ [ -59.928073914844823, -3.087382560535406 ], [ -59.928303434890189, -3.087664939020188 ], [ -59.928488650590715, -3.08783246560089 ], [ -59.928717879896496, -3.088008714341397 ], [ -59.929008694281329, -3.088184792310604 ], [ -59.929308185298858, -3.088316625142553 ], [ -59.929589983578488, -3.088413130132768 ], [ -59.929625223523956, -3.088430720819031 ], [ -59.929651738388564, -3.088474868230232 ] ] } },
{ "type": "Feature", "properties": { "id": 503, "pagina": 15, "classe": "Logradouros", "metodo": "EIXO_TRACO", "comp_m": 109.49390968557628, "id_layer": "p15_camadas_logradouros", "doc_fonte": "Resposta SECT_autos.pdf", "doc_pagina": 15, "doc_folha": 108, "doc_escala": "1:15.000", "doc_metodo": "Reconstituição Vetorial Afim", "doc_rms_m": 0.68 }, "geometry": { "type": "LineString", "coordinates": [ [ -59.918964344460335, -3.098896448968381 ], [ -59.918506652938177, -3.098826962988124 ], [ -59.918497830659717, -3.098818143162488 ], [ -59.918445042473657, -3.098818289409773 ], [ -59.918277782885461, -3.098783375699708 ], [ -59.918224994690718, -3.098783521934337 ], [ -59.918057735083423, -3.098748608177197 ], [ -59.917996148845852, -3.098748778769242 ] ] } },
{ "type": "Feature", "properties": { "id": 504, "pagina": 15, "classe": "Logradouros", "metodo": "EIXO_TRACO", "comp_m": 1.957713389769197, "id_layer": "p15_camadas_logradouros", "doc_fonte": "Resposta SECT_autos.pdf", "doc_pagina": 15, "doc_folha": 108, "doc_escala": "1:15.000", "doc_metodo": "Reconstituição Vetorial Afim", "doc_rms_m": 0.68 }, "geometry": { "type": "LineString", "coordinates": [ [ -59.921340088986888, -3.076469697790476 ], [ -59.921340040795428, -3.076452009427051 ] ] } },
{ "type": "Feature", "properties": { "id": 505, "pagina": 15, "classe": "Logradouros", "metodo": "EIXO_TRACO", "comp_m": 91.665516436097278, "id_layer": "p15_camadas_logradouros", "doc_fonte": "Resposta SECT_autos.pdf", "doc_pagina": 15, "doc_folha": 108, "doc_escala": "1:15.000", "doc_metodo": "Reconstituição Vetorial Afim", "doc_rms_m": 0.68 }, "geometry": { "type": "LineString", "coordinates": [ [ -59.91592188647104, -3.112330503085284 ], [ -59.915930781962956, -3.112365855500261 ], [ -59.916089611241347, -3.112533455342624 ], [ -59.916283852269956, -3.112780555193879 ], [ -59.916389722309184, -3.112886392176037 ], [ -59.916425158373407, -3.112974736450652 ] ] } },
{ "type": "Feature", "properties": { "id": 506, "pagina": 15, "classe": "Logradouros", "metodo": "EIXO_TRACO", "comp_m": 53.338687245015173, "id_layer": "p15_camadas_logradouros", "doc_fonte": "Resposta SECT_autos.pdf", "doc_pagina": 15, "doc_folha": 108, "doc_escala": "1:15.000", "doc_metodo": "Reconstituição Vetorial Afim", "doc_rms_m": 0.68 }, "geometry": { "type": "LineString", "coordinates": [ [ -59.926511965141998, -3.088872711574119 ], [ -59.926512668013146, -3.089129191592967 ], [ -59.92648651673062, -3.089217706076126 ], [ -59.926460244256418, -3.089261999867934 ], [ -59.926442866626459, -3.089341645851371 ] ] } },
{ "type": "Feature", "properties": { "id": 507, "pagina": 15, "classe": "Logradouros", "metodo": "EIXO_TRACO", "comp_m": 23.311386103936481, "id_layer": "p15_camadas_logradouros", "doc_fonte": "Resposta SECT_autos.pdf", "doc_pagina": 15, "doc_folha": 108, "doc_escala": "1:15.000", "doc_metodo": "Reconstituição Vetorial Afim", "doc_rms_m": 0.68 }, "geometry": { "type": "LineString", "coordinates": [ [ -59.926511965141998, -3.088872711574119 ], [ -59.926476749363601, -3.088863964887782 ], [ -59.926370859684262, -3.088749283420984 ], [ -59.92637081121682, -3.08873159514148 ] ] } },
{ "type": "Feature", "properties": { "id": 508, "pagina": 15, "classe": "Logradouros", "metodo": "EIXO_TRACO", "comp_m": 15.527332089805025, "id_layer": "p15_camadas_logradouros", "doc_fonte": "Resposta SECT_autos.pdf", "doc_pagina": 15, "doc_folha": 108, "doc_escala": "1:15.000", "doc_metodo": "Reconstituição Vetorial Afim", "doc_rms_m": 0.68 }, "geometry": { "type": "LineString", "coordinates": [ [ -59.935872179112259, -3.078976698040502 ], [ -59.935880879901312, -3.078941297414713 ], [ -59.935915973878814, -3.078905823701582 ], [ -59.935924626198016, -3.07885273494662 ] ] } },
{ "type": "Feature", "properties": { "id": 509, "pagina": 15, "classe": "Logradouros", "metodo": "EIXO_TRACO", "comp_m": 1098.1958852929636, "id_layer": "p15_camadas_logradouros", "doc_fonte": "Resposta SECT_autos.pdf", "doc_pagina": 15, "doc_folha": 108, "doc_escala": "1:15.000", "doc_metodo": "Reconstituição Vetorial Afim", "doc_rms_m": 0.68 }, "geometry": { "type": "LineString", "coordinates": [ [ -59.935872179112259, -3.078976698040502 ], [ -59.935819441200053, -3.078994532349048 ], [ -59.935661421315032, -3.079118787808539 ], [ -59.935617481118079, -3.079136597754622 ], [ -59.935178369780438, -3.079420826047096 ], [ -59.935134429548754, -3.079438635992685 ], [ -59.933228442966971, -3.080584807677324 ], [ -59.932499390939277, -3.081011345215433 ], [ -59.932394108328481, -3.081117766539899 ], [ -59.932288995262923, -3.081286096531354 ], [ -59.932166286619939, -3.081454475247282 ], [ -59.931360499778883, -3.082774486377847 ], [ -59.931325526642503, -3.082854180711267 ], [ -59.930520102228364, -3.084306854790899 ], [ -59.929802534063874, -3.085715066098625 ], [ -59.929723717131559, -3.085847947091226 ], [ -59.929609975472182, -3.086078210820985 ], [ -59.92955740659751, -3.086157954055437 ], [ -59.92955745507718, -3.086175642285144 ] ] } },
{ "type": "Feature", "properties": { "id": 510, "pagina": 15, "classe": "Logradouros", "metodo": "EIXO_TRACO", "comp_m": 65.529994139834258, "id_layer": "p15_camadas_logradouros", "doc_fonte": "Resposta SECT_autos.pdf", "doc_pagina": 15, "doc_folha": 108, "doc_escala": "1:15.000", "doc_metodo": "Reconstituição Vetorial Afim", "doc_rms_m": 0.68 }, "geometry": { "type": "LineString", "coordinates": [ [ -59.939393708419111, -3.076649784743794 ], [ -59.939164192857938, -3.076367409157629 ], [ -59.939084674340975, -3.076243811912349 ], [ -59.939040564730249, -3.076199713546231 ], [ -59.939022969365617, -3.076199762280503 ] ] } },
{ "type": "Feature", "properties": { "id": 511, "pagina": 15, "classe": "Logradouros", "metodo": "EIXO_TRACO", "comp_m": 1.9577134455030321, "id_layer": "p15_camadas_logradouros", "doc_fonte": "Resposta SECT_autos.pdf", "doc_pagina": 15, "doc_folha": 108, "doc_escala": "1:15.000", "doc_metodo": "Reconstituição Vetorial Afim", "doc_rms_m": 0.68 }, "geometry": { "type": "LineString", "coordinates": [ [ -59.939393708419111, -3.076649784743794 ], [ -59.939411303785235, -3.076649735996257 ] ] } },
{ "type": "Feature", "properties": { "id": 512, "pagina": 15, "classe": "Logradouros", "metodo": "EIXO_TRACO", "comp_m": 85.752895926025985, "id_layer": "p15_camadas_logradouros", "doc_fonte": "Resposta SECT_autos.pdf", "doc_pagina": 15, "doc_folha": 108, "doc_escala": "1:15.000", "doc_metodo": "Reconstituição Vetorial Afim", "doc_rms_m": 0.68 }, "geometry": { "type": "LineString", "coordinates": [ [ -59.94337595010365, -3.091496786788519 ], [ -59.943375876915333, -3.09147025477708 ], [ -59.94335818378574, -3.091434927809363 ], [ -59.943119790151677, -3.091126049716685 ], [ -59.942960820510997, -3.090905390871681 ], [ -59.942951925187479, -3.090870039358646 ], [ -59.94294312741571, -3.090870063874461 ] ] } },
{ "type": "Feature", "properties": { "id": 513, "pagina": 15, "classe": "Logradouros", "metodo": "EIXO_TRACO", "comp_m": 1.9577134455030321, "id_layer": "p15_camadas_logradouros", "doc_fonte": "Resposta SECT_autos.pdf", "doc_pagina": 15, "doc_folha": 108, "doc_escala": "1:15.000", "doc_metodo": "Reconstituição Vetorial Afim", "doc_rms_m": 0.68 }, "geometry": { "type": "LineString", "coordinates": [ [ -59.896631602559125, -3.091334189251904 ], [ -59.896649198840514, -3.091334140983896 ] ] } },
{ "type": "Feature", "properties": { "id": 514, "pagina": 15, "classe": "Logradouros", "metodo": "EIXO_TRACO", "comp_m": 29.623102800223716, "id_layer": "p15_camadas_logradouros", "doc_fonte": "Resposta SECT_autos.pdf", "doc_pagina": 15, "doc_folha": 108, "doc_escala": "1:15.000", "doc_metodo": "Reconstituição Vetorial Afim", "doc_rms_m": 0.68 }, "geometry": { "type": "LineString", "coordinates": [ [ -59.938224464259953, -3.076962567460778 ], [ -59.938224391543763, -3.076936035318719 ], [ -59.938206699200741, -3.076900707861099 ], [ -59.938100811780991, -3.076786027617401 ], [ -59.938091892905568, -3.076741831739213 ] ] } },
{ "type": "Feature", "properties": { "id": 515, "pagina": 15, "classe": "Logradouros", "metodo": "EIXO_TRACO", "comp_m": 2.9365700855851169, "id_layer": "p15_camadas_logradouros", "doc_fonte": "Resposta SECT_autos.pdf", "doc_pagina": 15, "doc_folha": 108, "doc_escala": "1:15.000", "doc_metodo": "Reconstituição Vetorial Afim", "doc_rms_m": 0.68 }, "geometry": { "type": "LineString", "coordinates": [ [ -59.894399391845297, -3.09226897805633 ], [ -59.894399463835448, -3.092295511231558 ] ] } },
{ "type": "Feature", "properties": { "id": 516, "pagina": 15, "classe": "Logradouros", "metodo": "EIXO_TRACO", "comp_m": 196.65474647877434, "id_layer": "p15_camadas_logradouros", "doc_fonte": "Resposta SECT_autos.pdf", "doc_pagina": 15, "doc_folha": 108, "doc_escala": "1:15.000", "doc_metodo": "Reconstituição Vetorial Afim", "doc_rms_m": 0.68 }, "geometry": { "type": "LineString", "coordinates": [ [ -59.894399391845297, -3.09226897805633 ], [ -59.894364103196345, -3.092233696978172 ], [ -59.894187324088264, -3.091933470027859 ], [ -59.893939776022144, -3.091491925538008 ], [ -59.893824752303935, -3.091253440294573 ], [ -59.89380710801224, -3.091235799721166 ], [ -59.893603431361313, -3.090749912322416 ], [ -59.893594489334049, -3.09069687003658 ] ] } },
{ "type": "Feature", "properties": { "id": 517, "pagina": 15, "classe": "Logradouros", "metodo": "EIXO_TRACO", "comp_m": 159.48283495696035, "id_layer": "p15_camadas_logradouros", "doc_fonte": "Resposta SECT_autos.pdf", "doc_pagina": 15, "doc_folha": 108, "doc_escala": "1:15.000", "doc_metodo": "Reconstituição Vetorial Afim", "doc_rms_m": 0.68 }, "geometry": { "type": "LineString", "coordinates": [ [ -59.892123689401068, -3.083643006655515 ], [ -59.892238040948811, -3.083633849764518 ], [ -59.892246862972257, -3.083642670137184 ], [ -59.892502103839902, -3.083677350650392 ], [ -59.892757464250977, -3.083756253116588 ], [ -59.892783858576742, -3.083756180988285 ], [ -59.892845517087508, -3.083782545902458 ], [ -59.893180084359003, -3.08387007622057 ], [ -59.89324174286714, -3.083896441096107 ], [ -59.893268137185004, -3.083896368952462 ], [ -59.893435468650303, -3.083957822832437 ], [ -59.893505877413141, -3.083966474831384 ] ] } },
{ "type": "Feature", "properties": { "id": 518, "pagina": 15, "classe": "Logradouros", "metodo": "EIXO_TRACO", "comp_m": 39.043539658134243, "id_layer": "p15_camadas_logradouros", "doc_fonte": "Resposta SECT_autos.pdf", "doc_pagina": 15, "doc_folha": 108, "doc_escala": "1:15.000", "doc_metodo": "Reconstituição Vetorial Afim", "doc_rms_m": 0.68 }, "geometry": { "type": "LineString", "coordinates": [ [ -59.916540268316183, -3.094003430272462 ], [ -59.916443441855044, -3.09398600935972 ], [ -59.916258417591919, -3.093889233647095 ], [ -59.916214427552177, -3.093889355233079 ] ] } },
{ "type": "Feature", "properties": { "id": 519, "pagina": 15, "classe": "Logradouros", "metodo": "EIXO_TRACO", "comp_m": 601.96576684131571, "id_layer": "p15_camadas_logradouros", "doc_fonte": "Resposta SECT_autos.pdf", "doc_pagina": 15, "doc_folha": 108, "doc_escala": "1:15.000", "doc_metodo": "Reconstituição Vetorial Afim", "doc_rms_m": 0.68 }, "geometry": { "type": "LineString", "coordinates": [ [ -59.924166450311084, -3.096582523116274 ], [ -59.924183754924542, -3.096476344437393 ], [ -59.924218679751199, -3.096378961110597 ], [ -59.924244709513381, -3.096246225569842 ], [ -59.924244539589488, -3.096184316482149 ], [ -59.924253313278541, -3.0961754479248 ], [ -59.924261358760681, -3.095901254709126 ], [ -59.924270132449351, -3.095892386153952 ], [ -59.924278372159307, -3.09568894618472 ], [ -59.924287145847622, -3.095680077631193 ], [ -59.924286927411529, -3.095600480234885 ], [ -59.924295701099666, -3.09559161168202 ], [ -59.924295045825176, -3.09535281949413 ], [ -59.924303819513099, -3.095343950943169 ], [ -59.92431169531438, -3.095007848656394 ], [ -59.924320469001891, -3.094998980108102 ], [ -59.924327180337819, -3.094238358385766 ], [ -59.92433595402477, -3.094229489843382 ], [ -59.924344266784111, -3.094052582357217 ], [ -59.924353040470713, -3.094043713816257 ], [ -59.924378755084149, -3.093796004326192 ], [ -59.924387528770097, -3.093787135787196 ], [ -59.924387334716705, -3.093716382549894 ], [ -59.924430718029875, -3.093495156771725 ], [ -59.924482947812102, -3.093291594935083 ], [ -59.924500470926269, -3.093265013711016 ], [ -59.924500398165229, -3.093238481249456 ], [ -59.924544072556067, -3.093123385348265 ], [ -59.924543999797272, -3.093096852887673 ], [ -59.924596472124904, -3.092981732614752 ], [ -59.924657548370149, -3.092795834749176 ], [ -59.92526082239516, -3.091414465355479 ], [ -59.925260676923138, -3.091361400466732 ] ] } },
{ "type": "Feature", "properties": { "id": 520, "pagina": 15, "classe": "Logradouros", "metodo": "EIXO_TRACO", "comp_m": 43.96080866740315, "id_layer": "p15_camadas_logradouros", "doc_fonte": "Resposta SECT_autos.pdf", "doc_pagina": 15, "doc_folha": 108, "doc_escala": "1:15.000", "doc_metodo": "Reconstituição Vetorial Afim", "doc_rms_m": 0.68 }, "geometry": { "type": "LineString", "coordinates": [ [ -59.925063826280216, -3.090159132273576 ], [ -59.925055198012139, -3.090221065684606 ], [ -59.92499395193547, -3.090345054321258 ], [ -59.924994000405469, -3.090362742622093 ], [ -59.92494147953051, -3.090460174454145 ], [ -59.924941528001462, -3.090477862755775 ], [ -59.924906433297735, -3.090513336810966 ] ] } },
{ "type": "Feature", "properties": { "id": 521, "pagina": 15, "classe": "Logradouros", "metodo": "EIXO_TRACO", "comp_m": 41.545543697111526, "id_layer": "p15_camadas_logradouros", "doc_fonte": "Resposta SECT_autos.pdf", "doc_pagina": 15, "doc_folha": 108, "doc_escala": "1:15.000", "doc_metodo": "Reconstituição Vetorial Afim", "doc_rms_m": 0.68 }, "geometry": { "type": "LineString", "coordinates": [ [ -59.925063826280216, -3.090159132273576 ], [ -59.925011014599818, -3.090150434290155 ], [ -59.924905294304772, -3.090097661708247 ], [ -59.924782002425879, -3.090053781974247 ], [ -59.924746762328454, -3.090036191101579 ], [ -59.924729093819515, -3.090009707359223 ] ] } },
{ "type": "Feature", "properties": { "id": 522, "pagina": 15, "classe": "Logradouros", "metodo": "EIXO_TRACO", "comp_m": 8.8639243681274316, "id_layer": "p15_camadas_logradouros", "doc_fonte": "Resposta SECT_autos.pdf", "doc_pagina": 15, "doc_folha": 108, "doc_escala": "1:15.000", "doc_metodo": "Reconstituição Vetorial Afim", "doc_rms_m": 0.68 }, "geometry": { "type": "LineString", "coordinates": [ [ -59.94299464998096, -3.077621494849439 ], [ -59.942986070870887, -3.07770111534369 ] ] } },
{ "type": "Feature", "properties": { "id": 523, "pagina": 15, "classe": "Logradouros", "metodo": "EIXO_TRACO", "comp_m": 255.94494478541171, "id_layer": "p15_camadas_logradouros", "doc_fonte": "Resposta SECT_autos.pdf", "doc_pagina": 15, "doc_folha": 108, "doc_escala": "1:15.000", "doc_metodo": "Reconstituição Vetorial Afim", "doc_rms_m": 0.68 }, "geometry": { "type": "LineString", "coordinates": [ [ -59.94299464998096, -3.077621494849439 ], [ -59.942932969210872, -3.07758628968762 ], [ -59.942509685936152, -3.077224856768994 ], [ -59.941354571067762, -3.07627289865899 ], [ -59.941248805024749, -3.076202439110543 ], [ -59.941195994777793, -3.076193741398602 ] ] } },
{ "type": "Feature", "properties": { "id": 524, "pagina": 15, "classe": "Logradouros", "metodo": "EIXO_TRACO", "comp_m": 11.681044797060849, "id_layer": "p15_camadas_logradouros", "doc_fonte": "Resposta SECT_autos.pdf", "doc_pagina": 15, "doc_folha": 108, "doc_escala": "1:15.000", "doc_metodo": "Reconstituição Vetorial Afim", "doc_rms_m": 0.68 }, "geometry": { "type": "LineString", "coordinates": [ [ -59.943344026934533, -3.07990229635844 ], [ -59.943335326473438, -3.079937696814853 ], [ -59.943291483904588, -3.079990883014424 ] ] } },
{ "type": "Feature", "properties": { "id": 525, "pagina": 15, "classe": "Logradouros", "metodo": "EIXO_TRACO", "comp_m": 34.490803079665035, "id_layer": "p15_camadas_logradouros", "doc_fonte": "Resposta SECT_autos.pdf", "doc_pagina": 15, "doc_folha": 108, "doc_escala": "1:15.000", "doc_metodo": "Reconstituição Vetorial Afim", "doc_rms_m": 0.68 }, "geometry": { "type": "LineString", "coordinates": [ [ -59.921568229980352, -3.076247963477516 ], [ -59.921533062791902, -3.076256904548563 ], [ -59.921340040795428, -3.076452009427051 ] ] } },
{ "type": "Feature", "properties": { "id": 526, "pagina": 15, "classe": "Logradouros", "metodo": "EIXO_TRACO", "comp_m": 3.9154268910060641, "id_layer": "p15_camadas_logradouros", "doc_fonte": "Resposta SECT_autos.pdf", "doc_pagina": 15, "doc_folha": 108, "doc_escala": "1:15.000", "doc_metodo": "Reconstituição Vetorial Afim", "doc_rms_m": 0.68 }, "geometry": { "type": "LineString", "coordinates": [ [ -59.940998006719205, -3.096960216534636 ], [ -59.941033198068467, -3.096960118342801 ] ] } },
{ "type": "Feature", "properties": { "id": 527, "pagina": 15, "classe": "Logradouros", "metodo": "EIXO_TRACO", "comp_m": 179.3692177007155, "id_layer": "p15_camadas_logradouros", "doc_fonte": "Resposta SECT_autos.pdf", "doc_pagina": 15, "doc_folha": 108, "doc_escala": "1:15.000", "doc_metodo": "Reconstituição Vetorial Afim", "doc_rms_m": 0.68 }, "geometry": { "type": "LineString", "coordinates": [ [ -59.940998006719205, -3.096960216534636 ], [ -59.940980288947344, -3.09691604551994 ], [ -59.940689178979341, -3.096633846761121 ], [ -59.940521507398735, -3.096448588517263 ], [ -59.939895128107558, -3.095822404469113 ], [ -59.939868710195469, -3.095813634026509 ] ] } },
{ "type": "Feature", "properties": { "id": 528, "pagina": 15, "classe": "Logradouros", "metodo": "EIXO_TRACO", "comp_m": 28.45427222258634, "id_layer": "p15_camadas_logradouros", "doc_fonte": "Resposta SECT_autos.pdf", "doc_pagina": 15, "doc_folha": 108, "doc_escala": "1:15.000", "doc_metodo": "Reconstituição Vetorial Afim", "doc_rms_m": 0.68 }, "geometry": { "type": "LineString", "coordinates": [ [ -59.895398473854264, -3.084332766467564 ], [ -59.895653570625747, -3.084314379667038 ] ] } },
{ "type": "Feature", "properties": { "id": 529, "pagina": 15, "classe": "Logradouros", "metodo": "EIXO_TRACO", "comp_m": 317.1961343084742, "id_layer": "p15_camadas_logradouros", "doc_fonte": "Resposta SECT_autos.pdf", "doc_pagina": 15, "doc_folha": 108, "doc_escala": "1:15.000", "doc_metodo": "Reconstituição Vetorial Afim", "doc_rms_m": 0.68 }, "geometry": { "type": "LineString", "coordinates": [ [ -59.921605445592263, -3.076990777671458 ], [ -59.921658232551131, -3.076990632296135 ], [ -59.922354080329207, -3.077289419844822 ], [ -59.923226487556434, -3.077808825798618 ], [ -59.923588139063966, -3.078152753915458 ], [ -59.923941137771351, -3.078549770908906 ] ] } },
{ "type": "Feature", "properties": { "id": 530, "pagina": 15, "classe": "Logradouros", "metodo": "EIXO_TRACO", "comp_m": 211.32914874640772, "id_layer": "p15_camadas_logradouros", "doc_fonte": "Resposta SECT_autos.pdf", "doc_pagina": 15, "doc_folha": 108, "doc_escala": "1:15.000", "doc_metodo": "Reconstituição Vetorial Afim", "doc_rms_m": 0.68 }, "geometry": { "type": "LineString", "coordinates": [ [ -59.892038682192904, -3.087994721465354 ], [ -59.892047576118287, -3.088030075039332 ], [ -59.892091638698332, -3.088056487919933 ], [ -59.892506660509454, -3.088612554178787 ], [ -59.89275396693639, -3.088965656165273 ], [ -59.893053846836146, -3.089239013782435 ], [ -59.893256515834253, -3.089353436958985 ], [ -59.893309328702955, -3.089362136816027 ] ] } },
{ "type": "Feature", "properties": { "id": 531, "pagina": 15, "classe": "Logradouros", "metodo": "EIXO_TRACO", "comp_m": 53.290598842187507, "id_layer": "p15_camadas_logradouros", "doc_fonte": "Resposta SECT_autos.pdf", "doc_pagina": 15, "doc_folha": 108, "doc_escala": "1:15.000", "doc_metodo": "Reconstituição Vetorial Afim", "doc_rms_m": 0.68 }, "geometry": { "type": "LineString", "coordinates": [ [ -59.919846257716763, -3.099663455184698 ], [ -59.919854958682521, -3.099628054033472 ], [ -59.919933971061539, -3.099565925175289 ], [ -59.920215362241962, -3.099512079452862 ], [ -59.920250530065836, -3.099503137687529 ], [ -59.92025927955342, -3.09948542491982 ] ] } },
{ "type": "Feature", "properties": { "id": 532, "pagina": 15, "classe": "Logradouros", "metodo": "EIXO_TRACO", "comp_m": 23.923558289033053, "id_layer": "p15_camadas_logradouros", "doc_fonte": "Resposta SECT_autos.pdf", "doc_pagina": 15, "doc_folha": 108, "doc_escala": "1:15.000", "doc_metodo": "Reconstituição Vetorial Afim", "doc_rms_m": 0.68 }, "geometry": { "type": "LineString", "coordinates": [ [ -59.919846257716763, -3.099663455184698 ], [ -59.919916641931756, -3.099663260041035 ], [ -59.920004549394413, -3.099636483539535 ], [ -59.920057337547256, -3.099636337175573 ] ] } },
{ "type": "Feature", "properties": { "id": 533, "pagina": 15, "classe": "Logradouros", "metodo": "EIXO_TRACO", "comp_m": 180.6128824005535, "id_layer": "p15_camadas_logradouros", "doc_fonte": "Resposta SECT_autos.pdf", "doc_pagina": 15, "doc_folha": 108, "doc_escala": "1:15.000", "doc_metodo": "Reconstituição Vetorial Afim", "doc_rms_m": 0.68 }, "geometry": { "type": "LineString", "coordinates": [ [ -59.919846257716763, -3.099663455184698 ], [ -59.919819863634991, -3.099663528362363 ], [ -59.919723206652598, -3.099708017628179 ], [ -59.919494627729883, -3.099770561142411 ], [ -59.919468306426772, -3.099797166891828 ], [ -59.91945085594444, -3.099850280829625 ], [ -59.91953096031947, -3.100186140610521 ], [ -59.919557791240209, -3.100345262881703 ], [ -59.91957550865358, -3.100389435048958 ], [ -59.919575605729541, -3.100424811815834 ], [ -59.919726701495634, -3.100981581066699 ] ] } },
{ "type": "Feature", "properties": { "id": 534, "pagina": 15, "classe": "Logradouros", "metodo": "EIXO_TRACO", "comp_m": 597.19031861098085, "id_layer": "p15_camadas_logradouros", "doc_fonte": "Resposta SECT_autos.pdf", "doc_pagina": 15, "doc_folha": 108, "doc_escala": "1:15.000", "doc_metodo": "Reconstituição Vetorial Afim", "doc_rms_m": 0.68 }, "geometry": { "type": "LineString", "coordinates": [ [ -59.914450770118954, -3.076267535976344 ], [ -59.914477187787739, -3.076276307719999 ], [ -59.914716052728878, -3.076762088136603 ], [ -59.914716100816008, -3.076779776604881 ], [ -59.914910688151721, -3.077159546841906 ], [ -59.914910736248295, -3.077177235306956 ], [ -59.915069939875096, -3.077486348238899 ], [ -59.915069987979422, -3.077504036701321 ], [ -59.915176115802772, -3.077707163847811 ], [ -59.915176163912285, -3.077724852308478 ], [ -59.915388443828682, -3.078139950677205 ], [ -59.915432746041752, -3.078254804710727 ], [ -59.915503490058086, -3.078387274620918 ], [ -59.915547792314285, -3.078502128627596 ], [ -59.915742452897547, -3.078908430797232 ], [ -59.915831057610653, -3.07913813868729 ], [ -59.915857836432949, -3.079279573688065 ], [ -59.915857980869966, -3.079332639036143 ], [ -59.91586680283428, -3.079341459060933 ], [ -59.915866947274651, -3.079394524408522 ], [ -59.91587576923996, -3.079403344432688 ], [ -59.915876322954503, -3.079606761596222 ], [ -59.915850290409011, -3.079739497572297 ], [ -59.915832790924327, -3.07977492287715 ], [ -59.915780581393761, -3.079987329498737 ], [ -59.915763033754189, -3.080005066357752 ], [ -59.915658133153343, -3.080252995135095 ], [ -59.915430182291132, -3.080545483969336 ], [ -59.915000409142039, -3.081033102680361 ] ] } },
{ "type": "Feature", "properties": { "id": 535, "pagina": 15, "classe": "Logradouros", "metodo": "EIXO_TRACO", "comp_m": 61.473448291012346, "id_layer": "p15_camadas_logradouros", "doc_fonte": "Resposta SECT_autos.pdf", "doc_pagina": 15, "doc_folha": 108, "doc_escala": "1:15.000", "doc_metodo": "Reconstituição Vetorial Afim", "doc_rms_m": 0.68 }, "geometry": { "type": "LineString", "coordinates": [ [ -59.94006342574103, -3.093044888522771 ], [ -59.939624461414823, -3.093382187155093 ] ] } },
{ "type": "Feature", "properties": { "id": 536, "pagina": 15, "classe": "Logradouros", "metodo": "EIXO_TRACO", "comp_m": 94.575835371606402, "id_layer": "p15_camadas_logradouros", "doc_fonte": "Resposta SECT_autos.pdf", "doc_pagina": 15, "doc_folha": 108, "doc_escala": "1:15.000", "doc_metodo": "Reconstituição Vetorial Afim", "doc_rms_m": 0.68 }, "geometry": { "type": "LineString", "coordinates": [ [ -59.894967766740614, -3.081229541221477 ], [ -59.894308915529471, -3.081602808674858 ], [ -59.894264996872252, -3.081629462051476 ], [ -59.894247448538643, -3.081647198917968 ], [ -59.894247496364336, -3.081664887707372 ] ] } },
{ "type": "Feature", "properties": { "id": 537, "pagina": 15, "classe": "Logradouros", "metodo": "EIXO_TRACO", "comp_m": 96.441426659131508, "id_layer": "p15_camadas_logradouros", "doc_fonte": "Resposta SECT_autos.pdf", "doc_pagina": 15, "doc_folha": 108, "doc_escala": "1:15.000", "doc_metodo": "Reconstituição Vetorial Afim", "doc_rms_m": 0.68 }, "geometry": { "type": "LineString", "coordinates": [ [ -59.917702960056992, -3.09449549493804 ], [ -59.916964048700478, -3.094541759817914 ], [ -59.916875971819131, -3.094506626241748 ], [ -59.91685830320273, -3.094480142253643 ] ] } },
{ "type": "Feature", "properties": { "id": 538, "pagina": 15, "classe": "Logradouros", "metodo": "EIXO_TRACO", "comp_m": 12.269375353699502, "id_layer": "p15_camadas_logradouros", "doc_fonte": "Resposta SECT_autos.pdf", "doc_pagina": 15, "doc_folha": 108, "doc_escala": "1:15.000", "doc_metodo": "Reconstituição Vetorial Afim", "doc_rms_m": 0.68 }, "geometry": { "type": "LineString", "coordinates": [ [ -59.917702960056992, -3.09449549493804 ], [ -59.917764449235158, -3.094459947768776 ], [ -59.917781948406883, -3.094424522272109 ] ] } },
{ "type": "Feature", "properties": { "id": 539, "pagina": 15, "classe": "Logradouros", "metodo": "EIXO_TRACO", "comp_m": 25.284555076519034, "id_layer": "p15_camadas_logradouros", "doc_fonte": "Resposta SECT_autos.pdf", "doc_pagina": 15, "doc_folha": 108, "doc_escala": "1:15.000", "doc_metodo": "Reconstituição Vetorial Afim", "doc_rms_m": 0.68 }, "geometry": { "type": "LineString", "coordinates": [ [ -59.917702960056992, -3.09449549493804 ], [ -59.917738612015093, -3.094663437538441 ], [ -59.917738733059537, -3.094707658574582 ], [ -59.917729959265664, -3.094716527117984 ] ] } },
{ "type": "Feature", "properties": { "id": 540, "pagina": 15, "classe": "Logradouros", "metodo": "EIXO_TRACO", "comp_m": 7.6451153023419822, "id_layer": "p15_camadas_logradouros", "doc_fonte": "Resposta SECT_autos.pdf", "doc_pagina": 15, "doc_folha": 108, "doc_escala": "1:15.000", "doc_metodo": "Reconstituição Vetorial Afim", "doc_rms_m": 0.68 }, "geometry": { "type": "LineString", "coordinates": [ [ -59.943357818731357, -3.084916847490715 ], [ -59.943313684072145, -3.084863905817607 ] ] } },
{ "type": "Feature", "properties": { "id": 541, "pagina": 15, "classe": "Logradouros", "metodo": "EIXO_TRACO", "comp_m": 786.33758793472123, "id_layer": "p15_camadas_logradouros", "doc_fonte": "Resposta SECT_autos.pdf", "doc_pagina": 15, "doc_folha": 108, "doc_escala": "1:15.000", "doc_metodo": "Reconstituição Vetorial Afim", "doc_rms_m": 0.68 }, "geometry": { "type": "LineString", "coordinates": [ [ -59.914510687745128, -3.082122299003951 ], [ -59.914563475292098, -3.082122153739744 ], [ -59.914572249132114, -3.082113285294399 ], [ -59.914686646225313, -3.082121814779714 ], [ -59.914889215227987, -3.082200855972691 ], [ -59.916432466389502, -3.083523250298425 ], [ -59.917922040387523, -3.084518548586136 ], [ -59.919084958306193, -3.085099063027167 ], [ -59.91910255413233, -3.085099014483333 ], [ -59.919949013368765, -3.085777686763592 ], [ -59.9202929533662, -3.086077442025509 ] ] } },
{ "type": "Feature", "properties": { "id": 542, "pagina": 15, "classe": "Logradouros", "metodo": "EIXO_TRACO", "comp_m": 1685.437689875143, "id_layer": "p15_camadas_logradouros", "doc_fonte": "Resposta SECT_autos.pdf", "doc_pagina": 15, "doc_folha": 108, "doc_escala": "1:15.000", "doc_metodo": "Reconstituição Vetorial Afim", "doc_rms_m": 0.68 }, "geometry": { "type": "LineString", "coordinates": [ [ -59.914510687745128, -3.082122299003951 ], [ -59.914466601787652, -3.082087043114545 ], [ -59.914114756982656, -3.08211454416392 ], [ -59.914062017575027, -3.082132377882258 ], [ -59.91401802793257, -3.082132498915536 ], [ -59.913877357380116, -3.082168263169303 ], [ -59.91383336772892, -3.082168384196326 ], [ -59.91369269714351, -3.082204148435892 ], [ -59.91356077631179, -3.082222199977482 ], [ -59.913384938015099, -3.082266905249345 ], [ -59.913340948340483, -3.082267026259803 ], [ -59.913297006814041, -3.082284835757323 ], [ -59.913085952633608, -3.082320793561212 ], [ -59.912954079853094, -3.082356533544826 ], [ -59.912716535478161, -3.082357186902079 ], [ -59.912707713466688, -3.082348366850396 ], [ -59.91255814846398, -3.08234877819382 ], [ -59.912522932626615, -3.082340030726889 ], [ -59.91148364420458, -3.081927205147773 ], [ -59.911457250363533, -3.081927277698933 ], [ -59.911386770559076, -3.081892094127054 ], [ -59.910990526122418, -3.081769362598535 ], [ -59.910964084170296, -3.081751746607767 ], [ -59.91068228521118, -3.081655233353717 ], [ -59.910655891357926, -3.081655305878531 ], [ -59.909933497488815, -3.081303517123298 ], [ -59.909854243783762, -3.081277201799593 ], [ -59.909299227494557, -3.081004551500556 ], [ -59.909281631581415, -3.081004599817355 ], [ -59.909149469979972, -3.080934207964559 ], [ -59.909087836219264, -3.080916688503655 ], [ -59.908647337633241, -3.080696789178444 ], [ -59.908629741714904, -3.080696837479606 ], [ -59.908347822644544, -3.080556101717399 ], [ -59.908330226723805, -3.080556150011388 ], [ -59.907801580491309, -3.080274581474208 ], [ -59.907634251109307, -3.080213130100709 ], [ -59.907264280439364, -3.080046102295215 ], [ -59.906876785865357, -3.079905655395855 ], [ -59.906832724023054, -3.079879243156098 ], [ -59.906709240465155, -3.079764605098186 ], [ -59.906347563909826, -3.079411822264234 ], [ -59.90603064512846, -3.079341936173234 ], [ -59.90557319864849, -3.079360878840643 ], [ -59.905529256762563, -3.079378688025794 ], [ -59.905494064870986, -3.079378784483111 ], [ -59.905450122980191, -3.079396593666907 ], [ -59.905370965202749, -3.079405654997111 ], [ -59.905291855391653, -3.079432404938939 ], [ -59.905151159738665, -3.079459323664196 ], [ -59.904658353045164, -3.079416452254742 ], [ -59.904631911143099, -3.079398835950357 ], [ -59.904367731928716, -3.079311115978971 ], [ -59.904341290028846, -3.079293499660267 ], [ -59.904006655017568, -3.079179439420155 ], [ -59.903812883623736, -3.079100370730306 ], [ -59.903240511226485, -3.078916206138886 ], [ -59.903090777689265, -3.078854705411268 ], [ -59.903064383726218, -3.078854777681414 ], [ -59.9028442183549, -3.078775780959341 ], [ -59.902817824387988, -3.078775853221504 ], [ -59.902791382498755, -3.078758236827081 ], [ -59.902580134903943, -3.078723437573727 ], [ -59.902377637362612, -3.078670925519758 ], [ -59.902333647403424, -3.078671045932893 ], [ -59.902289609530733, -3.078653477680338 ], [ -59.902254417561331, -3.078653574007527 ], [ -59.902201557740177, -3.078627185498245 ], [ -59.901972714095507, -3.078592434242098 ], [ -59.901902258283585, -3.078566093865493 ], [ -59.901787836446999, -3.078548718202165 ], [ -59.901699760690668, -3.078513581621771 ], [ -59.90162055477753, -3.078504953965229 ], [ -59.901594112890791, -3.078487337515742 ], [ -59.901514883025165, -3.078469865510565 ], [ -59.901453201256601, -3.078434656673161 ], [ -59.901259477688839, -3.07837327588752 ], [ -59.900607611735865, -3.078074349219672 ], [ -59.900501939977488, -3.078039260591689 ], [ -59.900413959962258, -3.078039501211304 ], [ -59.900396340022986, -3.078030704987403 ] ] } },
{ "type": "Feature", "properties": { "id": 543, "pagina": 15, "classe": "Logradouros", "metodo": "EIXO_TRACO", "comp_m": 755.21687561985595, "id_layer": "p15_camadas_logradouros", "doc_fonte": "Resposta SECT_autos.pdf", "doc_pagina": 15, "doc_folha": 108, "doc_escala": "1:15.000", "doc_metodo": "Reconstituição Vetorial Afim", "doc_rms_m": 0.68 }, "geometry": { "type": "LineString", "coordinates": [ [ -59.914510687745128, -3.082122299003951 ], [ -59.914484390305482, -3.08215774857538 ], [ -59.914308648531801, -3.082237830899777 ], [ -59.91413300303919, -3.082353290171276 ], [ -59.914027668698715, -3.082442023062443 ], [ -59.913878513247411, -3.082592786681364 ], [ -59.913755775644226, -3.082752321932777 ], [ -59.913677003619981, -3.082902891915231 ], [ -59.913580635708783, -3.08305351033288 ], [ -59.913510637522897, -3.083195211892972 ], [ -59.913423428803092, -3.083478469780074 ], [ -59.913406218287264, -3.083620026098081 ], [ -59.913397444427858, -3.083628894554541 ], [ -59.913389224573145, -3.083841180611007 ], [ -59.913380450713383, -3.083850049069158 ], [ -59.91339864883318, -3.084071106723829 ], [ -59.913407470872571, -3.084079926750531 ], [ -59.913416557907674, -3.08418603345213 ], [ -59.91344316858094, -3.084265558985742 ], [ -59.913452327916488, -3.084398198410431 ], [ -59.91346114996113, -3.084407018433642 ], [ -59.913462161927818, -3.084778476629529 ], [ -59.913453388068866, -3.084787345094905 ], [ -59.91344492746228, -3.084911188717373 ], [ -59.913366565164509, -3.085212111002886 ], [ -59.913191859109432, -3.085672496220112 ], [ -59.913165730325474, -3.085769855595984 ], [ -59.91310450608529, -3.085902688870369 ], [ -59.91300813817201, -3.08605330756303 ], [ -59.912806315097363, -3.086248438256187 ], [ -59.912630668955778, -3.086363898053123 ], [ -59.91253398763677, -3.086399541557458 ], [ -59.911954188614111, -3.086719533578113 ], [ -59.911936592648772, -3.086719582028582 ], [ -59.911585155209082, -3.086897436121268 ], [ -59.911418186211108, -3.086968650425364 ], [ -59.911049200682427, -3.087164241470095 ], [ -59.910996436815147, -3.087173231058227 ] ] } },
{ "type": "Feature", "properties": { "id": 544, "pagina": 15, "classe": "Logradouros", "metodo": "EIXO_TRACO", "comp_m": 51.084228524207944, "id_layer": "p15_camadas_logradouros", "doc_fonte": "Resposta SECT_autos.pdf", "doc_pagina": 15, "doc_folha": 108, "doc_escala": "1:15.000", "doc_metodo": "Reconstituição Vetorial Afim", "doc_rms_m": 0.68 }, "geometry": { "type": "LineString", "coordinates": [ [ -59.918964368712444, -3.098905293165183 ], [ -59.918964514226523, -3.098958358346038 ], [ -59.918947039432744, -3.099002628090114 ], [ -59.918947209203758, -3.099064537468608 ], [ -59.918938435427641, -3.099073406046021 ], [ -59.918895221407276, -3.099356542261346 ] ] } },
{ "type": "Feature", "properties": { "id": 545, "pagina": 15, "classe": "Logradouros", "metodo": "EIXO_TRACO", "comp_m": 209.31840148305946, "id_layer": "p15_camadas_logradouros", "doc_fonte": "Resposta SECT_autos.pdf", "doc_pagina": 15, "doc_folha": 108, "doc_escala": "1:15.000", "doc_metodo": "Reconstituição Vetorial Afim", "doc_rms_m": 0.68 }, "geometry": { "type": "LineString", "coordinates": [ [ -59.920895954498597, -3.078142484040939 ], [ -59.920940112447468, -3.078204272171356 ], [ -59.922183646670433, -3.079315220597525 ], [ -59.922271866340488, -3.079403419811547 ], [ -59.922271914593651, -3.079421108159211 ] ] } },
{ "type": "Feature", "properties": { "id": 546, "pagina": 15, "classe": "Logradouros", "metodo": "EIXO_TRACO", "comp_m": 77.640208101930398, "id_layer": "p15_camadas_logradouros", "doc_fonte": "Resposta SECT_autos.pdf", "doc_pagina": 15, "doc_folha": 108, "doc_escala": "1:15.000", "doc_metodo": "Reconstituição Vetorial Afim", "doc_rms_m": 0.68 }, "geometry": { "type": "LineString", "coordinates": [ [ -59.913042812111641, -3.101964127961933 ], [ -59.91306918218347, -3.101955210656871 ], [ -59.913104083857462, -3.101848982327611 ], [ -59.913156581727506, -3.101742705297493 ], [ -59.913366912328179, -3.101441416618358 ], [ -59.913384411611688, -3.101405990950887 ], [ -59.91338431471069, -3.101370613988608 ] ] } },
{ "type": "Feature", "properties": { "id": 547, "pagina": 15, "classe": "Logradouros", "metodo": "EIXO_TRACO", "comp_m": 76.432400719185196, "id_layer": "p15_camadas_logradouros", "doc_fonte": "Resposta SECT_autos.pdf", "doc_pagina": 15, "doc_folha": 108, "doc_escala": "1:15.000", "doc_metodo": "Reconstituição Vetorial Afim", "doc_rms_m": 0.68 }, "geometry": { "type": "LineString", "coordinates": [ [ -59.893084968707988, -3.094227208455507 ], [ -59.89306742032494, -3.094244945513013 ], [ -59.893067468326947, -3.094262634316762 ], [ -59.89297124022702, -3.094466320970333 ], [ -59.892831549196337, -3.094864705171651 ] ] } },
{ "type": "Feature", "properties": { "id": 548, "pagina": 15, "classe": "Logradouros", "metodo": "EIXO_TRACO", "comp_m": 65.791253872253549, "id_layer": "p15_camadas_logradouros", "doc_fonte": "Resposta SECT_autos.pdf", "doc_pagina": 15, "doc_folha": 108, "doc_escala": "1:15.000", "doc_metodo": "Reconstituição Vetorial Afim", "doc_rms_m": 0.68 }, "geometry": { "type": "LineString", "coordinates": [ [ -59.941324081483046, -3.081190297034713 ], [ -59.941411839846324, -3.08111045658362 ], [ -59.941736407166779, -3.080764636053523 ] ] } },
{ "type": "Feature", "properties": { "id": 549, "pagina": 15, "classe": "Logradouros", "metodo": "EIXO_TRACO", "comp_m": 301.68515430658772, "id_layer": "p15_camadas_logradouros", "doc_fonte": "Resposta SECT_autos.pdf", "doc_pagina": 15, "doc_folha": 108, "doc_escala": "1:15.000", "doc_metodo": "Reconstituição Vetorial Afim", "doc_rms_m": 0.68 }, "geometry": { "type": "LineString", "coordinates": [ [ -59.892904981604566, -3.086249990556251 ], [ -59.893010487321391, -3.086223168580335 ], [ -59.893107147020402, -3.086178681857654 ], [ -59.893485107251514, -3.086044981020364 ], [ -59.893757465917062, -3.085902724557442 ], [ -59.893775062153956, -3.085902676421924 ], [ -59.893810182800529, -3.085876046957702 ], [ -59.893827779036179, -3.085875998821722 ], [ -59.893959511365452, -3.08578719382985 ], [ -59.894240452440926, -3.085565313749326 ], [ -59.894345886116589, -3.085511958555509 ], [ -59.894416223111783, -3.085494077211434 ], [ -59.894609781515406, -3.085493547654308 ], [ -59.894618603569654, -3.085502367973848 ], [ -59.894794613620547, -3.085519575304354 ], [ -59.894803435675279, -3.085528395620681 ], [ -59.895032258289604, -3.085554302849737 ], [ -59.89504108034501, -3.085563123161946 ], [ -59.895181850027342, -3.085562737941307 ], [ -59.895252186958977, -3.085544856551669 ], [ -59.895340048234829, -3.085500393847449 ], [ -59.895392812898478, -3.085491404994853 ] ] } },
{ "type": "Feature", "properties": { "id": 550, "pagina": 15, "classe": "Logradouros", "metodo": "EIXO_TRACO", "comp_m": 689.37724380436191, "id_layer": "p15_camadas_logradouros", "doc_fonte": "Resposta SECT_autos.pdf", "doc_pagina": 15, "doc_folha": 108, "doc_escala": "1:15.000", "doc_metodo": "Reconstituição Vetorial Afim", "doc_rms_m": 0.68 }, "geometry": { "type": "LineString", "coordinates": [ [ -59.922271914593651, -3.079421108159211 ], [ -59.9222632132591, -3.079456509108428 ], [ -59.922193120043389, -3.079562833230297 ], [ -59.922061827944283, -3.079810833946615 ], [ -59.922018321278465, -3.079987838735939 ], [ -59.921939550835553, -3.080138408035245 ], [ -59.921948758898786, -3.080288734775241 ], [ -59.921957580880694, -3.080297554693601 ], [ -59.921957894588715, -3.080412528983841 ], [ -59.921966716572612, -3.080421348901058 ], [ -59.921967006161388, -3.080527479014016 ], [ -59.921975828147126, -3.080536298930161 ], [ -59.921976166015376, -3.080660117393968 ], [ -59.921914894777011, -3.080775261512668 ], [ -59.921897733492912, -3.080934505213409 ], [ -59.921888959771543, -3.080943373652447 ], [ -59.921889297674475, -3.081067192124971 ], [ -59.921986653420156, -3.081279185442328 ], [ -59.921995813371083, -3.081411823811993 ], [ -59.921908438272297, -3.081633170887847 ], [ -59.921873922789665, -3.08188090490439 ], [ -59.921787030597272, -3.082279135573696 ], [ -59.921673286069968, -3.082509399735354 ], [ -59.92164696489283, -3.082536005088797 ], [ -59.921568146230307, -3.082668886225897 ], [ -59.921498318610098, -3.082872496537024 ], [ -59.921498391052459, -3.082899029075206 ], [ -59.921401952473502, -3.083023114613364 ], [ -59.921279289273961, -3.083209182255948 ], [ -59.92103381790497, -3.083528252521326 ], [ -59.920815271396059, -3.08404182210133 ], [ -59.920815537060008, -3.084139108132039 ], [ -59.920806763319987, -3.084147976595349 ], [ -59.920808405792926, -3.084749381149035 ], [ -59.920817227846058, -3.084758201050076 ], [ -59.920827257819532, -3.085209230169506 ] ] } },
{ "type": "Feature", "properties": { "id": 551, "pagina": 15, "classe": "Logradouros", "metodo": "EIXO_TRACO", "comp_m": 52.445958461626681, "id_layer": "p15_camadas_logradouros", "doc_fonte": "Resposta SECT_autos.pdf", "doc_pagina": 15, "doc_folha": 108, "doc_escala": "1:15.000", "doc_metodo": "Reconstituição Vetorial Afim", "doc_rms_m": 0.68 }, "geometry": { "type": "LineString", "coordinates": [ [ -59.923368979800259, -3.094524029377523 ], [ -59.923316677148499, -3.09470105892632 ], [ -59.923290380292428, -3.094736508726552 ], [ -59.923211756531352, -3.094940143935041 ], [ -59.923211829300449, -3.094966676426433 ] ] } },
{ "type": "Feature", "properties": { "id": 552, "pagina": 15, "classe": "Logradouros", "metodo": "EIXO_TRACO", "comp_m": 41.168171301253466, "id_layer": "p15_camadas_logradouros", "doc_fonte": "Resposta SECT_autos.pdf", "doc_pagina": 15, "doc_folha": 108, "doc_escala": "1:15.000", "doc_metodo": "Reconstituição Vetorial Afim", "doc_rms_m": 0.68 }, "geometry": { "type": "LineString", "coordinates": [ [ -59.922655617638441, -3.094260678999751 ], [ -59.922542068530163, -3.09456169760321 ], [ -59.922506973664831, -3.094597171780527 ] ] } },
{ "type": "Feature", "properties": { "id": 553, "pagina": 15, "classe": "Logradouros", "metodo": "EIXO_TRACO", "comp_m": 5.2842068413051066, "id_layer": "p15_camadas_logradouros", "doc_fonte": "Resposta SECT_autos.pdf", "doc_pagina": 15, "doc_folha": 108, "doc_escala": "1:15.000", "doc_metodo": "Reconstituição Vetorial Afim", "doc_rms_m": 0.68 }, "geometry": { "type": "LineString", "coordinates": [ [ -59.943348767601663, -3.081626877496015 ], [ -59.943339896955756, -3.081600369924657 ], [ -59.943322277253309, -3.081591574809862 ] ] } },
{ "type": "Feature", "properties": { "id": 554, "pagina": 15, "classe": "Logradouros", "metodo": "EIXO_TRACO", "comp_m": 32.828230324834081, "id_layer": "p15_camadas_logradouros", "doc_fonte": "Resposta SECT_autos.pdf", "doc_pagina": 15, "doc_folha": 108, "doc_escala": "1:15.000", "doc_metodo": "Reconstituição Vetorial Afim", "doc_rms_m": 0.68 }, "geometry": { "type": "LineString", "coordinates": [ [ -59.929651738388564, -3.088474868230232 ], [ -59.929642964789807, -3.088483736730224 ], [ -59.929396624749565, -3.088484419516763 ], [ -59.929361409054373, -3.088475672937017 ] ] } },
{ "type": "Feature", "properties": { "id": 555, "pagina": 15, "classe": "Logradouros", "metodo": "EIXO_TRACO", "comp_m": 59.736165144288996, "id_layer": "p15_camadas_logradouros", "doc_fonte": "Resposta SECT_autos.pdf", "doc_pagina": 15, "doc_folha": 108, "doc_escala": "1:15.000", "doc_metodo": "Reconstituição Vetorial Afim", "doc_rms_m": 0.68 }, "geometry": { "type": "LineString", "coordinates": [ [ -59.9202929533662, -3.086077442025509 ], [ -59.92029307417976, -3.086121662967586 ], [ -59.920337353702983, -3.086227671773744 ], [ -59.920355191173691, -3.086316065070315 ], [ -59.920355916152765, -3.086581390706239 ], [ -59.920373560317678, -3.086599030493381 ] ] } },
{ "type": "Feature", "properties": { "id": 556, "pagina": 15, "classe": "Logradouros", "metodo": "EIXO_TRACO", "comp_m": 51.06989794525348, "id_layer": "p15_camadas_logradouros", "doc_fonte": "Resposta SECT_autos.pdf", "doc_pagina": 15, "doc_folha": 108, "doc_escala": "1:15.000", "doc_metodo": "Reconstituição Vetorial Afim", "doc_rms_m": 0.68 }, "geometry": { "type": "LineString", "coordinates": [ [ -59.935350157242603, -3.077899158784594 ], [ -59.935507571613037, -3.077553801785177 ], [ -59.935524949067208, -3.077474156468726 ] ] } },
{ "type": "Feature", "properties": { "id": 557, "pagina": 15, "classe": "Logradouros", "metodo": "EIXO_TRACO", "comp_m": 73.02740820836479, "id_layer": "p15_camadas_logradouros", "doc_fonte": "Resposta SECT_autos.pdf", "doc_pagina": 15, "doc_folha": 108, "doc_escala": "1:15.000", "doc_metodo": "Reconstituição Vetorial Afim", "doc_rms_m": 0.68 }, "geometry": { "type": "LineString", "coordinates": [ [ -59.894153994088697, -3.082876834292243 ], [ -59.893846323990566, -3.082974964280851 ], [ -59.893679231952149, -3.083001954331214 ], [ -59.89352098581314, -3.083046609120204 ] ] } },
{ "type": "Feature", "properties": { "id": 558, "pagina": 15, "classe": "Logradouros", "metodo": "EIXO_TRACO", "comp_m": 7.8308535628020763, "id_layer": "p15_camadas_logradouros", "doc_fonte": "Resposta SECT_autos.pdf", "doc_pagina": 15, "doc_folha": 108, "doc_escala": "1:15.000", "doc_metodo": "Reconstituição Vetorial Afim", "doc_rms_m": 0.68 }, "geometry": { "type": "LineString", "coordinates": [ [ -59.938476504951431, -3.091846509148862 ], [ -59.93847669982086, -3.091917261491744 ] ] } },
{ "type": "Feature", "properties": { "id": 559, "pagina": 15, "classe": "Logradouros", "metodo": "EIXO_TRACO", "comp_m": 161.47966284309211, "id_layer": "p15_camadas_logradouros", "doc_fonte": "Resposta SECT_autos.pdf", "doc_pagina": 15, "doc_folha": 108, "doc_escala": "1:15.000", "doc_metodo": "Reconstituição Vetorial Afim", "doc_rms_m": 0.68 }, "geometry": { "type": "LineString", "coordinates": [ [ -59.938476504951431, -3.091846509148862 ], [ -59.93845890932068, -3.091846558121368 ], [ -59.938423644984773, -3.091820123935622 ], [ -59.938317632781136, -3.091661224963804 ], [ -59.938246860586936, -3.091519916113919 ], [ -59.938008223804459, -3.0911225949959 ], [ -59.937955120401966, -3.091007769241783 ], [ -59.9379198074163, -3.09096364690535 ], [ -59.93788439705002, -3.090884148373913 ], [ -59.93785793057674, -3.090857689651054 ], [ -59.937857881885947, -3.090840001555129 ], [ -59.93772530611507, -3.090619267419068 ] ] } },
{ "type": "Feature", "properties": { "id": 560, "pagina": 15, "classe": "Logradouros", "metodo": "EIXO_TRACO", "comp_m": 71.441699059684368, "id_layer": "p15_camadas_logradouros", "doc_fonte": "Resposta SECT_autos.pdf", "doc_pagina": 15, "doc_folha": 108, "doc_escala": "1:15.000", "doc_metodo": "Reconstituição Vetorial Afim", "doc_rms_m": 0.68 }, "geometry": { "type": "LineString", "coordinates": [ [ -59.938476504951431, -3.091846509148862 ], [ -59.938494051864957, -3.091828772090596 ], [ -59.938590024010395, -3.091536649350986 ], [ -59.938607546563155, -3.091510068255578 ], [ -59.938677271428368, -3.091271083259028 ], [ -59.938703616143627, -3.091253321726066 ] ] } },
{ "type": "Feature", "properties": { "id": 561, "pagina": 15, "classe": "Logradouros", "metodo": "EIXO_TRACO", "comp_m": 242.32111351059399, "id_layer": "p15_camadas_logradouros", "doc_fonte": "Resposta SECT_autos.pdf", "doc_pagina": 15, "doc_folha": 108, "doc_escala": "1:15.000", "doc_metodo": "Reconstituição Vetorial Afim", "doc_rms_m": 0.68 }, "geometry": { "type": "LineString", "coordinates": [ [ -59.925019067750902, -3.086665790270934 ], [ -59.925036808748672, -3.086718806507937 ], [ -59.925275029341996, -3.086965785627629 ], [ -59.925407578631919, -3.087177680094135 ], [ -59.925505081770737, -3.087442736747504 ], [ -59.925611334456377, -3.087690080705945 ], [ -59.925620253436428, -3.087734277088845 ], [ -59.925673355600942, -3.087849104896971 ], [ -59.925682274590621, -3.087893301275507 ], [ -59.925735376782953, -3.088008129066258 ], [ -59.925744295782266, -3.088052325440431 ], [ -59.925779681110761, -3.088122981194538 ], [ -59.925788600117002, -3.088167177565583 ], [ -59.925823985458038, -3.08823783331163 ], [ -59.925859491938375, -3.088352709771325 ], [ -59.9259391816978, -3.088538217592343 ], [ -59.925956971304174, -3.088608922024945 ] ] } },
{ "type": "Feature", "properties": { "id": 562, "pagina": 15, "classe": "Logradouros", "metodo": "EIXO_TRACO", "comp_m": 356.80509045553725, "id_layer": "p15_camadas_logradouros", "doc_fonte": "Resposta SECT_autos.pdf", "doc_pagina": 15, "doc_folha": 108, "doc_escala": "1:15.000", "doc_metodo": "Reconstituição Vetorial Afim", "doc_rms_m": 0.68 }, "geometry": { "type": "LineString", "coordinates": [ [ -59.925019067750902, -3.086665790270934 ], [ -59.925027841423798, -3.086656921786668 ], [ -59.925080628696868, -3.086656775784447 ], [ -59.925230289455776, -3.086691738693824 ], [ -59.925784652466717, -3.086725581995208 ], [ -59.925793474553473, -3.08673440179951 ], [ -59.925934240522821, -3.086734012342826 ], [ -59.925943062609768, -3.086742832144646 ], [ -59.926215820841477, -3.086750921656073 ], [ -59.92622464292878, -3.08675974145318 ], [ -59.926471007492907, -3.086767903925058 ], [ -59.926479829580586, -3.086776723717879 ], [ -59.926884579906115, -3.086793291973802 ], [ -59.926893401994356, -3.086802111759679 ], [ -59.926954987051197, -3.086801941306943 ], [ -59.927104671870055, -3.086845748006607 ], [ -59.927139863326289, -3.086845650597081 ], [ -59.927298370225699, -3.08689827703592 ], [ -59.927439305624524, -3.086959796279346 ], [ -59.927527478082425, -3.087030305763328 ], [ -59.927615602087307, -3.08708312696847 ], [ -59.927809639702417, -3.087259473638601 ], [ -59.927986105888365, -3.08744471306694 ] ] } },
{ "type": "Feature", "properties": { "id": 563, "pagina": 15, "classe": "Logradouros", "metodo": "EIXO_TRACO", "comp_m": 120.59048502573751, "id_layer": "p15_camadas_logradouros", "doc_fonte": "Resposta SECT_autos.pdf", "doc_pagina": 15, "doc_folha": 108, "doc_escala": "1:15.000", "doc_metodo": "Reconstituição Vetorial Afim", "doc_rms_m": 0.68 }, "geometry": { "type": "LineString", "coordinates": [ [ -59.91685830320273, -3.094480142253643 ], [ -59.916796692946143, -3.094471468326269 ], [ -59.916144793390863, -3.094163720585652 ], [ -59.916127148986114, -3.094146080782522 ], [ -59.916118254210772, -3.094110728220186 ], [ -59.916214427552177, -3.093889355233079 ] ] } },
{ "type": "Feature", "properties": { "id": 564, "pagina": 15, "classe": "Logradouros", "metodo": "EIXO_TRACO", "comp_m": 58.869910323059905, "id_layer": "p15_camadas_logradouros", "doc_fonte": "Resposta SECT_autos.pdf", "doc_pagina": 15, "doc_folha": 108, "doc_escala": "1:15.000", "doc_metodo": "Reconstituição Vetorial Afim", "doc_rms_m": 0.68 }, "geometry": { "type": "LineString", "coordinates": [ [ -59.938955287252526, -3.080392057179732 ], [ -59.939314925575374, -3.080001919054906 ] ] } },
{ "type": "Feature", "properties": { "id": 565, "pagina": 15, "classe": "Logradouros", "metodo": "EIXO_TRACO", "comp_m": 249.90180829468255, "id_layer": "p15_camadas_logradouros", "doc_fonte": "Resposta SECT_autos.pdf", "doc_pagina": 15, "doc_folha": 108, "doc_escala": "1:15.000", "doc_metodo": "Reconstituição Vetorial Afim", "doc_rms_m": 0.68 }, "geometry": { "type": "LineString", "coordinates": [ [ -59.938955287252526, -3.080392057179732 ], [ -59.939228720436091, -3.080647777878672 ], [ -59.940569592219994, -3.081961827796919 ] ] } },
{ "type": "Feature", "properties": { "id": 566, "pagina": 15, "classe": "Logradouros", "metodo": "EIXO_TRACO", "comp_m": 52.94591043544893, "id_layer": "p15_camadas_logradouros", "doc_fonte": "Resposta SECT_autos.pdf", "doc_pagina": 15, "doc_folha": 108, "doc_escala": "1:15.000", "doc_metodo": "Reconstituição Vetorial Afim", "doc_rms_m": 0.68 }, "geometry": { "type": "LineString", "coordinates": [ [ -59.922817018665256, -3.079286941750467 ], [ -59.922878579384729, -3.079277927779858 ], [ -59.923194770502, -3.079082482796753 ], [ -59.923212317901125, -3.079064745946485 ], [ -59.923212269638043, -3.079047057613607 ] ] } },
{ "type": "Feature", "properties": { "id": 567, "pagina": 15, "classe": "Logradouros", "metodo": "EIXO_TRACO", "comp_m": 110.72301950688961, "id_layer": "p15_camadas_logradouros", "doc_fonte": "Resposta SECT_autos.pdf", "doc_pagina": 15, "doc_folha": 108, "doc_escala": "1:15.000", "doc_metodo": "Reconstituição Vetorial Afim", "doc_rms_m": 0.68 }, "geometry": { "type": "LineString", "coordinates": [ [ -59.894455295443933, -3.086926772488703 ], [ -59.894446665012367, -3.086988707315969 ], [ -59.89426279079472, -3.087316455585299 ], [ -59.894175049095232, -3.087405140353944 ], [ -59.894104807811487, -3.087458399383737 ], [ -59.893797304455482, -3.087618441384179 ] ] } },
{ "type": "Feature", "properties": { "id": 568, "pagina": 15, "classe": "Logradouros", "metodo": "EIXO_TRACO", "comp_m": 193.17862208508501, "id_layer": "p15_camadas_logradouros", "doc_fonte": "Resposta SECT_autos.pdf", "doc_pagina": 15, "doc_folha": 108, "doc_escala": "1:15.000", "doc_metodo": "Reconstituição Vetorial Afim", "doc_rms_m": 0.68 }, "geometry": { "type": "LineString", "coordinates": [ [ -59.894455295443933, -3.086926772488703 ], [ -59.894472891686775, -3.086926724325625 ], [ -59.89450798834828, -3.08689125043145 ], [ -59.894534215020599, -3.086829267445132 ], [ -59.894718232894341, -3.086554585625238 ], [ -59.894981313947326, -3.0862354651965 ], [ -59.895165355627597, -3.085969627888414 ], [ -59.895340527283892, -3.085677281556751 ], [ -59.895392980565084, -3.085553315690305 ], [ -59.895401658905342, -3.08550906968675 ], [ -59.895392812898478, -3.085491404994853 ] ] } },
{ "type": "Feature", "properties": { "id": 569, "pagina": 15, "classe": "Logradouros", "metodo": "EIXO_TRACO", "comp_m": 61.915212095830334, "id_layer": "p15_camadas_logradouros", "doc_fonte": "Resposta SECT_autos.pdf", "doc_pagina": 15, "doc_folha": 108, "doc_escala": "1:15.000", "doc_metodo": "Reconstituição Vetorial Afim", "doc_rms_m": 0.68 }, "geometry": { "type": "LineString", "coordinates": [ [ -59.894455295443933, -3.086926772488703 ], [ -59.894420031091968, -3.08690033563656 ], [ -59.894216500645506, -3.086467514168141 ], [ -59.89418128421697, -3.086458766076754 ] ] } },
{ "type": "Feature", "properties": { "id": 570, "pagina": 15, "classe": "Logradouros", "metodo": "EIXO_TRACO", "comp_m": 214.5915539748068, "id_layer": "p15_camadas_logradouros", "doc_fonte": "Resposta SECT_autos.pdf", "doc_pagina": 15, "doc_folha": 108, "doc_escala": "1:15.000", "doc_metodo": "Reconstituição Vetorial Afim", "doc_rms_m": 0.68 }, "geometry": { "type": "LineString", "coordinates": [ [ -59.939387269132283, -3.096699386515944 ], [ -59.939334457638687, -3.096690689673316 ], [ -59.939149483188828, -3.096611608494836 ], [ -59.9391141453847, -3.096558642390856 ], [ -59.939051901654757, -3.096320025078812 ], [ -59.939034232764676, -3.096293542018665 ], [ -59.939016441887844, -3.096222838768252 ], [ -59.938998773001991, -3.096196355705096 ], [ -59.938980982134687, -3.09612565245016 ], [ -59.938963313253055, -3.096099169383977 ], [ -59.938945522395294, -3.096028466124503 ], [ -59.938927853517882, -3.096001983055293 ], [ -59.938910062669642, -3.095931279791314 ], [ -59.938892393796465, -3.095904796719077 ], [ -59.938874602957753, -3.095834093450576 ], [ -59.938856934088804, -3.095807610375296 ], [ -59.938839143259628, -3.095736907102272 ], [ -59.938821474394892, -3.095710424023983 ], [ -59.938803683575244, -3.095639720746437 ], [ -59.938786014714744, -3.095613237665104 ], [ -59.938768223904624, -3.095542534383036 ], [ -59.938608716520299, -3.095127305757541 ], [ -59.93859967482927, -3.095038889857459 ] ] } },
{ "type": "Feature", "properties": { "id": 571, "pagina": 15, "classe": "Logradouros", "metodo": "EIXO_TRACO", "comp_m": 29.197756371189719, "id_layer": "p15_camadas_logradouros", "doc_fonte": "Resposta SECT_autos.pdf", "doc_pagina": 15, "doc_folha": 108, "doc_escala": "1:15.000", "doc_metodo": "Reconstituição Vetorial Afim", "doc_rms_m": 0.68 }, "geometry": { "type": "LineString", "coordinates": [ [ -59.895334948074115, -3.083616539702151 ], [ -59.895343722224375, -3.08360767125337 ], [ -59.895431703093507, -3.083607430619951 ], [ -59.895440477242204, -3.083598562171213 ], [ -59.895590044701478, -3.083598153077614 ] ] } },
{ "type": "Feature", "properties": { "id": 572, "pagina": 15, "classe": "Logradouros", "metodo": "EIXO_TRACO", "comp_m": 61.857758624476389, "id_layer": "p15_camadas_logradouros", "doc_fonte": "Resposta SECT_autos.pdf", "doc_pagina": 15, "doc_folha": 108, "doc_escala": "1:15.000", "doc_metodo": "Reconstituição Vetorial Afim", "doc_rms_m": 0.68 }, "geometry": { "type": "LineString", "coordinates": [ [ -59.936988835700348, -3.078734813827747 ], [ -59.936997463722385, -3.078672881059511 ], [ -59.937032484900932, -3.078610875183522 ], [ -59.93705863563563, -3.078522361510445 ], [ -59.937181052181643, -3.078247854616659 ], [ -59.93720739684165, -3.078230093401815 ] ] } },
{ "type": "Feature", "properties": { "id": 573, "pagina": 15, "classe": "Logradouros", "metodo": "EIXO_TRACO", "comp_m": 251.30732773904487, "id_layer": "p15_camadas_logradouros", "doc_fonte": "Resposta SECT_autos.pdf", "doc_pagina": 15, "doc_folha": 108, "doc_escala": "1:15.000", "doc_metodo": "Reconstituição Vetorial Afim", "doc_rms_m": 0.68 }, "geometry": { "type": "LineString", "coordinates": [ [ -59.940946849134349, -3.081580484365772 ], [ -59.940832138733576, -3.081456985531479 ], [ -59.940064673240968, -3.08070736739764 ], [ -59.939323723286591, -3.080001894655298 ] ] } },
{ "type": "Feature", "properties": { "id": 574, "pagina": 15, "classe": "Logradouros", "metodo": "EIXO_TRACO", "comp_m": 44.691399315929203, "id_layer": "p15_camadas_logradouros", "doc_fonte": "Resposta SECT_autos.pdf", "doc_pagina": 15, "doc_folha": 108, "doc_escala": "1:15.000", "doc_metodo": "Reconstituição Vetorial Afim", "doc_rms_m": 0.68 }, "geometry": { "type": "LineString", "coordinates": [ [ -59.924122984106454, -3.093566763364091 ], [ -59.924123081119127, -3.093602139991249 ], [ -59.924088107624975, -3.093681834926766 ], [ -59.924044530218325, -3.093832307506307 ], [ -59.924027007089641, -3.093858888742285 ], [ -59.924009605234261, -3.093929690766979 ], [ -59.923992033594978, -3.093938583689162 ] ] } },
{ "type": "Feature", "properties": { "id": 575, "pagina": 15, "classe": "Logradouros", "metodo": "EIXO_TRACO", "comp_m": 213.38940417748253, "id_layer": "p15_camadas_logradouros", "doc_fonte": "Resposta SECT_autos.pdf", "doc_pagina": 15, "doc_folha": 108, "doc_escala": "1:15.000", "doc_metodo": "Reconstituição Vetorial Afim", "doc_rms_m": 0.68 }, "geometry": { "type": "LineString", "coordinates": [ [ -59.924122984106454, -3.093566763364091 ], [ -59.923656232302619, -3.093400016371038 ], [ -59.92358575174859, -3.093364834725657 ], [ -59.923506521742155, -3.093347365767958 ], [ -59.923392002965961, -3.093294617641489 ], [ -59.923198278422383, -3.093233244661455 ], [ -59.923127797870855, -3.093198062960409 ], [ -59.922863617008446, -3.093110352334122 ], [ -59.922722680147864, -3.093048833009371 ], [ -59.922696286297899, -3.093048906102912 ], [ -59.922547181631003, -3.093217359505279 ], [ -59.922494660522716, -3.093314791558321 ], [ -59.922486032232896, -3.09337672511184 ] ] } },
{ "type": "Feature", "properties": { "id": 576, "pagina": 15, "classe": "Logradouros", "metodo": "EIXO_TRACO", "comp_m": 20.555991177883698, "id_layer": "p15_camadas_logradouros", "doc_fonte": "Resposta SECT_autos.pdf", "doc_pagina": 15, "doc_folha": 108, "doc_escala": "1:15.000", "doc_metodo": "Reconstituição Vetorial Afim", "doc_rms_m": 0.68 }, "geometry": { "type": "LineString", "coordinates": [ [ -59.896946314285735, -3.084098575480037 ], [ -59.896761554616567, -3.084099081146369 ] ] } },
{ "type": "Feature", "properties": { "id": 577, "pagina": 15, "classe": "Logradouros", "metodo": "EIXO_TRACO", "comp_m": 26.447251545561166, "id_layer": "p15_camadas_logradouros", "doc_fonte": "Resposta SECT_autos.pdf", "doc_pagina": 15, "doc_folha": 108, "doc_escala": "1:15.000", "doc_metodo": "Reconstituição Vetorial Afim", "doc_rms_m": 0.68 }, "geometry": { "type": "LineString", "coordinates": [ [ -59.895361988667894, -3.083855265924256 ], [ -59.895371433141158, -3.084094040267422 ] ] } },
{ "type": "Feature", "properties": { "id": 578, "pagina": 15, "classe": "Logradouros", "metodo": "EIXO_TRACO", "comp_m": 27.846036318653351, "id_layer": "p15_camadas_logradouros", "doc_fonte": "Resposta SECT_autos.pdf", "doc_pagina": 15, "doc_folha": 108, "doc_escala": "1:15.000", "doc_metodo": "Reconstituição Vetorial Afim", "doc_rms_m": 0.68 }, "geometry": { "type": "LineString", "coordinates": [ [ -59.895361988667894, -3.083855265924256 ], [ -59.895493936057186, -3.083846060555616 ], [ -59.895502710204987, -3.083837192105013 ], [ -59.895608287254824, -3.083836903306721 ] ] } },
{ "type": "Feature", "properties": { "id": 579, "pagina": 15, "classe": "Logradouros", "metodo": "EIXO_TRACO", "comp_m": 57.336913591427177, "id_layer": "p15_camadas_logradouros", "doc_fonte": "Resposta SECT_autos.pdf", "doc_pagina": 15, "doc_folha": 108, "doc_escala": "1:15.000", "doc_metodo": "Reconstituição Vetorial Afim", "doc_rms_m": 0.68 }, "geometry": { "type": "LineString", "coordinates": [ [ -59.93859967482927, -3.095038889857459 ], [ -59.938678806621837, -3.095020981159556 ], [ -59.938924877856088, -3.09492301033687 ], [ -59.938977664877477, -3.094922863249133 ], [ -59.938986438327248, -3.094913994695963 ], [ -59.939012904998059, -3.094940453265318 ], [ -59.939039469221512, -3.095002287984167 ] ] } },
{ "type": "Feature", "properties": { "id": 580, "pagina": 15, "classe": "Logradouros", "metodo": "EIXO_TRACO", "comp_m": 1.9577133916318421, "id_layer": "p15_camadas_logradouros", "doc_fonte": "Resposta SECT_autos.pdf", "doc_pagina": 15, "doc_folha": 108, "doc_escala": "1:15.000", "doc_metodo": "Reconstituição Vetorial Afim", "doc_rms_m": 0.68 }, "geometry": { "type": "LineString", "coordinates": [ [ -59.940771314526245, -3.07852975930236 ], [ -59.940771265981972, -3.078512071248808 ] ] } },
{ "type": "Feature", "properties": { "id": 581, "pagina": 15, "classe": "Logradouros", "metodo": "EIXO_TRACO", "comp_m": 249.22691646382813, "id_layer": "p15_camadas_logradouros", "doc_fonte": "Resposta SECT_autos.pdf", "doc_pagina": 15, "doc_folha": 108, "doc_escala": "1:15.000", "doc_metodo": "Reconstituição Vetorial Afim", "doc_rms_m": 0.68 }, "geometry": { "type": "LineString", "coordinates": [ [ -59.940771314526245, -3.07852975930236 ], [ -59.941203396499851, -3.078891168570371 ], [ -59.941900089352131, -3.079499477452833 ], [ -59.942182246890084, -3.079728640469014 ], [ -59.942473299400618, -3.079993154919025 ] ] } },
{ "type": "Feature", "properties": { "id": 582, "pagina": 15, "classe": "Logradouros", "metodo": "EIXO_TRACO", "comp_m": 59.589786198707579, "id_layer": "p15_camadas_logradouros", "doc_fonte": "Resposta SECT_autos.pdf", "doc_pagina": 15, "doc_folha": 108, "doc_escala": "1:15.000", "doc_metodo": "Reconstituição Vetorial Afim", "doc_rms_m": 0.68 }, "geometry": { "type": "LineString", "coordinates": [ [ -59.940771314526245, -3.07852975930236 ], [ -59.94041170146216, -3.078928740973534 ] ] } },
{ "type": "Feature", "properties": { "id": 583, "pagina": 15, "classe": "Logradouros", "metodo": "EIXO_TRACO", "comp_m": 112.73803610152224, "id_layer": "p15_camadas_logradouros", "doc_fonte": "Resposta SECT_autos.pdf", "doc_pagina": 15, "doc_folha": 108, "doc_escala": "1:15.000", "doc_metodo": "Reconstituição Vetorial Afim", "doc_rms_m": 0.68 }, "geometry": { "type": "LineString", "coordinates": [ [ -59.919042289908937, -3.0984451755442 ], [ -59.919033443387391, -3.098427511527848 ], [ -59.918936640878158, -3.098418935464135 ], [ -59.918734165075463, -3.098375275082867 ], [ -59.918681376922514, -3.098375421321105 ], [ -59.918672554651259, -3.098366601494687 ], [ -59.918399718848889, -3.098331980206978 ], [ -59.918285271758997, -3.098305764405576 ], [ -59.918223685559575, -3.098305934986556 ], [ -59.918109238459458, -3.098279719159222 ], [ -59.918056450281696, -3.098279865361671 ] ] } },
{ "type": "Feature", "properties": { "id": 584, "pagina": 15, "classe": "Logradouros", "metodo": "EIXO_TRACO", "comp_m": 217.16950502161009, "id_layer": "p15_camadas_logradouros", "doc_fonte": "Resposta SECT_autos.pdf", "doc_pagina": 15, "doc_folha": 108, "doc_escala": "1:15.000", "doc_metodo": "Reconstituição Vetorial Afim", "doc_rms_m": 0.68 }, "geometry": { "type": "LineString", "coordinates": [ [ -59.919042289908937, -3.0984451755442 ], [ -59.919139068162458, -3.098444907399597 ], [ -59.919147890435177, -3.098453727217799 ], [ -59.91919188054765, -3.098453605330245 ], [ -59.919200702820532, -3.098462425147534 ], [ -59.919244692931279, -3.098462303257434 ], [ -59.919253515204325, -3.098471123073795 ], [ -59.919297505313352, -3.098471001181151 ], [ -59.919306327586554, -3.098479820996581 ], [ -59.919350317693862, -3.098479699101392 ], [ -59.919359139967227, -3.098488518915878 ], [ -59.919403130072808, -3.098488397018143 ], [ -59.919728826588234, -3.098549404253772 ], [ -59.919799210737033, -3.098549209188013 ], [ -59.919808033011705, -3.098558028994638 ], [ -59.920045676515237, -3.098592747362458 ], [ -59.920072216119685, -3.098645739332873 ], [ -59.920116861239933, -3.098884410467265 ], [ -59.920232400155335, -3.099308614370026 ], [ -59.920241416572409, -3.099388187656464 ], [ -59.920259109683052, -3.099423515614593 ], [ -59.92025927955342, -3.09948542491982 ] ] } },
{ "type": "Feature", "properties": { "id": 585, "pagina": 15, "classe": "Logradouros", "metodo": "EIXO_TRACO", "comp_m": 52.521868399197544, "id_layer": "p15_camadas_logradouros", "doc_fonte": "Resposta SECT_autos.pdf", "doc_pagina": 15, "doc_folha": 108, "doc_escala": "1:15.000", "doc_metodo": "Reconstituição Vetorial Afim", "doc_rms_m": 0.68 }, "geometry": { "type": "LineString", "coordinates": [ [ -59.917996148845852, -3.098748778769242 ], [ -59.917996003389852, -3.098695713542146 ], [ -59.918056692682164, -3.098368307402699 ], [ -59.918056450281696, -3.098279865361671 ] ] } },
{ "type": "Feature", "properties": { "id": 586, "pagina": 15, "classe": "Logradouros", "metodo": "EIXO_TRACO", "comp_m": 53.722239111824017, "id_layer": "p15_camadas_logradouros", "doc_fonte": "Resposta SECT_autos.pdf", "doc_pagina": 15, "doc_folha": 108, "doc_escala": "1:15.000", "doc_metodo": "Reconstituição Vetorial Afim", "doc_rms_m": 0.68 }, "geometry": { "type": "LineString", "coordinates": [ [ -59.917996148845852, -3.098748778769242 ], [ -59.917978673991861, -3.098793048532379 ], [ -59.917918275716588, -3.099226585171564 ] ] } },
{ "type": "Feature", "properties": { "id": 587, "pagina": 15, "classe": "Logradouros", "metodo": "EIXO_TRACO", "comp_m": 61.817441429511213, "id_layer": "p15_camadas_logradouros", "doc_fonte": "Resposta SECT_autos.pdf", "doc_pagina": 15, "doc_folha": 108, "doc_escala": "1:15.000", "doc_metodo": "Reconstituição Vetorial Afim", "doc_rms_m": 0.68 }, "geometry": { "type": "LineString", "coordinates": [ [ -59.94248654543977, -3.091198567003112 ], [ -59.942776311153956, -3.090994345782845 ], [ -59.942872842788056, -3.090905636030083 ], [ -59.94293432964389, -3.090870088390203 ] ] } },
{ "type": "Feature", "properties": { "id": 588, "pagina": 15, "classe": "Logradouros", "metodo": "EIXO_TRACO", "comp_m": 6.1908333256522958, "id_layer": "p15_camadas_logradouros", "doc_fonte": "Resposta SECT_autos.pdf", "doc_pagina": 15, "doc_folha": 108, "doc_escala": "1:15.000", "doc_metodo": "Reconstituição Vetorial Afim", "doc_rms_m": 0.68 }, "geometry": { "type": "LineString", "coordinates": [ [ -59.912487164251921, -3.091812392009596 ], [ -59.912504615435566, -3.091759277975323 ] ] } },
{ "type": "Feature", "properties": { "id": 589, "pagina": 15, "classe": "Logradouros", "metodo": "EIXO_TRACO", "comp_m": 35.307330066541681, "id_layer": "p15_camadas_logradouros", "doc_fonte": "Resposta SECT_autos.pdf", "doc_pagina": 15, "doc_folha": 108, "doc_escala": "1:15.000", "doc_metodo": "Reconstituição Vetorial Afim", "doc_rms_m": 0.68 }, "geometry": { "type": "LineString", "coordinates": [ [ -59.912487164251921, -3.091812392009596 ], [ -59.912196732981684, -3.091777815862801 ], [ -59.912179088656913, -3.091760175893205 ] ] } },
{ "type": "Feature", "properties": { "id": 590, "pagina": 15, "classe": "Logradouros", "metodo": "EIXO_TRACO", "comp_m": 45.558110858555636, "id_layer": "p15_camadas_logradouros", "doc_fonte": "Resposta SECT_autos.pdf", "doc_pagina": 15, "doc_folha": 108, "doc_escala": "1:15.000", "doc_metodo": "Reconstituição Vetorial Afim", "doc_rms_m": 0.68 }, "geometry": { "type": "LineString", "coordinates": [ [ -59.935108623186686, -3.076440544306786 ], [ -59.935135088960649, -3.076467003513024 ], [ -59.93536404744259, -3.076545967359348 ], [ -59.935390489009521, -3.076563582480585 ], [ -59.935487312287627, -3.076581002876323 ] ] } },
{ "type": "Feature", "properties": { "id": 591, "pagina": 15, "classe": "Logradouros", "metodo": "EIXO_TRACO", "comp_m": 55.804875841878626, "id_layer": "p15_camadas_logradouros", "doc_fonte": "Resposta SECT_autos.pdf", "doc_pagina": 15, "doc_folha": 108, "doc_escala": "1:15.000", "doc_metodo": "Reconstituição Vetorial Afim", "doc_rms_m": 0.68 }, "geometry": { "type": "LineString", "coordinates": [ [ -59.918056450281696, -3.098279865361671 ], [ -59.918047628012239, -3.098271045524304 ], [ -59.917933229379969, -3.0982625180803 ], [ -59.917651546947148, -3.098210232500965 ], [ -59.917563566619172, -3.098210476126602 ] ] } },
{ "type": "Feature", "properties": { "id": 592, "pagina": 15, "classe": "Logradouros", "metodo": "EIXO_TRACO", "comp_m": 241.06805982864665, "id_layer": "p15_camadas_logradouros", "doc_fonte": "Resposta SECT_autos.pdf", "doc_pagina": 15, "doc_folha": 108, "doc_escala": "1:15.000", "doc_metodo": "Reconstituição Vetorial Afim", "doc_rms_m": 0.68 }, "geometry": { "type": "LineString", "coordinates": [ [ -59.94103403149164, -3.078086826034549 ], [ -59.941007541363575, -3.078051523130377 ], [ -59.940619642516744, -3.077760743652601 ], [ -59.940460871749515, -3.077610834208928 ], [ -59.93993177360165, -3.077161251770358 ], [ -59.939737739513824, -3.076984907456038 ], [ -59.939411303785235, -3.076649735996257 ] ] } },
{ "type": "Feature", "properties": { "id": 593, "pagina": 15, "classe": "Logradouros", "metodo": "EIXO_TRACO", "comp_m": 56.054832488624001, "id_layer": "p15_camadas_logradouros", "doc_fonte": "Resposta SECT_autos.pdf", "doc_pagina": 15, "doc_folha": 108, "doc_escala": "1:15.000", "doc_metodo": "Reconstituição Vetorial Afim", "doc_rms_m": 0.68 }, "geometry": { "type": "LineString", "coordinates": [ [ -59.94103403149164, -3.078086826034549 ], [ -59.941016484669319, -3.078104562881495 ], [ -59.940920292663137, -3.078317087877618 ], [ -59.940815157329254, -3.078476573142925 ], [ -59.940771265981972, -3.078512071248808 ] ] } },
{ "type": "Feature", "properties": { "id": 594, "pagina": 15, "classe": "Logradouros", "metodo": "EIXO_TRACO", "comp_m": 28.383351839278465, "id_layer": "p15_camadas_logradouros", "doc_fonte": "Resposta SECT_autos.pdf", "doc_pagina": 15, "doc_folha": 108, "doc_escala": "1:15.000", "doc_metodo": "Reconstituição Vetorial Afim", "doc_rms_m": 0.68 }, "geometry": { "type": "LineString", "coordinates": [ [ -59.91783160467029, -3.099704416007025 ], [ -59.91789323947134, -3.099721933782375 ], [ -59.918051652736679, -3.09973918339551 ], [ -59.918078095364905, -3.099756798667737 ] ] } },
{ "type": "Feature", "properties": { "id": 595, "pagina": 15, "classe": "Logradouros", "metodo": "EIXO_TRACO", "comp_m": 70.950748379578897, "id_layer": "p15_camadas_logradouros", "doc_fonte": "Resposta SECT_autos.pdf", "doc_pagina": 15, "doc_folha": 108, "doc_escala": "1:15.000", "doc_metodo": "Reconstituição Vetorial Afim", "doc_rms_m": 0.68 }, "geometry": { "type": "LineString", "coordinates": [ [ -59.925260676923138, -3.091361400466732 ], [ -59.925216638853186, -3.091343834031232 ], [ -59.925128635444402, -3.091335233598073 ], [ -59.925093395289842, -3.091317642783225 ], [ -59.925005391874713, -3.091309042336777 ], [ -59.924820514386809, -3.091265333331128 ], [ -59.924662103361577, -3.091248083638426 ], [ -59.92464445904384, -3.091230444065401 ] ] } },
{ "type": "Feature", "properties": { "id": 596, "pagina": 15, "classe": "Logradouros", "metodo": "EIXO_TRACO", "comp_m": 109.10765318570937, "id_layer": "p15_camadas_logradouros", "doc_fonte": "Resposta SECT_autos.pdf", "doc_pagina": 15, "doc_folha": 108, "doc_escala": "1:15.000", "doc_metodo": "Reconstituição Vetorial Afim", "doc_rms_m": 0.68 }, "geometry": { "type": "LineString", "coordinates": [ [ -59.892831549196337, -3.094864705171651 ], [ -59.892479477154595, -3.09481260386654 ], [ -59.892320965515786, -3.094759971684958 ], [ -59.892223969303288, -3.094680637376682 ], [ -59.892100362535018, -3.094521775726248 ], [ -59.892064977768634, -3.094451116932101 ], [ -59.892056035602764, -3.094398074593514 ] ] } },
{ "type": "Feature", "properties": { "id": 597, "pagina": 15, "classe": "Logradouros", "metodo": "EIXO_TRACO", "comp_m": 238.57810351702315, "id_layer": "p15_camadas_logradouros", "doc_fonte": "Resposta SECT_autos.pdf", "doc_pagina": 15, "doc_folha": 108, "doc_escala": "1:15.000", "doc_metodo": "Reconstituição Vetorial Afim", "doc_rms_m": 0.68 }, "geometry": { "type": "LineString", "coordinates": [ [ -59.892831549196337, -3.094864705171651 ], [ -59.892840371399778, -3.094873525445383 ], [ -59.893034003790497, -3.094899527775182 ], [ -59.893078042793327, -3.094917095918883 ], [ -59.893113235585055, -3.094916999389271 ], [ -59.893157274587111, -3.094934567527722 ], [ -59.893192467376942, -3.094934470994925 ], [ -59.893236506378194, -3.094952039128161 ], [ -59.89366785807173, -3.095039300452109 ], [ -59.893799951047782, -3.095083160351968 ], [ -59.893843942015906, -3.095083039653217 ], [ -59.893958390569793, -3.095109259012122 ], [ -59.89401997791753, -3.095109090022692 ], [ -59.894028800125447, -3.09511791027524 ], [ -59.894134378428042, -3.095117620569027 ], [ -59.894143152602886, -3.095108752033077 ], [ -59.894301496017754, -3.095099473061907 ], [ -59.894310270189884, -3.095090604526015 ], [ -59.894591764190324, -3.095072143104904 ], [ -59.894600538357771, -3.095063274569099 ], [ -59.894662125667722, -3.095063105544711 ], [ -59.894670899834026, -3.095054237008924 ], [ -59.894732487139606, -3.095054067980925 ], [ -59.894811622770014, -3.095036161877847 ], [ -59.894908402806379, -3.095035896249457 ], [ -59.894917176968704, -3.095027027713777 ] ] } },
{ "type": "Feature", "properties": { "id": 598, "pagina": 15, "classe": "Logradouros", "metodo": "EIXO_TRACO", "comp_m": 49.061110725774334, "id_layer": "p15_camadas_logradouros", "doc_fonte": "Resposta SECT_autos.pdf", "doc_pagina": 15, "doc_folha": 108, "doc_escala": "1:15.000", "doc_metodo": "Reconstituição Vetorial Afim", "doc_rms_m": 0.68 }, "geometry": { "type": "LineString", "coordinates": [ [ -59.942502125390973, -3.093657177453321 ], [ -59.94249330318673, -3.093648357976964 ], [ -59.942475731995856, -3.093657251055557 ], [ -59.942396551806752, -3.093657471858315 ], [ -59.94230862262124, -3.093675405211732 ], [ -59.942141488812759, -3.093684715333525 ], [ -59.942071155205198, -3.093702599610147 ] ] } },
{ "type": "Feature", "properties": { "id": 599, "pagina": 15, "classe": "Logradouros", "metodo": "EIXO_TRACO", "comp_m": 23.675384962101404, "id_layer": "p15_camadas_logradouros", "doc_fonte": "Resposta SECT_autos.pdf", "doc_pagina": 15, "doc_folha": 108, "doc_escala": "1:15.000", "doc_metodo": "Reconstituição Vetorial Afim", "doc_rms_m": 0.68 }, "geometry": { "type": "LineString", "coordinates": [ [ -59.895169771301134, -3.084351081013167 ], [ -59.895142802447701, -3.084138887921083 ] ] } },
{ "type": "Feature", "properties": { "id": 600, "pagina": 15, "classe": "Logradouros", "metodo": "EIXO_TRACO", "comp_m": 89.851153577104782, "id_layer": "p15_camadas_logradouros", "doc_fonte": "Resposta SECT_autos.pdf", "doc_pagina": 15, "doc_folha": 108, "doc_escala": "1:15.000", "doc_metodo": "Reconstituição Vetorial Afim", "doc_rms_m": 0.68 }, "geometry": { "type": "LineString", "coordinates": [ [ -59.895169771301134, -3.084351081013167 ], [ -59.895179120068342, -3.084554477845026 ], [ -59.895223421819658, -3.084669334524278 ], [ -59.895523299459207, -3.084942692002461 ], [ -59.895567361790697, -3.084969104778521 ], [ -59.895593756080473, -3.084969032551847 ] ] } },
{ "type": "Feature", "properties": { "id": 601, "pagina": 15, "classe": "Logradouros", "metodo": "EIXO_TRACO", "comp_m": 24.549601694460943, "id_layer": "p15_camadas_logradouros", "doc_fonte": "Resposta SECT_autos.pdf", "doc_pagina": 15, "doc_folha": 108, "doc_escala": "1:15.000", "doc_metodo": "Reconstituição Vetorial Afim", "doc_rms_m": 0.68 }, "geometry": { "type": "LineString", "coordinates": [ [ -59.895169771301134, -3.084351081013167 ], [ -59.89538967576145, -3.084332790536613 ] ] } },
{ "type": "Feature", "properties": { "id": 602, "pagina": 15, "classe": "Logradouros", "metodo": "EIXO_TRACO", "comp_m": 24.65249990256811, "id_layer": "p15_camadas_logradouros", "doc_fonte": "Resposta SECT_autos.pdf", "doc_pagina": 15, "doc_folha": 108, "doc_escala": "1:15.000", "doc_metodo": "Reconstituição Vetorial Afim", "doc_rms_m": 0.68 }, "geometry": { "type": "LineString", "coordinates": [ [ -59.92637081121682, -3.08873159514148 ], [ -59.926344441793432, -3.088740512364097 ], [ -59.926150864057171, -3.088732204143523 ] ] } },
{ "type": "Feature", "properties": { "id": 603, "pagina": 15, "classe": "Logradouros", "metodo": "EIXO_TRACO", "comp_m": 47.905837402410086, "id_layer": "p15_camadas_logradouros", "doc_fonte": "Resposta SECT_autos.pdf", "doc_pagina": 15, "doc_folha": 108, "doc_escala": "1:15.000", "doc_metodo": "Reconstituição Vetorial Afim", "doc_rms_m": 0.68 }, "geometry": { "type": "LineString", "coordinates": [ [ -59.935350181465161, -3.077908002854708 ], [ -59.935367825361688, -3.077925642294226 ], [ -59.935394218537951, -3.077925569242623 ], [ -59.935693753002887, -3.078075090423795 ], [ -59.93573776585, -3.078083812718326 ] ] } },
{ "type": "Feature", "properties": { "id": 604, "pagina": 15, "classe": "Logradouros", "metodo": "EIXO_TRACO", "comp_m": 103.76313636330467, "id_layer": "p15_camadas_logradouros", "doc_fonte": "Resposta SECT_autos.pdf", "doc_pagina": 15, "doc_folha": 108, "doc_escala": "1:15.000", "doc_metodo": "Reconstituição Vetorial Afim", "doc_rms_m": 0.68 }, "geometry": { "type": "LineString", "coordinates": [ [ -59.893514675517672, -3.083966450780836 ], [ -59.893523449697355, -3.083957582330201 ], [ -59.893523282225743, -3.083895671530083 ], [ -59.893549509067242, -3.083833688580695 ], [ -59.893549293753956, -3.083754088982177 ], [ -59.893558067932986, -3.083745220533145 ], [ -59.893556632653578, -3.083214556543648 ], [ -59.893521105402293, -3.083090831121082 ], [ -59.89352098581314, -3.083046609120204 ] ] } },
{ "type": "Feature", "properties": { "id": 605, "pagina": 15, "classe": "Logradouros", "metodo": "EIXO_TRACO", "comp_m": 193.68112039713526, "id_layer": "p15_camadas_logradouros", "doc_fonte": "Resposta SECT_autos.pdf", "doc_pagina": 15, "doc_folha": 108, "doc_escala": "1:15.000", "doc_metodo": "Reconstituição Vetorial Afim", "doc_rms_m": 0.68 }, "geometry": { "type": "LineString", "coordinates": [ [ -59.936374817979541, -3.09540769562892 ], [ -59.937455906203795, -3.095024387777824 ], [ -59.937719549138869, -3.094917524075454 ], [ -59.937868990634279, -3.094872887255518 ], [ -59.937983240724201, -3.094828348450145 ], [ -59.938000763278005, -3.09480176729989 ] ] } },
{ "type": "Feature", "properties": { "id": 606, "pagina": 15, "classe": "Logradouros", "metodo": "EIXO_TRACO", "comp_m": 34.909768823168655, "id_layer": "p15_camadas_logradouros", "doc_fonte": "Resposta SECT_autos.pdf", "doc_pagina": 15, "doc_folha": 108, "doc_escala": "1:15.000", "doc_metodo": "Reconstituição Vetorial Afim", "doc_rms_m": 0.68 }, "geometry": { "type": "LineString", "coordinates": [ [ -59.936374817979541, -3.09540769562892 ], [ -59.936348302551792, -3.095363548823304 ], [ -59.936286010879137, -3.095107242563205 ] ] } },
{ "type": "Feature", "properties": { "id": 607, "pagina": 15, "classe": "Logradouros", "metodo": "EIXO_TRACO", "comp_m": 276.7479901595899, "id_layer": "p15_camadas_logradouros", "doc_fonte": "Resposta SECT_autos.pdf", "doc_pagina": 15, "doc_folha": 108, "doc_escala": "1:15.000", "doc_metodo": "Reconstituição Vetorial Afim", "doc_rms_m": 0.68 }, "geometry": { "type": "LineString", "coordinates": [ [ -59.894247496364336, -3.081664887707372 ], [ -59.894256461836754, -3.081726774431021 ], [ -59.894371793506494, -3.082080237661764 ], [ -59.894389676683701, -3.082186322297743 ], [ -59.894407392441934, -3.082230496176438 ], [ -59.89442532347794, -3.082354269592225 ], [ -59.894460874622176, -3.082486839302866 ], [ -59.894505845882577, -3.082849339160412 ], [ -59.894523609530083, -3.082911201806381 ], [ -59.894514883216857, -3.082937759034264 ], [ -59.894515792417316, -3.083273845943985 ], [ -59.89450701825389, -3.083282714389851 ], [ -59.894481485411916, -3.083601184682708 ], [ -59.894472711247786, -3.083610053131039 ], [ -59.894472902689181, -3.083680808271897 ], [ -59.894464128524888, -3.083689676720832 ], [ -59.894464319970638, -3.083760431862108 ], [ -59.894446963091688, -3.08384892390353 ], [ -59.894430084871971, -3.084114303804852 ] ] } },
{ "type": "Feature", "properties": { "id": 608, "pagina": 15, "classe": "Logradouros", "metodo": "EIXO_TRACO", "comp_m": 30.778779143842698, "id_layer": "p15_camadas_logradouros", "doc_fonte": "Resposta SECT_autos.pdf", "doc_pagina": 15, "doc_folha": 108, "doc_escala": "1:15.000", "doc_metodo": "Reconstituição Vetorial Afim", "doc_rms_m": 0.68 }, "geometry": { "type": "LineString", "coordinates": [ [ -59.89584447094181, -3.083332123707873 ], [ -59.895730095881959, -3.083332436546551 ], [ -59.89572132173803, -3.083341304993387 ], [ -59.895571778269002, -3.083350558455499 ] ] } },
{ "type": "Feature", "properties": { "id": 609, "pagina": 15, "classe": "Logradouros", "metodo": "EIXO_TRACO", "comp_m": 276.97784697105595, "id_layer": "p15_camadas_logradouros", "doc_fonte": "Resposta SECT_autos.pdf", "doc_pagina": 15, "doc_folha": 108, "doc_escala": "1:15.000", "doc_metodo": "Reconstituição Vetorial Afim", "doc_rms_m": 0.68 }, "geometry": { "type": "LineString", "coordinates": [ [ -59.942000682114916, -3.084089277822945 ], [ -59.941462683255082, -3.083604348275101 ], [ -59.941224512493825, -3.083375063707778 ], [ -59.940209954782375, -3.082351966529718 ] ] } },
{ "type": "Feature", "properties": { "id": 610, "pagina": 15, "classe": "Logradouros", "metodo": "EIXO_TRACO", "comp_m": 48.403425341277952, "id_layer": "p15_camadas_logradouros", "doc_fonte": "Resposta SECT_autos.pdf", "doc_pagina": 15, "doc_folha": 108, "doc_escala": "1:15.000", "doc_metodo": "Reconstituição Vetorial Afim", "doc_rms_m": 0.68 }, "geometry": { "type": "LineString", "coordinates": [ [ -59.933677813500204, -3.077620773314624 ], [ -59.933651662357441, -3.077709287153138 ], [ -59.933511648966551, -3.077983843123484 ], [ -59.933502948058234, -3.078019243798181 ] ] } },
{ "type": "Feature", "properties": { "id": 611, "pagina": 15, "classe": "Logradouros", "metodo": "EIXO_TRACO", "comp_m": 59.869574037586688, "id_layer": "p15_camadas_logradouros", "doc_fonte": "Resposta SECT_autos.pdf", "doc_pagina": 15, "doc_folha": 108, "doc_escala": "1:15.000", "doc_metodo": "Reconstituição Vetorial Afim", "doc_rms_m": 0.68 }, "geometry": { "type": "LineString", "coordinates": [ [ -59.940072199172533, -3.093036019983769 ], [ -59.94028295653591, -3.092893927293797 ], [ -59.940432177935691, -3.092769694239676 ], [ -59.940511236287527, -3.092725253515046 ] ] } },
{ "type": "Feature", "properties": { "id": 612, "pagina": 15, "classe": "Logradouros", "metodo": "EIXO_TRACO", "comp_m": 78.243292946136407, "id_layer": "p15_camadas_logradouros", "doc_fonte": "Resposta SECT_autos.pdf", "doc_pagina": 15, "doc_folha": 108, "doc_escala": "1:15.000", "doc_metodo": "Reconstituição Vetorial Afim", "doc_rms_m": 0.68 }, "geometry": { "type": "LineString", "coordinates": [ [ -59.892046139590235, -3.087499410380917 ], [ -59.892116500807603, -3.087490373440922 ], [ -59.892248305375894, -3.087428101570434 ], [ -59.89256429624956, -3.087153058493702 ], [ -59.892608143288435, -3.087099871715221 ] ] } },
{ "type": "Feature", "properties": { "id": 613, "pagina": 15, "classe": "Logradouros", "metodo": "EIXO_TRACO", "comp_m": 63.438664283747705, "id_layer": "p15_camadas_logradouros", "doc_fonte": "Resposta SECT_autos.pdf", "doc_pagina": 15, "doc_folha": 108, "doc_escala": "1:15.000", "doc_metodo": "Reconstituição Vetorial Afim", "doc_rms_m": 0.68 }, "geometry": { "type": "LineString", "coordinates": [ [ -59.940179437676086, -3.087251681557289 ], [ -59.940188138095429, -3.087216280973208 ], [ -59.940214458377561, -3.087189675491775 ], [ -59.940407571084805, -3.087029944759192 ], [ -59.940609530154475, -3.086887877635053 ] ] } },
{ "type": "Feature", "properties": { "id": 614, "pagina": 15, "classe": "Logradouros", "metodo": "EIXO_TRACO", "comp_m": 4.0359296471106427, "id_layer": "p15_camadas_logradouros", "doc_fonte": "Resposta SECT_autos.pdf", "doc_pagina": 15, "doc_folha": 108, "doc_escala": "1:15.000", "doc_metodo": "Reconstituição Vetorial Afim", "doc_rms_m": 0.68 }, "geometry": { "type": "LineString", "coordinates": [ [ -59.91044319939779, -3.090783241545187 ], [ -59.91047836739078, -3.090774300300922 ] ] } },
{ "type": "Feature", "properties": { "id": 615, "pagina": 15, "classe": "Logradouros", "metodo": "EIXO_TRACO", "comp_m": 164.83180346318312, "id_layer": "p15_camadas_logradouros", "doc_fonte": "Resposta SECT_autos.pdf", "doc_pagina": 15, "doc_folha": 108, "doc_escala": "1:15.000", "doc_metodo": "Reconstituição Vetorial Afim", "doc_rms_m": 0.68 }, "geometry": { "type": "LineString", "coordinates": [ [ -59.924497900476972, -3.076239893237879 ], [ -59.924462733405363, -3.076248834382505 ], [ -59.924436412369957, -3.07627543959423 ], [ -59.924146977373915, -3.076603473599761 ], [ -59.923726153964736, -3.077144131298821 ], [ -59.923673560061083, -3.077215030088894 ], [ -59.923586016109716, -3.077374467512039 ], [ -59.923568444602488, -3.077383360172635 ] ] } },
{ "type": "Feature", "properties": { "id": 616, "pagina": 15, "classe": "Logradouros", "metodo": "EIXO_TRACO", "comp_m": 47.874107175233462, "id_layer": "p15_camadas_logradouros", "doc_fonte": "Resposta SECT_autos.pdf", "doc_pagina": 15, "doc_folha": 108, "doc_escala": "1:15.000", "doc_metodo": "Reconstituição Vetorial Afim", "doc_rms_m": 0.68 }, "geometry": { "type": "LineString", "coordinates": [ [ -59.935546832679186, -3.079039507897027 ], [ -59.935590821344526, -3.079039386092554 ], [ -59.935766509408147, -3.078941614123745 ], [ -59.935871864058853, -3.078861725185321 ], [ -59.935924626198016, -3.07885273494662 ] ] } },
{ "type": "Feature", "properties": { "id": 617, "pagina": 15, "classe": "Logradouros", "metodo": "EIXO_TRACO", "comp_m": 98.193508971278433, "id_layer": "p15_camadas_logradouros", "doc_fonte": "Resposta SECT_autos.pdf", "doc_pagina": 15, "doc_folha": 108, "doc_escala": "1:15.000", "doc_metodo": "Reconstituição Vetorial Afim", "doc_rms_m": 0.68 }, "geometry": { "type": "LineString", "coordinates": [ [ -59.921541240921968, -3.085702536671819 ], [ -59.921505904309996, -3.085649568786009 ], [ -59.921400184513367, -3.085596795257886 ], [ -59.92126797435612, -3.085508717866817 ], [ -59.920933122555333, -3.085315068919837 ], [ -59.920897834307745, -3.085279789339819 ], [ -59.920844974422309, -3.085253402515912 ], [ -59.920827257819532, -3.085209230169506 ] ] } },
{ "type": "Feature", "properties": { "id": 618, "pagina": 15, "classe": "Logradouros", "metodo": "EIXO_TRACO", "comp_m": 137.3693046180573, "id_layer": "p15_camadas_logradouros", "doc_fonte": "Resposta SECT_autos.pdf", "doc_pagina": 15, "doc_folha": 108, "doc_escala": "1:15.000", "doc_metodo": "Reconstituição Vetorial Afim", "doc_rms_m": 0.68 }, "geometry": { "type": "LineString", "coordinates": [ [ -59.938091892905568, -3.076741831739213 ], [ -59.938162153275023, -3.076697416588327 ], [ -59.938434275793547, -3.076475560129969 ], [ -59.938469466550252, -3.076475462671913 ], [ -59.938945875012386, -3.076960569164711 ], [ -59.938998855110363, -3.077031175258093 ] ] } },
{ "type": "Feature", "properties": { "id": 619, "pagina": 15, "classe": "Logradouros", "metodo": "EIXO_TRACO", "comp_m": 19.818139467179101, "id_layer": "p15_camadas_logradouros", "doc_fonte": "Resposta SECT_autos.pdf", "doc_pagina": 15, "doc_folha": 108, "doc_escala": "1:15.000", "doc_metodo": "Reconstituição Vetorial Afim", "doc_rms_m": 0.68 }, "geometry": { "type": "LineString", "coordinates": [ [ -59.895653570625747, -3.084314379667038 ], [ -59.895653283289157, -3.084208247068325 ], [ -59.89563549555843, -3.084137540141604 ] ] } },
{ "type": "Feature", "properties": { "id": 620, "pagina": 15, "classe": "Logradouros", "metodo": "EIXO_TRACO", "comp_m": 73.661395635622597, "id_layer": "p15_camadas_logradouros", "doc_fonte": "Resposta SECT_autos.pdf", "doc_pagina": 15, "doc_folha": 108, "doc_escala": "1:15.000", "doc_metodo": "Reconstituição Vetorial Afim", "doc_rms_m": 0.68 }, "geometry": { "type": "LineString", "coordinates": [ [ -59.895653570625747, -3.084314379667038 ], [ -59.895680659341437, -3.084570794560045 ], [ -59.895593756080473, -3.084969032551847 ] ] } },
{ "type": "Feature", "properties": { "id": 621, "pagina": 15, "classe": "Logradouros", "metodo": "EIXO_TRACO", "comp_m": 330.6818376783836, "id_layer": "p15_camadas_logradouros", "doc_fonte": "Resposta SECT_autos.pdf", "doc_pagina": 15, "doc_folha": 108, "doc_escala": "1:15.000", "doc_metodo": "Reconstituição Vetorial Afim", "doc_rms_m": 0.68 }, "geometry": { "type": "LineString", "coordinates": [ [ -59.920373560317678, -3.086599030493381 ], [ -59.920364907406935, -3.086652119914244 ], [ -59.920347384077971, -3.086678701067167 ], [ -59.920347529085447, -3.086731766194471 ], [ -59.920312579100269, -3.086820305256089 ], [ -59.920199342118778, -3.08723629797591 ], [ -59.920129538847767, -3.087448752905039 ], [ -59.920120934300712, -3.087519530720415 ], [ -59.919929434708635, -3.088271821527115 ], [ -59.919886387976703, -3.088616866504151 ], [ -59.919877614219978, -3.088625735001566 ], [ -59.919860598662815, -3.088838044207557 ], [ -59.919851824905578, -3.088846912706665 ], [ -59.919852066715187, -3.088935354621166 ], [ -59.919834688471049, -3.089015000961914 ], [ -59.919817818072701, -3.089280375329889 ], [ -59.919800415659957, -3.089351177485652 ], [ -59.919800584950671, -3.089413086828091 ], [ -59.919783061618332, -3.089439668027066 ], [ -59.919774432969007, -3.089501601682566 ] ] } },
{ "type": "Feature", "properties": { "id": 622, "pagina": 15, "classe": "Logradouros", "metodo": "EIXO_TRACO", "comp_m": 50.014063113202397, "id_layer": "p15_camadas_logradouros", "doc_fonte": "Resposta SECT_autos.pdf", "doc_pagina": 15, "doc_folha": 108, "doc_escala": "1:15.000", "doc_metodo": "Reconstituição Vetorial Afim", "doc_rms_m": 0.68 }, "geometry": { "type": "LineString", "coordinates": [ [ -59.935140126042235, -3.078306570466046 ], [ -59.935166446560913, -3.078279965196551 ], [ -59.935306435062579, -3.077996565309017 ], [ -59.93532383673319, -3.077925764045443 ], [ -59.935341383739612, -3.077908027204811 ] ] } },
{ "type": "Feature", "properties": { "id": 623, "pagina": 15, "classe": "Logradouros", "metodo": "EIXO_TRACO", "comp_m": 202.49519870928609, "id_layer": "p15_camadas_logradouros", "doc_fonte": "Resposta SECT_autos.pdf", "doc_pagina": 15, "doc_folha": 108, "doc_escala": "1:15.000", "doc_metodo": "Reconstituição Vetorial Afim", "doc_rms_m": 0.68 }, "geometry": { "type": "LineString", "coordinates": [ [ -59.933502948058234, -3.078019243798181 ], [ -59.93340612448749, -3.078001823315418 ], [ -59.932903999636849, -3.077764419859973 ], [ -59.932886404149265, -3.077764468517289 ], [ -59.931882106201492, -3.07727197202745 ], [ -59.931864438139563, -3.077245488366133 ] ] } },
{ "type": "Feature", "properties": { "id": 624, "pagina": 15, "classe": "Logradouros", "metodo": "EIXO_TRACO", "comp_m": 11.401291303552648, "id_layer": "p15_camadas_logradouros", "doc_fonte": "Resposta SECT_autos.pdf", "doc_pagina": 15, "doc_folha": 108, "doc_escala": "1:15.000", "doc_metodo": "Reconstituição Vetorial Afim", "doc_rms_m": 0.68 }, "geometry": { "type": "LineString", "coordinates": [ [ -59.928065116983852, -3.087382584899895 ], [ -59.928012475237438, -3.087435795846834 ], [ -59.927986105888365, -3.08744471306694 ] ] } },
{ "type": "Feature", "properties": { "id": 625, "pagina": 15, "classe": "Logradouros", "metodo": "EIXO_TRACO", "comp_m": 72.156478819901054, "id_layer": "p15_camadas_logradouros", "doc_fonte": "Resposta SECT_autos.pdf", "doc_pagina": 15, "doc_folha": 108, "doc_escala": "1:15.000", "doc_metodo": "Reconstituição Vetorial Afim", "doc_rms_m": 0.68 }, "geometry": { "type": "LineString", "coordinates": [ [ -59.93847669982086, -3.091917261491744 ], [ -59.93850311762742, -3.091926032073397 ], [ -59.938573695032026, -3.091996588510226 ], [ -59.938644394254467, -3.092111365140734 ], [ -59.938838628397782, -3.092358459464668 ], [ -59.938865094944703, -3.092384918103196 ], [ -59.938900310576969, -3.092393664166724 ] ] } },
{ "type": "Feature", "properties": { "id": 626, "pagina": 15, "classe": "Logradouros", "metodo": "EIXO_TRACO", "comp_m": 60.422164332554203, "id_layer": "p15_camadas_logradouros", "doc_fonte": "Resposta SECT_autos.pdf", "doc_pagina": 15, "doc_folha": 108, "doc_escala": "1:15.000", "doc_metodo": "Reconstituição Vetorial Afim", "doc_rms_m": 0.68 }, "geometry": { "type": "LineString", "coordinates": [ [ -59.931756059850159, -3.076219864679101 ], [ -59.931844061428585, -3.076228465703533 ], [ -59.931870527189204, -3.076254925074023 ], [ -59.932214122665954, -3.076430858903936 ], [ -59.932231790698403, -3.076457342564377 ] ] } },
{ "type": "Feature", "properties": { "id": 627, "pagina": 15, "classe": "Logradouros", "metodo": "EIXO_TRACO", "comp_m": 6.8519968688488007, "id_layer": "p15_camadas_logradouros", "doc_fonte": "Resposta SECT_autos.pdf", "doc_pagina": 15, "doc_folha": 108, "doc_escala": "1:15.000", "doc_metodo": "Reconstituição Vetorial Afim", "doc_rms_m": 0.68 }, "geometry": { "type": "LineString", "coordinates": [ [ -59.938703445656181, -3.091191413437933 ], [ -59.938703616143627, -3.091253321726066 ] ] } },
{ "type": "Feature", "properties": { "id": 628, "pagina": 15, "classe": "Logradouros", "metodo": "EIXO_TRACO", "comp_m": 67.783581785386602, "id_layer": "p15_camadas_logradouros", "doc_fonte": "Resposta SECT_autos.pdf", "doc_pagina": 15, "doc_folha": 108, "doc_escala": "1:15.000", "doc_metodo": "Reconstituição Vetorial Afim", "doc_rms_m": 0.68 }, "geometry": { "type": "LineString", "coordinates": [ [ -59.938703445656181, -3.091191413437933 ], [ -59.938747215499454, -3.091111694654447 ], [ -59.938869361907855, -3.090739902213479 ], [ -59.938886884454988, -3.090713321132315 ], [ -59.93890428523855, -3.090642519853426 ], [ -59.938921832137368, -3.090624782813515 ] ] } },
{ "type": "Feature", "properties": { "id": 629, "pagina": 15, "classe": "Logradouros", "metodo": "EIXO_TRACO", "comp_m": 191.18893855502219, "id_layer": "p15_camadas_logradouros", "doc_fonte": "Resposta SECT_autos.pdf", "doc_pagina": 15, "doc_folha": 108, "doc_escala": "1:15.000", "doc_metodo": "Reconstituição Vetorial Afim", "doc_rms_m": 0.68 }, "geometry": { "type": "LineString", "coordinates": [ [ -59.938703445656181, -3.091191413437933 ], [ -59.938641739225595, -3.091147364609064 ], [ -59.937961775902615, -3.090229468615548 ], [ -59.937732254093468, -3.089947095220394 ], [ -59.937679272566584, -3.089876489613345 ], [ -59.937670328745348, -3.089823449779652 ] ] } },
{ "type": "Feature", "properties": { "id": 630, "pagina": 15, "classe": "Logradouros", "metodo": "EIXO_TRACO", "comp_m": 201.33121422127471, "id_layer": "p15_camadas_logradouros", "doc_fonte": "Resposta SECT_autos.pdf", "doc_pagina": 15, "doc_folha": 108, "doc_escala": "1:15.000", "doc_metodo": "Reconstituição Vetorial Afim", "doc_rms_m": 0.68 }, "geometry": { "type": "LineString", "coordinates": [ [ -59.932231790698403, -3.076457342564377 ], [ -59.932284601313043, -3.076466040780792 ], [ -59.93243438053625, -3.076545224285479 ], [ -59.932451976010995, -3.076545175654908 ], [ -59.933782176048709, -3.077178277167298 ], [ -59.933852606311291, -3.077195770678246 ], [ -59.933870250183958, -3.077213410177937 ] ] } },
{ "type": "Feature", "properties": { "id": 631, "pagina": 15, "classe": "Logradouros", "metodo": "EIXO_TRACO", "comp_m": 357.74453487901337, "id_layer": "p15_camadas_logradouros", "doc_fonte": "Resposta SECT_autos.pdf", "doc_pagina": 15, "doc_folha": 108, "doc_escala": "1:15.000", "doc_metodo": "Reconstituição Vetorial Afim", "doc_rms_m": 0.68 }, "geometry": { "type": "LineString", "coordinates": [ [ -59.929361409054373, -3.088475672937017 ], [ -59.929335112499963, -3.088511122553157 ], [ -59.929185621631333, -3.08853806942133 ], [ -59.928904381064363, -3.088644979071795 ], [ -59.928640930138783, -3.088822592914683 ], [ -59.928149292178588, -3.089204255513172 ], [ -59.927903339651223, -3.089346444150664 ], [ -59.927876946015516, -3.089346517286098 ], [ -59.927762694837774, -3.089391054841633 ], [ -59.927665942403792, -3.089400167122032 ], [ -59.927657168772555, -3.089409035628452 ], [ -59.927454817492865, -3.089409596280908 ], [ -59.927445995362461, -3.089400776525127 ], [ -59.927322800753529, -3.089392273638851 ], [ -59.927076290279075, -3.08933104714731 ], [ -59.926873890423636, -3.089313919403181 ], [ -59.926865068294987, -3.089305099637181 ], [ -59.926741897879545, -3.089305440804768 ], [ -59.926733124233401, -3.089314309310113 ], [ -59.926636347467259, -3.089314577360289 ], [ -59.926627573819403, -3.089323445865648 ], [ -59.926442866626459, -3.089341645851371 ] ] } },
{ "type": "Feature", "properties": { "id": 632, "pagina": 15, "classe": "Logradouros", "metodo": "EIXO_TRACO", "comp_m": 37.219107912159615, "id_layer": "p15_camadas_logradouros", "doc_fonte": "Resposta SECT_autos.pdf", "doc_pagina": 15, "doc_folha": 108, "doc_escala": "1:15.000", "doc_metodo": "Reconstituição Vetorial Afim", "doc_rms_m": 0.68 }, "geometry": { "type": "LineString", "coordinates": [ [ -59.929302875196186, -3.086379763595004 ], [ -59.929320470882004, -3.086379714861192 ], [ -59.92950471651924, -3.086193476718385 ], [ -59.92955745507718, -3.086175642285144 ] ] } },
{ "type": "Feature", "properties": { "id": 633, "pagina": 15, "classe": "Logradouros", "metodo": "EIXO_TRACO", "comp_m": 6.8519968669861564, "id_layer": "p15_camadas_logradouros", "doc_fonte": "Resposta SECT_autos.pdf", "doc_pagina": 15, "doc_folha": 108, "doc_escala": "1:15.000", "doc_metodo": "Reconstituição Vetorial Afim", "doc_rms_m": 0.68 }, "geometry": { "type": "LineString", "coordinates": [ [ -59.938921661672005, -3.090562874536852 ], [ -59.938921832137368, -3.090624782813515 ] ] } },
{ "type": "Feature", "properties": { "id": 634, "pagina": 15, "classe": "Logradouros", "metodo": "EIXO_TRACO", "comp_m": 148.41214961509587, "id_layer": "p15_camadas_logradouros", "doc_fonte": "Resposta SECT_autos.pdf", "doc_pagina": 15, "doc_folha": 108, "doc_escala": "1:15.000", "doc_metodo": "Reconstituição Vetorial Afim", "doc_rms_m": 0.68 }, "geometry": { "type": "LineString", "coordinates": [ [ -59.938921661672005, -3.090562874536852 ], [ -59.938868777458048, -3.090527645254976 ], [ -59.938144655619034, -3.089547963216053 ], [ -59.938100569275093, -3.089512709357042 ] ] } },
{ "type": "Feature", "properties": { "id": 635, "pagina": 15, "classe": "Logradouros", "metodo": "EIXO_TRACO", "comp_m": 27.477816869835035, "id_layer": "p15_camadas_logradouros", "doc_fonte": "Resposta SECT_autos.pdf", "doc_pagina": 15, "doc_folha": 108, "doc_escala": "1:15.000", "doc_metodo": "Reconstituição Vetorial Afim", "doc_rms_m": 0.68 }, "geometry": { "type": "LineString", "coordinates": [ [ -59.895142754568752, -3.084121199146571 ], [ -59.895124488110234, -3.083873604429183 ] ] } },
{ "type": "Feature", "properties": { "id": 636, "pagina": 15, "classe": "Logradouros", "metodo": "EIXO_TRACO", "comp_m": 1.957713389769197, "id_layer": "p15_camadas_logradouros", "doc_fonte": "Resposta SECT_autos.pdf", "doc_pagina": 15, "doc_folha": 108, "doc_escala": "1:15.000", "doc_metodo": "Reconstituição Vetorial Afim", "doc_rms_m": 0.68 }, "geometry": { "type": "LineString", "coordinates": [ [ -59.895142754568752, -3.084121199146571 ], [ -59.895142802447701, -3.084138887921083 ] ] } },
{ "type": "Feature", "properties": { "id": 637, "pagina": 15, "classe": "Logradouros", "metodo": "EIXO_TRACO", "comp_m": 25.619132104833245, "id_layer": "p15_camadas_logradouros", "doc_fonte": "Resposta SECT_autos.pdf", "doc_pagina": 15, "doc_folha": 108, "doc_escala": "1:15.000", "doc_metodo": "Reconstituição Vetorial Afim", "doc_rms_m": 0.68 }, "geometry": { "type": "LineString", "coordinates": [ [ -59.895142754568752, -3.084121199146571 ], [ -59.895371433141158, -3.084094040267422 ] ] } },
{ "type": "Feature", "properties": { "id": 638, "pagina": 15, "classe": "Logradouros", "metodo": "EIXO_TRACO", "comp_m": 60.175939780847401, "id_layer": "p15_camadas_logradouros", "doc_fonte": "Resposta SECT_autos.pdf", "doc_pagina": 15, "doc_folha": 108, "doc_escala": "1:15.000", "doc_metodo": "Reconstituição Vetorial Afim", "doc_rms_m": 0.68 }, "geometry": { "type": "LineString", "coordinates": [ [ -59.94290020905089, -3.088066611426339 ], [ -59.942531507516463, -3.088359492443297 ], [ -59.942470020690187, -3.088395039935023 ] ] } },
{ "type": "Feature", "properties": { "id": 639, "pagina": 15, "classe": "Logradouros", "metodo": "EIXO_TRACO", "comp_m": 111.03773543168899, "id_layer": "p15_camadas_logradouros", "doc_fonte": "Resposta SECT_autos.pdf", "doc_pagina": 15, "doc_folha": 108, "doc_escala": "1:15.000", "doc_metodo": "Reconstituição Vetorial Afim", "doc_rms_m": 0.68 }, "geometry": { "type": "LineString", "coordinates": [ [ -59.918895221407276, -3.099356542261346 ], [ -59.91874560634367, -3.099339268353174 ], [ -59.918736784056868, -3.099330448535519 ], [ -59.918675197823113, -3.099330619199234 ], [ -59.918666375536482, -3.099321799380364 ], [ -59.918604789299351, -3.099321970039491 ], [ -59.918595967012884, -3.099313150219423 ], [ -59.918534380772357, -3.09931332087396 ], [ -59.918525558486074, -3.09930450105266 ], [ -59.91814714594058, -3.099270172461333 ], [ -59.917918275716588, -3.099226585171564 ] ] } },
{ "type": "Feature", "properties": { "id": 640, "pagina": 15, "classe": "Logradouros", "metodo": "EIXO_TRACO", "comp_m": 58.94310668120314, "id_layer": "p15_camadas_logradouros", "doc_fonte": "Resposta SECT_autos.pdf", "doc_pagina": 15, "doc_folha": 108, "doc_escala": "1:15.000", "doc_metodo": "Reconstituição Vetorial Afim", "doc_rms_m": 0.68 }, "geometry": { "type": "LineString", "coordinates": [ [ -59.937670328745348, -3.089823449779652 ], [ -59.938100569275093, -3.089512709357042 ] ] } },
{ "type": "Feature", "properties": { "id": 641, "pagina": 15, "classe": "Logradouros", "metodo": "EIXO_TRACO", "comp_m": 26.447251547422535, "id_layer": "p15_camadas_logradouros", "doc_fonte": "Resposta SECT_autos.pdf", "doc_pagina": 15, "doc_folha": 108, "doc_escala": "1:15.000", "doc_metodo": "Reconstituição Vetorial Afim", "doc_rms_m": 0.68 }, "geometry": { "type": "LineString", "coordinates": [ [ -59.895380231232153, -3.084094016200387 ], [ -59.89538967576145, -3.084332790536613 ] ] } },
{ "type": "Feature", "properties": { "id": 642, "pagina": 15, "classe": "Logradouros", "metodo": "EIXO_TRACO", "comp_m": 56.773688888759352, "id_layer": "p15_camadas_logradouros", "doc_fonte": "Resposta SECT_autos.pdf", "doc_pagina": 15, "doc_folha": 108, "doc_escala": "1:15.000", "doc_metodo": "Reconstituição Vetorial Afim", "doc_rms_m": 0.68 }, "geometry": { "type": "LineString", "coordinates": [ [ -59.942473299400618, -3.079993154919025 ], [ -59.942122412348859, -3.080365580548627 ] ] } },
{ "type": "Feature", "properties": { "id": 643, "pagina": 15, "classe": "Logradouros", "metodo": "EIXO_TRACO", "comp_m": 2.9365701682691001, "id_layer": "p15_camadas_logradouros", "doc_fonte": "Resposta SECT_autos.pdf", "doc_pagina": 15, "doc_folha": 108, "doc_escala": "1:15.000", "doc_metodo": "Reconstituição Vetorial Afim", "doc_rms_m": 0.68 }, "geometry": { "type": "LineString", "coordinates": [ [ -59.942473299400618, -3.079993154919025 ], [ -59.94249969245859, -3.079993081641604 ] ] } },
{ "type": "Feature", "properties": { "id": 644, "pagina": 15, "classe": "Logradouros", "metodo": "EIXO_TRACO", "comp_m": 28.888235099393963, "id_layer": "p15_camadas_logradouros", "doc_fonte": "Resposta SECT_autos.pdf", "doc_pagina": 15, "doc_folha": 108, "doc_escala": "1:15.000", "doc_metodo": "Reconstituição Vetorial Afim", "doc_rms_m": 0.68 }, "geometry": { "type": "LineString", "coordinates": [ [ -59.917781948406883, -3.094424522272109 ], [ -59.917764303992392, -3.094406882526372 ], [ -59.917702330695768, -3.094265545541377 ], [ -59.917684516853079, -3.094185996336369 ] ] } },
{ "type": "Feature", "properties": { "id": 645, "pagina": 15, "classe": "Logradouros", "metodo": "EIXO_TRACO", "comp_m": 103.96015841080148, "id_layer": "p15_camadas_logradouros", "doc_fonte": "Resposta SECT_autos.pdf", "doc_pagina": 15, "doc_folha": 108, "doc_escala": "1:15.000", "doc_metodo": "Reconstituição Vetorial Afim", "doc_rms_m": 0.68 }, "geometry": { "type": "LineString", "coordinates": [ [ -59.893514699442463, -3.083975295180918 ], [ -59.893593954157573, -3.084001611920441 ], [ -59.893787584214806, -3.084027615963218 ], [ -59.893990060209255, -3.084071284699073 ], [ -59.894078041222301, -3.084071044141937 ], [ -59.894086863253548, -3.084079864481394 ], [ -59.894157248059045, -3.084079672029302 ], [ -59.894166070090471, -3.084088492367409 ], [ -59.894430084871971, -3.084114303804852 ] ] } },
{ "type": "Feature", "properties": { "id": 646, "pagina": 15, "classe": "Logradouros", "metodo": "EIXO_TRACO", "comp_m": 305.65755230305672, "id_layer": "p15_camadas_logradouros", "doc_fonte": "Resposta SECT_autos.pdf", "doc_pagina": 15, "doc_folha": 108, "doc_escala": "1:15.000", "doc_metodo": "Reconstituição Vetorial Afim", "doc_rms_m": 0.68 }, "geometry": { "type": "LineString", "coordinates": [ [ -59.942943103028085, -3.090861219867082 ], [ -59.943329375669279, -3.090559444958622 ], [ -59.943355695801877, -3.090532839396307 ], [ -59.943355598248758, -3.090497463379756 ], [ -59.943011266165236, -3.090056219112107 ], [ -59.942031107322371, -3.088750025057282 ] ] } },
{ "type": "Feature", "properties": { "id": 647, "pagina": 15, "classe": "Logradouros", "metodo": "EIXO_TRACO", "comp_m": 41.797576155718787, "id_layer": "p15_camadas_logradouros", "doc_fonte": "Resposta SECT_autos.pdf", "doc_pagina": 15, "doc_folha": 108, "doc_escala": "1:15.000", "doc_metodo": "Reconstituição Vetorial Afim", "doc_rms_m": 0.68 }, "geometry": { "type": "LineString", "coordinates": [ [ -59.922654916364465, -3.09079374054323 ], [ -59.922646287967439, -3.090855674072287 ], [ -59.92254136670195, -3.091094758811807 ], [ -59.922532714090615, -3.091147848178424 ] ] } },
{ "type": "Feature", "properties": { "id": 648, "pagina": 15, "classe": "Logradouros", "metodo": "EIXO_TRACO", "comp_m": 179.04875404044506, "id_layer": "p15_camadas_logradouros", "doc_fonte": "Resposta SECT_autos.pdf", "doc_pagina": 15, "doc_folha": 108, "doc_escala": "1:15.000", "doc_metodo": "Reconstituição Vetorial Afim", "doc_rms_m": 0.68 }, "geometry": { "type": "LineString", "coordinates": [ [ -59.923992033594978, -3.093938583689162 ], [ -59.923886385461913, -3.093912343794476 ], [ -59.923542877437903, -3.093771788020705 ], [ -59.923375570897861, -3.093719186197116 ], [ -59.923217013810415, -3.093648871629649 ], [ -59.923076125362492, -3.093605040770248 ], [ -59.922961606523778, -3.0935522926033 ], [ -59.922864756318781, -3.093526028174865 ], [ -59.922574084490364, -3.0934030139632 ], [ -59.922486032232896, -3.09337672511184 ] ] } },
{ "type": "Feature", "properties": { "id": 649, "pagina": 15, "classe": "Logradouros", "metodo": "EIXO_TRACO", "comp_m": 1.9577133916318421, "id_layer": "p15_camadas_logradouros", "doc_fonte": "Resposta SECT_autos.pdf", "doc_pagina": 15, "doc_folha": 108, "doc_escala": "1:15.000", "doc_metodo": "Reconstituição Vetorial Afim", "doc_rms_m": 0.68 }, "geometry": { "type": "LineString", "coordinates": [ [ -59.92093650861932, -3.099403948680014 ], [ -59.920936460074614, -3.099386260317807 ] ] } },
{ "type": "Feature", "properties": { "id": 650, "pagina": 15, "classe": "Logradouros", "metodo": "EIXO_TRACO", "comp_m": 4.894283477216959, "id_layer": "p15_camadas_logradouros", "doc_fonte": "Resposta SECT_autos.pdf", "doc_pagina": 15, "doc_folha": 108, "doc_escala": "1:15.000", "doc_metodo": "Reconstituição Vetorial Afim", "doc_rms_m": 0.68 }, "geometry": { "type": "LineString", "coordinates": [ [ -59.912504494723414, -3.091715056729629 ], [ -59.912504615435566, -3.091759277975323 ] ] } },
{ "type": "Feature", "properties": { "id": 651, "pagina": 15, "classe": "Logradouros", "metodo": "EIXO_TRACO", "comp_m": 169.39653864141258, "id_layer": "p15_camadas_logradouros", "doc_fonte": "Resposta SECT_autos.pdf", "doc_pagina": 15, "doc_folha": 108, "doc_escala": "1:15.000", "doc_metodo": "Reconstituição Vetorial Afim", "doc_rms_m": 0.68 }, "geometry": { "type": "LineString", "coordinates": [ [ -59.943370804064152, -3.089630701947007 ], [ -59.943370730920222, -3.089604169934513 ], [ -59.943344215741938, -3.089560023440176 ], [ -59.943097025287415, -3.089251169432643 ], [ -59.942470045054421, -3.088403883946592 ] ] } },
{ "type": "Feature", "properties": { "id": 652, "pagina": 15, "classe": "Logradouros", "metodo": "EIXO_TRACO", "comp_m": 27.028503112137926, "id_layer": "p15_camadas_logradouros", "doc_fonte": "Resposta SECT_autos.pdf", "doc_pagina": 15, "doc_folha": 108, "doc_escala": "1:15.000", "doc_metodo": "Reconstituição Vetorial Afim", "doc_rms_m": 0.68 }, "geometry": { "type": "LineString", "coordinates": [ [ -59.91649617659774, -3.113204490262993 ], [ -59.916478531579379, -3.113186850776695 ], [ -59.916451917996397, -3.113107326259647 ], [ -59.916425158373407, -3.112974736450652 ] ] } },
{ "type": "Feature", "properties": { "id": 653, "pagina": 15, "classe": "Logradouros", "metodo": "EIXO_TRACO", "comp_m": 199.38980067655319, "id_layer": "p15_camadas_logradouros", "doc_fonte": "Resposta SECT_autos.pdf", "doc_pagina": 15, "doc_folha": 108, "doc_escala": "1:15.000", "doc_metodo": "Reconstituição Vetorial Afim", "doc_rms_m": 0.68 }, "geometry": { "type": "LineString", "coordinates": [ [ -59.930252370314378, -3.076489343446236 ], [ -59.930270038331699, -3.076515827185074 ], [ -59.930719328069998, -3.076735690620858 ], [ -59.930736923575026, -3.076735642015699 ], [ -59.930833843905717, -3.07678843931967 ], [ -59.930851439409807, -3.076788390711781 ], [ -59.930948359743439, -3.076841187995234 ], [ -59.93096595524657, -3.076841139384614 ], [ -59.931062875583159, -3.076893936647532 ], [ -59.931309502768848, -3.076999385263504 ], [ -59.931802829715856, -3.07723681447801 ], [ -59.931864438139563, -3.077245488366133 ] ] } },
{ "type": "Feature", "properties": { "id": 654, "pagina": 15, "classe": "Logradouros", "metodo": "EIXO_TRACO", "comp_m": 2.9365701682691001, "id_layer": "p15_camadas_logradouros", "doc_fonte": "Resposta SECT_autos.pdf", "doc_pagina": 15, "doc_folha": 108, "doc_escala": "1:15.000", "doc_metodo": "Reconstituição Vetorial Afim", "doc_rms_m": 0.68 }, "geometry": { "type": "LineString", "coordinates": [ [ -59.942096019272718, -3.080365653825513 ], [ -59.942122412348859, -3.080365580548627 ] ] } },
{ "type": "Feature", "properties": { "id": 655, "pagina": 15, "classe": "Logradouros", "metodo": "EIXO_TRACO", "comp_m": 245.25766233052553, "id_layer": "p15_camadas_logradouros", "doc_fonte": "Resposta SECT_autos.pdf", "doc_pagina": 15, "doc_folha": 108, "doc_escala": "1:15.000", "doc_metodo": "Reconstituição Vetorial Afim", "doc_rms_m": 0.68 }, "geometry": { "type": "LineString", "coordinates": [ [ -59.942096019272718, -3.080365653825513 ], [ -59.942034265347687, -3.080303916687654 ], [ -59.941954940340921, -3.080251072403205 ], [ -59.940411725734585, -3.078937585003111 ] ] } },
{ "type": "Feature", "properties": { "id": 656, "pagina": 15, "classe": "Logradouros", "metodo": "EIXO_TRACO", "comp_m": 80.553705968863667, "id_layer": "p15_camadas_logradouros", "doc_fonte": "Resposta SECT_autos.pdf", "doc_pagina": 15, "doc_folha": 108, "doc_escala": "1:15.000", "doc_metodo": "Reconstituição Vetorial Afim", "doc_rms_m": 0.68 }, "geometry": { "type": "LineString", "coordinates": [ [ -59.894192212420634, -3.090491809763315 ], [ -59.894271347830532, -3.090473904010731 ], [ -59.894385603890491, -3.09042936864525 ], [ -59.894411998342783, -3.090429296320374 ], [ -59.894526254379578, -3.090384760949683 ], [ -59.894552648827464, -3.090384688622339 ], [ -59.894877868489232, -3.090268819483024 ] ] } },
{ "type": "Feature", "properties": { "id": 657, "pagina": 15, "classe": "Logradouros", "metodo": "EIXO_TRACO", "comp_m": 156.85889834443054, "id_layer": "p15_camadas_logradouros", "doc_fonte": "Resposta SECT_autos.pdf", "doc_pagina": 15, "doc_folha": 108, "doc_escala": "1:15.000", "doc_metodo": "Reconstituição Vetorial Afim", "doc_rms_m": 0.68 }, "geometry": { "type": "LineString", "coordinates": [ [ -59.938921832137368, -3.090624782813515 ], [ -59.938965894203768, -3.090651192528255 ], [ -59.939327992414874, -3.091154298813738 ], [ -59.939778312793379, -3.091745600014999 ] ] } },
{ "type": "Feature", "properties": { "id": 658, "pagina": 15, "classe": "Logradouros", "metodo": "EIXO_TRACO", "comp_m": 50.507380454354397, "id_layer": "p15_camadas_logradouros", "doc_fonte": "Resposta SECT_autos.pdf", "doc_pagina": 15, "doc_folha": 108, "doc_escala": "1:15.000", "doc_metodo": "Reconstituição Vetorial Afim", "doc_rms_m": 0.68 }, "geometry": { "type": "LineString", "coordinates": [ [ -59.932048053965381, -3.076829305176036 ], [ -59.932030627788428, -3.076891262481448 ], [ -59.931943109906257, -3.07705954347436 ], [ -59.931864438139563, -3.077245488366133 ] ] } },
{ "type": "Feature", "properties": { "id": 659, "pagina": 15, "classe": "Logradouros", "metodo": "EIXO_TRACO", "comp_m": 8.809710504807299, "id_layer": "p15_camadas_logradouros", "doc_fonte": "Resposta SECT_autos.pdf", "doc_pagina": 15, "doc_folha": 108, "doc_escala": "1:15.000", "doc_metodo": "Reconstituição Vetorial Afim", "doc_rms_m": 0.68 }, "geometry": { "type": "LineString", "coordinates": [ [ -59.917684516853079, -3.094185996336369 ], [ -59.917605334859381, -3.09418621531774 ] ] } },
{ "type": "Feature", "properties": { "id": 660, "pagina": 15, "classe": "Logradouros", "metodo": "EIXO_TRACO", "comp_m": 66.339388035714535, "id_layer": "p15_camadas_logradouros", "doc_fonte": "Resposta SECT_autos.pdf", "doc_pagina": 15, "doc_folha": 108, "doc_escala": "1:15.000", "doc_metodo": "Reconstituição Vetorial Afim", "doc_rms_m": 0.68 }, "geometry": { "type": "LineString", "coordinates": [ [ -59.89522129430074, -3.093619925269541 ], [ -59.895265261138739, -3.093610960183865 ], [ -59.895467234789699, -3.093468894807262 ], [ -59.895686612575716, -3.093256026107724 ] ] } },
{ "type": "Feature", "properties": { "id": 661, "pagina": 15, "classe": "Logradouros", "metodo": "EIXO_TRACO", "comp_m": 70.399379611659356, "id_layer": "p15_camadas_logradouros", "doc_fonte": "Resposta SECT_autos.pdf", "doc_pagina": 15, "doc_folha": 108, "doc_escala": "1:15.000", "doc_metodo": "Reconstituição Vetorial Afim", "doc_rms_m": 0.68 }, "geometry": { "type": "LineString", "coordinates": [ [ -59.916980797706046, -3.094232163696339 ], [ -59.917156733589898, -3.094222832947971 ], [ -59.917165507392845, -3.094213964408602 ], [ -59.91733266944312, -3.09421350217314 ], [ -59.917341443243217, -3.094204633633787 ], [ -59.917605334859381, -3.09418621531774 ] ] } },
{ "type": "Feature", "properties": { "id": 662, "pagina": 15, "classe": "Logradouros", "metodo": "EIXO_TRACO", "comp_m": 800.37405360496462, "id_layer": "p15_camadas_logradouros", "doc_fonte": "Resposta SECT_autos.pdf", "doc_pagina": 15, "doc_folha": 108, "doc_escala": "1:15.000", "doc_metodo": "Reconstituição Vetorial Afim", "doc_rms_m": 0.68 }, "geometry": { "type": "LineString", "coordinates": [ [ -59.915000409142039, -3.081033102680361 ], [ -59.915000481380211, -3.0810596353739 ], [ -59.91503579342794, -3.081103759702942 ], [ -59.915829556491815, -3.081817962980623 ], [ -59.916243998055172, -3.082161749231356 ], [ -59.91662324819201, -3.082505631988057 ], [ -59.916817163817036, -3.082637762136002 ], [ -59.916993507760445, -3.082778784889942 ], [ -59.917160933271219, -3.082875610739686 ], [ -59.918306711521247, -3.083624216527104 ], [ -59.919619844020048, -3.084443111955435 ], [ -59.92015753030747, -3.084813087249931 ], [ -59.920562885946936, -3.085050763396363 ], [ -59.920774446256779, -3.085200531706551 ], [ -59.920827257819532, -3.085209230169506 ] ] } },
{ "type": "Feature", "properties": { "id": 663, "pagina": 15, "classe": "Logradouros", "metodo": "EIXO_TRACO", "comp_m": 68.623978017285722, "id_layer": "p15_camadas_logradouros", "doc_fonte": "Resposta SECT_autos.pdf", "doc_pagina": 15, "doc_folha": 108, "doc_escala": "1:15.000", "doc_metodo": "Reconstituição Vetorial Afim", "doc_rms_m": 0.68 }, "geometry": { "type": "LineString", "coordinates": [ [ -59.943300691930006, -3.096104758154119 ], [ -59.943248051646897, -3.096157969538582 ], [ -59.94308111306642, -3.096238032218006 ], [ -59.94279982724494, -3.09632725815951 ], [ -59.94273826694694, -3.096336274070587 ] ] } },
{ "type": "Feature", "properties": { "id": 664, "pagina": 15, "classe": "Logradouros", "metodo": "EIXO_TRACO", "comp_m": 263.03380146093821, "id_layer": "p15_camadas_logradouros", "doc_fonte": "Resposta SECT_autos.pdf", "doc_pagina": 15, "doc_folha": 108, "doc_escala": "1:15.000", "doc_metodo": "Reconstituição Vetorial Afim", "doc_rms_m": 0.68 }, "geometry": { "type": "LineString", "coordinates": [ [ -59.943300691930006, -3.096104758154119 ], [ -59.943035926961429, -3.095804798731707 ], [ -59.942471303951564, -3.095240353480513 ], [ -59.941738986154235, -3.094481805182544 ], [ -59.941686028447286, -3.094420044269684 ], [ -59.941677133015808, -3.094384692735493 ] ] } },
{ "type": "Feature", "properties": { "id": 665, "pagina": 15, "classe": "Logradouros", "metodo": "EIXO_TRACO", "comp_m": 84.495163178879352, "id_layer": "p15_camadas_logradouros", "doc_fonte": "Resposta SECT_autos.pdf", "doc_pagina": 15, "doc_folha": 108, "doc_escala": "1:15.000", "doc_metodo": "Reconstituição Vetorial Afim", "doc_rms_m": 0.68 }, "geometry": { "type": "LineString", "coordinates": [ [ -59.892034923857196, -3.086606148917978 ], [ -59.892096702290402, -3.086676735790404 ], [ -59.892590451248296, -3.087064542222719 ], [ -59.892608143288435, -3.087099871715221 ] ] } },
{ "type": "Feature", "properties": { "id": 666, "pagina": 15, "classe": "Logradouros", "metodo": "EIXO_TRACO", "comp_m": 15.208808942715956, "id_layer": "p15_camadas_logradouros", "doc_fonte": "Resposta SECT_autos.pdf", "doc_pagina": 15, "doc_folha": 108, "doc_escala": "1:15.000", "doc_metodo": "Reconstituição Vetorial Afim", "doc_rms_m": 0.68 }, "geometry": { "type": "LineString", "coordinates": [ [ -59.927112678208942, -3.112148981081729 ], [ -59.927112922451599, -3.112237422381068 ], [ -59.927104148802286, -3.112246291063425 ], [ -59.927113044575549, -3.112281643030657 ] ] } },
{ "type": "Feature", "properties": { "id": 667, "pagina": 15, "classe": "Logradouros", "metodo": "EIXO_TRACO", "comp_m": 179.61428424638103, "id_layer": "p15_camadas_logradouros", "doc_fonte": "Resposta SECT_autos.pdf", "doc_pagina": 15, "doc_folha": 108, "doc_escala": "1:15.000", "doc_metodo": "Reconstituição Vetorial Afim", "doc_rms_m": 0.68 }, "geometry": { "type": "LineString", "coordinates": [ [ -59.935341359517118, -3.077899183134627 ], [ -59.935279726993016, -3.077881665441485 ], [ -59.934980192554406, -3.077732144035034 ], [ -59.934962597100238, -3.077732192726256 ], [ -59.9348304374519, -3.077661805306869 ], [ -59.934812841996518, -3.077661853994496 ], [ -59.933879072120511, -3.077222229927445 ] ] } },
{ "type": "Feature", "properties": { "id": 668, "pagina": 15, "classe": "Logradouros", "metodo": "EIXO_TRACO", "comp_m": 262.88917269621646, "id_layer": "p15_camadas_logradouros", "doc_fonte": "Resposta SECT_autos.pdf", "doc_pagina": 15, "doc_folha": 108, "doc_escala": "1:15.000", "doc_metodo": "Reconstituição Vetorial Afim", "doc_rms_m": 0.68 }, "geometry": { "type": "LineString", "coordinates": [ [ -59.894399463835448, -3.092295511231558 ], [ -59.89436429516693, -3.092304452114356 ], [ -59.894188811740257, -3.092481822419727 ], [ -59.89414489288162, -3.092508476212642 ], [ -59.894109700201568, -3.092508572701578 ], [ -59.894083281694989, -3.092499800673316 ], [ -59.894012704371022, -3.092429238487361 ], [ -59.893836357069695, -3.092288210547523 ], [ -59.893677558166949, -3.092129445507712 ], [ -59.893598038792732, -3.09200584097152 ], [ -59.893208808856137, -3.09122859460726 ], [ -59.893191164565806, -3.09121095401351 ], [ -59.893058472770718, -3.090945983495973 ], [ -59.893040756565071, -3.09090180968495 ], [ -59.893040660666678, -3.090866432074333 ] ] } },
{ "type": "Feature", "properties": { "id": 669, "pagina": 15, "classe": "Logradouros", "metodo": "EIXO_TRACO", "comp_m": 25.70809170135627, "id_layer": "p15_camadas_logradouros", "doc_fonte": "Resposta SECT_autos.pdf", "doc_pagina": 15, "doc_folha": 108, "doc_escala": "1:15.000", "doc_metodo": "Reconstituição Vetorial Afim", "doc_rms_m": 0.68 }, "geometry": { "type": "LineString", "coordinates": [ [ -59.926442866626459, -3.089341645851371 ], [ -59.926416472956241, -3.089341718950243 ], [ -59.926319817351079, -3.089386207674069 ], [ -59.926223089017789, -3.089404163974271 ] ] } },
{ "type": "Feature", "properties": { "id": 670, "pagina": 15, "classe": "Logradouros", "metodo": "EIXO_TRACO", "comp_m": 46.528111002620804, "id_layer": "p15_camadas_logradouros", "doc_fonte": "Resposta SECT_autos.pdf", "doc_pagina": 15, "doc_folha": 108, "doc_escala": "1:15.000", "doc_metodo": "Reconstituição Vetorial Afim", "doc_rms_m": 0.68 }, "geometry": { "type": "LineString", "coordinates": [ [ -59.926011624522765, -3.089289774862301 ], [ -59.926002560049099, -3.0891925136562 ], [ -59.925984867328772, -3.089157185808215 ], [ -59.92599288977258, -3.0888741488806 ] ] } },
{ "type": "Feature", "properties": { "id": 671, "pagina": 15, "classe": "Logradouros", "metodo": "EIXO_TRACO", "comp_m": 27.632050903890871, "id_layer": "p15_camadas_logradouros", "doc_fonte": "Resposta SECT_autos.pdf", "doc_pagina": 15, "doc_folha": 108, "doc_escala": "1:15.000", "doc_metodo": "Reconstituição Vetorial Afim", "doc_rms_m": 0.68 }, "geometry": { "type": "LineString", "coordinates": [ [ -59.926011624522765, -3.089289774862301 ], [ -59.926055662457621, -3.089307341333694 ], [ -59.926126215252069, -3.089369055419229 ], [ -59.926170253188801, -3.089386621880887 ], [ -59.926205444758217, -3.089386524422357 ], [ -59.926223089017789, -3.089404163974271 ] ] } },
{ "type": "Feature", "properties": { "id": 672, "pagina": 15, "classe": "Logradouros", "metodo": "EIXO_TRACO", "comp_m": 42.759044136005897, "id_layer": "p15_camadas_logradouros", "doc_fonte": "Resposta SECT_autos.pdf", "doc_pagina": 15, "doc_folha": 108, "doc_escala": "1:15.000", "doc_metodo": "Reconstituição Vetorial Afim", "doc_rms_m": 0.68 }, "geometry": { "type": "LineString", "coordinates": [ [ -59.936956505250016, -3.076568092893495 ], [ -59.937000178830765, -3.07645299838484 ], [ -59.937061132900233, -3.076222882441903 ], [ -59.937078679849385, -3.076205145626534 ] ] } },
{ "type": "Feature", "properties": { "id": 673, "pagina": 15, "classe": "Logradouros", "metodo": "EIXO_TRACO", "comp_m": 127.16138780908886, "id_layer": "p15_camadas_logradouros", "doc_fonte": "Resposta SECT_autos.pdf", "doc_pagina": 15, "doc_folha": 108, "doc_escala": "1:15.000", "doc_metodo": "Reconstituição Vetorial Afim", "doc_rms_m": 0.68 }, "geometry": { "type": "LineString", "coordinates": [ [ -59.896761554616567, -3.084099081146369 ], [ -59.89674393450359, -3.084090284928708 ], [ -59.896277636152135, -3.084091560979898 ], [ -59.896268862016683, -3.084100429432786 ], [ -59.896163285002835, -3.084100718321567 ], [ -59.896154510865536, -3.084109586774475 ], [ -59.896048933840063, -3.084109875652716 ], [ -59.896040159700924, -3.084118744105643 ], [ -59.895934582663806, -3.084119032973344 ], [ -59.895925808522819, -3.084127901426273 ], [ -59.89563549555843, -3.084137540141604 ] ] } },
{ "type": "Feature", "properties": { "id": 674, "pagina": 15, "classe": "Logradouros", "metodo": "EIXO_TRACO", "comp_m": 43.726164308346334, "id_layer": "p15_camadas_logradouros", "doc_fonte": "Resposta SECT_autos.pdf", "doc_pagina": 15, "doc_folha": 108, "doc_escala": "1:15.000", "doc_metodo": "Reconstituição Vetorial Afim", "doc_rms_m": 0.68 }, "geometry": { "type": "LineString", "coordinates": [ [ -59.912613669011002, -3.105892190915494 ], [ -59.912666336551673, -3.10584782339985 ], [ -59.912797774967139, -3.105652884294646 ], [ -59.912841644357506, -3.105608541168958 ], [ -59.912868014497661, -3.105599623782213 ] ] } },
{ "type": "Feature", "properties": { "id": 675, "pagina": 15, "classe": "Logradouros", "metodo": "EIXO_TRACO", "comp_m": 197.18743821151079, "id_layer": "p15_camadas_logradouros", "doc_fonte": "Resposta SECT_autos.pdf", "doc_pagina": 15, "doc_folha": 108, "doc_escala": "1:15.000", "doc_metodo": "Reconstituição Vetorial Afim", "doc_rms_m": 0.68 }, "geometry": { "type": "LineString", "coordinates": [ [ -59.893036706734122, -3.092653025490777 ], [ -59.893036610781429, -3.092617647881217 ], [ -59.89293050492234, -3.092423360372658 ], [ -59.892639061832469, -3.092017313359232 ], [ -59.892585985014939, -3.091911325121524 ], [ -59.892550192864313, -3.091690311381252 ], [ -59.892523534598993, -3.09159309521667 ], [ -59.892523414720749, -3.09154887318368 ], [ -59.892505674520571, -3.09149585494588 ], [ -59.892505554646824, -3.091451632912107 ], [ -59.892487814453389, -3.091398614671541 ], [ -59.892487694584176, -3.091354392637003 ], [ -59.892461036360103, -3.091257176456998 ], [ -59.892460916497477, -3.091212954421274 ], [ -59.892416422238277, -3.091027342353959 ] ] } },
{ "type": "Feature", "properties": { "id": 676, "pagina": 15, "classe": "Logradouros", "metodo": "EIXO_TRACO", "comp_m": 38.523237797543764, "id_layer": "p15_camadas_logradouros", "doc_fonte": "Resposta SECT_autos.pdf", "doc_pagina": 15, "doc_folha": 108, "doc_escala": "1:15.000", "doc_metodo": "Reconstituição Vetorial Afim", "doc_rms_m": 0.68 }, "geometry": { "type": "LineString", "coordinates": [ [ -59.893036706734122, -3.092653025490777 ], [ -59.893054303093429, -3.092652977262078 ], [ -59.893274857339989, -3.092873484391173 ], [ -59.893274905324112, -3.092891173192138 ] ] } },
{ "type": "Feature", "properties": { "id": 677, "pagina": 15, "classe": "Logradouros", "metodo": "EIXO_TRACO", "comp_m": 84.205072499144137, "id_layer": "p15_camadas_logradouros", "doc_fonte": "Resposta SECT_autos.pdf", "doc_pagina": 15, "doc_folha": 108, "doc_escala": "1:15.000", "doc_metodo": "Reconstituição Vetorial Afim", "doc_rms_m": 0.68 }, "geometry": { "type": "LineString", "coordinates": [ [ -59.93720739684165, -3.078230093401815 ], [ -59.937216000633079, -3.078159316592187 ], [ -59.937303444479191, -3.077964503713352 ], [ -59.937329595220199, -3.07787599006942 ], [ -59.937373365618697, -3.077796271751102 ], [ -59.937373317142033, -3.077778583643088 ], [ -59.937390864082062, -3.07776084680345 ], [ -59.937487008675369, -3.077530633393202 ] ] } },
{ "type": "Feature", "properties": { "id": 678, "pagina": 15, "classe": "Logradouros", "metodo": "EIXO_TRACO", "comp_m": 13.623875831170764, "id_layer": "p15_camadas_logradouros", "doc_fonte": "Resposta SECT_autos.pdf", "doc_pagina": 15, "doc_folha": 108, "doc_escala": "1:15.000", "doc_metodo": "Reconstituição Vetorial Afim", "doc_rms_m": 0.68 }, "geometry": { "type": "LineString", "coordinates": [ [ -59.943344561645581, -3.080096864489949 ], [ -59.943335691048588, -3.080070356905567 ], [ -59.94330040310809, -3.080035078613542 ], [ -59.943291483904588, -3.079990883014424 ] ] } },
{ "type": "Feature", "properties": { "id": 679, "pagina": 15, "classe": "Logradouros", "metodo": "EIXO_TRACO", "comp_m": 59.237989819015333, "id_layer": "p15_camadas_logradouros", "doc_fonte": "Resposta SECT_autos.pdf", "doc_pagina": 15, "doc_folha": 108, "doc_escala": "1:15.000", "doc_metodo": "Reconstituição Vetorial Afim", "doc_rms_m": 0.68 }, "geometry": { "type": "LineString", "coordinates": [ [ -59.942876948002741, -3.079611738841115 ], [ -59.942973406595797, -3.079496498033279 ], [ -59.943148874167612, -3.079319129347823 ], [ -59.943219036882084, -3.07923933787394 ], [ -59.943227761662122, -3.079212781426873 ] ] } },
{ "type": "Feature", "properties": { "id": 680, "pagina": 15, "classe": "Logradouros", "metodo": "EIXO_TRACO", "comp_m": 63.132331945311442, "id_layer": "p15_camadas_logradouros", "doc_fonte": "Resposta SECT_autos.pdf", "doc_pagina": 15, "doc_folha": 108, "doc_escala": "1:15.000", "doc_metodo": "Reconstituição Vetorial Afim", "doc_rms_m": 0.68 }, "geometry": { "type": "LineString", "coordinates": [ [ -59.942876948002741, -3.079611738841115 ], [ -59.943247471201687, -3.079982161169086 ], [ -59.943291483904588, -3.079990883014424 ] ] } },
{ "type": "Feature", "properties": { "id": 681, "pagina": 15, "classe": "Logradouros", "metodo": "EIXO_TRACO", "comp_m": 501.68525551712531, "id_layer": "p15_camadas_logradouros", "doc_fonte": "Resposta SECT_autos.pdf", "doc_pagina": 15, "doc_folha": 108, "doc_escala": "1:15.000", "doc_metodo": "Reconstituição Vetorial Afim", "doc_rms_m": 0.68 }, "geometry": { "type": "LineString", "coordinates": [ [ -59.943227761662122, -3.079212781426873 ], [ -59.942319512183026, -3.078454711661384 ], [ -59.941807960181258, -3.077987394466067 ], [ -59.941340663922681, -3.077617238853108 ], [ -59.941146629694394, -3.077440895101494 ], [ -59.940723370707005, -3.077088304858584 ], [ -59.940502967879773, -3.076920877986379 ], [ -59.940123770366874, -3.076594697283079 ], [ -59.940088458403174, -3.076550574637021 ], [ -59.939973846102269, -3.076462451218841 ], [ -59.939788609928307, -3.076286082420848 ] ] } },
{ "type": "Feature", "properties": { "id": 682, "pagina": 15, "classe": "Logradouros", "metodo": "EIXO_TRACO", "comp_m": 61.222245499990329, "id_layer": "p15_camadas_logradouros", "doc_fonte": "Resposta SECT_autos.pdf", "doc_pagina": 15, "doc_folha": 108, "doc_escala": "1:15.000", "doc_metodo": "Reconstituição Vetorial Afim", "doc_rms_m": 0.68 }, "geometry": { "type": "LineString", "coordinates": [ [ -59.941583298383748, -3.089069658691824 ], [ -59.941960822679157, -3.088785597048386 ], [ -59.942031107322371, -3.088750025057282 ] ] } },
{ "type": "Feature", "properties": { "id": 683, "pagina": 15, "classe": "Logradouros", "metodo": "EIXO_TRACO", "comp_m": 105.86408491482031, "id_layer": "p15_camadas_logradouros", "doc_fonte": "Resposta SECT_autos.pdf", "doc_pagina": 15, "doc_folha": 108, "doc_escala": "1:15.000", "doc_metodo": "Reconstituição Vetorial Afim", "doc_rms_m": 0.68 }, "geometry": { "type": "LineString", "coordinates": [ [ -59.928073890607742, -3.087373716408961 ], [ -59.928144152305201, -3.087329300861549 ], [ -59.928811262302183, -3.086770269334906 ] ] } },
{ "type": "Feature", "properties": { "id": 684, "pagina": 15, "classe": "Logradouros", "metodo": "EIXO_TRACO", "comp_m": 133.19855114191114, "id_layer": "p15_camadas_logradouros", "doc_fonte": "Resposta SECT_autos.pdf", "doc_pagina": 15, "doc_folha": 108, "doc_escala": "1:15.000", "doc_metodo": "Reconstituição Vetorial Afim", "doc_rms_m": 0.68 }, "geometry": { "type": "LineString", "coordinates": [ [ -59.939339348409732, -3.092082898109112 ], [ -59.939356968397995, -3.092091693154011 ], [ -59.939383508037025, -3.092144683880416 ], [ -59.939524760399635, -3.092321172620086 ], [ -59.939630772827307, -3.092480071233317 ], [ -59.94001046820199, -3.092983127362566 ], [ -59.940063401360057, -3.09303604449276 ] ] } },
{ "type": "Feature", "properties": { "id": 685, "pagina": 15, "classe": "Logradouros", "metodo": "EIXO_TRACO", "comp_m": 59.143764874274112, "id_layer": "p15_camadas_logradouros", "doc_fonte": "Resposta SECT_autos.pdf", "doc_pagina": 15, "doc_folha": 108, "doc_escala": "1:15.000", "doc_metodo": "Reconstituição Vetorial Afim", "doc_rms_m": 0.68 }, "geometry": { "type": "LineString", "coordinates": [ [ -59.938900310576969, -3.092393664166724 ], [ -59.939040831960824, -3.092304831867599 ], [ -59.939119817352911, -3.092233859111462 ], [ -59.939172531130659, -3.092207180029906 ], [ -59.939330550599287, -3.092082922604457 ] ] } },
{ "type": "Feature", "properties": { "id": 686, "pagina": 15, "classe": "Logradouros", "metodo": "EIXO_TRACO", "comp_m": 24.668123067198774, "id_layer": "p15_camadas_logradouros", "doc_fonte": "Resposta SECT_autos.pdf", "doc_pagina": 15, "doc_folha": 108, "doc_escala": "1:15.000", "doc_metodo": "Reconstituição Vetorial Afim", "doc_rms_m": 0.68 }, "geometry": { "type": "LineString", "coordinates": [ [ -59.939063266818856, -3.113150324109297 ], [ -59.939001533725289, -3.113097432515291 ], [ -59.938966341777402, -3.113097531150114 ], [ -59.938931247948702, -3.113133005926491 ], [ -59.938878509081036, -3.113150841948645 ] ] } },
{ "type": "Feature", "properties": { "id": 687, "pagina": 15, "classe": "Logradouros", "metodo": "EIXO_TRACO", "comp_m": 38.604533868960601, "id_layer": "p15_camadas_logradouros", "doc_fonte": "Resposta SECT_autos.pdf", "doc_pagina": 15, "doc_folha": 108, "doc_escala": "1:15.000", "doc_metodo": "Reconstituição Vetorial Afim", "doc_rms_m": 0.68 }, "geometry": { "type": "LineString", "coordinates": [ [ -59.921725895025034, -3.092096414740652 ], [ -59.921637867080896, -3.092078969871781 ], [ -59.921593804666898, -3.092052559079317 ], [ -59.921400055990794, -3.091982341274851 ] ] } },
{ "type": "Feature", "properties": { "id": 688, "pagina": 15, "classe": "Logradouros", "metodo": "EIXO_TRACO", "comp_m": 79.726593923226972, "id_layer": "p15_camadas_logradouros", "doc_fonte": "Resposta SECT_autos.pdf", "doc_pagina": 15, "doc_folha": 108, "doc_escala": "1:15.000", "doc_metodo": "Reconstituição Vetorial Afim", "doc_rms_m": 0.68 }, "geometry": { "type": "LineString", "coordinates": [ [ -59.895142802447701, -3.084138887921083 ], [ -59.894949244380733, -3.084139417343343 ], [ -59.894940422348142, -3.084130597018299 ], [ -59.894430084871971, -3.084114303804852 ] ] } },
{ "type": "Feature", "properties": { "id": 689, "pagina": 15, "classe": "Logradouros", "metodo": "EIXO_TRACO", "comp_m": 118.44264136394379, "id_layer": "p15_camadas_logradouros", "doc_fonte": "Resposta SECT_autos.pdf", "doc_pagina": 15, "doc_folha": 108, "doc_escala": "1:15.000", "doc_metodo": "Reconstituição Vetorial Afim", "doc_rms_m": 0.68 }, "geometry": { "type": "LineString", "coordinates": [ [ -59.941334584666336, -3.085010914346911 ], [ -59.941615333657666, -3.084727123110699 ], [ -59.941755781082492, -3.084611759571614 ], [ -59.942133499460311, -3.084398451524556 ], [ -59.942168641699574, -3.084380665663601 ], [ -59.942177463754177, -3.084389485220211 ] ] } },
{ "type": "Feature", "properties": { "id": 690, "pagina": 15, "classe": "Logradouros", "metodo": "EIXO_TRACO", "comp_m": 224.90214073671982, "id_layer": "p15_camadas_logradouros", "doc_fonte": "Resposta SECT_autos.pdf", "doc_pagina": 15, "doc_folha": 108, "doc_escala": "1:15.000", "doc_metodo": "Reconstituição Vetorial Afim", "doc_rms_m": 0.68 }, "geometry": { "type": "LineString", "coordinates": [ [ -59.936038730076639, -3.078755133520472 ], [ -59.936100265693206, -3.078737274852912 ], [ -59.936196798321397, -3.078648566224159 ], [ -59.93649480605842, -3.078240911038631 ], [ -59.936564848523048, -3.078116899292874 ], [ -59.9366960387839, -3.07783352395702 ], [ -59.936739542698788, -3.077656520971362 ], [ -59.936905221112518, -3.077116570599009 ], [ -59.936922574236064, -3.077028081308171 ], [ -59.936948894667047, -3.077001476066661 ] ] } },
{ "type": "Feature", "properties": { "id": 691, "pagina": 15, "classe": "Logradouros", "metodo": "EIXO_TRACO", "comp_m": 16.669329077405479, "id_layer": "p15_camadas_logradouros", "doc_fonte": "Resposta SECT_autos.pdf", "doc_pagina": 15, "doc_folha": 108, "doc_escala": "1:15.000", "doc_metodo": "Reconstituição Vetorial Afim", "doc_rms_m": 0.68 }, "geometry": { "type": "LineString", "coordinates": [ [ -59.936038730076639, -3.078755133520472 ], [ -59.935924626198016, -3.07885273494662 ] ] } },
{ "type": "Feature", "properties": { "id": 692, "pagina": 15, "classe": "Logradouros", "metodo": "EIXO_TRACO", "comp_m": 25.76796781321033, "id_layer": "p15_camadas_logradouros", "doc_fonte": "Resposta SECT_autos.pdf", "doc_pagina": 15, "doc_folha": 108, "doc_escala": "1:15.000", "doc_metodo": "Reconstituição Vetorial Afim", "doc_rms_m": 0.68 }, "geometry": { "type": "LineString", "coordinates": [ [ -59.926150864057171, -3.088732204143523 ], [ -59.926009807089088, -3.088626464169398 ], [ -59.925956971304174, -3.088608922024945 ] ] } },
{ "type": "Feature", "properties": { "id": 693, "pagina": 15, "classe": "Logradouros", "metodo": "EIXO_TRACO", "comp_m": 23.860103163131544, "id_layer": "p15_camadas_logradouros", "doc_fonte": "Resposta SECT_autos.pdf", "doc_pagina": 15, "doc_folha": 108, "doc_escala": "1:15.000", "doc_metodo": "Reconstituição Vetorial Afim", "doc_rms_m": 0.68 }, "geometry": { "type": "LineString", "coordinates": [ [ -59.926150864057171, -3.088732204143523 ], [ -59.926019259209468, -3.088865231660844 ], [ -59.92599288977258, -3.0888741488806 ] ] } },
{ "type": "Feature", "properties": { "id": 694, "pagina": 15, "classe": "Logradouros", "metodo": "EIXO_TRACO", "comp_m": 142.67394230363342, "id_layer": "p15_camadas_logradouros", "doc_fonte": "Resposta SECT_autos.pdf", "doc_pagina": 15, "doc_folha": 108, "doc_escala": "1:15.000", "doc_metodo": "Reconstituição Vetorial Afim", "doc_rms_m": 0.68 }, "geometry": { "type": "LineString", "coordinates": [ [ -59.893227540176312, -3.081897630180876 ], [ -59.893218765992799, -3.081906498615675 ], [ -59.893218981152273, -3.081986098240321 ], [ -59.893210206968575, -3.08199496667579 ], [ -59.893201671857305, -3.082092279139885 ], [ -59.893175540567732, -3.082189639673226 ], [ -59.893167674942298, -3.082534595427042 ], [ -59.893185510245537, -3.082622991382767 ], [ -59.893212071917688, -3.082684830089001 ], [ -59.893265027885242, -3.082746596674915 ], [ -59.893265075711795, -3.082764285479389 ], [ -59.893441539855438, -3.082949537099529 ], [ -59.89348572167323, -3.083020172092108 ], [ -59.89352098581314, -3.083046609120204 ] ] } },
{ "type": "Feature", "properties": { "id": 695, "pagina": 15, "classe": "Logradouros", "metodo": "EIXO_TRACO", "comp_m": 121.43405146024421, "id_layer": "p15_camadas_logradouros", "doc_fonte": "Resposta SECT_autos.pdf", "doc_pagina": 15, "doc_folha": 108, "doc_escala": "1:15.000", "doc_metodo": "Reconstituição Vetorial Afim", "doc_rms_m": 0.68 }, "geometry": { "type": "LineString", "coordinates": [ [ -59.923846863256259, -3.076241687321054 ], [ -59.923829267650405, -3.076241735804264 ], [ -59.923794172895363, -3.076277209418937 ], [ -59.923180568955374, -3.0771014136865 ] ] } },
{ "type": "Feature", "properties": { "id": 696, "pagina": 15, "classe": "Logradouros", "metodo": "EIXO_TRACO", "comp_m": 219.63173637308017, "id_layer": "p15_camadas_logradouros", "doc_fonte": "Resposta SECT_autos.pdf", "doc_pagina": 15, "doc_folha": 108, "doc_escala": "1:15.000", "doc_metodo": "Reconstituição Vetorial Afim", "doc_rms_m": 0.68 }, "geometry": { "type": "LineString", "coordinates": [ [ -59.943179917144533, -3.084209816395195 ], [ -59.943083312629014, -3.084271993557 ], [ -59.942222985335285, -3.084946535821365 ], [ -59.941634899942002, -3.085443439720726 ] ] } },
{ "type": "Feature", "properties": { "id": 697, "pagina": 15, "classe": "Logradouros", "metodo": "EIXO_TRACO", "comp_m": 65.604924382324896, "id_layer": "p15_camadas_logradouros", "doc_fonte": "Resposta SECT_autos.pdf", "doc_pagina": 15, "doc_folha": 108, "doc_escala": "1:15.000", "doc_metodo": "Reconstituição Vetorial Afim", "doc_rms_m": 0.68 }, "geometry": { "type": "LineString", "coordinates": [ [ -59.893594489334049, -3.09069687003658 ], [ -59.893532902217601, -3.090697038760567 ], [ -59.893286769497479, -3.090777313227416 ], [ -59.8932603750102, -3.090777385532331 ], [ -59.893128546412797, -3.090830813458881 ], [ -59.893049410882689, -3.090848719168739 ], [ -59.893040660666678, -3.090866432074333 ] ] } },
{ "type": "Feature", "properties": { "id": 698, "pagina": 15, "classe": "Logradouros", "metodo": "EIXO_TRACO", "comp_m": 26.261185564539378, "id_layer": "p15_camadas_logradouros", "doc_fonte": "Resposta SECT_autos.pdf", "doc_pagina": 15, "doc_folha": 108, "doc_escala": "1:15.000", "doc_metodo": "Reconstituição Vetorial Afim", "doc_rms_m": 0.68 }, "geometry": { "type": "LineString", "coordinates": [ [ -59.895590044701478, -3.083598153077614 ], [ -59.895598866725848, -3.083606973396379 ], [ -59.895599130060951, -3.083704261617677 ], [ -59.895607952087005, -3.083713081935467 ], [ -59.895608263313825, -3.083828058923066 ] ] } },
{ "type": "Feature", "properties": { "id": 699, "pagina": 15, "classe": "Logradouros", "metodo": "EIXO_TRACO", "comp_m": 90.487630466819397, "id_layer": "p15_camadas_logradouros", "doc_fonte": "Resposta SECT_autos.pdf", "doc_pagina": 15, "doc_folha": 108, "doc_escala": "1:15.000", "doc_metodo": "Reconstituição Vetorial Afim", "doc_rms_m": 0.68 }, "geometry": { "type": "LineString", "coordinates": [ [ -59.937140287956595, -3.076213819223879 ], [ -59.937149158326513, -3.076240327040408 ], [ -59.937131659828296, -3.076275751968722 ], [ -59.937105605879509, -3.076399641813705 ], [ -59.936957450088897, -3.076913011135839 ], [ -59.936948894667047, -3.077001476066661 ] ] } },
{ "type": "Feature", "properties": { "id": 700, "pagina": 15, "classe": "Logradouros", "metodo": "EIXO_TRACO", "comp_m": 76.445039326467608, "id_layer": "p15_camadas_logradouros", "doc_fonte": "Resposta SECT_autos.pdf", "doc_pagina": 15, "doc_folha": 108, "doc_escala": "1:15.000", "doc_metodo": "Reconstituição Vetorial Afim", "doc_rms_m": 0.68 }, "geometry": { "type": "LineString", "coordinates": [ [ -59.942986070870887, -3.07770111534369 ], [ -59.9429596778809, -3.077701188578731 ], [ -59.942836632000351, -3.077745750385642 ], [ -59.942775048345226, -3.07774592126019 ], [ -59.942766274962423, -3.077754789681522 ], [ -59.942493547301147, -3.077755546368756 ], [ -59.942396700115346, -3.077729282812119 ], [ -59.942326318768039, -3.077729478066814 ], [ -59.942317545377982, -3.077738346487882 ] ] } },
{ "type": "Feature", "properties": { "id": 701, "pagina": 15, "classe": "Logradouros", "metodo": "EIXO_TRACO", "comp_m": 256.71143990145606, "id_layer": "p15_camadas_logradouros", "doc_fonte": "Resposta SECT_autos.pdf", "doc_pagina": 15, "doc_folha": 108, "doc_escala": "1:15.000", "doc_metodo": "Reconstituição Vetorial Afim", "doc_rms_m": 0.68 }, "geometry": { "type": "LineString", "coordinates": [ [ -59.941066088557704, -3.086550532489428 ], [ -59.941083708398054, -3.086559327580328 ], [ -59.941260344944013, -3.086806470844795 ], [ -59.941631165169191, -3.087283020056326 ], [ -59.942461222934988, -3.088395064427219 ] ] } },
{ "type": "Feature", "properties": { "id": 702, "pagina": 15, "classe": "Logradouros", "metodo": "EIXO_TRACO", "comp_m": 61.801378962888819, "id_layer": "p15_camadas_logradouros", "doc_fonte": "Resposta SECT_autos.pdf", "doc_pagina": 15, "doc_folha": 108, "doc_escala": "1:15.000", "doc_metodo": "Reconstituição Vetorial Afim", "doc_rms_m": 0.68 }, "geometry": { "type": "LineString", "coordinates": [ [ -59.941066088557704, -3.086550532489428 ], [ -59.940969459315291, -3.086603865753596 ], [ -59.94061830357505, -3.086879009143599 ] ] } },
{ "type": "Feature", "properties": { "id": 703, "pagina": 15, "classe": "Logradouros", "metodo": "EIXO_TRACO", "comp_m": 32.770858209629225, "id_layer": "p15_camadas_logradouros", "doc_fonte": "Resposta SECT_autos.pdf", "doc_pagina": 15, "doc_folha": 108, "doc_escala": "1:15.000", "doc_metodo": "Reconstituição Vetorial Afim", "doc_rms_m": 0.68 }, "geometry": { "type": "LineString", "coordinates": [ [ -59.912868014497661, -3.105599623782213 ], [ -59.912885659268156, -3.105617263507729 ], [ -59.912885998833715, -3.105741082920858 ], [ -59.912877224956603, -3.105749951546908 ], [ -59.912877540279617, -3.105864926716826 ], [ -59.912886386925315, -3.105882590821165 ] ] } },
{ "type": "Feature", "properties": { "id": 704, "pagina": 15, "classe": "Logradouros", "metodo": "EIXO_TRACO", "comp_m": 148.79000895641792, "id_layer": "p15_camadas_logradouros", "doc_fonte": "Resposta SECT_autos.pdf", "doc_pagina": 15, "doc_folha": 108, "doc_escala": "1:15.000", "doc_metodo": "Reconstituição Vetorial Afim", "doc_rms_m": 0.68 }, "geometry": { "type": "LineString", "coordinates": [ [ -59.942317545377982, -3.077738346487882 ], [ -59.942335262110639, -3.077782517746705 ], [ -59.942397015751986, -3.077844254992994 ], [ -59.942723306547599, -3.07812636020652 ], [ -59.943340430669608, -3.078593383452849 ] ] } },
{ "type": "Feature", "properties": { "id": 705, "pagina": 15, "classe": "Logradouros", "metodo": "EIXO_TRACO", "comp_m": 251.70940320431944, "id_layer": "p15_camadas_logradouros", "doc_fonte": "Resposta SECT_autos.pdf", "doc_pagina": 15, "doc_folha": 108, "doc_escala": "1:15.000", "doc_metodo": "Reconstituição Vetorial Afim", "doc_rms_m": 0.68 }, "geometry": { "type": "LineString", "coordinates": [ [ -59.91231913280415, -3.091494460098079 ], [ -59.91227511856949, -3.091485737175095 ], [ -59.912125286724724, -3.091388862901387 ], [ -59.912063628177314, -3.091362499984932 ], [ -59.911499613693792, -3.091019126613405 ], [ -59.911155960052227, -3.090825498793452 ], [ -59.911129493612457, -3.09079903876521 ], [ -59.910829902510834, -3.090631822249217 ], [ -59.91067124865571, -3.090526127510753 ], [ -59.910618436393044, -3.09051742871205 ], [ -59.910592114671132, -3.090544034236979 ], [ -59.910565889417484, -3.090606016821096 ], [ -59.910504544410948, -3.090694629180149 ], [ -59.91047836739078, -3.090774300300922 ] ] } },
{ "type": "Feature", "properties": { "id": 706, "pagina": 15, "classe": "Logradouros", "metodo": "EIXO_TRACO", "comp_m": 248.29509071306222, "id_layer": "p15_camadas_logradouros", "doc_fonte": "Resposta SECT_autos.pdf", "doc_pagina": 15, "doc_folha": 108, "doc_escala": "1:15.000", "doc_metodo": "Reconstituição Vetorial Afim", "doc_rms_m": 0.68 }, "geometry": { "type": "LineString", "coordinates": [ [ -59.94293430525633, -3.090861244382753 ], [ -59.942263212172463, -3.089969862060098 ], [ -59.941954266608739, -3.08959927097108 ], [ -59.941601040094412, -3.089122673821621 ], [ -59.94158332274597, -3.089078502710362 ] ] } },
{ "type": "Feature", "properties": { "id": 707, "pagina": 15, "classe": "Logradouros", "metodo": "EIXO_TRACO", "comp_m": 156.48887528322302, "id_layer": "p15_camadas_logradouros", "doc_fonte": "Resposta SECT_autos.pdf", "doc_pagina": 15, "doc_folha": 108, "doc_escala": "1:15.000", "doc_metodo": "Reconstituição Vetorial Afim", "doc_rms_m": 0.68 }, "geometry": { "type": "LineString", "coordinates": [ [ -59.920057337547256, -3.099636337175573 ], [ -59.920110780942316, -3.099874983873845 ], [ -59.920128474073991, -3.099910311830316 ], [ -59.920137466261231, -3.099981040932078 ], [ -59.920164054509861, -3.100051721235934 ], [ -59.920173070980972, -3.100131294520858 ], [ -59.920208530091287, -3.100228482978132 ], [ -59.920244256232479, -3.10042295747858 ], [ -59.920306425067153, -3.100635047124859 ], [ -59.920315441593786, -3.100714620392973 ], [ -59.920386627064893, -3.101006283264034 ] ] } },
{ "type": "Feature", "properties": { "id": 708, "pagina": 15, "classe": "Logradouros", "metodo": "EIXO_TRACO", "comp_m": 15.822925266662448, "id_layer": "p15_camadas_logradouros", "doc_fonte": "Resposta SECT_autos.pdf", "doc_pagina": 15, "doc_folha": 108, "doc_escala": "1:15.000", "doc_metodo": "Reconstituição Vetorial Afim", "doc_rms_m": 0.68 }, "geometry": { "type": "LineString", "coordinates": [ [ -59.939902737253803, -3.076197325210727 ], [ -59.939867570798086, -3.076206266741847 ], [ -59.93978858568196, -3.076277238385857 ] ] } },
{ "type": "Feature", "properties": { "id": 709, "pagina": 15, "classe": "Logradouros", "metodo": "EIXO_TRACO", "comp_m": 113.00157876277427, "id_layer": "p15_camadas_logradouros", "doc_fonte": "Resposta SECT_autos.pdf", "doc_pagina": 15, "doc_folha": 108, "doc_escala": "1:15.000", "doc_metodo": "Reconstituição Vetorial Afim", "doc_rms_m": 0.68 }, "geometry": { "type": "LineString", "coordinates": [ [ -59.939167949845952, -3.093737222957059 ], [ -59.939468099954915, -3.094107839129062 ], [ -59.939777194481856, -3.094531494687467 ], [ -59.939777243262746, -3.094549182751556 ] ] } },
{ "type": "Feature", "properties": { "id": 710, "pagina": 15, "classe": "Logradouros", "metodo": "EIXO_TRACO", "comp_m": 28.407513102001769, "id_layer": "p15_camadas_logradouros", "doc_fonte": "Resposta SECT_autos.pdf", "doc_pagina": 15, "doc_folha": 108, "doc_escala": "1:15.000", "doc_metodo": "Reconstituição Vetorial Afim", "doc_rms_m": 0.68 }, "geometry": { "type": "LineString", "coordinates": [ [ -59.937487008675369, -3.077530633393202 ], [ -59.937478114021729, -3.077495281545182 ], [ -59.937354606845808, -3.077371805882289 ], [ -59.937345687967294, -3.077327609973284 ] ] } },
{ "type": "Feature", "properties": { "id": 711, "pagina": 15, "classe": "Logradouros", "metodo": "EIXO_TRACO", "comp_m": 78.10794790943217, "id_layer": "p15_camadas_logradouros", "doc_fonte": "Resposta SECT_autos.pdf", "doc_pagina": 15, "doc_folha": 108, "doc_escala": "1:15.000", "doc_metodo": "Reconstituição Vetorial Afim", "doc_rms_m": 0.68 }, "geometry": { "type": "LineString", "coordinates": [ [ -59.937487008675369, -3.077530633393202 ], [ -59.93753104567724, -3.077548199673529 ], [ -59.937954547598096, -3.077989232520841 ], [ -59.937998560369991, -3.077997954707063 ] ] } },
{ "type": "Feature", "properties": { "id": 712, "pagina": 15, "classe": "Logradouros", "metodo": "EIXO_TRACO", "comp_m": 58.196812902461986, "id_layer": "p15_camadas_logradouros", "doc_fonte": "Resposta SECT_autos.pdf", "doc_pagina": 15, "doc_folha": 108, "doc_escala": "1:15.000", "doc_metodo": "Reconstituição Vetorial Afim", "doc_rms_m": 0.68 }, "geometry": { "type": "LineString", "coordinates": [ [ -59.937345687967294, -3.077327609973284 ], [ -59.93730167520765, -3.077318887728164 ], [ -59.937045839030027, -3.077063116540996 ], [ -59.936984109717081, -3.077010222698431 ], [ -59.936948894667047, -3.077001476066661 ] ] } },
{ "type": "Feature", "properties": { "id": 713, "pagina": 15, "classe": "Logradouros", "metodo": "EIXO_TRACO", "comp_m": 537.90063033511524, "id_layer": "p15_camadas_logradouros", "doc_fonte": "Resposta SECT_autos.pdf", "doc_pagina": 15, "doc_folha": 108, "doc_escala": "1:15.000", "doc_metodo": "Reconstituição Vetorial Afim", "doc_rms_m": 0.68 }, "geometry": { "type": "LineString", "coordinates": [ [ -59.896649198840514, -3.091334140983896 ], [ -59.896701531535591, -3.091165953075537 ], [ -59.896701387494211, -3.091112886832487 ], [ -59.896710161625847, -3.091104018325901 ], [ -59.896709537475196, -3.09087406460711 ], [ -59.896682831010821, -3.090759160137241 ], [ -59.896372808375254, -3.089990543878735 ], [ -59.895754396417857, -3.089054727746897 ], [ -59.895692497749813, -3.088939919539433 ], [ -59.895603916966444, -3.08871905103896 ], [ -59.895541490869675, -3.088409666353607 ], [ -59.895541011362333, -3.088232778684973 ], [ -59.895549785511335, -3.08822391020088 ], [ -59.89554952179401, -3.088126621983604 ], [ -59.895558295942834, -3.088117753500317 ], [ -59.895566854328933, -3.08802928556767 ], [ -59.895627889800821, -3.087825696066052 ], [ -59.895645438095514, -3.087807959104078 ], [ -59.895689164997421, -3.087710550406037 ], [ -59.895750200478012, -3.087506960935603 ], [ -59.895837558400629, -3.087276766051801 ], [ -59.895872271468448, -3.087099782048146 ], [ -59.895889436265676, -3.086940535002461 ], [ -59.895898210408475, -3.08693166652807 ], [ -59.895897970736826, -3.086843222719417 ] ] } },
{ "type": "Feature", "properties": { "id": 714, "pagina": 15, "classe": "Logradouros", "metodo": "EIXO_TRACO", "comp_m": 41.315589951528679, "id_layer": "p15_camadas_logradouros", "doc_fonte": "Resposta SECT_autos.pdf", "doc_pagina": 15, "doc_folha": 108, "doc_escala": "1:15.000", "doc_metodo": "Reconstituição Vetorial Afim", "doc_rms_m": 0.68 }, "geometry": { "type": "LineString", "coordinates": [ [ -59.91669855873468, -3.113212771622232 ], [ -59.916628003007254, -3.11315105791172 ], [ -59.91647797169972, -3.112983433851703 ], [ -59.916425158373407, -3.112974736450652 ] ] } },
{ "type": "Feature", "properties": { "id": 715, "pagina": 15, "classe": "Logradouros", "metodo": "EIXO_TRACO", "comp_m": 185.82634878315196, "id_layer": "p15_camadas_logradouros", "doc_fonte": "Resposta SECT_autos.pdf", "doc_pagina": 15, "doc_folha": 108, "doc_escala": "1:15.000", "doc_metodo": "Reconstituição Vetorial Afim", "doc_rms_m": 0.68 }, "geometry": { "type": "LineString", "coordinates": [ [ -59.895897970736826, -3.086843222719417 ], [ -59.895897922803321, -3.086825533957676 ], [ -59.896064583555017, -3.086639344212617 ], [ -59.896222374251494, -3.086426645453006 ], [ -59.896397809035932, -3.086231587298704 ], [ -59.896555623601017, -3.086027732983585 ], [ -59.896801299233452, -3.085779415911488 ], [ -59.896871612081469, -3.085752690052812 ], [ -59.896977189191801, -3.085752400938815 ], [ -59.897065242013738, -3.085778693118083 ] ] } },
{ "type": "Feature", "properties": { "id": 716, "pagina": 15, "classe": "Logradouros", "metodo": "EIXO_TRACO", "comp_m": 181.52292890308823, "id_layer": "p15_camadas_logradouros", "doc_fonte": "Resposta SECT_autos.pdf", "doc_pagina": 15, "doc_folha": 108, "doc_escala": "1:15.000", "doc_metodo": "Reconstituição Vetorial Afim", "doc_rms_m": 0.68 }, "geometry": { "type": "LineString", "coordinates": [ [ -59.926681841454119, -3.086652345802549 ], [ -59.92669948562606, -3.086669985382984 ], [ -59.926893038660168, -3.086669449720716 ], [ -59.926901860746426, -3.086678269507469 ], [ -59.927033852927934, -3.086686748395624 ], [ -59.927174715631615, -3.086721735314804 ], [ -59.927377260265068, -3.086791928259837 ], [ -59.927394904441996, -3.086809567815397 ], [ -59.927588723899298, -3.086906317436011 ], [ -59.927703338391325, -3.086994442086851 ], [ -59.927915068633915, -3.087206116530706 ], [ -59.92796804967832, -3.087276723376968 ], [ -59.928065092746827, -3.087373740773379 ] ] } },
{ "type": "Feature", "properties": { "id": 717, "pagina": 15, "classe": "Logradouros", "metodo": "EIXO_TRACO", "comp_m": 29.983727603069177, "id_layer": "p15_camadas_logradouros", "doc_fonte": "Resposta SECT_autos.pdf", "doc_pagina": 15, "doc_folha": 108, "doc_escala": "1:15.000", "doc_metodo": "Reconstituição Vetorial Afim", "doc_rms_m": 0.68 }, "geometry": { "type": "LineString", "coordinates": [ [ -59.92599288977258, -3.0888741488806 ], [ -59.925975100143368, -3.08880344445541 ], [ -59.925974906298087, -3.088732691312313 ], [ -59.925957189370337, -3.088688519312394 ], [ -59.925956971304174, -3.088608922024945 ] ] } }
]
}
