{
"type": "FeatureCollection",
"name": "p15_camadas_logradouros_21s",
"crs": { "type": "name", "properties": { "name": "urn:ogc:def:crs:EPSG::31981" } },
"features": [
{ "type": "Feature", "properties": { "id": 1, "pagina": 15, "classe": "Logradouros", "metodo": "EIXO_TRACO", "comp_m": 31.780824856001239, "id_layer": "p15_camadas_logradouros", "doc_fonte": "Resposta SECT_autos.pdf", "doc_pagina": 15, "doc_folha": 108, "doc_escala": "1:15.000", "doc_metodo": "Reconstituição Vetorial Afim", "doc_rms_m": 0.68 }, "geometry": { "type": "LineString", "coordinates": [ [ 173531.656149730610196, 9659432.439310884103179 ], [ 173538.508146598265739, 9659405.031323414295912 ], [ 173540.465860023250571, 9659402.094753328710794 ] ] } },
{ "type": "Feature", "properties": { "id": 2, "pagina": 15, "classe": "Logradouros", "metodo": "EIXO_TRACO", "comp_m": 64.3747979995278, "id_layer": "p15_camadas_logradouros", "doc_fonte": "Resposta SECT_autos.pdf", "doc_pagina": 15, "doc_folha": 108, "doc_escala": "1:15.000", "doc_metodo": "Reconstituição Vetorial Afim", "doc_rms_m": 0.68 }, "geometry": { "type": "LineString", "coordinates": [ [ 173531.656149730610196, 9659432.439310884103179 ], [ 173528.719579603406601, 9659438.312451057136059 ], [ 173525.783009530947311, 9659452.016444792971015 ], [ 173518.931012622226262, 9659473.551292089745402 ], [ 173516.97329925201484, 9659484.318715739995241 ], [ 173515.015585833869409, 9659488.234142521396279 ], [ 173515.015585874934914, 9659494.107282692566514 ] ] } },
{ "type": "Feature", "properties": { "id": 3, "pagina": 15, "classe": "Logradouros", "metodo": "EIXO_TRACO", "comp_m": 90.441161509295156, "id_layer": "p15_camadas_logradouros", "doc_fonte": "Resposta SECT_autos.pdf", "doc_pagina": 15, "doc_folha": 108, "doc_escala": "1:15.000", "doc_metodo": "Reconstituição Vetorial Afim", "doc_rms_m": 0.68 }, "geometry": { "type": "LineString", "coordinates": [ [ 173531.656149730610196, 9659432.439310884103179 ], [ 173532.635006460215664, 9659433.4181675799191 ], [ 173537.529290073987795, 9659433.4181675799191 ], [ 173560.042994765826734, 9659443.206734534353018 ], [ 173587.4509830714087, 9659452.995301486924291 ], [ 173611.922401208750671, 9659462.783868441358209 ], [ 173614.858971397537971, 9659465.720438526943326 ] ] } },
{ "type": "Feature", "properties": { "id": 4, "pagina": 15, "classe": "Logradouros", "metodo": "EIXO_TRACO", "comp_m": 323.24957190616692, "id_layer": "p15_camadas_logradouros", "doc_fonte": "Resposta SECT_autos.pdf", "doc_pagina": 15, "doc_folha": 108, "doc_escala": "1:15.000", "doc_metodo": "Reconstituição Vetorial Afim", "doc_rms_m": 0.68 }, "geometry": { "type": "LineString", "coordinates": [ [ 176187.294417186494684, 9656374.490994522348046 ], [ 176187.294417248107493, 9656383.300704780966043 ], [ 176181.421277068991913, 9656405.814408775418997 ], [ 176181.421277110057417, 9656411.687548946589231 ], [ 176180.44242039413075, 9656412.666405642405152 ], [ 176177.505850390123669, 9656436.158966332674026 ], [ 176174.569280310824979, 9656448.884103370830417 ], [ 176174.569280351890484, 9656454.757243543863297 ], [ 176171.632710272591794, 9656467.482380583882332 ], [ 176171.632710313657299, 9656473.355520756915212 ], [ 176169.674996916059172, 9656480.207517623901367 ], [ 176169.674997224035906, 9656524.256068915128708 ], [ 176168.696140508109238, 9656525.234925610944629 ], [ 176168.696140898216981, 9656581.029757248237729 ], [ 176169.674997627822449, 9656582.008613942191005 ], [ 176171.632711292331805, 9656613.332028195261955 ], [ 176172.611568021937273, 9656614.310884891077876 ], [ 176172.611568063002778, 9656620.184025062248111 ], [ 176173.590424792608246, 9656621.162881758064032 ], [ 176173.590424833673751, 9656627.036021931096911 ], [ 176174.569281563279219, 9656628.014878625050187 ], [ 176174.569281604344724, 9656633.888018798083067 ], [ 176175.548138333950192, 9656634.866875493898988 ], [ 176175.548138374986593, 9656640.740015665069222 ], [ 176176.526995104592061, 9656641.718872360885143 ], [ 176176.526995145657565, 9656647.592012533918023 ], [ 176177.505851875263033, 9656648.570869227871299 ], [ 176177.505851916328538, 9656654.444009400904179 ], [ 176178.484708645934006, 9656655.422866096720099 ], [ 176178.484708686999511, 9656661.296006267890334 ], [ 176179.463565416575875, 9656662.274862963706255 ], [ 176179.46356545764138, 9656668.148003136739135 ], [ 176180.442422187246848, 9656669.12685983069241 ], [ 176180.442422228312353, 9656675.00000000372529 ], [ 176183.378992506099166, 9656690.661707129329443 ] ] } },
{ "type": "Feature", "properties": { "id": 5, "pagina": 15, "classe": "Logradouros", "metodo": "EIXO_TRACO", "comp_m": 531.35682100337681, "id_layer": "p15_camadas_logradouros", "doc_fonte": "Resposta SECT_autos.pdf", "doc_pagina": 15, "doc_folha": 108, "doc_escala": "1:15.000", "doc_metodo": "Reconstituição Vetorial Afim", "doc_rms_m": 0.68 }, "geometry": { "type": "LineString", "coordinates": [ [ 176187.294417186494684, 9656374.490994522348046 ], [ 176159.886428949335823, 9656374.490994522348046 ], [ 176145.203578155924333, 9656381.342991391196847 ], [ 176140.309294548991602, 9656382.321848085150123 ], [ 176122.689873635186814, 9656396.025841820985079 ], [ 176117.795590035093483, 9656397.98355521261692 ], [ 176078.641321295959642, 9656422.45497259683907 ], [ 176053.191046593303327, 9656435.180109636858106 ], [ 176051.233333161479095, 9656437.137823026627302 ], [ 176036.550482347491197, 9656441.05324980802834 ], [ 176027.740771849552402, 9656442.032106503844261 ], [ 175967.051654874434462, 9656418.539545815438032 ], [ 175948.453377107856795, 9656413.645262338221073 ], [ 175940.622523271042155, 9656405.814408775418997 ], [ 175916.151104976306669, 9656373.512137828394771 ], [ 175894.616256952489493, 9656355.892717311158776 ], [ 175870.144838883599732, 9656355.892717311158776 ], [ 175840.779137057194021, 9656335.336726708337665 ], [ 175754.639744777145097, 9656238.429913865402341 ] ] } },
{ "type": "Feature", "properties": { "id": 6, "pagina": 15, "classe": "Logradouros", "metodo": "EIXO_TRACO", "comp_m": 89.175620054566309, "id_layer": "p15_camadas_logradouros", "doc_fonte": "Resposta SECT_autos.pdf", "doc_pagina": 15, "doc_folha": 108, "doc_escala": "1:15.000", "doc_metodo": "Reconstituição Vetorial Afim", "doc_rms_m": 0.68 }, "geometry": { "type": "LineString", "coordinates": [ [ 176187.294417186494684, 9656374.490994522348046 ], [ 176189.252130625187419, 9656373.512137828394771 ], [ 176192.188700670260005, 9656355.892717311158776 ], [ 176195.125270770076895, 9656346.104150356724858 ], [ 176198.061840739857871, 9656317.71730619110167 ], [ 176200.998410812317161, 9656304.013312455266714 ], [ 176200.998410757572856, 9656296.182458892464638 ], [ 176201.977267446112819, 9656291.288175415247679 ], [ 176203.93498087109765, 9656288.351605329662561 ] ] } },
{ "type": "Feature", "properties": { "id": 7, "pagina": 15, "classe": "Logradouros", "metodo": "EIXO_TRACO", "comp_m": 36.188895833514259, "id_layer": "p15_camadas_logradouros", "doc_fonte": "Resposta SECT_autos.pdf", "doc_pagina": 15, "doc_folha": 108, "doc_escala": "1:15.000", "doc_metodo": "Reconstituição Vetorial Afim", "doc_rms_m": 0.68 }, "geometry": { "type": "LineString", "coordinates": [ [ 173338.821372514328687, 9659027.19263899885118 ], [ 173363.292790425795829, 9659004.678935004398227 ], [ 173366.229360594064929, 9659004.678935004398227 ] ] } },
{ "type": "Feature", "properties": { "id": 8, "pagina": 15, "classe": "Logradouros", "metodo": "EIXO_TRACO", "comp_m": 71.761789323395092, "id_layer": "p15_camadas_logradouros", "doc_fonte": "Resposta SECT_autos.pdf", "doc_pagina": 15, "doc_folha": 108, "doc_escala": "1:15.000", "doc_metodo": "Reconstituição Vetorial Afim", "doc_rms_m": 0.68 }, "geometry": { "type": "LineString", "coordinates": [ [ 174591.757953838387039, 9655622.729052474722266 ], [ 174593.71566727021127, 9655620.771339083090425 ], [ 174596.65223735634936, 9655609.02505873888731 ], [ 174608.398517803580035, 9655576.722787791863084 ], [ 174608.39851778303273, 9655573.786217706277966 ], [ 174617.20822820570902, 9655562.039937360212207 ], [ 174621.123655076196883, 9655559.10336727462709 ] ] } },
{ "type": "Feature", "properties": { "id": 9, "pagina": 15, "classe": "Logradouros", "metodo": "EIXO_TRACO", "comp_m": 128.81654037235208, "id_layer": "p15_camadas_logradouros", "doc_fonte": "Resposta SECT_autos.pdf", "doc_pagina": 15, "doc_folha": 108, "doc_escala": "1:15.000", "doc_metodo": "Reconstituição Vetorial Afim", "doc_rms_m": 0.68 }, "geometry": { "type": "LineString", "coordinates": [ [ 174667.129922072315821, 9655705.931871581822634 ], [ 174665.172208606265485, 9655702.995301494374871 ], [ 174672.024205514986534, 9655681.460454197600484 ], [ 174673.003062189847697, 9655674.608457328751683 ], [ 174674.960775607993128, 9655670.693030547350645 ], [ 174675.939632282825187, 9655663.84103368036449 ], [ 174682.791629191546235, 9655642.306186381727457 ], [ 174683.770485866407398, 9655635.454189514741302 ], [ 174685.728199284523726, 9655631.538762733340263 ], [ 174698.453336338163354, 9655582.595927963033319 ] ] } },
{ "type": "Feature", "properties": { "id": 10, "pagina": 15, "classe": "Logradouros", "metodo": "EIXO_TRACO", "comp_m": 167.69030996910101, "id_layer": "p15_camadas_logradouros", "doc_fonte": "Resposta SECT_autos.pdf", "doc_pagina": 15, "doc_folha": 108, "doc_escala": "1:15.000", "doc_metodo": "Reconstituição Vetorial Afim", "doc_rms_m": 0.68 }, "geometry": { "type": "LineString", "coordinates": [ [ 172805.344449592055753, 9657737.059514490887523 ], [ 172805.344449605734553, 9657739.017227882519364 ], [ 172810.23873327425099, 9657746.848081445321441 ], [ 172821.006157313560834, 9657759.573218485340476 ], [ 172877.77984777407255, 9657836.902897419407964 ], [ 172902.251266061968636, 9657868.226311672478914 ], [ 172902.251266075647436, 9657870.184025062248111 ], [ 172904.208979528018972, 9657871.162881758064032 ] ] } },
{ "type": "Feature", "properties": { "id": 11, "pagina": 15, "classe": "Logradouros", "metodo": "EIXO_TRACO", "comp_m": 13.843124162222413, "id_layer": "p15_camadas_logradouros", "doc_fonte": "Resposta SECT_autos.pdf", "doc_pagina": 15, "doc_folha": 108, "doc_escala": "1:15.000", "doc_metodo": "Reconstituição Vetorial Afim", "doc_rms_m": 0.68 }, "geometry": { "type": "LineString", "coordinates": [ [ 172938.468971230409807, 9658787.372748631983995 ], [ 172940.426684771751752, 9658801.076742365956306 ] ] } },
{ "type": "Feature", "properties": { "id": 12, "pagina": 15, "classe": "Logradouros", "metodo": "EIXO_TRACO", "comp_m": 180.84965226751385, "id_layer": "p15_camadas_logradouros", "doc_fonte": "Resposta SECT_autos.pdf", "doc_pagina": 15, "doc_folha": 108, "doc_escala": "1:15.000", "doc_metodo": "Reconstituição Vetorial Afim", "doc_rms_m": 0.68 }, "geometry": { "type": "LineString", "coordinates": [ [ 172938.468971230409807, 9658787.372748631983995 ], [ 172935.532401062140707, 9658787.372748631983995 ], [ 172933.574687602958875, 9658785.415035240352154 ], [ 172919.870693333796225, 9658763.880187941715121 ], [ 172902.251272159948712, 9658740.387627253308892 ], [ 172866.033573137363419, 9658700.25450274348259 ], [ 172824.921590418904088, 9658648.375097887590528 ] ] } },
{ "type": "Feature", "properties": { "id": 13, "pagina": 15, "classe": "Logradouros", "metodo": "EIXO_TRACO", "comp_m": 43.994137495885795, "id_layer": "p15_camadas_logradouros", "doc_fonte": "Resposta SECT_autos.pdf", "doc_pagina": 15, "doc_folha": 108, "doc_escala": "1:15.000", "doc_metodo": "Reconstituição Vetorial Afim", "doc_rms_m": 0.68 }, "geometry": { "type": "LineString", "coordinates": [ [ 172938.468971230409807, 9658787.372748631983995 ], [ 172975.665526530880015, 9658763.880187941715121 ] ] } },
{ "type": "Feature", "properties": { "id": 14, "pagina": 15, "classe": "Logradouros", "metodo": "EIXO_TRACO", "comp_m": 74.71739551906164, "id_layer": "p15_camadas_logradouros", "doc_fonte": "Resposta SECT_autos.pdf", "doc_pagina": 15, "doc_folha": 108, "doc_escala": "1:15.000", "doc_metodo": "Reconstituição Vetorial Afim", "doc_rms_m": 0.68 }, "geometry": { "type": "LineString", "coordinates": [ [ 172859.181555121846031, 9655702.995301496237516 ], [ 172857.223841559985885, 9655686.354737674817443 ], [ 172855.266128093935549, 9655683.418167589232326 ], [ 172846.456417411187431, 9655657.967893509194255 ], [ 172837.646706776344217, 9655639.369616298004985 ], [ 172836.667850005673245, 9655632.517619429156184 ] ] } },
{ "type": "Feature", "properties": { "id": 15, "pagina": 15, "classe": "Logradouros", "metodo": "EIXO_TRACO", "comp_m": 617.91290630189621, "id_layer": "p15_camadas_logradouros", "doc_fonte": "Resposta SECT_autos.pdf", "doc_pagina": 15, "doc_folha": 108, "doc_escala": "1:15.000", "doc_metodo": "Reconstituição Vetorial Afim", "doc_rms_m": 0.68 }, "geometry": { "type": "LineString", "coordinates": [ [ 175680.246640020952327, 9657121.358653096482158 ], [ 175687.098637080256594, 9657121.358653096482158 ], [ 175694.929490848619025, 9657119.400939704850316 ], [ 175701.781487887375988, 9657116.464369619265199 ], [ 175737.020329844992375, 9657107.654659360647202 ], [ 175746.808897045149934, 9657103.739232579246163 ], [ 175769.322601634310558, 9657098.844949102029204 ], [ 175775.195741950330557, 9657095.908379016444087 ], [ 175842.736855697294232, 9657078.288958499208093 ], [ 175871.123700575088151, 9657066.542678155004978 ], [ 175878.954554343421478, 9657064.584964765235782 ], [ 175909.299112632521428, 9657047.944400943815708 ], [ 175931.812817105324939, 9657026.409553645178676 ], [ 175947.474524532532087, 9657006.83241973631084 ], [ 175960.199661832564743, 9656993.128426002338529 ], [ 175991.523076686979039, 9656953.974158186465502 ], [ 176018.931064657226671, 9656915.798747066408396 ], [ 176062.000760082068155, 9656861.961628820747137 ], [ 176067.873900356993545, 9656853.15191856212914 ], [ 176102.13388536599814, 9656812.039937356486917 ], [ 176135.415013611200266, 9656765.054815977811813 ], [ 176145.203580777160823, 9656756.245105721056461 ] ] } },
{ "type": "Feature", "properties": { "id": 16, "pagina": 15, "classe": "Logradouros", "metodo": "EIXO_TRACO", "comp_m": 350.89255504792015, "id_layer": "p15_camadas_logradouros", "doc_fonte": "Resposta SECT_autos.pdf", "doc_pagina": 15, "doc_folha": 108, "doc_escala": "1:15.000", "doc_metodo": "Reconstituição Vetorial Afim", "doc_rms_m": 0.68 }, "geometry": { "type": "LineString", "coordinates": [ [ 175680.246640020952327, 9657121.358653096482158 ], [ 175677.310069873230532, 9657124.295223182067275 ], [ 175674.373499711800832, 9657125.274079877883196 ], [ 175663.606075775169302, 9657127.231793269515038 ], [ 175623.472950224328088, 9657138.978073613718152 ], [ 175602.91695906012319, 9657140.935787003487349 ], [ 175595.086105291760759, 9657142.89350039511919 ], [ 175557.889549833897036, 9657143.872357090935111 ], [ 175556.910693104291568, 9657142.89350039511919 ], [ 175542.227842256106669, 9657141.914643699303269 ], [ 175523.629564496368403, 9657137.999216917902231 ], [ 175504.052430027571972, 9657136.041503528133035 ], [ 175475.665585012902739, 9657128.210649963468313 ], [ 175452.173023639392341, 9657124.295223182067275 ], [ 175435.532459318317706, 9657119.400939706712961 ], [ 175413.99761139031034, 9657115.485512925311923 ], [ 175390.505050003121141, 9657109.612372752279043 ], [ 175383.653052923298674, 9657106.675802666693926 ], [ 175355.26620792230824, 9657100.802662493661046 ], [ 175349.39306756525184, 9657097.866092408075929 ], [ 175342.541070499108173, 9657096.887235712260008 ], [ 175339.604500317160273, 9657094.929522320628166 ] ] } },
{ "type": "Feature", "properties": { "id": 17, "pagina": 15, "classe": "Logradouros", "metodo": "EIXO_TRACO", "comp_m": 17.046019564339563, "id_layer": "p15_camadas_logradouros", "doc_fonte": "Resposta SECT_autos.pdf", "doc_pagina": 15, "doc_folha": 108, "doc_escala": "1:15.000", "doc_metodo": "Reconstituição Vetorial Afim", "doc_rms_m": 0.68 }, "geometry": { "type": "LineString", "coordinates": [ [ 175680.246640020952327, 9657121.358653096482158 ], [ 175679.267783291346859, 9657120.379796400666237 ], [ 175679.267783181858249, 9657104.718089275062084 ] ] } },
{ "type": "Feature", "properties": { "id": 18, "pagina": 15, "classe": "Logradouros", "metodo": "EIXO_TRACO", "comp_m": 594.31992634087931, "id_layer": "p15_camadas_logradouros", "doc_fonte": "Resposta SECT_autos.pdf", "doc_pagina": 15, "doc_folha": 108, "doc_escala": "1:15.000", "doc_metodo": "Reconstituição Vetorial Afim", "doc_rms_m": 0.68 }, "geometry": { "type": "LineString", "coordinates": [ [ 178006.989077868376626, 9658245.086139388382435 ], [ 178005.031364361260785, 9658236.276429129764438 ], [ 178005.031364272290375, 9658223.551292089745402 ], [ 178003.073650772043038, 9658215.720438526943326 ], [ 178003.073650703590829, 9658205.931871572509408 ], [ 177998.179366966622183, 9658188.312451055273414 ], [ 177995.242796681995969, 9658171.67188723385334 ], [ 177952.173100203188369, 9658074.765074392780662 ], [ 177949.236529959656764, 9658063.997650742530823 ], [ 177946.299959750322159, 9658058.124510571360588 ], [ 177945.321102931746282, 9658044.420516835525632 ], [ 177944.342246202140814, 9658043.441660139709711 ], [ 177946.299957512324909, 9657738.038371182978153 ], [ 177947.278814228251576, 9657737.059514487162232 ], [ 177947.278813947632443, 9657696.92638997733593 ], [ 177948.257670663559111, 9657695.947533281520009 ], [ 177949.23652716045035, 9657663.645262334495783 ] ] } },
{ "type": "Feature", "properties": { "id": 19, "pagina": 15, "classe": "Logradouros", "metodo": "EIXO_TRACO", "comp_m": 50.339261814467221, "id_layer": "p15_camadas_logradouros", "doc_fonte": "Resposta SECT_autos.pdf", "doc_pagina": 15, "doc_folha": 108, "doc_escala": "1:15.000", "doc_metodo": "Reconstituição Vetorial Afim", "doc_rms_m": 0.68 }, "geometry": { "type": "LineString", "coordinates": [ [ 178006.989077868376626, 9658245.086139388382435 ], [ 178014.819931657257257, 9658246.064996082335711 ], [ 178027.545069087296724, 9658250.95927955955267 ], [ 178032.43935270109796, 9658250.95927955955267 ], [ 178033.418209430674324, 9658251.93813625536859 ], [ 178055.931914060900453, 9658252.916992951184511 ] ] } },
{ "type": "Feature", "properties": { "id": 20, "pagina": 15, "classe": "Logradouros", "metodo": "EIXO_TRACO", "comp_m": 250.46099823606374, "id_layer": "p15_camadas_logradouros", "doc_fonte": "Resposta SECT_autos.pdf", "doc_pagina": 15, "doc_folha": 108, "doc_escala": "1:15.000", "doc_metodo": "Reconstituição Vetorial Afim", "doc_rms_m": 0.68 }, "geometry": { "type": "LineString", "coordinates": [ [ 178006.989077868376626, 9658245.086139388382435 ], [ 178006.010221152449958, 9658246.064996082335711 ], [ 178006.010221296193777, 9658266.620986687019467 ], [ 178005.031364580267109, 9658267.599843380972743 ], [ 178005.031364689784823, 9658283.261550508439541 ], [ 178004.052507973858155, 9658284.240407202392817 ], [ 178004.052508035470964, 9658293.050117461010814 ], [ 178003.073651319544297, 9658294.028974156826735 ], [ 178003.073651401675306, 9658305.775254501029849 ], [ 178002.094794685777742, 9658306.75411119684577 ], [ 177997.200511304690735, 9658340.035238839685917 ], [ 177991.327371125546051, 9658362.548942832276225 ], [ 177984.475374196306802, 9658381.14722004532814 ], [ 177984.475374216825003, 9658384.083790130913258 ], [ 177959.025099972699536, 9658462.392325762659311 ], [ 177956.088529907079646, 9658477.075176192447543 ], [ 177956.088529975531856, 9658486.863743146881461 ] ] } },
{ "type": "Feature", "properties": { "id": 21, "pagina": 15, "classe": "Logradouros", "metodo": "EIXO_TRACO", "comp_m": 44.479664997347925, "id_layer": "p15_camadas_logradouros", "doc_fonte": "Resposta SECT_autos.pdf", "doc_pagina": 15, "doc_folha": 108, "doc_escala": "1:15.000", "doc_metodo": "Reconstituição Vetorial Afim", "doc_rms_m": 0.68 }, "geometry": { "type": "LineString", "coordinates": [ [ 175209.416561645281035, 9657875.078308537602425 ], [ 175208.437704963580472, 9657880.951448710635304 ], [ 175192.775997611664934, 9657911.296006266027689 ], [ 175188.860570734337671, 9657913.253719657659531 ] ] } },
{ "type": "Feature", "properties": { "id": 22, "pagina": 15, "classe": "Logradouros", "metodo": "EIXO_TRACO", "comp_m": 38.641002547707792, "id_layer": "p15_camadas_logradouros", "doc_fonte": "Resposta SECT_autos.pdf", "doc_pagina": 15, "doc_folha": 108, "doc_escala": "1:15.000", "doc_metodo": "Reconstituição Vetorial Afim", "doc_rms_m": 0.68 }, "geometry": { "type": "LineString", "coordinates": [ [ 175209.416561645281035, 9657875.078308537602425 ], [ 175184.945143507939065, 9657865.289741583168507 ], [ 175177.114289698511129, 9657861.374314801767468 ], [ 175175.156576232489897, 9657858.437744716182351 ] ] } },
{ "type": "Feature", "properties": { "id": 23, "pagina": 15, "classe": "Logradouros", "metodo": "EIXO_TRACO", "comp_m": 61.796422956810218, "id_layer": "p15_camadas_logradouros", "doc_fonte": "Resposta SECT_autos.pdf", "doc_pagina": 15, "doc_folha": 108, "doc_escala": "1:15.000", "doc_metodo": "Reconstituição Vetorial Afim", "doc_rms_m": 0.68 }, "geometry": { "type": "LineString", "coordinates": [ [ 175209.416561645281035, 9657875.078308537602425 ], [ 175212.353131806710735, 9657874.099451841786504 ], [ 175233.887979413033463, 9657832.00861394032836 ], [ 175237.803406256163726, 9657825.156617073342204 ], [ 175240.739976410724921, 9657823.198903681710362 ] ] } },
{ "type": "Feature", "properties": { "id": 24, "pagina": 15, "classe": "Logradouros", "metodo": "EIXO_TRACO", "comp_m": 185.07283336003741, "id_layer": "p15_camadas_logradouros", "doc_fonte": "Resposta SECT_autos.pdf", "doc_pagina": 15, "doc_folha": 108, "doc_escala": "1:15.000", "doc_metodo": "Reconstituição Vetorial Afim", "doc_rms_m": 0.68 }, "geometry": { "type": "LineString", "coordinates": [ [ 178374.06035488343332, 9659100.606891147792339 ], [ 178373.081498140149051, 9659097.670321062207222 ], [ 178373.081498044339241, 9659083.966327326372266 ], [ 178372.102641314733773, 9659082.987470630556345 ], [ 178371.123784386640182, 9659053.621769769117236 ], [ 178370.144927657063818, 9659052.642913073301315 ], [ 178370.144927554385504, 9659037.960062643513083 ], [ 178369.166070824780036, 9659036.981205947697163 ], [ 178368.187213753000833, 9658987.059514483436942 ], [ 178369.166070468898397, 9658986.080657787621021 ], [ 178370.144927075307351, 9658969.440093966200948 ], [ 178373.081497175153345, 9658959.651527013629675 ], [ 178380.912350669736043, 9658918.539545807987452 ] ] } },
{ "type": "Feature", "properties": { "id": 25, "pagina": 15, "classe": "Logradouros", "metodo": "EIXO_TRACO", "comp_m": 61.005619909650093, "id_layer": "p15_camadas_logradouros", "doc_fonte": "Resposta SECT_autos.pdf", "doc_pagina": 15, "doc_folha": 108, "doc_escala": "1:15.000", "doc_metodo": "Reconstituição Vetorial Afim", "doc_rms_m": 0.68 }, "geometry": { "type": "LineString", "coordinates": [ [ 178374.06035488343332, 9659100.606891147792339 ], [ 178383.848922110977583, 9659100.606891147792339 ], [ 178389.722062433836982, 9659098.649177756160498 ], [ 178399.510629661381245, 9659098.649177756160498 ], [ 178400.489486377307912, 9659097.670321062207222 ], [ 178427.897474600787973, 9659095.71260767057538 ], [ 178428.876331316685537, 9659094.733750974759459 ], [ 178433.770614937326172, 9659095.71260767057538 ] ] } },
{ "type": "Feature", "properties": { "id": 26, "pagina": 15, "classe": "Logradouros", "metodo": "EIXO_TRACO", "comp_m": 117.07842065526729, "id_layer": "p15_camadas_logradouros", "doc_fonte": "Resposta SECT_autos.pdf", "doc_pagina": 15, "doc_folha": 108, "doc_escala": "1:15.000", "doc_metodo": "Reconstituição Vetorial Afim", "doc_rms_m": 0.68 }, "geometry": { "type": "LineString", "coordinates": [ [ 178374.06035488343332, 9659100.606891147792339 ], [ 178366.229501115070889, 9659102.564604537561536 ], [ 178358.398647333029658, 9659102.564604537561536 ], [ 178357.41979061710299, 9659103.543461233377457 ], [ 178349.588936835061759, 9659103.543461233377457 ], [ 178348.610080119164195, 9659104.522317929193377 ], [ 178340.779226337122964, 9659104.522317929193377 ], [ 178331.969515845994465, 9659106.480031318962574 ], [ 178324.138662063953234, 9659106.480031318962574 ], [ 178323.159805348026566, 9659107.458888014778495 ], [ 178315.328951565985335, 9659107.458888014778495 ], [ 178314.350094850087771, 9659108.437744710594416 ], [ 178276.17468268997618, 9659112.353171491995454 ], [ 178269.322685644379817, 9659114.310884883627295 ], [ 178259.53411841680645, 9659114.310884883627295 ] ] } },
{ "type": "Feature", "properties": { "id": 27, "pagina": 15, "classe": "Logradouros", "metodo": "EIXO_TRACO", "comp_m": 71.107328913684583, "id_layer": "p15_camadas_logradouros", "doc_fonte": "Resposta SECT_autos.pdf", "doc_pagina": 15, "doc_folha": 108, "doc_escala": "1:15.000", "doc_metodo": "Reconstituição Vetorial Afim", "doc_rms_m": 0.68 }, "geometry": { "type": "LineString", "coordinates": [ [ 173160.669437721255235, 9657417.952231798321009 ], [ 173159.690581032715272, 9657422.846515275537968 ], [ 173156.754010891832877, 9657426.761942056939006 ], [ 173142.071160153165692, 9657441.444792486727238 ], [ 173124.451739225682104, 9657453.191072830930352 ], [ 173106.832318270840915, 9657461.021926395595074 ] ] } },
{ "type": "Feature", "properties": { "id": 28, "pagina": 15, "classe": "Logradouros", "metodo": "EIXO_TRACO", "comp_m": 221.9527643026322, "id_layer": "p15_camadas_logradouros", "doc_fonte": "Resposta SECT_autos.pdf", "doc_pagina": 15, "doc_folha": 108, "doc_escala": "1:15.000", "doc_metodo": "Reconstituição Vetorial Afim", "doc_rms_m": 0.68 }, "geometry": { "type": "LineString", "coordinates": [ [ 173160.669437721255235, 9657417.952231798321009 ], [ 173129.346022380923387, 9657387.607674241065979 ], [ 173036.354633055248996, 9657292.658574789762497 ], [ 173008.946644612762611, 9657263.292873928323388 ], [ 173006.988931133033475, 9657258.398590451106429 ] ] } },
{ "type": "Feature", "properties": { "id": 29, "pagina": 15, "classe": "Logradouros", "metodo": "EIXO_TRACO", "comp_m": 63.329519963150418, "id_layer": "p15_camadas_logradouros", "doc_fonte": "Resposta SECT_autos.pdf", "doc_pagina": 15, "doc_folha": 108, "doc_escala": "1:15.000", "doc_metodo": "Reconstituição Vetorial Afim", "doc_rms_m": 0.68 }, "geometry": { "type": "LineString", "coordinates": [ [ 173160.669437721255235, 9657417.952231798321009 ], [ 173163.606007889524335, 9657417.952231798321009 ], [ 173169.47914818499703, 9657412.079091625288129 ], [ 173191.99285253463313, 9657372.924823811277747 ], [ 173196.887136114179157, 9657368.030540334060788 ] ] } },
{ "type": "Feature", "properties": { "id": 30, "pagina": 15, "classe": "Logradouros", "metodo": "EIXO_TRACO", "comp_m": 87.268753263615523, "id_layer": "p15_camadas_logradouros", "doc_fonte": "Resposta SECT_autos.pdf", "doc_pagina": 15, "doc_folha": 108, "doc_escala": "1:15.000", "doc_metodo": "Reconstituição Vetorial Afim", "doc_rms_m": 0.68 }, "geometry": { "type": "LineString", "coordinates": [ [ 172805.344452473364072, 9658149.158183244988322 ], [ 172806.32330922348774, 9658153.07361002638936 ], [ 172820.027303458424285, 9658169.714173847809434 ], [ 172856.245002549432684, 9658219.635865312069654 ] ] } },
{ "type": "Feature", "properties": { "id": 31, "pagina": 15, "classe": "Logradouros", "metodo": "EIXO_TRACO", "comp_m": 58.485214975179971, "id_layer": "p15_camadas_logradouros", "doc_fonte": "Resposta SECT_autos.pdf", "doc_pagina": 15, "doc_folha": 108, "doc_escala": "1:15.000", "doc_metodo": "Reconstituição Vetorial Afim", "doc_rms_m": 0.68 }, "geometry": { "type": "LineString", "coordinates": [ [ 172983.496382167650154, 9659029.150352390483022 ], [ 172945.320970260770991, 9659069.283476900309324 ], [ 172944.342113558552228, 9659072.220046985894442 ] ] } },
{ "type": "Feature", "properties": { "id": 32, "pagina": 15, "classe": "Logradouros", "metodo": "EIXO_TRACO", "comp_m": 78.389215232567494, "id_layer": "p15_camadas_logradouros", "doc_fonte": "Resposta SECT_autos.pdf", "doc_pagina": 15, "doc_folha": 108, "doc_escala": "1:15.000", "doc_metodo": "Reconstituição Vetorial Afim", "doc_rms_m": 0.68 }, "geometry": { "type": "LineString", "coordinates": [ [ 178173.3947240972484, 9658725.704776817932725 ], [ 178176.331294436618919, 9658750.176194202154875 ], [ 178177.310151166224387, 9658751.155050897970796 ], [ 178177.310151220968692, 9658758.985904460772872 ], [ 178178.28900795057416, 9658759.964761156588793 ], [ 178178.289008012157865, 9658768.77447141520679 ], [ 178179.267864741763333, 9658769.753328111022711 ], [ 178179.267864803347038, 9658778.563038367778063 ], [ 178180.246721532952506, 9658779.541895063593984 ], [ 178180.24672163563082, 9658794.224745495244861 ], [ 178182.204435135878157, 9658802.055599058046937 ] ] } },
{ "type": "Feature", "properties": { "id": 33, "pagina": 15, "classe": "Logradouros", "metodo": "EIXO_TRACO", "comp_m": 27.477816867979197, "id_layer": "p15_camadas_logradouros", "doc_fonte": "Resposta SECT_autos.pdf", "doc_pagina": 15, "doc_folha": 108, "doc_escala": "1:15.000", "doc_metodo": "Reconstituição Vetorial Afim", "doc_rms_m": 0.68 }, "geometry": { "type": "LineString", "coordinates": [ [ 178173.3947240972484, 9658725.704776817932725 ], [ 178171.437010460096644, 9658698.296789348125458 ] ] } },
{ "type": "Feature", "properties": { "id": 34, "pagina": 15, "classe": "Logradouros", "metodo": "EIXO_TRACO", "comp_m": 25.469091995075257, "id_layer": "p15_camadas_logradouros", "doc_fonte": "Resposta SECT_autos.pdf", "doc_pagina": 15, "doc_folha": 108, "doc_escala": "1:15.000", "doc_metodo": "Reconstituição Vetorial Afim", "doc_rms_m": 0.68 }, "geometry": { "type": "LineString", "coordinates": [ [ 178173.3947240972484, 9658725.704776817932725 ], [ 178147.944449312431971, 9658726.683633513748646 ] ] } },
{ "type": "Feature", "properties": { "id": 35, "pagina": 15, "classe": "Logradouros", "metodo": "EIXO_TRACO", "comp_m": 262.45451268764668, "id_layer": "p15_camadas_logradouros", "doc_fonte": "Resposta SECT_autos.pdf", "doc_pagina": 15, "doc_folha": 108, "doc_escala": "1:15.000", "doc_metodo": "Reconstituição Vetorial Afim", "doc_rms_m": 0.68 }, "geometry": { "type": "LineString", "coordinates": [ [ 176482.90916111934348, 9658328.288958495482802 ], [ 176488.78230146272108, 9658329.267815191298723 ], [ 176496.613155272149015, 9658333.183241972699761 ], [ 176556.323415606631897, 9658368.42208300717175 ], [ 176563.175412665907061, 9658368.42208300717175 ], [ 176597.435397880239179, 9658356.675802662968636 ], [ 176621.906815914902836, 9658351.781519185751677 ], [ 176646.378233935887692, 9658344.929522316902876 ], [ 176667.913081809150754, 9658341.014095535501838 ], [ 176706.08849392819684, 9658331.225528582930565 ], [ 176729.581055253802333, 9658328.288958495482802 ] ] } },
{ "type": "Feature", "properties": { "id": 36, "pagina": 15, "classe": "Logradouros", "metodo": "EIXO_TRACO", "comp_m": 1.9577134455030321, "id_layer": "p15_camadas_logradouros", "doc_fonte": "Resposta SECT_autos.pdf", "doc_pagina": 15, "doc_folha": 108, "doc_escala": "1:15.000", "doc_metodo": "Reconstituição Vetorial Afim", "doc_rms_m": 0.68 }, "geometry": { "type": "LineString", "coordinates": [ [ 178277.153537291102111, 9658808.907595925033092 ], [ 178279.111250736605143, 9658808.907595925033092 ] ] } },
{ "type": "Feature", "properties": { "id": 37, "pagina": 15, "classe": "Logradouros", "metodo": "EIXO_TRACO", "comp_m": 134.74577284168464, "id_layer": "p15_camadas_logradouros", "doc_fonte": "Resposta SECT_autos.pdf", "doc_pagina": 15, "doc_folha": 108, "doc_escala": "1:15.000", "doc_metodo": "Reconstituição Vetorial Afim", "doc_rms_m": 0.68 }, "geometry": { "type": "LineString", "coordinates": [ [ 178455.305452428263379, 9657606.871574001386762 ], [ 178434.749461524130311, 9657646.025841817259789 ], [ 178428.876321297109826, 9657661.687548942863941 ], [ 178419.087754343316192, 9657700.841816756874323 ], [ 178418.108897757425439, 9657720.418950665742159 ], [ 178412.235757455113344, 9657725.313234142959118 ], [ 178406.362617132283049, 9657727.270947532728314 ] ] } },
{ "type": "Feature", "properties": { "id": 38, "pagina": 15, "classe": "Logradouros", "metodo": "EIXO_TRACO", "comp_m": 53.694150783948857, "id_layer": "p15_camadas_logradouros", "doc_fonte": "Resposta SECT_autos.pdf", "doc_pagina": 15, "doc_folha": 108, "doc_escala": "1:15.000", "doc_metodo": "Reconstituição Vetorial Afim", "doc_rms_m": 0.68 }, "geometry": { "type": "LineString", "coordinates": [ [ 175641.09237020733417, 9656992.149569306522608 ], [ 175641.092370159400161, 9656985.297572439536452 ], [ 175649.902080342551926, 9656939.29130775667727 ] ] } },
{ "type": "Feature", "properties": { "id": 39, "pagina": 15, "classe": "Logradouros", "metodo": "EIXO_TRACO", "comp_m": 151.42103437610689, "id_layer": "p15_camadas_logradouros", "doc_fonte": "Resposta SECT_autos.pdf", "doc_pagina": 15, "doc_folha": 108, "doc_escala": "1:15.000", "doc_metodo": "Reconstituição Vetorial Afim", "doc_rms_m": 0.68 }, "geometry": { "type": "LineString", "coordinates": [ [ 175641.09237020733417, 9656992.149569306522608 ], [ 175650.880937434878433, 9656992.149569306522608 ], [ 175675.352355537994299, 9656997.043852783739567 ], [ 175681.225495888211299, 9656999.001566173508763 ], [ 175687.098636258975603, 9657003.895849650725722 ], [ 175688.077493063843576, 9657015.642129994928837 ], [ 175687.098636347946012, 9657016.620986690744758 ], [ 175686.119779775763163, 9657038.15583398938179 ], [ 175685.140923059836496, 9657039.134690685197711 ], [ 175683.183209840179188, 9657071.436961632221937 ], [ 175682.204353124281624, 9657072.415818328037858 ], [ 175682.20435319270473, 9657082.204385280609131 ], [ 175681.225496476807166, 9657083.183241976425052 ], [ 175681.225496579456376, 9657097.866092408075929 ], [ 175679.267783181858249, 9657104.718089275062084 ] ] } },
{ "type": "Feature", "properties": { "id": 40, "pagina": 15, "classe": "Logradouros", "metodo": "EIXO_TRACO", "comp_m": 32.986614434029761, "id_layer": "p15_camadas_logradouros", "doc_fonte": "Resposta SECT_autos.pdf", "doc_pagina": 15, "doc_folha": 108, "doc_escala": "1:15.000", "doc_metodo": "Reconstituição Vetorial Afim", "doc_rms_m": 0.68 }, "geometry": { "type": "LineString", "coordinates": [ [ 174246.221558054123307, 9659534.240407204255462 ], [ 174248.179271485947538, 9659532.28269381262362 ], [ 174260.904408690141281, 9659504.874706342816353 ] ] } },
{ "type": "Feature", "properties": { "id": 41, "pagina": 15, "classe": "Logradouros", "metodo": "EIXO_TRACO", "comp_m": 94.613991013326981, "id_layer": "p15_camadas_logradouros", "doc_fonte": "Resposta SECT_autos.pdf", "doc_pagina": 15, "doc_folha": 108, "doc_escala": "1:15.000", "doc_metodo": "Reconstituição Vetorial Afim", "doc_rms_m": 0.68 }, "geometry": { "type": "LineString", "coordinates": [ [ 172805.344454642909113, 9658459.455755680799484 ], [ 172808.281024859083118, 9658466.30775254778564 ], [ 172824.921589303325163, 9658488.821456542238593 ], [ 172830.794729680928867, 9658494.694596713408828 ], [ 172855.266147989372257, 9658528.954581052064896 ], [ 172859.18157493515173, 9658536.785434614866972 ] ] } },
{ "type": "Feature", "properties": { "id": 42, "pagina": 15, "classe": "Logradouros", "metodo": "EIXO_TRACO", "comp_m": 63.220367035555739, "id_layer": "p15_camadas_logradouros", "doc_fonte": "Resposta SECT_autos.pdf", "doc_pagina": 15, "doc_folha": 108, "doc_escala": "1:15.000", "doc_metodo": "Reconstituição Vetorial Afim", "doc_rms_m": 0.68 }, "geometry": { "type": "LineString", "coordinates": [ [ 172859.18157493515173, 9658536.785434614866972 ], [ 172858.202718239772366, 9658540.70086139626801 ], [ 172851.350721221533604, 9658546.57400156930089 ], [ 172825.900446553074289, 9658564.193422084674239 ], [ 172814.1541659484501, 9658573.981989039108157 ], [ 172810.238739057414932, 9658573.981989039108157 ] ] } },
{ "type": "Feature", "properties": { "id": 43, "pagina": 15, "classe": "Logradouros", "metodo": "EIXO_TRACO", "comp_m": 65.953328259611482, "id_layer": "p15_camadas_logradouros", "doc_fonte": "Resposta SECT_autos.pdf", "doc_pagina": 15, "doc_folha": 108, "doc_escala": "1:15.000", "doc_metodo": "Reconstituição Vetorial Afim", "doc_rms_m": 0.68 }, "geometry": { "type": "LineString", "coordinates": [ [ 172859.18157493515173, 9658536.785434614866972 ], [ 172865.054715264821425, 9658535.806577919051051 ], [ 172896.378130235621938, 9658513.292873926460743 ], [ 172905.187840692495229, 9658506.440877057611942 ], [ 172911.060980987967923, 9658500.567736886441708 ], [ 172911.060980974289123, 9658498.610023494809866 ] ] } },
{ "type": "Feature", "properties": { "id": 44, "pagina": 15, "classe": "Logradouros", "metodo": "EIXO_TRACO", "comp_m": 53.300522857325063, "id_layer": "p15_camadas_logradouros", "doc_fonte": "Resposta SECT_autos.pdf", "doc_pagina": 15, "doc_folha": 108, "doc_escala": "1:15.000", "doc_metodo": "Reconstituição Vetorial Afim", "doc_rms_m": 0.68 }, "geometry": { "type": "LineString", "coordinates": [ [ 173252.681981520931004, 9659114.310884887352586 ], [ 173214.506569593504537, 9659151.507439311593771 ] ] } },
{ "type": "Feature", "properties": { "id": 45, "pagina": 15, "classe": "Logradouros", "metodo": "EIXO_TRACO", "comp_m": 73.938584884792064, "id_layer": "p15_camadas_logradouros", "doc_fonte": "Resposta SECT_autos.pdf", "doc_pagina": 15, "doc_folha": 108, "doc_escala": "1:15.000", "doc_metodo": "Reconstituição Vetorial Afim", "doc_rms_m": 0.68 }, "geometry": { "type": "LineString", "coordinates": [ [ 178060.82619336299831, 9657636.237274862825871 ], [ 178058.86847995853168, 9657642.11041503585875 ], [ 178023.629638267855626, 9657689.095536412671208 ], [ 178019.714211417885963, 9657694.968676585704088 ], [ 178019.714211431564763, 9657696.92638997733593 ] ] } },
{ "type": "Feature", "properties": { "id": 46, "pagina": 15, "classe": "Logradouros", "metodo": "EIXO_TRACO", "comp_m": 57.118285114555668, "id_layer": "p15_camadas_logradouros", "doc_fonte": "Resposta SECT_autos.pdf", "doc_pagina": 15, "doc_folha": 108, "doc_escala": "1:15.000", "doc_metodo": "Reconstituição Vetorial Afim", "doc_rms_m": 0.68 }, "geometry": { "type": "LineString", "coordinates": [ [ 178060.82619336299831, 9657636.237274862825871 ], [ 178071.593617326987442, 9657638.194988254457712 ], [ 178080.403327866020845, 9657643.089271729812026 ], [ 178092.149608566454845, 9657647.004698511213064 ], [ 178099.001605653116712, 9657650.920125294476748 ], [ 178107.811316212668316, 9657658.750978857278824 ], [ 178111.726743110542884, 9657659.7298355512321 ] ] } },
{ "type": "Feature", "properties": { "id": 47, "pagina": 15, "classe": "Logradouros", "metodo": "EIXO_TRACO", "comp_m": 109.97969742743665, "id_layer": "p15_camadas_logradouros", "doc_fonte": "Resposta SECT_autos.pdf", "doc_pagina": 15, "doc_folha": 108, "doc_escala": "1:15.000", "doc_metodo": "Reconstituição Vetorial Afim", "doc_rms_m": 0.68 }, "geometry": { "type": "LineString", "coordinates": [ [ 178060.82619336299831, 9657636.237274862825871 ], [ 178058.868479903787374, 9657634.279561473056674 ], [ 178037.333631962101208, 9657628.406421300023794 ], [ 178021.671924356953241, 9657622.533281126990914 ], [ 178013.84107058175141, 9657623.512137822806835 ], [ 178009.925643718102947, 9657627.427564604207873 ], [ 178006.010216874972684, 9657634.279561473056674 ], [ 177985.45422599138692, 9657676.370399372652173 ] ] } },
{ "type": "Feature", "properties": { "id": 48, "pagina": 15, "classe": "Logradouros", "metodo": "EIXO_TRACO", "comp_m": 117.7579983802556, "id_layer": "p15_camadas_logradouros", "doc_fonte": "Resposta SECT_autos.pdf", "doc_pagina": 15, "doc_folha": 108, "doc_escala": "1:15.000", "doc_metodo": "Reconstituição Vetorial Afim", "doc_rms_m": 0.68 }, "geometry": { "type": "LineString", "coordinates": [ [ 175141.875459375674836, 9659534.240407202392817 ], [ 175145.7908862666809, 9659534.240407202392817 ], [ 175154.600596737291198, 9659529.346123725175858 ], [ 175233.887990938295843, 9659480.403288956731558 ], [ 175239.761131247447338, 9659476.48786217533052 ], [ 175241.718844672432169, 9659473.551292089745402 ] ] } },
{ "type": "Feature", "properties": { "id": 49, "pagina": 15, "classe": "Logradouros", "metodo": "EIXO_TRACO", "comp_m": 49.37177989517653, "id_layer": "p15_camadas_logradouros", "doc_fonte": "Resposta SECT_autos.pdf", "doc_pagina": 15, "doc_folha": 108, "doc_escala": "1:15.000", "doc_metodo": "Reconstituição Vetorial Afim", "doc_rms_m": 0.68 }, "geometry": { "type": "LineString", "coordinates": [ [ 175089.99603871779982, 9657481.57791699655354 ], [ 175088.038325272296788, 9657481.57791699655354 ], [ 175086.080611847311957, 9657484.514487082138658 ], [ 175082.165185045247199, 9657497.239624122157693 ], [ 175071.397761272877688, 9657522.689898202195764 ], [ 175071.397761293424992, 9657525.626468287780881 ] ] } },
{ "type": "Feature", "properties": { "id": 50, "pagina": 15, "classe": "Logradouros", "metodo": "EIXO_TRACO", "comp_m": 163.73795093007311, "id_layer": "p15_camadas_logradouros", "doc_fonte": "Resposta SECT_autos.pdf", "doc_pagina": 15, "doc_folha": 108, "doc_escala": "1:15.000", "doc_metodo": "Reconstituição Vetorial Afim", "doc_rms_m": 0.68 }, "geometry": { "type": "LineString", "coordinates": [ [ 173275.19567551559885, 9657594.146436965093017 ], [ 173283.026529359252891, 9657602.956147223711014 ], [ 173370.144778505782597, 9657720.418950669467449 ], [ 173375.039062140102033, 9657723.355520755052567 ] ] } },
{ "type": "Feature", "properties": { "id": 51, "pagina": 15, "classe": "Logradouros", "metodo": "EIXO_TRACO", "comp_m": 17.834323102608828, "id_layer": "p15_camadas_logradouros", "doc_fonte": "Resposta SECT_autos.pdf", "doc_pagina": 15, "doc_folha": 108, "doc_escala": "1:15.000", "doc_metodo": "Reconstituição Vetorial Afim", "doc_rms_m": 0.68 }, "geometry": { "type": "LineString", "coordinates": [ [ 178124.451888390642125, 9658787.37274862639606 ], [ 178124.451888329029316, 9658778.563038367778063 ], [ 178122.494174821913475, 9658769.753328111022711 ] ] } },
{ "type": "Feature", "properties": { "id": 52, "pagina": 15, "classe": "Logradouros", "metodo": "EIXO_TRACO", "comp_m": 132.93242480901182, "id_layer": "p15_camadas_logradouros", "doc_fonte": "Resposta SECT_autos.pdf", "doc_pagina": 15, "doc_folha": 108, "doc_escala": "1:15.000", "doc_metodo": "Reconstituição Vetorial Afim", "doc_rms_m": 0.68 }, "geometry": { "type": "LineString", "coordinates": [ [ 178124.451888390642125, 9658787.37274862639606 ], [ 178108.790180833369959, 9658788.351605322211981 ], [ 178107.811324117472395, 9658789.330462018027902 ], [ 178096.065043444395997, 9658789.330462018027902 ], [ 178095.086186728498433, 9658790.309318713843822 ], [ 178084.318762778188102, 9658790.309318713843822 ], [ 178083.339906062261434, 9658791.288175407797098 ], [ 178072.572482111951103, 9658791.288175407797098 ], [ 178071.593625396024436, 9658792.267032103613019 ], [ 178063.762771613983205, 9658792.267032103613019 ], [ 178054.95306112288381, 9658794.224745495244861 ], [ 178040.270210343122017, 9658803.034455753862858 ], [ 178019.714219281624537, 9658819.675019575282931 ], [ 178006.98908197475248, 9658832.400156615301967 ] ] } },
{ "type": "Feature", "properties": { "id": 53, "pagina": 15, "classe": "Logradouros", "metodo": "EIXO_TRACO", "comp_m": 220.67632582176773, "id_layer": "p15_camadas_logradouros", "doc_fonte": "Resposta SECT_autos.pdf", "doc_pagina": 15, "doc_folha": 108, "doc_escala": "1:15.000", "doc_metodo": "Reconstituição Vetorial Afim", "doc_rms_m": 0.68 }, "geometry": { "type": "LineString", "coordinates": [ [ 178124.451888390642125, 9658787.37274862639606 ], [ 178125.430745120218489, 9658788.351605322211981 ], [ 178128.367315480136313, 9658815.759592792019248 ], [ 178131.303885751054622, 9658830.442443223670125 ], [ 178131.303885798959527, 9658837.294440090656281 ], [ 178134.240456069877837, 9658851.977290522307158 ], [ 178134.240456117811846, 9658858.829287389293313 ], [ 178137.177026388730155, 9658873.51213782094419 ], [ 178137.17702643663506, 9658880.364134687930346 ], [ 178138.155883166240528, 9658881.342991383746266 ], [ 178138.155883207306033, 9658887.216131554916501 ], [ 178139.134739936911501, 9658888.194988250732422 ], [ 178139.134739977947902, 9658894.068128423765302 ], [ 178140.11359670755337, 9658895.046985117718577 ], [ 178140.113596748618875, 9658900.920125290751457 ], [ 178143.050167026405688, 9658916.58183241635561 ], [ 178145.007880492426921, 9658919.518402503803372 ], [ 178153.817591182014439, 9658945.947533277794719 ], [ 178158.71187484372058, 9658952.799530146643519 ], [ 178164.585015269229189, 9658965.52466718479991 ], [ 178180.246722963347565, 9658984.122944397851825 ], [ 178188.077576793293701, 9658990.97494126483798 ] ] } },
{ "type": "Feature", "properties": { "id": 54, "pagina": 15, "classe": "Logradouros", "metodo": "EIXO_TRACO", "comp_m": 155.12986692777551, "id_layer": "p15_camadas_logradouros", "doc_fonte": "Resposta SECT_autos.pdf", "doc_pagina": 15, "doc_folha": 108, "doc_escala": "1:15.000", "doc_metodo": "Reconstituição Vetorial Afim", "doc_rms_m": 0.68 }, "geometry": { "type": "LineString", "coordinates": [ [ 178386.785481773753418, 9657598.061863742768764 ], [ 178385.806625105760759, 9657605.892717305570841 ], [ 178374.060344665369485, 9657639.173844948410988 ], [ 178374.060344685916789, 9657642.11041503585875 ], [ 178364.271777554153232, 9657655.814408769831061 ], [ 178358.398637258680537, 9657661.687548942863941 ], [ 178332.948362576542422, 9657677.349256068468094 ], [ 178306.519231123733334, 9657686.158966327086091 ], [ 178290.857523607555777, 9657693.010963194072247 ], [ 178282.047813116427278, 9657694.968676585704088 ] ] } },
{ "type": "Feature", "properties": { "id": 55, "pagina": 15, "classe": "Logradouros", "metodo": "EIXO_TRACO", "comp_m": 174.57078360112789, "id_layer": "p15_camadas_logradouros", "doc_fonte": "Resposta SECT_autos.pdf", "doc_pagina": 15, "doc_folha": 108, "doc_escala": "1:15.000", "doc_metodo": "Reconstituição Vetorial Afim", "doc_rms_m": 0.68 }, "geometry": { "type": "LineString", "coordinates": [ [ 178386.785481773753418, 9657598.061863742768764 ], [ 178307.49808721683803, 9657596.104150352999568 ], [ 178306.519230487232562, 9657595.125293657183647 ], [ 178295.751806536922231, 9657595.125293657183647 ], [ 178294.772949807345867, 9657594.146436961367726 ], [ 178242.89354347391054, 9657590.231010179966688 ], [ 178241.914686744305072, 9657589.252153484150767 ], [ 178221.358695552742574, 9657587.294440094381571 ], [ 178220.379838823137106, 9657586.31558339856565 ], [ 178215.485555209364975, 9657586.31558339856565 ], [ 178214.506698493438307, 9657587.294440094381571 ] ] } },
{ "type": "Feature", "properties": { "id": 56, "pagina": 15, "classe": "Logradouros", "metodo": "EIXO_TRACO", "comp_m": 47.692867447815935, "id_layer": "p15_camadas_logradouros", "doc_fonte": "Resposta SECT_autos.pdf", "doc_pagina": 15, "doc_folha": 108, "doc_escala": "1:15.000", "doc_metodo": "Reconstituição Vetorial Afim", "doc_rms_m": 0.68 }, "geometry": { "type": "LineString", "coordinates": [ [ 178386.785481773753418, 9657598.061863742768764 ], [ 178388.743195205577649, 9657596.104150352999568 ], [ 178393.637478716700571, 9657581.421299921348691 ], [ 178401.468332300253678, 9657553.034455755725503 ] ] } },
{ "type": "Feature", "properties": { "id": 57, "pagina": 15, "classe": "Logradouros", "metodo": "EIXO_TRACO", "comp_m": 91.041791260039162, "id_layer": "p15_camadas_logradouros", "doc_fonte": "Resposta SECT_autos.pdf", "doc_pagina": 15, "doc_folha": 108, "doc_escala": "1:15.000", "doc_metodo": "Reconstituição Vetorial Afim", "doc_rms_m": 0.68 }, "geometry": { "type": "LineString", "coordinates": [ [ 173130.324882108165184, 9657817.325763512402773 ], [ 173129.346025358041516, 9657813.410336731001735 ], [ 173101.938036874489626, 9657778.171495696529746 ], [ 173074.530048411485041, 9657745.86922474950552 ] ] } },
{ "type": "Feature", "properties": { "id": 58, "pagina": 15, "classe": "Logradouros", "metodo": "EIXO_TRACO", "comp_m": 42.355182330477028, "id_layer": "p15_camadas_logradouros", "doc_fonte": "Resposta SECT_autos.pdf", "doc_pagina": 15, "doc_folha": 108, "doc_escala": "1:15.000", "doc_metodo": "Reconstituição Vetorial Afim", "doc_rms_m": 0.68 }, "geometry": { "type": "LineString", "coordinates": [ [ 173130.324882108165184, 9657817.325763512402773 ], [ 173133.261452283273684, 9657818.304620208218694 ], [ 173136.198022472090088, 9657821.241190293803811 ], [ 173152.838586909492733, 9657842.776037592440844 ], [ 173156.754013848432805, 9657849.628034459426999 ] ] } },
{ "type": "Feature", "properties": { "id": 59, "pagina": 15, "classe": "Logradouros", "metodo": "EIXO_TRACO", "comp_m": 69.36744546894505, "id_layer": "p15_camadas_logradouros", "doc_fonte": "Resposta SECT_autos.pdf", "doc_pagina": 15, "doc_folha": 108, "doc_escala": "1:15.000", "doc_metodo": "Reconstituição Vetorial Afim", "doc_rms_m": 0.68 }, "geometry": { "type": "LineString", "coordinates": [ [ 173130.324882108165184, 9657817.325763512402773 ], [ 173122.494028374028858, 9657824.177760379388928 ], [ 173098.022610407788306, 9657838.860610811039805 ], [ 173085.297473053040449, 9657844.73375098221004 ], [ 173069.635765523154987, 9657849.628034459426999 ] ] } },
{ "type": "Feature", "properties": { "id": 60, "pagina": 15, "classe": "Logradouros", "metodo": "EIXO_TRACO", "comp_m": 293.99277391580245, "id_layer": "p15_camadas_logradouros", "doc_fonte": "Resposta SECT_autos.pdf", "doc_pagina": 15, "doc_folha": 108, "doc_escala": "1:15.000", "doc_metodo": "Reconstituição Vetorial Afim", "doc_rms_m": 0.68 }, "geometry": { "type": "LineString", "coordinates": [ [ 172806.32330174301751, 9657083.183241978287697 ], [ 172827.858149582054466, 9657074.373531721532345 ], [ 172846.456427273340523, 9657068.500391548499465 ], [ 172880.716412467154441, 9657053.817541118711233 ], [ 172893.441549835610203, 9657049.90211433544755 ], [ 172898.335833428835031, 9657046.965544249862432 ], [ 172922.807251436141087, 9657038.155833991244435 ], [ 172949.236382868431974, 9657026.409553647041321 ], [ 172999.15807560578105, 9657008.790133129805326 ], [ 173002.094645760342246, 9657006.83241974003613 ], [ 173061.804905718425289, 9656988.234142526984215 ], [ 173070.614616216393188, 9656987.255285831168294 ], [ 173075.508899816457415, 9656985.297572441399097 ], [ 173082.360896875761682, 9656985.297572441399097 ] ] } },
{ "type": "Feature", "properties": { "id": 61, "pagina": 15, "classe": "Logradouros", "metodo": "EIXO_TRACO", "comp_m": 156.20444287904851, "id_layer": "p15_camadas_logradouros", "doc_fonte": "Resposta SECT_autos.pdf", "doc_pagina": 15, "doc_folha": 108, "doc_escala": "1:15.000", "doc_metodo": "Reconstituição Vetorial Afim", "doc_rms_m": 0.68 }, "geometry": { "type": "LineString", "coordinates": [ [ 178442.580325414746767, 9659091.797180889174342 ], [ 178443.55918210328673, 9659086.902897411957383 ], [ 178461.178602962318109, 9659065.368050113320351 ], [ 178463.136316373595037, 9659060.473766636103392 ], [ 178483.69230733931181, 9659030.129209080711007 ], [ 178513.058008590829559, 9658968.461237272247672 ], [ 178515.015722002106486, 9658963.566953795030713 ], [ 178515.994578670099145, 9658955.736100232228637 ] ] } },
{ "type": "Feature", "properties": { "id": 62, "pagina": 15, "classe": "Logradouros", "metodo": "EIXO_TRACO", "comp_m": 9.8495085648608303, "id_layer": "p15_camadas_logradouros", "doc_fonte": "Resposta SECT_autos.pdf", "doc_pagina": 15, "doc_folha": 108, "doc_escala": "1:15.000", "doc_metodo": "Reconstituição Vetorial Afim", "doc_rms_m": 0.68 }, "geometry": { "type": "LineString", "coordinates": [ [ 178442.580325414746767, 9659091.797180889174342 ], [ 178440.622611969243735, 9659091.797180889174342 ], [ 178433.770614937326172, 9659095.71260767057538 ] ] } },
{ "type": "Feature", "properties": { "id": 63, "pagina": 15, "classe": "Logradouros", "metodo": "EIXO_TRACO", "comp_m": 84.480426444866964, "id_layer": "p15_camadas_logradouros", "doc_fonte": "Resposta SECT_autos.pdf", "doc_pagina": 15, "doc_folha": 108, "doc_escala": "1:15.000", "doc_metodo": "Reconstituição Vetorial Afim", "doc_rms_m": 0.68 }, "geometry": { "type": "LineString", "coordinates": [ [ 178442.580325414746767, 9659091.797180889174342 ], [ 178450.411179196787998, 9659091.797180889174342 ], [ 178474.882597224612255, 9659085.924040716141462 ], [ 178494.459731604438275, 9659075.156617067754269 ], [ 178496.417445049970411, 9659075.156617067754269 ], [ 178502.290585345443105, 9659069.283476894721389 ], [ 178507.184868938667933, 9659066.346906809136271 ], [ 178515.994579375052126, 9659056.558339854702353 ] ] } },
{ "type": "Feature", "properties": { "id": 64, "pagina": 15, "classe": "Logradouros", "metodo": "EIXO_TRACO", "comp_m": 1.9577133916318421, "id_layer": "p15_camadas_logradouros", "doc_fonte": "Resposta SECT_autos.pdf", "doc_pagina": 15, "doc_folha": 108, "doc_escala": "1:15.000", "doc_metodo": "Reconstituição Vetorial Afim", "doc_rms_m": 0.68 }, "geometry": { "type": "LineString", "coordinates": [ [ 174516.386004842875991, 9658291.092404073104262 ], [ 174516.386004856554791, 9658293.050117464736104 ] ] } },
{ "type": "Feature", "properties": { "id": 65, "pagina": 15, "classe": "Logradouros", "metodo": "EIXO_TRACO", "comp_m": 192.74681256607914, "id_layer": "p15_camadas_logradouros", "doc_fonte": "Resposta SECT_autos.pdf", "doc_pagina": 15, "doc_folha": 108, "doc_escala": "1:15.000", "doc_metodo": "Reconstituição Vetorial Afim", "doc_rms_m": 0.68 }, "geometry": { "type": "LineString", "coordinates": [ [ 174516.386004842875991, 9658291.092404073104262 ], [ 174512.470577931322623, 9658288.155833987519145 ], [ 174503.660867330705514, 9658274.451840251684189 ], [ 174486.041446197894402, 9658256.83241973631084 ], [ 174452.760317425738322, 9658228.445575568825006 ], [ 174427.310042510885978, 9658210.826155053451657 ], [ 174394.028913800313603, 9658191.249021144583821 ], [ 174392.071200354810571, 9658191.249021144583821 ], [ 174378.367206188297132, 9658184.397024277597666 ], [ 174367.599782217468601, 9658181.460454192012548 ], [ 174363.684355305915233, 9658178.523884104564786 ] ] } },
{ "type": "Feature", "properties": { "id": 66, "pagina": 15, "classe": "Logradouros", "metodo": "EIXO_TRACO", "comp_m": 179.65804707200135, "id_layer": "p15_camadas_logradouros", "doc_fonte": "Resposta SECT_autos.pdf", "doc_pagina": 15, "doc_folha": 108, "doc_escala": "1:15.000", "doc_metodo": "Reconstituição Vetorial Afim", "doc_rms_m": 0.68 }, "geometry": { "type": "LineString", "coordinates": [ [ 174516.386004842875991, 9658291.092404073104262 ], [ 174534.005425763491075, 9658278.367267033085227 ], [ 174656.362515409884509, 9658178.523884104564786 ] ] } },
{ "type": "Feature", "properties": { "id": 67, "pagina": 15, "classe": "Logradouros", "metodo": "EIXO_TRACO", "comp_m": 132.3404823521461, "id_layer": "p15_camadas_logradouros", "doc_fonte": "Resposta SECT_autos.pdf", "doc_pagina": 15, "doc_folha": 108, "doc_escala": "1:15.000", "doc_metodo": "Reconstituição Vetorial Afim", "doc_rms_m": 0.68 }, "geometry": { "type": "LineString", "coordinates": [ [ 178515.994575309712673, 9658475.117462800815701 ], [ 178515.015718559589004, 9658471.202036019414663 ], [ 178459.220884972397471, 9658415.407204383984208 ], [ 178427.897469645744422, 9658387.020360216498375 ], [ 178421.045472572761355, 9658385.062646826729178 ] ] } },
{ "type": "Feature", "properties": { "id": 68, "pagina": 15, "classe": "Logradouros", "metodo": "EIXO_TRACO", "comp_m": 59.525434436086904, "id_layer": "p15_camadas_logradouros", "doc_fonte": "Resposta SECT_autos.pdf", "doc_pagina": 15, "doc_folha": 108, "doc_escala": "1:15.000", "doc_metodo": "Reconstituição Vetorial Afim", "doc_rms_m": 0.68 }, "geometry": { "type": "LineString", "coordinates": [ [ 173295.751677014195593, 9659070.262333596125245 ], [ 173337.842515798402019, 9659028.171495694667101 ] ] } },
{ "type": "Feature", "properties": { "id": 69, "pagina": 15, "classe": "Logradouros", "metodo": "EIXO_TRACO", "comp_m": 1.9577134455030321, "id_layer": "p15_camadas_logradouros", "doc_fonte": "Resposta SECT_autos.pdf", "doc_pagina": 15, "doc_folha": 108, "doc_escala": "1:15.000", "doc_metodo": "Reconstituição Vetorial Afim", "doc_rms_m": 0.68 }, "geometry": { "type": "LineString", "coordinates": [ [ 173295.751677014195593, 9659070.262333596125245 ], [ 173293.793963568692561, 9659070.262333596125245 ] ] } },
{ "type": "Feature", "properties": { "id": 70, "pagina": 15, "classe": "Logradouros", "metodo": "EIXO_TRACO", "comp_m": 284.35310369598113, "id_layer": "p15_camadas_logradouros", "doc_fonte": "Resposta SECT_autos.pdf", "doc_pagina": 15, "doc_folha": 108, "doc_escala": "1:15.000", "doc_metodo": "Reconstituição Vetorial Afim", "doc_rms_m": 0.68 }, "geometry": { "type": "LineString", "coordinates": [ [ 173295.751677014195593, 9659070.262333596125245 ], [ 173323.159665395069169, 9659090.818324198946357 ], [ 173367.208218172308989, 9659127.036021927371621 ], [ 173458.241893970349338, 9659210.238841034471989 ], [ 173506.205873672821326, 9659251.350822240114212 ], [ 173512.07901402990683, 9659254.287392325699329 ] ] } },
{ "type": "Feature", "properties": { "id": 71, "pagina": 15, "classe": "Logradouros", "metodo": "EIXO_TRACO", "comp_m": 120.2805480135895, "id_layer": "p15_camadas_logradouros", "doc_fonte": "Resposta SECT_autos.pdf", "doc_pagina": 15, "doc_folha": 108, "doc_escala": "1:15.000", "doc_metodo": "Reconstituição Vetorial Afim", "doc_rms_m": 0.68 }, "geometry": { "type": "LineString", "coordinates": [ [ 173276.174535099155037, 9658003.308535633608699 ], [ 173276.174535140220542, 9658009.181675806641579 ], [ 173273.237965047213947, 9658019.949099455028772 ], [ 173266.385968104295898, 9658036.589663276448846 ], [ 173239.95683713053586, 9658113.919342210516334 ], [ 173237.020266975974664, 9658115.877055602148175 ] ] } },
{ "type": "Feature", "properties": { "id": 72, "pagina": 15, "classe": "Logradouros", "metodo": "EIXO_TRACO", "comp_m": 31.067472665847909, "id_layer": "p15_camadas_logradouros", "doc_fonte": "Resposta SECT_autos.pdf", "doc_pagina": 15, "doc_folha": 108, "doc_escala": "1:15.000", "doc_metodo": "Reconstituição Vetorial Afim", "doc_rms_m": 0.68 }, "geometry": { "type": "LineString", "coordinates": [ [ 173276.174535099155037, 9658003.308535633608699 ], [ 173271.280251457996201, 9657999.393108852207661 ], [ 173263.44939758698456, 9657986.667971812188625 ], [ 173258.555113938986324, 9657981.773688334971666 ], [ 173255.618543770717224, 9657981.773688334971666 ] ] } },
{ "type": "Feature", "properties": { "id": 73, "pagina": 15, "classe": "Logradouros", "metodo": "EIXO_TRACO", "comp_m": 64.37587262678899, "id_layer": "p15_camadas_logradouros", "doc_fonte": "Resposta SECT_autos.pdf", "doc_pagina": 15, "doc_folha": 108, "doc_escala": "1:15.000", "doc_metodo": "Reconstituição Vetorial Afim", "doc_rms_m": 0.68 }, "geometry": { "type": "LineString", "coordinates": [ [ 173276.174535099155037, 9658003.308535633608699 ], [ 173279.111105253716232, 9658001.350822243839502 ], [ 173295.751669205230428, 9657953.386844169348478 ], [ 173300.64595275738975, 9657944.577133910730481 ] ] } },
{ "type": "Feature", "properties": { "id": 74, "pagina": 15, "classe": "Logradouros", "metodo": "EIXO_TRACO", "comp_m": 60.127745119406512, "id_layer": "p15_camadas_logradouros", "doc_fonte": "Resposta SECT_autos.pdf", "doc_pagina": 15, "doc_folha": 108, "doc_escala": "1:15.000", "doc_metodo": "Reconstituição Vetorial Afim", "doc_rms_m": 0.68 }, "geometry": { "type": "LineString", "coordinates": [ [ 172906.166695149906445, 9658182.439310887828469 ], [ 172930.638113081920892, 9658162.862176980823278 ], [ 172954.130674311716575, 9658146.221613159403205 ] ] } },
{ "type": "Feature", "properties": { "id": 75, "pagina": 15, "classe": "Logradouros", "metodo": "EIXO_TRACO", "comp_m": 26.121084887123359, "id_layer": "p15_camadas_logradouros", "doc_fonte": "Resposta SECT_autos.pdf", "doc_pagina": 15, "doc_folha": 108, "doc_escala": "1:15.000", "doc_metodo": "Reconstituição Vetorial Afim", "doc_rms_m": 0.68 }, "geometry": { "type": "LineString", "coordinates": [ [ 173082.36090794246411, 9658568.108848866075277 ], [ 173080.403194551705383, 9658575.939702428877354 ], [ 173068.656913974467898, 9658589.64369616471231 ] ] } },
{ "type": "Feature", "properties": { "id": 76, "pagina": 15, "classe": "Logradouros", "metodo": "EIXO_TRACO", "comp_m": 169.60724826112619, "id_layer": "p15_camadas_logradouros", "doc_fonte": "Resposta SECT_autos.pdf", "doc_pagina": 15, "doc_folha": 108, "doc_escala": "1:15.000", "doc_metodo": "Reconstituição Vetorial Afim", "doc_rms_m": 0.68 }, "geometry": { "type": "LineString", "coordinates": [ [ 173082.36090794246411, 9658568.108848866075277 ], [ 173086.276334806112573, 9658564.193422084674239 ], [ 173090.19176160817733, 9658551.468285044655204 ], [ 173089.212904775922652, 9658535.806577919051051 ], [ 173087.255191303032916, 9658531.891151137650013 ], [ 173087.255191275646212, 9658527.975724356248975 ], [ 173060.826059501181589, 9658490.77916993200779 ], [ 173055.931775853183353, 9658485.884886454790831 ], [ 173032.439214274345431, 9658452.603758811950684 ], [ 173011.883222911681514, 9658426.174628036096692 ] ] } },
{ "type": "Feature", "properties": { "id": 77, "pagina": 15, "classe": "Logradouros", "metodo": "EIXO_TRACO", "comp_m": 51.102552566252399, "id_layer": "p15_camadas_logradouros", "doc_fonte": "Resposta SECT_autos.pdf", "doc_pagina": 15, "doc_folha": 108, "doc_escala": "1:15.000", "doc_metodo": "Reconstituição Vetorial Afim", "doc_rms_m": 0.68 }, "geometry": { "type": "LineString", "coordinates": [ [ 173082.36090794246411, 9658568.108848866075277 ], [ 173049.079779136081925, 9658534.82772122323513 ], [ 173045.164352238207357, 9658533.848864529281855 ] ] } },
{ "type": "Feature", "properties": { "id": 78, "pagina": 15, "classe": "Logradouros", "metodo": "EIXO_TRACO", "comp_m": 142.47348995111892, "id_layer": "p15_camadas_logradouros", "doc_fonte": "Resposta SECT_autos.pdf", "doc_pagina": 15, "doc_folha": 108, "doc_escala": "1:15.000", "doc_metodo": "Reconstituição Vetorial Afim", "doc_rms_m": 0.68 }, "geometry": { "type": "LineString", "coordinates": [ [ 172917.912972318852553, 9657681.264682855457067 ], [ 172988.39065700059291, 9657773.277212219312787 ], [ 173001.115794526471291, 9657791.875489432364702 ], [ 173002.094651276594959, 9657795.79091621376574 ] ] } },
{ "type": "Feature", "properties": { "id": 79, "pagina": 15, "classe": "Logradouros", "metodo": "EIXO_TRACO", "comp_m": 55.952969874495551, "id_layer": "p15_camadas_logradouros", "doc_fonte": "Resposta SECT_autos.pdf", "doc_pagina": 15, "doc_folha": 108, "doc_escala": "1:15.000", "doc_metodo": "Reconstituição Vetorial Afim", "doc_rms_m": 0.68 }, "geometry": { "type": "LineString", "coordinates": [ [ 175862.313993978197686, 9657625.469851216301322 ], [ 175861.335137207526714, 9657618.617854347452521 ], [ 175829.032865137560293, 9657587.294440096244216 ], [ 175828.054008387436625, 9657583.379013314843178 ] ] } },
{ "type": "Feature", "properties": { "id": 80, "pagina": 15, "classe": "Logradouros", "metodo": "EIXO_TRACO", "comp_m": 263.47531182162311, "id_layer": "p15_camadas_logradouros", "doc_fonte": "Resposta SECT_autos.pdf", "doc_pagina": 15, "doc_folha": 108, "doc_escala": "1:15.000", "doc_metodo": "Reconstituição Vetorial Afim", "doc_rms_m": 0.68 }, "geometry": { "type": "LineString", "coordinates": [ [ 175862.313993978197686, 9657625.469851216301322 ], [ 175856.440853641659487, 9657625.469851216301322 ], [ 175847.631143116304884, 9657622.533281128853559 ], [ 175837.842575888760621, 9657622.533281128853559 ], [ 175836.863719172833953, 9657623.51213782466948 ], [ 175616.620956559636397, 9657624.490994520485401 ], [ 175606.832389366289135, 9657629.38527799770236 ], [ 175600.95924903661944, 9657630.364134693518281 ] ] } },
{ "type": "Feature", "properties": { "id": 81, "pagina": 15, "classe": "Logradouros", "metodo": "EIXO_TRACO", "comp_m": 359.71873017209668, "id_layer": "p15_camadas_logradouros", "doc_fonte": "Resposta SECT_autos.pdf", "doc_pagina": 15, "doc_folha": 108, "doc_escala": "1:15.000", "doc_metodo": "Reconstituição Vetorial Afim", "doc_rms_m": 0.68 }, "geometry": { "type": "LineString", "coordinates": [ [ 175862.313993978197686, 9657625.469851216301322 ], [ 175866.22942088288255, 9657627.427564606070518 ], [ 175893.63740916113602, 9657633.300704779103398 ], [ 175919.087684028054355, 9657644.068128427490592 ], [ 175943.559102151717525, 9657651.898981990292668 ], [ 175951.389955961116357, 9657655.814408771693707 ], [ 175962.157379931973992, 9657658.750978859141469 ], [ 175983.692227894207463, 9657667.560689117759466 ], [ 176005.227075842733029, 9657674.412685984745622 ], [ 176013.057929652160965, 9657678.32811276614666 ], [ 176063.958479358640034, 9657695.947533283382654 ], [ 176097.239608028146904, 9657709.651527017354965 ], [ 176104.091605094290571, 9657710.630383713170886 ], [ 176113.880172349221539, 9657714.545810494571924 ], [ 176156.9498684516293, 9657757.615505091845989 ], [ 176180.442429941467708, 9657778.171495694667101 ] ] } },
{ "type": "Feature", "properties": { "id": 82, "pagina": 15, "classe": "Logradouros", "metodo": "EIXO_TRACO", "comp_m": 48.240147600250971, "id_layer": "p15_camadas_logradouros", "doc_fonte": "Resposta SECT_autos.pdf", "doc_pagina": 15, "doc_folha": 108, "doc_escala": "1:15.000", "doc_metodo": "Reconstituição Vetorial Afim", "doc_rms_m": 0.68 }, "geometry": { "type": "LineString", "coordinates": [ [ 178310.434666651854059, 9658921.476115893572569 ], [ 178308.476953226869227, 9658924.412685979157686 ], [ 178281.068965085520176, 9658938.116679714992642 ], [ 178279.111251653695945, 9658940.074393106624484 ], [ 178275.195824776368681, 9658942.032106496393681 ], [ 178268.343827723932918, 9658943.010963192209601 ] ] } },
{ "type": "Feature", "properties": { "id": 83, "pagina": 15, "classe": "Logradouros", "metodo": "EIXO_TRACO", "comp_m": 117.67400148016804, "id_layer": "p15_camadas_logradouros", "doc_fonte": "Resposta SECT_autos.pdf", "doc_pagina": 15, "doc_folha": 108, "doc_escala": "1:15.000", "doc_metodo": "Reconstituição Vetorial Afim", "doc_rms_m": 0.68 }, "geometry": { "type": "LineString", "coordinates": [ [ 178310.434666651854059, 9658921.476115893572569 ], [ 178304.561526212666649, 9658906.793265461921692 ], [ 178301.624955893814331, 9658885.258418165147305 ], [ 178295.751815386203816, 9658860.787000780925155 ], [ 178293.79410192015348, 9658857.850430693477392 ], [ 178279.111250784510048, 9658815.759592792019248 ], [ 178279.111250736605143, 9658808.907595925033092 ] ] } },
{ "type": "Feature", "properties": { "id": 84, "pagina": 15, "classe": "Logradouros", "metodo": "EIXO_TRACO", "comp_m": 71.594128749892491, "id_layer": "p15_camadas_logradouros", "doc_fonte": "Resposta SECT_autos.pdf", "doc_pagina": 15, "doc_folha": 108, "doc_escala": "1:15.000", "doc_metodo": "Reconstituição Vetorial Afim", "doc_rms_m": 0.68 }, "geometry": { "type": "LineString", "coordinates": [ [ 178310.434666651854059, 9658921.476115893572569 ], [ 178337.842654841108015, 9658914.624119026586413 ], [ 178365.250643078266876, 9658914.624119026586413 ], [ 178380.912350662896642, 9658917.560689112171531 ] ] } },
{ "type": "Feature", "properties": { "id": 85, "pagina": 15, "classe": "Logradouros", "metodo": "EIXO_TRACO", "comp_m": 13.915541205577558, "id_layer": "p15_camadas_logradouros", "doc_fonte": "Resposta SECT_autos.pdf", "doc_pagina": 15, "doc_folha": 108, "doc_escala": "1:15.000", "doc_metodo": "Reconstituição Vetorial Afim", "doc_rms_m": 0.68 }, "geometry": { "type": "LineString", "coordinates": [ [ 172805.34444679968874, 9657337.685982776805758 ], [ 172807.302160210994771, 9657332.791699299588799 ], [ 172812.196443804248702, 9657329.855129214003682 ], [ 172815.133013972517801, 9657329.855129214003682 ] ] } },
{ "type": "Feature", "properties": { "id": 86, "pagina": 15, "classe": "Logradouros", "metodo": "EIXO_TRACO", "comp_m": 10.609234019689836, "id_layer": "p15_camadas_logradouros", "doc_fonte": "Resposta SECT_autos.pdf", "doc_pagina": 15, "doc_folha": 108, "doc_escala": "1:15.000", "doc_metodo": "Reconstituição Vetorial Afim", "doc_rms_m": 0.68 }, "geometry": { "type": "LineString", "coordinates": [ [ 172805.344456853490556, 9658775.626468287780881 ], [ 172812.196453947020927, 9658780.520751763135195 ], [ 172814.154167385684559, 9658779.541895069181919 ] ] } },
{ "type": "Feature", "properties": { "id": 87, "pagina": 15, "classe": "Logradouros", "metodo": "EIXO_TRACO", "comp_m": 287.7843166982301, "id_layer": "p15_camadas_logradouros", "doc_fonte": "Resposta SECT_autos.pdf", "doc_pagina": 15, "doc_folha": 108, "doc_escala": "1:15.000", "doc_metodo": "Reconstituição Vetorial Afim", "doc_rms_m": 0.68 }, "geometry": { "type": "LineString", "coordinates": [ [ 174926.526978733687429, 9659300.293657006695867 ], [ 174925.548122038308065, 9659304.20908378995955 ], [ 174913.801841481588781, 9659320.849647611379623 ], [ 174906.949844641290838, 9659352.173061862587929 ], [ 174901.076704366365448, 9659360.982772121205926 ], [ 174862.901292671653209, 9659431.460454188287258 ], [ 174776.761901739839232, 9659527.388410335406661 ], [ 174769.909904728468973, 9659534.240407202392817 ], [ 174767.952191282965941, 9659534.240407202392817 ] ] } },
{ "type": "Feature", "properties": { "id": 88, "pagina": 15, "classe": "Logradouros", "metodo": "EIXO_TRACO", "comp_m": 363.08010362101942, "id_layer": "p15_camadas_logradouros", "doc_fonte": "Resposta SECT_autos.pdf", "doc_pagina": 15, "doc_folha": 108, "doc_escala": "1:15.000", "doc_metodo": "Reconstituição Vetorial Afim", "doc_rms_m": 0.68 }, "geometry": { "type": "LineString", "coordinates": [ [ 174926.526978733687429, 9659300.293657006695867 ], [ 174926.526978542067809, 9659272.885669536888599 ], [ 174938.27325890029897, 9659227.858261549845338 ], [ 174943.167542438808596, 9659217.090837899595499 ], [ 174951.977252840937581, 9659202.407987469807267 ], [ 174975.469813988602255, 9659174.021143304184079 ], [ 175039.095500392839313, 9659091.797180892899632 ], [ 175043.989784013450844, 9659092.776037586852908 ], [ 175053.778351295768516, 9659100.606891149654984 ], [ 175121.319465576554649, 9659159.338292872533202 ], [ 175127.192605954158353, 9659165.211433045566082 ], [ 175128.171462704282021, 9659169.12685982696712 ] ] } },
{ "type": "Feature", "properties": { "id": 89, "pagina": 15, "classe": "Logradouros", "metodo": "EIXO_TRACO", "comp_m": 44.00502760602069, "id_layer": "p15_camadas_logradouros", "doc_fonte": "Resposta SECT_autos.pdf", "doc_pagina": 15, "doc_folha": 108, "doc_escala": "1:15.000", "doc_metodo": "Reconstituição Vetorial Afim", "doc_rms_m": 0.68 }, "geometry": { "type": "LineString", "coordinates": [ [ 174926.526978733687429, 9659300.293657006695867 ], [ 174932.400119063386228, 9659299.314800312742591 ], [ 174956.871537002240075, 9659280.716523099690676 ], [ 174960.786963879567338, 9659278.758809709921479 ], [ 174963.723534047836438, 9659278.758809709921479 ] ] } },
{ "type": "Feature", "properties": { "id": 90, "pagina": 15, "classe": "Logradouros", "metodo": "EIXO_TRACO", "comp_m": 69.338775500396579, "id_layer": "p15_camadas_logradouros", "doc_fonte": "Resposta SECT_autos.pdf", "doc_pagina": 15, "doc_folha": 108, "doc_escala": "1:15.000", "doc_metodo": "Reconstituição Vetorial Afim", "doc_rms_m": 0.68 }, "geometry": { "type": "LineString", "coordinates": [ [ 175310.238815258489922, 9659472.572435393929482 ], [ 175309.259958542592358, 9659473.551292089745402 ], [ 175303.386818206054159, 9659473.551292089745402 ], [ 175302.407961476448691, 9659472.572435393929482 ], [ 175241.718844672432169, 9659473.551292089745402 ] ] } },
{ "type": "Feature", "properties": { "id": 91, "pagina": 15, "classe": "Logradouros", "metodo": "EIXO_TRACO", "comp_m": 106.29822892257624, "id_layer": "p15_camadas_logradouros", "doc_fonte": "Resposta SECT_autos.pdf", "doc_pagina": 15, "doc_folha": 108, "doc_escala": "1:15.000", "doc_metodo": "Reconstituição Vetorial Afim", "doc_rms_m": 0.68 }, "geometry": { "type": "LineString", "coordinates": [ [ 175310.238815258489922, 9659472.572435393929482 ], [ 175315.133098892809357, 9659475.509005479514599 ], [ 175352.32965459706611, 9659509.768989818170667 ], [ 175379.737642964260885, 9659528.367267029359937 ], [ 175389.526210226031253, 9659533.261550506576896 ], [ 175395.399350569408853, 9659534.240407202392817 ] ] } },
{ "type": "Feature", "properties": { "id": 92, "pagina": 15, "classe": "Logradouros", "metodo": "EIXO_TRACO", "comp_m": 84.656042943428844, "id_layer": "p15_camadas_logradouros", "doc_fonte": "Resposta SECT_autos.pdf", "doc_pagina": 15, "doc_folha": 108, "doc_escala": "1:15.000", "doc_metodo": "Reconstituição Vetorial Afim", "doc_rms_m": 0.68 }, "geometry": { "type": "LineString", "coordinates": [ [ 175310.238815258489922, 9659472.572435393929482 ], [ 175308.281101778760785, 9659467.678151916712523 ], [ 175298.492534475924913, 9659456.910728268325329 ], [ 175280.873113384179305, 9659445.164447922259569 ], [ 175264.232548967294861, 9659426.566170711070299 ], [ 175250.52855475974502, 9659413.841033671051264 ] ] } },
{ "type": "Feature", "properties": { "id": 93, "pagina": 15, "classe": "Logradouros", "metodo": "EIXO_TRACO", "comp_m": 260.52082162415593, "id_layer": "p15_camadas_logradouros", "doc_fonte": "Resposta SECT_autos.pdf", "doc_pagina": 15, "doc_folha": 108, "doc_escala": "1:15.000", "doc_metodo": "Reconstituição Vetorial Afim", "doc_rms_m": 0.68 }, "geometry": { "type": "LineString", "coordinates": [ [ 173132.282605443237117, 9659231.773688333109021 ], [ 173326.096237705525709, 9659397.200469851493835 ], [ 173329.03280790799181, 9659402.094753328710794 ] ] } },
{ "type": "Feature", "properties": { "id": 94, "pagina": 15, "classe": "Logradouros", "metodo": "EIXO_TRACO", "comp_m": 26.447251547422535, "id_layer": "p15_camadas_logradouros", "doc_fonte": "Resposta SECT_autos.pdf", "doc_pagina": 15, "doc_folha": 108, "doc_escala": "1:15.000", "doc_metodo": "Reconstituição Vetorial Afim", "doc_rms_m": 0.68 }, "geometry": { "type": "LineString", "coordinates": [ [ 178146.965592404885683, 9658700.254502737894654 ], [ 178147.944449312431971, 9658726.683633513748646 ] ] } },
{ "type": "Feature", "properties": { "id": 95, "pagina": 15, "classe": "Logradouros", "metodo": "EIXO_TRACO", "comp_m": 1.9577134455030321, "id_layer": "p15_camadas_logradouros", "doc_fonte": "Resposta SECT_autos.pdf", "doc_pagina": 15, "doc_folha": 108, "doc_escala": "1:15.000", "doc_metodo": "Reconstituição Vetorial Afim", "doc_rms_m": 0.68 }, "geometry": { "type": "LineString", "coordinates": [ [ 178146.965592404885683, 9658700.254502737894654 ], [ 178145.007878959382651, 9658700.254502737894654 ] ] } },
{ "type": "Feature", "properties": { "id": 96, "pagina": 15, "classe": "Logradouros", "metodo": "EIXO_TRACO", "comp_m": 24.549601694312408, "id_layer": "p15_camadas_logradouros", "doc_fonte": "Resposta SECT_autos.pdf", "doc_pagina": 15, "doc_folha": 108, "doc_escala": "1:15.000", "doc_metodo": "Reconstituição Vetorial Afim", "doc_rms_m": 0.68 }, "geometry": { "type": "LineString", "coordinates": [ [ 178146.965592404885683, 9658700.254502737894654 ], [ 178171.437010460096644, 9658698.296789348125458 ] ] } },
{ "type": "Feature", "properties": { "id": 97, "pagina": 15, "classe": "Logradouros", "metodo": "EIXO_TRACO", "comp_m": 1.957713389769197, "id_layer": "p15_camadas_logradouros", "doc_fonte": "Resposta SECT_autos.pdf", "doc_pagina": 15, "doc_folha": 108, "doc_escala": "1:15.000", "doc_metodo": "Reconstituição Vetorial Afim", "doc_rms_m": 0.68 }, "geometry": { "type": "LineString", "coordinates": [ [ 172824.921590418904088, 9658648.375097887590528 ], [ 172824.921590405225288, 9658646.417384497821331 ] ] } },
{ "type": "Feature", "properties": { "id": 98, "pagina": 15, "classe": "Logradouros", "metodo": "EIXO_TRACO", "comp_m": 27.749306555893853, "id_layer": "p15_camadas_logradouros", "doc_fonte": "Resposta SECT_autos.pdf", "doc_pagina": 15, "doc_folha": 108, "doc_escala": "1:15.000", "doc_metodo": "Reconstituição Vetorial Afim", "doc_rms_m": 0.68 }, "geometry": { "type": "LineString", "coordinates": [ [ 172824.921590418904088, 9658648.375097887590528 ], [ 172815.13302323926473, 9658655.227094756439328 ], [ 172805.344456080143573, 9658665.015661709010601 ], [ 172805.344456093822373, 9658666.973375100642443 ] ] } },
{ "type": "Feature", "properties": { "id": 99, "pagina": 15, "classe": "Logradouros", "metodo": "EIXO_TRACO", "comp_m": 80.326112305235654, "id_layer": "p15_camadas_logradouros", "doc_fonte": "Resposta SECT_autos.pdf", "doc_pagina": 15, "doc_folha": 108, "doc_escala": "1:15.000", "doc_metodo": "Reconstituição Vetorial Afim", "doc_rms_m": 0.68 }, "geometry": { "type": "LineString", "coordinates": [ [ 173111.726608112629037, 9658351.781519187614322 ], [ 173154.796304324525408, 9658410.512920910492539 ], [ 173158.711731242918177, 9658414.428347691893578 ], [ 173160.669444688421208, 9658414.428347691893578 ] ] } },
{ "type": "Feature", "properties": { "id": 100, "pagina": 15, "classe": "Logradouros", "metodo": "EIXO_TRACO", "comp_m": 41.24959233031997, "id_layer": "p15_camadas_logradouros", "doc_fonte": "Resposta SECT_autos.pdf", "doc_pagina": 15, "doc_folha": 108, "doc_escala": "1:15.000", "doc_metodo": "Reconstituição Vetorial Afim", "doc_rms_m": 0.68 }, "geometry": { "type": "LineString", "coordinates": [ [ 174825.704727413190994, 9658030.716523103415966 ], [ 174837.451007887808373, 9658002.329678937792778 ], [ 174838.429864576319233, 9657997.435395460575819 ], [ 174842.345291439967696, 9657993.519968679174781 ] ] } },
{ "type": "Feature", "properties": { "id": 101, "pagina": 15, "classe": "Logradouros", "metodo": "EIXO_TRACO", "comp_m": 13.738908434916482, "id_layer": "p15_camadas_logradouros", "doc_fonte": "Resposta SECT_autos.pdf", "doc_pagina": 15, "doc_folha": 108, "doc_escala": "1:15.000", "doc_metodo": "Reconstituição Vetorial Afim", "doc_rms_m": 0.68 }, "geometry": { "type": "LineString", "coordinates": [ [ 178122.494174821913475, 9658769.753328111022711 ], [ 178121.515318003366701, 9658756.049334375187755 ] ] } },
{ "type": "Feature", "properties": { "id": 102, "pagina": 15, "classe": "Logradouros", "metodo": "EIXO_TRACO", "comp_m": 46.093853463202933, "id_layer": "p15_camadas_logradouros", "doc_fonte": "Resposta SECT_autos.pdf", "doc_pagina": 15, "doc_folha": 108, "doc_escala": "1:15.000", "doc_metodo": "Reconstituição Vetorial Afim", "doc_rms_m": 0.68 }, "geometry": { "type": "LineString", "coordinates": [ [ 178122.494174821913475, 9658769.753328111022711 ], [ 178109.769037426100112, 9658769.753328111022711 ], [ 178108.790180710202549, 9658770.732184804975986 ], [ 178099.98047020539525, 9658770.732184804975986 ], [ 178099.001613489468582, 9658771.711041500791907 ], [ 178079.424479041190352, 9658772.689898196607828 ], [ 178078.445622332132189, 9658774.647611586377025 ] ] } },
{ "type": "Feature", "properties": { "id": 103, "pagina": 15, "classe": "Logradouros", "metodo": "EIXO_TRACO", "comp_m": 254.21496920075208, "id_layer": "p15_camadas_logradouros", "doc_fonte": "Resposta SECT_autos.pdf", "doc_pagina": 15, "doc_folha": 108, "doc_escala": "1:15.000", "doc_metodo": "Reconstituição Vetorial Afim", "doc_rms_m": 0.68 }, "geometry": { "type": "LineString", "coordinates": [ [ 173005.031223634927301, 9658109.02505873516202 ], [ 173010.904364012531005, 9658114.898198906332254 ], [ 173084.31861891047447, 9658213.76272514089942 ], [ 173159.690587240213063, 9658310.669537981972098 ] ] } },
{ "type": "Feature", "properties": { "id": 104, "pagina": 15, "classe": "Logradouros", "metodo": "EIXO_TRACO", "comp_m": 3.9154267814010382, "id_layer": "p15_camadas_logradouros", "doc_fonte": "Resposta SECT_autos.pdf", "doc_pagina": 15, "doc_folha": 108, "doc_escala": "1:15.000", "doc_metodo": "Reconstituição Vetorial Afim", "doc_rms_m": 0.68 }, "geometry": { "type": "LineString", "coordinates": [ [ 172849.393010171421338, 9658889.173844950273633 ], [ 172849.393010198778939, 9658893.089271731674671 ] ] } },
{ "type": "Feature", "properties": { "id": 105, "pagina": 15, "classe": "Logradouros", "metodo": "EIXO_TRACO", "comp_m": 56.105391483065375, "id_layer": "p15_camadas_logradouros", "doc_fonte": "Resposta SECT_autos.pdf", "doc_pagina": 15, "doc_folha": 108, "doc_escala": "1:15.000", "doc_metodo": "Reconstituição Vetorial Afim", "doc_rms_m": 0.68 }, "geometry": { "type": "LineString", "coordinates": [ [ 172849.393010171421338, 9658889.173844950273633 ], [ 172847.435296719049802, 9658888.194988254457712 ], [ 172846.456439975765534, 9658885.258418168872595 ], [ 172827.858162072312552, 9658860.787000784650445 ], [ 172814.154167851083912, 9658846.104150354862213 ] ] } },
{ "type": "Feature", "properties": { "id": 106, "pagina": 15, "classe": "Logradouros", "metodo": "EIXO_TRACO", "comp_m": 79.245183891632621, "id_layer": "p15_camadas_logradouros", "doc_fonte": "Resposta SECT_autos.pdf", "doc_pagina": 15, "doc_folha": 108, "doc_escala": "1:15.000", "doc_metodo": "Reconstituição Vetorial Afim", "doc_rms_m": 0.68 }, "geometry": { "type": "LineString", "coordinates": [ [ 172849.393010171421338, 9658889.173844950273633 ], [ 172852.329580332851037, 9658888.194988254457712 ], [ 172905.187842978397384, 9658833.379013314843178 ] ] } },
{ "type": "Feature", "properties": { "id": 107, "pagina": 15, "classe": "Logradouros", "metodo": "EIXO_TRACO", "comp_m": 3.5293180478256989, "id_layer": "p15_camadas_logradouros", "doc_fonte": "Resposta SECT_autos.pdf", "doc_pagina": 15, "doc_folha": 108, "doc_escala": "1:15.000", "doc_metodo": "Reconstituição Vetorial Afim", "doc_rms_m": 0.68 }, "geometry": { "type": "LineString", "coordinates": [ [ 178055.931914060900453, 9658252.916992951184511 ], [ 178057.88962752695079, 9658255.853563036769629 ] ] } },
{ "type": "Feature", "properties": { "id": 108, "pagina": 15, "classe": "Logradouros", "metodo": "EIXO_TRACO", "comp_m": 150.5510383097899, "id_layer": "p15_camadas_logradouros", "doc_fonte": "Resposta SECT_autos.pdf", "doc_pagina": 15, "doc_folha": 108, "doc_escala": "1:15.000", "doc_metodo": "Reconstituição Vetorial Afim", "doc_rms_m": 0.68 }, "geometry": { "type": "LineString", "coordinates": [ [ 178055.931914060900453, 9658252.916992951184511 ], [ 178060.826197565183975, 9658237.255285825580359 ], [ 178060.826197476213565, 9658224.530148785561323 ], [ 178052.016486738721142, 9658191.249021142721176 ], [ 178050.0587732110871, 9658179.502740796655416 ], [ 178030.481638447992736, 9658135.454189505428076 ], [ 178015.798787449224619, 9658112.940485512837768 ] ] } },
{ "type": "Feature", "properties": { "id": 109, "pagina": 15, "classe": "Logradouros", "metodo": "EIXO_TRACO", "comp_m": 39.235280578307737, "id_layer": "p15_camadas_logradouros", "doc_fonte": "Resposta SECT_autos.pdf", "doc_pagina": 15, "doc_folha": 108, "doc_escala": "1:15.000", "doc_metodo": "Reconstituição Vetorial Afim", "doc_rms_m": 0.68 }, "geometry": { "type": "LineString", "coordinates": [ [ 175169.28343653929187, 9657950.450274081900716 ], [ 175168.304579857591307, 9657956.323414253070951 ], [ 175152.642872498807264, 9657985.689115114510059 ] ] } },
{ "type": "Feature", "properties": { "id": 110, "pagina": 15, "classe": "Logradouros", "metodo": "EIXO_TRACO", "comp_m": 43.258476296999262, "id_layer": "p15_camadas_logradouros", "doc_fonte": "Resposta SECT_autos.pdf", "doc_pagina": 15, "doc_folha": 108, "doc_escala": "1:15.000", "doc_metodo": "Reconstituição Vetorial Afim", "doc_rms_m": 0.68 }, "geometry": { "type": "LineString", "coordinates": [ [ 175169.28343653929187, 9657950.450274081900716 ], [ 175173.198863416619133, 9657948.492560690268874 ], [ 175187.881714059476508, 9657920.105716524645686 ], [ 175188.860570734337671, 9657913.253719657659531 ] ] } },
{ "type": "Feature", "properties": { "id": 111, "pagina": 15, "classe": "Logradouros", "metodo": "EIXO_TRACO", "comp_m": 64.532289102469548, "id_layer": "p15_camadas_logradouros", "doc_fonte": "Resposta SECT_autos.pdf", "doc_pagina": 15, "doc_folha": 108, "doc_escala": "1:15.000", "doc_metodo": "Reconstituição Vetorial Afim", "doc_rms_m": 0.68 }, "geometry": { "type": "LineString", "coordinates": [ [ 175169.28343653929187, 9657950.450274081900716 ], [ 175165.368009627738502, 9657947.513703996315598 ], [ 175110.552032989158761, 9657924.021143306046724 ] ] } },
{ "type": "Feature", "properties": { "id": 112, "pagina": 15, "classe": "Logradouros", "metodo": "EIXO_TRACO", "comp_m": 63.405632268913216, "id_layer": "p15_camadas_logradouros", "doc_fonte": "Resposta SECT_autos.pdf", "doc_pagina": 15, "doc_folha": 108, "doc_escala": "1:15.000", "doc_metodo": "Reconstituição Vetorial Afim", "doc_rms_m": 0.68 }, "geometry": { "type": "LineString", "coordinates": [ [ 172807.302174843411194, 9659425.587314017117023 ], [ 172810.238744950096589, 9659416.777603758499026 ], [ 172821.00616880459711, 9659403.073610024526715 ], [ 172833.731306063535158, 9659383.496476115658879 ], [ 172840.583303068066016, 9659375.665622552856803 ], [ 172843.519873236335116, 9659375.665622552856803 ] ] } },
{ "type": "Feature", "properties": { "id": 113, "pagina": 15, "classe": "Logradouros", "metodo": "EIXO_TRACO", "comp_m": 177.35532190207505, "id_layer": "p15_camadas_logradouros", "doc_fonte": "Resposta SECT_autos.pdf", "doc_pagina": 15, "doc_folha": 108, "doc_escala": "1:15.000", "doc_metodo": "Reconstituição Vetorial Afim", "doc_rms_m": 0.68 }, "geometry": { "type": "LineString", "coordinates": [ [ 172807.302174843411194, 9659425.587314017117023 ], [ 172811.217601741285762, 9659426.566170712932944 ], [ 172815.13302865283913, 9659429.502740798518062 ], [ 172941.405546613794286, 9659533.261550508439541 ], [ 172946.299830234405817, 9659534.240407204255462 ] ] } },
{ "type": "Feature", "properties": { "id": 114, "pagina": 15, "classe": "Logradouros", "metodo": "EIXO_TRACO", "comp_m": 3.5293180265964699, "id_layer": "p15_camadas_logradouros", "doc_fonte": "Resposta SECT_autos.pdf", "doc_pagina": 15, "doc_folha": 108, "doc_escala": "1:15.000", "doc_metodo": "Reconstituição Vetorial Afim", "doc_rms_m": 0.68 }, "geometry": { "type": "LineString", "coordinates": [ [ 172807.302174843411194, 9659425.587314017117023 ], [ 172805.344461418426363, 9659428.523884104564786 ] ] } },
{ "type": "Feature", "properties": { "id": 115, "pagina": 15, "classe": "Logradouros", "metodo": "EIXO_TRACO", "comp_m": 2.9365700855851169, "id_layer": "p15_camadas_logradouros", "doc_fonte": "Resposta SECT_autos.pdf", "doc_pagina": 15, "doc_folha": 108, "doc_escala": "1:15.000", "doc_metodo": "Reconstituição Vetorial Afim", "doc_rms_m": 0.68 }, "geometry": { "type": "LineString", "coordinates": [ [ 172808.281028164725285, 9658939.095536414533854 ], [ 172808.281028144177981, 9658936.158966328948736 ] ] } },
{ "type": "Feature", "properties": { "id": 116, "pagina": 15, "classe": "Logradouros", "metodo": "EIXO_TRACO", "comp_m": 188.87026279652014, "id_layer": "p15_camadas_logradouros", "doc_fonte": "Resposta SECT_autos.pdf", "doc_pagina": 15, "doc_folha": 108, "doc_escala": "1:15.000", "doc_metodo": "Reconstituição Vetorial Afim", "doc_rms_m": 0.68 }, "geometry": { "type": "LineString", "coordinates": [ [ 172808.281028164725285, 9658939.095536414533854 ], [ 172821.006165642669657, 9658950.841816758736968 ], [ 172885.6107098509965, 9659023.277212217450142 ], [ 172906.166701172594912, 9659043.833202820271254 ], [ 172937.49011646505096, 9659067.325763508677483 ], [ 172941.405543390283128, 9659072.220046985894442 ] ] } },
{ "type": "Feature", "properties": { "id": 117, "pagina": 15, "classe": "Logradouros", "metodo": "EIXO_TRACO", "comp_m": 6.8045544053847191, "id_layer": "p15_camadas_logradouros", "doc_fonte": "Resposta SECT_autos.pdf", "doc_pagina": 15, "doc_folha": 108, "doc_escala": "1:15.000", "doc_metodo": "Reconstituição Vetorial Afim", "doc_rms_m": 0.68 }, "geometry": { "type": "LineString", "coordinates": [ [ 172808.281028164725285, 9658939.095536414533854 ], [ 172806.323314732901054, 9658941.053249806165695 ], [ 172805.34445803752169, 9658944.968676587566733 ] ] } },
{ "type": "Feature", "properties": { "id": 118, "pagina": 15, "classe": "Logradouros", "metodo": "EIXO_TRACO", "comp_m": 302.36928111142697, "id_layer": "p15_camadas_logradouros", "doc_fonte": "Resposta SECT_autos.pdf", "doc_pagina": 15, "doc_folha": 108, "doc_escala": "1:15.000", "doc_metodo": "Reconstituição Vetorial Afim", "doc_rms_m": 0.68 }, "geometry": { "type": "LineString", "coordinates": [ [ 175496.221593013266101, 9659534.240407202392817 ], [ 175498.179306431411533, 9659530.324980420991778 ], [ 175501.115876469644718, 9659511.726703207939863 ], [ 175503.073589880921645, 9659506.832419732585549 ], [ 175504.052446569461608, 9659501.93813625536859 ], [ 175503.07358983301674, 9659499.980422863736749 ], [ 175376.801071824156679, 9659389.369616286829114 ], [ 175313.175384441245114, 9659331.617071259766817 ], [ 175307.30224407048081, 9659326.722787782549858 ], [ 175302.407960443000775, 9659324.765074390918016 ] ] } },
{ "type": "Feature", "properties": { "id": 119, "pagina": 15, "classe": "Logradouros", "metodo": "EIXO_TRACO", "comp_m": 102.91474030430402, "id_layer": "p15_camadas_logradouros", "doc_fonte": "Resposta SECT_autos.pdf", "doc_pagina": 15, "doc_folha": 108, "doc_escala": "1:15.000", "doc_metodo": "Reconstituição Vetorial Afim", "doc_rms_m": 0.68 }, "geometry": { "type": "LineString", "coordinates": [ [ 173155.775164140766719, 9658852.956147221848369 ], [ 173160.669447720312746, 9658848.06186374463141 ], [ 173198.844859709322918, 9658819.675019579008222 ], [ 173218.421994075470138, 9658806.949882538989186 ], [ 173237.999128421070054, 9658791.288175413385034 ] ] } },
{ "type": "Feature", "properties": { "id": 120, "pagina": 15, "classe": "Logradouros", "metodo": "EIXO_TRACO", "comp_m": 8.0718590945584534, "id_layer": "p15_camadas_logradouros", "doc_fonte": "Resposta SECT_autos.pdf", "doc_pagina": 15, "doc_folha": 108, "doc_escala": "1:15.000", "doc_metodo": "Reconstituição Vetorial Afim", "doc_rms_m": 0.68 }, "geometry": { "type": "LineString", "coordinates": [ [ 175225.078280180256115, 9659444.185591228306293 ], [ 175223.120566789497389, 9659452.01644479110837 ] ] } },
{ "type": "Feature", "properties": { "id": 121, "pagina": 15, "classe": "Logradouros", "metodo": "EIXO_TRACO", "comp_m": 296.14841447386175, "id_layer": "p15_camadas_logradouros", "doc_fonte": "Resposta SECT_autos.pdf", "doc_pagina": 15, "doc_folha": 108, "doc_escala": "1:15.000", "doc_metodo": "Reconstituição Vetorial Afim", "doc_rms_m": 0.68 }, "geometry": { "type": "LineString", "coordinates": [ [ 175225.078280180256115, 9659444.185591228306293 ], [ 175177.114300477784127, 9659403.07361002266407 ], [ 175002.877802745904773, 9659248.41425215266645 ] ] } },
{ "type": "Feature", "properties": { "id": 122, "pagina": 15, "classe": "Logradouros", "metodo": "EIXO_TRACO", "comp_m": 41.007122754678925, "id_layer": "p15_camadas_logradouros", "doc_fonte": "Resposta SECT_autos.pdf", "doc_pagina": 15, "doc_folha": 108, "doc_escala": "1:15.000", "doc_metodo": "Reconstituição Vetorial Afim", "doc_rms_m": 0.68 }, "geometry": { "type": "LineString", "coordinates": [ [ 175225.078280180256115, 9659444.185591228306293 ], [ 175228.014850348525215, 9659444.185591228306293 ], [ 175229.972563780349446, 9659442.227877836674452 ], [ 175246.613127889257157, 9659416.777603756636381 ], [ 175250.52855475974502, 9659413.841033671051264 ] ] } },
{ "type": "Feature", "properties": { "id": 123, "pagina": 15, "classe": "Logradouros", "metodo": "EIXO_TRACO", "comp_m": 240.62626442949374, "id_layer": "p15_camadas_logradouros", "doc_fonte": "Resposta SECT_autos.pdf", "doc_pagina": 15, "doc_folha": 108, "doc_escala": "1:15.000", "doc_metodo": "Reconstituição Vetorial Afim", "doc_rms_m": 0.68 }, "geometry": { "type": "LineString", "coordinates": [ [ 178259.53411841680645, 9659114.310884883627295 ], [ 178260.512975187477423, 9659121.162881750613451 ], [ 178264.428402140096296, 9659129.972592009231448 ], [ 178286.942107256239979, 9659200.45027407631278 ], [ 178293.794104377127951, 9659209.259984334930778 ], [ 178301.624958186555887, 9659213.175411116331816 ], [ 178309.455811968597118, 9659213.175411116331816 ], [ 178358.398648037953535, 9659203.386844161897898 ], [ 178374.060355588357197, 9659201.429130772128701 ], [ 178384.827779518149327, 9659198.492560684680939 ], [ 178389.722063131921459, 9659198.492560684680939 ], [ 178421.045478205342079, 9659190.661707121878862 ], [ 178424.960905096377246, 9659190.661707121878862 ], [ 178428.876331973704509, 9659188.703993732109666 ] ] } },
{ "type": "Feature", "properties": { "id": 124, "pagina": 15, "classe": "Logradouros", "metodo": "EIXO_TRACO", "comp_m": 145.06067345337595, "id_layer": "p15_camadas_logradouros", "doc_fonte": "Resposta SECT_autos.pdf", "doc_pagina": 15, "doc_folha": 108, "doc_escala": "1:15.000", "doc_metodo": "Reconstituição Vetorial Afim", "doc_rms_m": 0.68 }, "geometry": { "type": "LineString", "coordinates": [ [ 178259.53411841680645, 9659114.310884883627295 ], [ 178257.576404957624618, 9659112.353171491995454 ], [ 178241.914697058178717, 9659064.389193419367075 ], [ 178228.210702761658467, 9659038.938919339329004 ], [ 178210.59128159462125, 9659016.425215344876051 ], [ 178190.035290273022838, 9658995.869224742054939 ], [ 178188.077576793293701, 9658990.97494126483798 ] ] } },
{ "type": "Feature", "properties": { "id": 125, "pagina": 15, "classe": "Logradouros", "metodo": "EIXO_TRACO", "comp_m": 55.31739839679031, "id_layer": "p15_camadas_logradouros", "doc_fonte": "Resposta SECT_autos.pdf", "doc_pagina": 15, "doc_folha": 108, "doc_escala": "1:15.000", "doc_metodo": "Reconstituição Vetorial Afim", "doc_rms_m": 0.68 }, "geometry": { "type": "LineString", "coordinates": [ [ 173009.925509938388132, 9658493.715740017592907 ], [ 173012.862080106657231, 9658493.715740017592907 ], [ 173038.312355089961784, 9658521.123727489262819 ], [ 173044.185495474404888, 9658527.975724356248975 ], [ 173045.164352238207357, 9658533.848864529281855 ] ] } },
{ "type": "Feature", "properties": { "id": 126, "pagina": 15, "classe": "Logradouros", "metodo": "EIXO_TRACO", "comp_m": 14.441319224110966, "id_layer": "p15_camadas_logradouros", "doc_fonte": "Resposta SECT_autos.pdf", "doc_pagina": 15, "doc_folha": 108, "doc_escala": "1:15.000", "doc_metodo": "Reconstituição Vetorial Afim", "doc_rms_m": 0.68 }, "geometry": { "type": "LineString", "coordinates": [ [ 173211.570002101245336, 9659534.240407204255462 ], [ 173207.654575203370769, 9659533.261550508439541 ], [ 173200.802578089322196, 9659525.430696945637465 ] ] } },
{ "type": "Feature", "properties": { "id": 127, "pagina": 15, "classe": "Logradouros", "metodo": "EIXO_TRACO", "comp_m": 296.64139521363336, "id_layer": "p15_camadas_logradouros", "doc_fonte": "Resposta SECT_autos.pdf", "doc_pagina": 15, "doc_folha": 108, "doc_escala": "1:15.000", "doc_metodo": "Reconstituição Vetorial Afim", "doc_rms_m": 0.68 }, "geometry": { "type": "LineString", "coordinates": [ [ 174261.883255975059001, 9658155.031323416158557 ], [ 174262.86211274570087, 9658161.883320283144712 ], [ 174269.714109887136146, 9658173.629600629210472 ], [ 174269.714109900814947, 9658175.587314018979669 ], [ 174278.52382052881876, 9658193.206734536215663 ], [ 174310.826092899893411, 9658267.599843384698033 ], [ 174329.424370967608411, 9658315.563821457326412 ], [ 174339.212938338896492, 9658336.119812062010169 ], [ 174344.107222069025738, 9658352.760375883430243 ], [ 174346.064935651404085, 9658372.337509790435433 ], [ 174347.043792381009553, 9658373.316366486251354 ], [ 174347.043792565789772, 9658399.745497260242701 ], [ 174346.064935849892208, 9658400.724353956058621 ], [ 174345.08607920925715, 9658412.470634300261736 ], [ 174341.170652407192392, 9658425.195771340280771 ], [ 174341.170652461965801, 9658433.026624903082848 ] ] } },
{ "type": "Feature", "properties": { "id": 128, "pagina": 15, "classe": "Logradouros", "metodo": "EIXO_TRACO", "comp_m": 74.594994925248642, "id_layer": "p15_camadas_logradouros", "doc_fonte": "Resposta SECT_autos.pdf", "doc_pagina": 15, "doc_folha": 108, "doc_escala": "1:15.000", "doc_metodo": "Reconstituição Vetorial Afim", "doc_rms_m": 0.68 }, "geometry": { "type": "LineString", "coordinates": [ [ 174261.883255975059001, 9658155.031323416158557 ], [ 174268.735253041173564, 9658156.010180111974478 ], [ 174283.418103944102768, 9658164.819890370592475 ], [ 174285.375817389634904, 9658164.819890370592475 ], [ 174291.248957753530703, 9658168.735317151993513 ], [ 174301.037525008461671, 9658172.650743933394551 ], [ 174320.614659497805405, 9658177.54502741061151 ], [ 174331.382083454955136, 9658178.523884104564786 ] ] } },
{ "type": "Feature", "properties": { "id": 129, "pagina": 15, "classe": "Logradouros", "metodo": "EIXO_TRACO", "comp_m": 1018.0948896230763, "id_layer": "p15_camadas_logradouros", "doc_fonte": "Resposta SECT_autos.pdf", "doc_pagina": 15, "doc_folha": 108, "doc_escala": "1:15.000", "doc_metodo": "Reconstituição Vetorial Afim", "doc_rms_m": 0.68 }, "geometry": { "type": "LineString", "coordinates": [ [ 174261.883255975059001, 9658155.031323416158557 ], [ 174256.988972320192261, 9658149.158183244988322 ], [ 174239.369551248993957, 9658140.348472986370325 ], [ 174210.00384944313555, 9658122.729052469134331 ], [ 174073.942764473642455, 9658050.293657010421157 ], [ 173996.613083067932166, 9658006.245105719193816 ], [ 173936.902822692383779, 9657965.133124513551593 ], [ 173923.198828498541843, 9657954.365700865164399 ], [ 173917.32568814145634, 9657951.429130777716637 ], [ 173893.833126672136132, 9657933.809710260480642 ], [ 173849.784573888056912, 9657896.613155836239457 ], [ 173812.588018170092255, 9657860.395458107814193 ], [ 173788.116599916422274, 9657833.966327333822846 ], [ 173780.285746059089433, 9657823.198903683573008 ], [ 173750.920044143713312, 9657789.917776040732861 ], [ 173725.469769098854158, 9657753.700078312307596 ], [ 173686.31549976428505, 9657693.010963197797537 ], [ 173659.886367859784514, 9657637.216131562367082 ], [ 173632.478379143518396, 9657568.696162885054946 ], [ 173626.605238629039377, 9657543.245888805016875 ], [ 173624.647525156149641, 9657539.330462023615837 ], [ 173614.858957668533549, 9657502.133907599374652 ], [ 173611.922387452359544, 9657495.281910732388496 ], [ 173609.964673938404303, 9657485.493343777954578 ], [ 173597.239536255132407, 9657444.381362572312355 ], [ 173595.281822795950575, 9657442.423649182543159 ] ] } },
{ "type": "Feature", "properties": { "id": 130, "pagina": 15, "classe": "Logradouros", "metodo": "EIXO_TRACO", "comp_m": 40.891207879616317, "id_layer": "p15_camadas_logradouros", "doc_fonte": "Resposta SECT_autos.pdf", "doc_pagina": 15, "doc_folha": 108, "doc_escala": "1:15.000", "doc_metodo": "Reconstituição Vetorial Afim", "doc_rms_m": 0.68 }, "geometry": { "type": "LineString", "coordinates": [ [ 178514.036857819417492, 9657896.613155832514167 ], [ 178489.565439784753835, 9657901.507439309731126 ], [ 178479.776872591406573, 9657906.401722786948085 ], [ 178474.882588984473841, 9657907.380579482764006 ] ] } },
{ "type": "Feature", "properties": { "id": 131, "pagina": 15, "classe": "Logradouros", "metodo": "EIXO_TRACO", "comp_m": 15.910984958474007, "id_layer": "p15_camadas_logradouros", "doc_fonte": "Resposta SECT_autos.pdf", "doc_pagina": 15, "doc_folha": 108, "doc_escala": "1:15.000", "doc_metodo": "Reconstituição Vetorial Afim", "doc_rms_m": 0.68 }, "geometry": { "type": "LineString", "coordinates": [ [ 175092.932612239615992, 9657961.21769773028791 ], [ 175093.91146898290026, 9657964.154267817735672 ], [ 175102.721179508225759, 9657967.090837903320789 ], [ 175104.678892974276096, 9657970.027407988905907 ] ] } },
{ "type": "Feature", "properties": { "id": 132, "pagina": 15, "classe": "Logradouros", "metodo": "EIXO_TRACO", "comp_m": 40.3592955428119, "id_layer": "p15_camadas_logradouros", "doc_fonte": "Resposta SECT_autos.pdf", "doc_pagina": 15, "doc_folha": 108, "doc_escala": "1:15.000", "doc_metodo": "Reconstituição Vetorial Afim", "doc_rms_m": 0.68 }, "geometry": { "type": "LineString", "coordinates": [ [ 175092.932612239615992, 9657961.21769773028791 ], [ 175108.594319543626625, 9657924.021143306046724 ] ] } },
{ "type": "Feature", "properties": { "id": 133, "pagina": 15, "classe": "Logradouros", "metodo": "EIXO_TRACO", "comp_m": 220.32220507225261, "id_layer": "p15_camadas_logradouros", "doc_fonte": "Resposta SECT_autos.pdf", "doc_pagina": 15, "doc_folha": 108, "doc_escala": "1:15.000", "doc_metodo": "Reconstituição Vetorial Afim", "doc_rms_m": 0.68 }, "geometry": { "type": "LineString", "coordinates": [ [ 175092.932612239615992, 9657961.21769773028791 ], [ 175088.03832862584386, 9657961.21769773028791 ], [ 175080.207474823255325, 9657958.281127644702792 ], [ 175034.201208703161683, 9657936.74628034606576 ], [ 174993.089226231066277, 9657920.105716524645686 ], [ 174940.230963031150168, 9657895.634299140423536 ], [ 174907.928691091248766, 9657882.909162100404501 ], [ 174897.16126709987293, 9657877.036021929234266 ], [ 174893.245840208837762, 9657877.036021929234266 ], [ 174891.28812674965593, 9657875.078308537602425 ] ] } },
{ "type": "Feature", "properties": { "id": 134, "pagina": 15, "classe": "Logradouros", "metodo": "EIXO_TRACO", "comp_m": 98.895267417511107, "id_layer": "p15_camadas_logradouros", "doc_fonte": "Resposta SECT_autos.pdf", "doc_pagina": 15, "doc_folha": 108, "doc_escala": "1:15.000", "doc_metodo": "Reconstituição Vetorial Afim", "doc_rms_m": 0.68 }, "geometry": { "type": "LineString", "coordinates": [ [ 175651.859793788054958, 9656939.29130775667727 ], [ 175651.859793712792452, 9656928.523884106427431 ], [ 175652.838650428690016, 9656927.545027412474155 ], [ 175654.796363703091629, 9656903.07361002638936 ], [ 175655.775220419018297, 9656902.094753332436085 ], [ 175655.775220022071153, 9656845.321064999327064 ], [ 175654.796363271918381, 9656841.405638217926025 ] ] } },
{ "type": "Feature", "properties": { "id": 135, "pagina": 15, "classe": "Logradouros", "metodo": "EIXO_TRACO", "comp_m": 1.9577134455030321, "id_layer": "p15_camadas_logradouros", "doc_fonte": "Resposta SECT_autos.pdf", "doc_pagina": 15, "doc_folha": 108, "doc_escala": "1:15.000", "doc_metodo": "Reconstituição Vetorial Afim", "doc_rms_m": 0.68 }, "geometry": { "type": "LineString", "coordinates": [ [ 175651.859793788054958, 9656939.29130775667727 ], [ 175649.902080342551926, 9656939.29130775667727 ] ] } },
{ "type": "Feature", "properties": { "id": 136, "pagina": 15, "classe": "Logradouros", "metodo": "EIXO_TRACO", "comp_m": 52.502965040910254, "id_layer": "p15_camadas_logradouros", "doc_fonte": "Resposta SECT_autos.pdf", "doc_pagina": 15, "doc_folha": 108, "doc_escala": "1:15.000", "doc_metodo": "Reconstituição Vetorial Afim", "doc_rms_m": 0.68 }, "geometry": { "type": "LineString", "coordinates": [ [ 175651.859793788054958, 9656939.29130775667727 ], [ 175690.035206009750254, 9656944.185591233894229 ], [ 175703.739200148876989, 9656947.122161319479346 ] ] } },
{ "type": "Feature", "properties": { "id": 137, "pagina": 15, "classe": "Logradouros", "metodo": "EIXO_TRACO", "comp_m": 50.653580005889047, "id_layer": "p15_camadas_logradouros", "doc_fonte": "Resposta SECT_autos.pdf", "doc_pagina": 15, "doc_folha": 108, "doc_escala": "1:15.000", "doc_metodo": "Reconstituição Vetorial Afim", "doc_rms_m": 0.68 }, "geometry": { "type": "LineString", "coordinates": [ [ 175078.249772396549815, 9659534.240407202392817 ], [ 175082.165199260198278, 9659530.324980420991778 ], [ 175100.763476732478011, 9659493.128425996750593 ], [ 175103.700046887068311, 9659491.170712605118752 ] ] } },
{ "type": "Feature", "properties": { "id": 138, "pagina": 15, "classe": "Logradouros", "metodo": "EIXO_TRACO", "comp_m": 249.87515874280248, "id_layer": "p15_camadas_logradouros", "doc_fonte": "Resposta SECT_autos.pdf", "doc_pagina": 15, "doc_folha": 108, "doc_escala": "1:15.000", "doc_metodo": "Reconstituição Vetorial Afim", "doc_rms_m": 0.68 }, "geometry": { "type": "LineString", "coordinates": [ [ 172955.109528851229697, 9657833.966327333822846 ], [ 173100.959181896963855, 9658027.779953017830849 ], [ 173102.916895369853592, 9658031.695379799231887 ], [ 173102.916895390371792, 9658034.631949886679649 ] ] } },
{ "type": "Feature", "properties": { "id": 139, "pagina": 15, "classe": "Logradouros", "metodo": "EIXO_TRACO", "comp_m": 1.9577134455030321, "id_layer": "p15_camadas_logradouros", "doc_fonte": "Resposta SECT_autos.pdf", "doc_pagina": 15, "doc_folha": 108, "doc_escala": "1:15.000", "doc_metodo": "Reconstituição Vetorial Afim", "doc_rms_m": 0.68 }, "geometry": { "type": "LineString", "coordinates": [ [ 172955.109528851229697, 9657833.966327333822846 ], [ 172953.151815405726666, 9657833.966327333822846 ] ] } },
{ "type": "Feature", "properties": { "id": 140, "pagina": 15, "classe": "Logradouros", "metodo": "EIXO_TRACO", "comp_m": 61.332082135056758, "id_layer": "p15_camadas_logradouros", "doc_fonte": "Resposta SECT_autos.pdf", "doc_pagina": 15, "doc_folha": 108, "doc_escala": "1:15.000", "doc_metodo": "Reconstituição Vetorial Afim", "doc_rms_m": 0.68 }, "geometry": { "type": "LineString", "coordinates": [ [ 172955.109528851229697, 9657833.966327333822846 ], [ 172998.179224426625296, 9657801.66405638679862 ], [ 173002.09465129027376, 9657797.748629605397582 ], [ 173002.094651276594959, 9657795.79091621376574 ] ] } },
{ "type": "Feature", "properties": { "id": 141, "pagina": 15, "classe": "Logradouros", "metodo": "EIXO_TRACO", "comp_m": 14.789092690917112, "id_layer": "p15_camadas_logradouros", "doc_fonte": "Resposta SECT_autos.pdf", "doc_pagina": 15, "doc_folha": 108, "doc_escala": "1:15.000", "doc_metodo": "Reconstituição Vetorial Afim", "doc_rms_m": 0.68 }, "geometry": { "type": "LineString", "coordinates": [ [ 178313.371231741883093, 9658195.164447924122214 ], [ 178311.413518248475157, 9658188.312451055273414 ], [ 178311.413518214249052, 9658183.418167578056455 ], [ 178309.45580475506722, 9658181.460454188287258 ] ] } },
{ "type": "Feature", "properties": { "id": 142, "pagina": 15, "classe": "Logradouros", "metodo": "EIXO_TRACO", "comp_m": 91.152991425146624, "id_layer": "p15_camadas_logradouros", "doc_fonte": "Resposta SECT_autos.pdf", "doc_pagina": 15, "doc_folha": 108, "doc_escala": "1:15.000", "doc_metodo": "Reconstituição Vetorial Afim", "doc_rms_m": 0.68 }, "geometry": { "type": "LineString", "coordinates": [ [ 178313.371231741883093, 9658195.164447924122214 ], [ 178311.413518310058862, 9658197.122161313891411 ], [ 178313.371232049859827, 9658239.212999215349555 ], [ 178314.350088779465295, 9658240.191855911165476 ], [ 178316.307802444003755, 9658271.515270162373781 ], [ 178320.223229403462028, 9658281.303837116807699 ], [ 178320.223229423980229, 9658284.240407202392817 ] ] } },
{ "type": "Feature", "properties": { "id": 143, "pagina": 15, "classe": "Logradouros", "metodo": "EIXO_TRACO", "comp_m": 207.51620928880624, "id_layer": "p15_camadas_logradouros", "doc_fonte": "Resposta SECT_autos.pdf", "doc_pagina": 15, "doc_folha": 108, "doc_escala": "1:15.000", "doc_metodo": "Reconstituição Vetorial Afim", "doc_rms_m": 0.68 }, "geometry": { "type": "LineString", "coordinates": [ [ 178313.371231741883093, 9658195.164447924122214 ], [ 178319.244372112647397, 9658200.058731399476528 ], [ 178319.244372126326198, 9658202.01644479110837 ], [ 178339.800363619026029, 9658247.043852778151631 ], [ 178362.314068434032379, 9658274.451840249821544 ], [ 178367.208352082030615, 9658279.346123725175858 ], [ 178396.574053908436326, 9658299.902114327996969 ], [ 178443.559176867624046, 9658338.077525448054075 ], [ 178452.36888739981805, 9658341.992952229455113 ] ] } },
{ "type": "Feature", "properties": { "id": 144, "pagina": 15, "classe": "Logradouros", "metodo": "EIXO_TRACO", "comp_m": 60.892943819645566, "id_layer": "p15_camadas_logradouros", "doc_fonte": "Resposta SECT_autos.pdf", "doc_pagina": 15, "doc_folha": 108, "doc_escala": "1:15.000", "doc_metodo": "Reconstituição Vetorial Afim", "doc_rms_m": 0.68 }, "geometry": { "type": "LineString", "coordinates": [ [ 173090.191754627303453, 9657553.034455759450793 ], [ 173084.318614318151958, 9657556.949882540851831 ], [ 173082.360900872648926, 9657556.949882540851831 ], [ 173039.291205215122318, 9657577.505873145535588 ], [ 173036.354635067371419, 9657580.442443231120706 ] ] } },
{ "type": "Feature", "properties": { "id": 145, "pagina": 15, "classe": "Logradouros", "metodo": "EIXO_TRACO", "comp_m": 136.65636843121172, "id_layer": "p15_camadas_logradouros", "doc_fonte": "Resposta SECT_autos.pdf", "doc_pagina": 15, "doc_folha": 108, "doc_escala": "1:15.000", "doc_metodo": "Reconstituição Vetorial Afim", "doc_rms_m": 0.68 }, "geometry": { "type": "LineString", "coordinates": [ [ 173096.064894998067757, 9657557.928739236667752 ], [ 173096.064895025454462, 9657561.84416601806879 ], [ 173153.817442208703142, 9657639.173844953998923 ], [ 173171.436863396258559, 9657664.624119034036994 ], [ 173173.394576875987696, 9657669.518402509391308 ] ] } },
{ "type": "Feature", "properties": { "id": 146, "pagina": 15, "classe": "Logradouros", "metodo": "EIXO_TRACO", "comp_m": 1.957713389769197, "id_layer": "p15_camadas_logradouros", "doc_fonte": "Resposta SECT_autos.pdf", "doc_pagina": 15, "doc_folha": 108, "doc_escala": "1:15.000", "doc_metodo": "Reconstituição Vetorial Afim", "doc_rms_m": 0.68 }, "geometry": { "type": "LineString", "coordinates": [ [ 173060.826058796228608, 9658389.956930307671428 ], [ 173060.826058782549808, 9658387.999216917902231 ] ] } },
{ "type": "Feature", "properties": { "id": 147, "pagina": 15, "classe": "Logradouros", "metodo": "EIXO_TRACO", "comp_m": 60.044744276478838, "id_layer": "p15_camadas_logradouros", "doc_fonte": "Resposta SECT_autos.pdf", "doc_pagina": 15, "doc_folha": 108, "doc_escala": "1:15.000", "doc_metodo": "Reconstituição Vetorial Afim", "doc_rms_m": 0.68 }, "geometry": { "type": "LineString", "coordinates": [ [ 173060.826058796228608, 9658389.956930307671428 ], [ 173031.460357270989334, 9658412.470634302124381 ], [ 173015.798649782169377, 9658423.238057950511575 ], [ 173011.883222898002714, 9658424.216914646327496 ] ] } },
{ "type": "Feature", "properties": { "id": 148, "pagina": 15, "classe": "Logradouros", "metodo": "EIXO_TRACO", "comp_m": 101.2505541319822, "id_layer": "p15_camadas_logradouros", "doc_fonte": "Resposta SECT_autos.pdf", "doc_pagina": 15, "doc_folha": 108, "doc_escala": "1:15.000", "doc_metodo": "Reconstituição Vetorial Afim", "doc_rms_m": 0.68 }, "geometry": { "type": "LineString", "coordinates": [ [ 173060.826058796228608, 9658389.956930307671428 ], [ 173090.191760732152034, 9658426.174628036096692 ], [ 173119.557462695403956, 9658466.30775254778564 ], [ 173123.472889606986428, 9658469.244322633370757 ] ] } },
{ "type": "Feature", "properties": { "id": 149, "pagina": 15, "classe": "Logradouros", "metodo": "EIXO_TRACO", "comp_m": 24.090884057711722, "id_layer": "p15_camadas_logradouros", "doc_fonte": "Resposta SECT_autos.pdf", "doc_pagina": 15, "doc_folha": 108, "doc_escala": "1:15.000", "doc_metodo": "Reconstituição Vetorial Afim", "doc_rms_m": 0.68 }, "geometry": { "type": "LineString", "coordinates": [ [ 175172.22000401787227, 9657565.759592797607183 ], [ 175170.262290551821934, 9657562.823022712022066 ], [ 175154.600582953513367, 9657557.928739234805107 ], [ 175151.664012764696963, 9657554.99216914921999 ] ] } },
{ "type": "Feature", "properties": { "id": 150, "pagina": 15, "classe": "Logradouros", "metodo": "EIXO_TRACO", "comp_m": 27.768788004782206, "id_layer": "p15_camadas_logradouros", "doc_fonte": "Resposta SECT_autos.pdf", "doc_pagina": 15, "doc_folha": 108, "doc_escala": "1:15.000", "doc_metodo": "Reconstituição Vetorial Afim", "doc_rms_m": 0.68 }, "geometry": { "type": "LineString", "coordinates": [ [ 175172.22000401787227, 9657565.759592797607183 ], [ 175181.029714529518969, 9657566.738449493423104 ], [ 175198.649135587038472, 9657573.59044636040926 ] ] } },
{ "type": "Feature", "properties": { "id": 151, "pagina": 15, "classe": "Logradouros", "metodo": "EIXO_TRACO", "comp_m": 41.916623823110363, "id_layer": "p15_camadas_logradouros", "doc_fonte": "Resposta SECT_autos.pdf", "doc_pagina": 15, "doc_folha": 108, "doc_escala": "1:15.000", "doc_metodo": "Reconstituição Vetorial Afim", "doc_rms_m": 0.68 }, "geometry": { "type": "LineString", "coordinates": [ [ 175172.22000401787227, 9657565.759592797607183 ], [ 175171.241147322492907, 9657569.675019579008222 ], [ 175162.431436913495418, 9657583.379013314843178 ], [ 175155.579439950030064, 9657597.083007050678134 ], [ 175150.685156363615533, 9657600.998433832079172 ] ] } },
{ "type": "Feature", "properties": { "id": 152, "pagina": 15, "classe": "Logradouros", "metodo": "EIXO_TRACO", "comp_m": 30.928054205375162, "id_layer": "p15_camadas_logradouros", "doc_fonte": "Resposta SECT_autos.pdf", "doc_pagina": 15, "doc_folha": 108, "doc_escala": "1:15.000", "doc_metodo": "Reconstituição Vetorial Afim", "doc_rms_m": 0.68 }, "geometry": { "type": "LineString", "coordinates": [ [ 173426.918480956956046, 9659512.705559905618429 ], [ 173427.897337707079714, 9659516.620986687019467 ], [ 173438.664761739521055, 9659528.367267031222582 ], [ 173443.559045387519291, 9659533.261550508439541 ], [ 173447.474472285393858, 9659534.240407204255462 ] ] } },
{ "type": "Feature", "properties": { "id": 153, "pagina": 15, "classe": "Logradouros", "metodo": "EIXO_TRACO", "comp_m": 55.047109982589973, "id_layer": "p15_camadas_logradouros", "doc_fonte": "Resposta SECT_autos.pdf", "doc_pagina": 15, "doc_folha": 108, "doc_escala": "1:15.000", "doc_metodo": "Reconstituição Vetorial Afim", "doc_rms_m": 0.68 }, "geometry": { "type": "LineString", "coordinates": [ [ 173426.918480956956046, 9659512.705559905618429 ], [ 173423.981910781847546, 9659511.726703209802508 ], [ 173420.066483863425674, 9659507.81127642840147 ], [ 173395.595065589237493, 9659478.445575566962361 ], [ 173392.658495400421089, 9659475.509005481377244 ], [ 173388.743068502546521, 9659474.530148785561323 ] ] } },
{ "type": "Feature", "properties": { "id": 154, "pagina": 15, "classe": "Logradouros", "metodo": "EIXO_TRACO", "comp_m": 113.17990386053087, "id_layer": "p15_camadas_logradouros", "doc_fonte": "Resposta SECT_autos.pdf", "doc_pagina": 15, "doc_folha": 108, "doc_escala": "1:15.000", "doc_metodo": "Reconstituição Vetorial Afim", "doc_rms_m": 0.68 }, "geometry": { "type": "LineString", "coordinates": [ [ 173426.918480956956046, 9659512.705559905618429 ], [ 173436.707048088690499, 9659499.001566169783473 ], [ 173445.516758422396379, 9659474.530148785561323 ], [ 173451.389898669964168, 9659461.805011745542288 ], [ 173452.368755358504131, 9659456.910728268325329 ], [ 173458.241895606042817, 9659444.185591230168939 ], [ 173459.22075229458278, 9659439.29130775295198 ], [ 173465.09389254215057, 9659426.566170712932944 ], [ 173466.072749230690533, 9659421.671887235715985 ], [ 173469.988176053273492, 9659411.883320281282067 ], [ 173471.945889485097723, 9659409.925606891512871 ] ] } },
{ "type": "Feature", "properties": { "id": 155, "pagina": 15, "classe": "Logradouros", "metodo": "EIXO_TRACO", "comp_m": 217.82687506663822, "id_layer": "p15_camadas_logradouros", "doc_fonte": "Resposta SECT_autos.pdf", "doc_pagina": 15, "doc_folha": 108, "doc_escala": "1:15.000", "doc_metodo": "Reconstituição Vetorial Afim", "doc_rms_m": 0.68 }, "geometry": { "type": "LineString", "coordinates": [ [ 174891.28812674965593, 9657875.078308537602425 ], [ 174893.245840133575257, 9657866.268598278984427 ], [ 174911.844117564789485, 9657823.198903683573008 ], [ 174913.801830955548212, 9657815.368050118908286 ], [ 174934.357821791229071, 9657766.425215350463986 ], [ 174940.230962004570756, 9657748.805794833227992 ], [ 174970.575519876176259, 9657672.454972594976425 ] ] } },
{ "type": "Feature", "properties": { "id": 156, "pagina": 15, "classe": "Logradouros", "metodo": "EIXO_TRACO", "comp_m": 1.9577134455321361, "id_layer": "p15_camadas_logradouros", "doc_fonte": "Resposta SECT_autos.pdf", "doc_pagina": 15, "doc_folha": 108, "doc_escala": "1:15.000", "doc_metodo": "Reconstituição Vetorial Afim", "doc_rms_m": 0.68 }, "geometry": { "type": "LineString", "coordinates": [ [ 174891.28812674965593, 9657875.078308537602425 ], [ 174889.330413304123795, 9657875.078308537602425 ] ] } },
{ "type": "Feature", "properties": { "id": 157, "pagina": 15, "classe": "Logradouros", "metodo": "EIXO_TRACO", "comp_m": 4.3775802343417034, "id_layer": "p15_camadas_logradouros", "doc_fonte": "Resposta SECT_autos.pdf", "doc_pagina": 15, "doc_folha": 108, "doc_escala": "1:15.000", "doc_metodo": "Reconstituição Vetorial Afim", "doc_rms_m": 0.68 }, "geometry": { "type": "LineString", "coordinates": [ [ 174405.775175282877171, 9655446.534847306087613 ], [ 174403.81746186473174, 9655450.450274087488651 ] ] } },
{ "type": "Feature", "properties": { "id": 158, "pagina": 15, "classe": "Logradouros", "metodo": "EIXO_TRACO", "comp_m": 49.814378539072976, "id_layer": "p15_camadas_logradouros", "doc_fonte": "Resposta SECT_autos.pdf", "doc_pagina": 15, "doc_folha": 108, "doc_escala": "1:15.000", "doc_metodo": "Reconstituição Vetorial Afim", "doc_rms_m": 0.68 }, "geometry": { "type": "LineString", "coordinates": [ [ 175002.877802745904773, 9659248.41425215266645 ], [ 175003.856659448123537, 9659245.477682067081332 ], [ 175007.7720863186114, 9659242.54111197963357 ], [ 175037.137787884945283, 9659225.900548158213496 ], [ 175044.968641653307714, 9659223.9428347684443 ] ] } },
{ "type": "Feature", "properties": { "id": 159, "pagina": 15, "classe": "Logradouros", "metodo": "EIXO_TRACO", "comp_m": 50.802913295707455, "id_layer": "p15_camadas_logradouros", "doc_fonte": "Resposta SECT_autos.pdf", "doc_pagina": 15, "doc_folha": 108, "doc_escala": "1:15.000", "doc_metodo": "Reconstituição Vetorial Afim", "doc_rms_m": 0.68 }, "geometry": { "type": "LineString", "coordinates": [ [ 175002.877802745904773, 9659248.41425215266645 ], [ 174999.941232577635674, 9659248.41425215266645 ], [ 174996.02580570030841, 9659250.371965542435646 ], [ 174968.617817613703664, 9659271.906812841072679 ], [ 174964.702390750055201, 9659275.822239622473717 ], [ 174963.723534047836438, 9659278.758809709921479 ] ] } },
{ "type": "Feature", "properties": { "id": 160, "pagina": 15, "classe": "Logradouros", "metodo": "EIXO_TRACO", "comp_m": 191.42024732052241, "id_layer": "p15_camadas_logradouros", "doc_fonte": "Resposta SECT_autos.pdf", "doc_pagina": 15, "doc_folha": 108, "doc_escala": "1:15.000", "doc_metodo": "Reconstituição Vetorial Afim", "doc_rms_m": 0.68 }, "geometry": { "type": "LineString", "coordinates": [ [ 173113.68432535653119, 9658895.046985123306513 ], [ 173094.107190757698845, 9658874.490994520485401 ], [ 173065.720345619833097, 9658849.04072044044733 ], [ 172999.158088020747527, 9658784.436178544536233 ], [ 172991.327234183961991, 9658776.605324981734157 ], [ 172987.411807251861319, 9658770.732184810563922 ], [ 172980.559810151520651, 9658764.859044637531042 ], [ 172975.665526530880015, 9658763.880187941715121 ] ] } },
{ "type": "Feature", "properties": { "id": 161, "pagina": 15, "classe": "Logradouros", "metodo": "EIXO_TRACO", "comp_m": 1.9577134455030321, "id_layer": "p15_camadas_logradouros", "doc_fonte": "Resposta SECT_autos.pdf", "doc_pagina": 15, "doc_folha": 108, "doc_escala": "1:15.000", "doc_metodo": "Reconstituição Vetorial Afim", "doc_rms_m": 0.68 }, "geometry": { "type": "LineString", "coordinates": [ [ 173878.17142920976039, 9659378.60219263844192 ], [ 173880.129142655263422, 9659378.60219263844192 ] ] } },
{ "type": "Feature", "properties": { "id": 162, "pagina": 15, "classe": "Logradouros", "metodo": "EIXO_TRACO", "comp_m": 48.580399291861518, "id_layer": "p15_camadas_logradouros", "doc_fonte": "Resposta SECT_autos.pdf", "doc_pagina": 15, "doc_folha": 108, "doc_escala": "1:15.000", "doc_metodo": "Reconstituição Vetorial Afim", "doc_rms_m": 0.68 }, "geometry": { "type": "LineString", "coordinates": [ [ 173878.17142920976039, 9659378.60219263844192 ], [ 173876.213715777936159, 9659380.559906030073762 ], [ 173875.234859096235596, 9659386.433046201243997 ], [ 173858.594295062619494, 9659422.650743931531906 ] ] } },
{ "type": "Feature", "properties": { "id": 163, "pagina": 15, "classe": "Logradouros", "metodo": "EIXO_TRACO", "comp_m": 178.18259017801591, "id_layer": "p15_camadas_logradouros", "doc_fonte": "Resposta SECT_autos.pdf", "doc_pagina": 15, "doc_folha": 108, "doc_escala": "1:15.000", "doc_metodo": "Reconstituição Vetorial Afim", "doc_rms_m": 0.68 }, "geometry": { "type": "LineString", "coordinates": [ [ 173878.17142920976039, 9659378.60219263844192 ], [ 173875.234859020943986, 9659375.665622552856803 ], [ 173858.594294686190551, 9659368.813625684008002 ], [ 173722.533209764602361, 9659303.230227094143629 ], [ 173717.638926143961726, 9659302.251370400190353 ] ] } },
{ "type": "Feature", "properties": { "id": 164, "pagina": 15, "classe": "Logradouros", "metodo": "EIXO_TRACO", "comp_m": 219.54722790849877, "id_layer": "p15_camadas_logradouros", "doc_fonte": "Resposta SECT_autos.pdf", "doc_pagina": 15, "doc_folha": 108, "doc_escala": "1:15.000", "doc_metodo": "Reconstituição Vetorial Afim", "doc_rms_m": 0.68 }, "geometry": { "type": "LineString", "coordinates": [ [ 173084.31862793766777, 9659504.874706342816353 ], [ 173084.31862791714957, 9659501.938136257231236 ], [ 173082.360914451099234, 9659499.001566171646118 ], [ 172978.602101229858818, 9659411.883320283144712 ], [ 172927.701551331731025, 9659366.855912294238806 ], [ 172918.891840799566125, 9659362.940485512837768 ] ] } },
{ "type": "Feature", "properties": { "id": 165, "pagina": 15, "classe": "Logradouros", "metodo": "EIXO_TRACO", "comp_m": 51.511901849365927, "id_layer": "p15_camadas_logradouros", "doc_fonte": "Resposta SECT_autos.pdf", "doc_pagina": 15, "doc_folha": 108, "doc_escala": "1:15.000", "doc_metodo": "Reconstituição Vetorial Afim", "doc_rms_m": 0.68 }, "geometry": { "type": "LineString", "coordinates": [ [ 173084.31862793766777, 9659504.874706342816353 ], [ 173087.25519810593687, 9659504.874706342816353 ], [ 173091.170625010650838, 9659506.832419734448195 ], [ 173118.578613418911118, 9659531.303837118670344 ], [ 173125.430610498733586, 9659534.240407204255462 ] ] } },
{ "type": "Feature", "properties": { "id": 166, "pagina": 15, "classe": "Logradouros", "metodo": "EIXO_TRACO", "comp_m": 32.067772007820373, "id_layer": "p15_camadas_logradouros", "doc_fonte": "Resposta SECT_autos.pdf", "doc_pagina": 15, "doc_folha": 108, "doc_escala": "1:15.000", "doc_metodo": "Reconstituição Vetorial Afim", "doc_rms_m": 0.68 }, "geometry": { "type": "LineString", "coordinates": [ [ 173084.31862793766777, 9659504.874706342816353 ], [ 173075.50891759028309, 9659527.388410337269306 ], [ 173071.593490747152828, 9659534.240407204255462 ] ] } },
{ "type": "Feature", "properties": { "id": 167, "pagina": 15, "classe": "Logradouros", "metodo": "EIXO_TRACO", "comp_m": 64.384925206665258, "id_layer": "p15_camadas_logradouros", "doc_fonte": "Resposta SECT_autos.pdf", "doc_pagina": 15, "doc_folha": 108, "doc_escala": "1:15.000", "doc_metodo": "Reconstituição Vetorial Afim", "doc_rms_m": 0.68 }, "geometry": { "type": "LineString", "coordinates": [ [ 173275.19567550875945, 9657593.167580271139741 ], [ 173280.089959088334581, 9657588.273296793922782 ], [ 173319.244227793242317, 9657558.907595932483673 ], [ 173322.180797947803512, 9657556.949882540851831 ], [ 173327.075081554736244, 9657555.971025846898556 ] ] } },
{ "type": "Feature", "properties": { "id": 168, "pagina": 15, "classe": "Logradouros", "metodo": "EIXO_TRACO", "comp_m": 76.453238521299994, "id_layer": "p15_camadas_logradouros", "doc_fonte": "Resposta SECT_autos.pdf", "doc_pagina": 15, "doc_folha": 108, "doc_escala": "1:15.000", "doc_metodo": "Reconstituição Vetorial Afim", "doc_rms_m": 0.68 }, "geometry": { "type": "LineString", "coordinates": [ [ 176224.490975299850106, 9656753.308535633608699 ], [ 176223.512118536018534, 9656747.435395462438464 ], [ 176219.596691597107565, 9656740.583398593589664 ], [ 176189.252132869994966, 9656694.577133910730481 ], [ 176185.336705951602198, 9656690.661707129329443 ], [ 176183.378992506099166, 9656690.661707129329443 ] ] } },
{ "type": "Feature", "properties": { "id": 169, "pagina": 15, "classe": "Logradouros", "metodo": "EIXO_TRACO", "comp_m": 81.85480120473629, "id_layer": "p15_camadas_logradouros", "doc_fonte": "Resposta SECT_autos.pdf", "doc_pagina": 15, "doc_folha": 108, "doc_escala": "1:15.000", "doc_metodo": "Reconstituição Vetorial Afim", "doc_rms_m": 0.68 }, "geometry": { "type": "LineString", "coordinates": [ [ 176224.490975299850106, 9656753.308535633608699 ], [ 176220.575548408814939, 9656753.308535633608699 ], [ 176204.913840810506372, 9656748.41425215639174 ], [ 176179.463566012011142, 9656747.435395462438464 ], [ 176178.484709296113579, 9656748.41425215639174 ], [ 176166.73842862987658, 9656749.393108852207661 ], [ 176150.097864390932955, 9656756.245105721056461 ], [ 176145.203580777160823, 9656756.245105721056461 ] ] } },
{ "type": "Feature", "properties": { "id": 170, "pagina": 15, "classe": "Logradouros", "metodo": "EIXO_TRACO", "comp_m": 1877.8725746504499, "id_layer": "p15_camadas_logradouros", "doc_fonte": "Resposta SECT_autos.pdf", "doc_pagina": 15, "doc_folha": 108, "doc_escala": "1:15.000", "doc_metodo": "Reconstituição Vetorial Afim", "doc_rms_m": 0.68 }, "geometry": { "type": "LineString", "coordinates": [ [ 176224.490975299850106, 9656753.308535633608699 ], [ 176237.216112764115678, 9656763.097102588042617 ], [ 176270.497241556819063, 9656794.420516839250922 ], [ 176279.306952109531267, 9656801.272513708099723 ], [ 176326.292075130302692, 9656848.257635084912181 ], [ 176397.748616363736801, 9656915.798747066408396 ], [ 176408.516040375630837, 9656924.608457325026393 ], [ 176431.029745156440185, 9656947.122161319479346 ], [ 176448.649166261835489, 9656960.826155053451657 ], [ 176458.437733557831962, 9656970.614722007885575 ], [ 176467.247444103704765, 9656976.48786217905581 ], [ 176479.972581588517642, 9656989.212999219074845 ], [ 176485.845721952413442, 9656993.128426000475883 ], [ 176560.238833333569346, 9657057.732967896386981 ], [ 176707.067342616122914, 9657182.047768209129572 ], [ 176813.762725998763926, 9657268.187157401815057 ], [ 176879.346126820368227, 9657324.960845733061433 ], [ 176917.521539220004342, 9657355.305403290316463 ], [ 176940.035243980266387, 9657374.882537197321653 ], [ 176949.823811255715555, 9657381.734534066170454 ], [ 176963.527805463265395, 9657394.459671106189489 ], [ 176968.422089097584831, 9657397.396241191774607 ], [ 177004.639788051717915, 9657427.740798749029636 ], [ 177049.667197572242003, 9657466.895066563040018 ], [ 177126.018022378353635, 9657528.563038371503353 ], [ 177178.876285728852963, 9657574.569303054362535 ], [ 177263.057964378618635, 9657645.046985121443868 ], [ 177296.339093123417115, 9657669.518402505666018 ], [ 177306.127660392026883, 9657675.391542678698897 ], [ 177328.641365083836718, 9657685.180109633132815 ], [ 177331.577935252105817, 9657685.180109633132815 ], [ 177338.429932331928285, 9657688.116679718717933 ], [ 177342.345359222963452, 9657688.116679718717933 ], [ 177349.19735630278592, 9657691.05324980430305 ], [ 177355.070496639324119, 9657691.05324980430305 ], [ 177362.901350435044151, 9657693.010963195934892 ], [ 177394.224765563238179, 9657693.010963195934892 ], [ 177395.203622279164847, 9657692.032106500118971 ], [ 177402.05561933844001, 9657692.032106500118971 ], [ 177403.034476054366678, 9657691.05324980430305 ], [ 177408.907616390904877, 9657691.05324980430305 ], [ 177423.590467211703071, 9657688.116679718717933 ], [ 177468.617876348958816, 9657672.45497259311378 ], [ 177472.53330321944668, 9657669.518402505666018 ], [ 177541.053273613884812, 9657641.13155834004283 ], [ 177553.77841096179327, 9657634.279561473056674 ], [ 177560.630408007389633, 9657632.321848081424832 ], [ 177572.376688639400527, 9657626.448707910254598 ], [ 177605.657817076222273, 9657606.871574001386762 ], [ 177636.981232122285292, 9657595.125293657183647 ], [ 177647.748656031530118, 9657589.252153486013412 ], [ 177675.156644220784074, 9657582.400156617164612 ], [ 177720.184053364879219, 9657567.71730618737638 ], [ 177731.930334031116217, 9657566.738449491560459 ] ] } },
{ "type": "Feature", "properties": { "id": 171, "pagina": 15, "classe": "Logradouros", "metodo": "EIXO_TRACO", "comp_m": 46.464150477828305, "id_layer": "p15_camadas_logradouros", "doc_fonte": "Resposta SECT_autos.pdf", "doc_pagina": 15, "doc_folha": 108, "doc_escala": "1:15.000", "doc_metodo": "Reconstituição Vetorial Afim", "doc_rms_m": 0.68 }, "geometry": { "type": "LineString", "coordinates": [ [ 173231.147120979469037, 9657306.362568525597453 ], [ 173232.125977654301096, 9657299.510571656748652 ], [ 173237.020261213328922, 9657291.679718093946576 ], [ 173240.93568802907248, 9657280.912294445559382 ], [ 173247.787684992566938, 9657267.208300709724426 ], [ 173250.724255147128133, 9657265.25058731995523 ] ] } },
{ "type": "Feature", "properties": { "id": 172, "pagina": 15, "classe": "Logradouros", "metodo": "EIXO_TRACO", "comp_m": 3.9154268910351679, "id_layer": "p15_camadas_logradouros", "doc_fonte": "Resposta SECT_autos.pdf", "doc_pagina": 15, "doc_folha": 108, "doc_escala": "1:15.000", "doc_metodo": "Reconstituição Vetorial Afim", "doc_rms_m": 0.68 }, "geometry": { "type": "LineString", "coordinates": [ [ 173231.147120979469037, 9657306.362568525597453 ], [ 173227.231694088433869, 9657306.362568525597453 ] ] } },
{ "type": "Feature", "properties": { "id": 173, "pagina": 15, "classe": "Logradouros", "metodo": "EIXO_TRACO", "comp_m": 158.80933566237195, "id_layer": "p15_camadas_logradouros", "doc_fonte": "Resposta SECT_autos.pdf", "doc_pagina": 15, "doc_folha": 108, "doc_escala": "1:15.000", "doc_metodo": "Reconstituição Vetorial Afim", "doc_rms_m": 0.68 }, "geometry": { "type": "LineString", "coordinates": [ [ 173231.147120979469037, 9657306.362568525597453 ], [ 173235.062547897861805, 9657310.277995306998491 ], [ 173241.914545073494082, 9657326.918559128418565 ], [ 173242.893401830486255, 9657331.812842605635524 ], [ 173252.681969215453137, 9657354.326546598225832 ], [ 173253.660825972416205, 9657359.220830075442791 ], [ 173282.047671431966592, 9657430.677368838340044 ], [ 173284.005384932213929, 9657438.50822240114212 ], [ 173287.920811871154001, 9657445.360219268128276 ], [ 173288.899668648664374, 9657453.191072830930352 ] ] } },
{ "type": "Feature", "properties": { "id": 174, "pagina": 15, "classe": "Logradouros", "metodo": "EIXO_TRACO", "comp_m": 167.1822239104273, "id_layer": "p15_camadas_logradouros", "doc_fonte": "Resposta SECT_autos.pdf", "doc_pagina": 15, "doc_folha": 108, "doc_escala": "1:15.000", "doc_metodo": "Reconstituição Vetorial Afim", "doc_rms_m": 0.68 }, "geometry": { "type": "LineString", "coordinates": [ [ 175330.794788881583372, 9656961.805011751130223 ], [ 175324.921648326038849, 9656930.481597498059273 ], [ 175320.027364609588403, 9656915.798747068271041 ], [ 175320.027364582201699, 9656911.883320286870003 ], [ 175316.111937595385825, 9656898.179326551035047 ], [ 175316.111937561159721, 9656893.285043073818088 ], [ 175300.45022957274341, 9656832.595927961170673 ], [ 175300.450229538517306, 9656827.701644483953714 ], [ 175293.598232280754019, 9656799.314800318330526 ] ] } },
{ "type": "Feature", "properties": { "id": 175, "pagina": 15, "classe": "Logradouros", "metodo": "EIXO_TRACO", "comp_m": 73.929020033829815, "id_layer": "p15_camadas_logradouros", "doc_fonte": "Resposta SECT_autos.pdf", "doc_pagina": 15, "doc_folha": 108, "doc_escala": "1:15.000", "doc_metodo": "Reconstituição Vetorial Afim", "doc_rms_m": 0.68 }, "geometry": { "type": "LineString", "coordinates": [ [ 175330.794788881583372, 9656961.805011751130223 ], [ 175338.625642663624603, 9656961.805011751130223 ], [ 175368.970201014308259, 9656953.974158186465502 ], [ 175383.653051841945853, 9656952.016444796696305 ], [ 175392.462762326205848, 9656949.079874711111188 ], [ 175400.293616101407679, 9656948.101018015295267 ], [ 175402.25132953323191, 9656946.143304623663425 ] ] } },
{ "type": "Feature", "properties": { "id": 176, "pagina": 15, "classe": "Logradouros", "metodo": "EIXO_TRACO", "comp_m": 29.652189662421407, "id_layer": "p15_camadas_logradouros", "doc_fonte": "Resposta SECT_autos.pdf", "doc_pagina": 15, "doc_folha": 108, "doc_escala": "1:15.000", "doc_metodo": "Reconstituição Vetorial Afim", "doc_rms_m": 0.68 }, "geometry": { "type": "LineString", "coordinates": [ [ 175330.794788881583372, 9656961.805011751130223 ], [ 175328.837075449759141, 9656963.76272514089942 ], [ 175323.942791835957905, 9656963.76272514089942 ], [ 175307.30222757649608, 9656967.678151922300458 ], [ 175304.365657435613684, 9656971.593578703701496 ] ] } },
{ "type": "Feature", "properties": { "id": 177, "pagina": 15, "classe": "Logradouros", "metodo": "EIXO_TRACO", "comp_m": 17.895625307335685, "id_layer": "p15_camadas_logradouros", "doc_fonte": "Resposta SECT_autos.pdf", "doc_pagina": 15, "doc_folha": 108, "doc_escala": "1:15.000", "doc_metodo": "Reconstituição Vetorial Afim", "doc_rms_m": 0.68 }, "geometry": { "type": "LineString", "coordinates": [ [ 173404.404747889988357, 9655444.577133916318417 ], [ 173411.256744956132025, 9655445.555990612134337 ], [ 173414.193315138079925, 9655447.513704001903534 ], [ 173418.108742029115092, 9655447.513704001903534 ], [ 173421.045312183705391, 9655445.555990612134337 ] ] } },
{ "type": "Feature", "properties": { "id": 178, "pagina": 15, "classe": "Logradouros", "metodo": "EIXO_TRACO", "comp_m": 32.221788906015831, "id_layer": "p15_camadas_logradouros", "doc_fonte": "Resposta SECT_autos.pdf", "doc_pagina": 15, "doc_folha": 108, "doc_escala": "1:15.000", "doc_metodo": "Reconstituição Vetorial Afim", "doc_rms_m": 0.68 }, "geometry": { "type": "LineString", "coordinates": [ [ 174372.494067460094811, 9658414.428347691893578 ], [ 174372.494067473802716, 9658416.386061081662774 ], [ 174357.811216748814331, 9658433.026624903082848 ], [ 174355.853503358055605, 9658440.857478465884924 ] ] } },
{ "type": "Feature", "properties": { "id": 179, "pagina": 15, "classe": "Logradouros", "metodo": "EIXO_TRACO", "comp_m": 53.787050784379822, "id_layer": "p15_camadas_logradouros", "doc_fonte": "Resposta SECT_autos.pdf", "doc_pagina": 15, "doc_folha": 108, "doc_escala": "1:15.000", "doc_metodo": "Reconstituição Vetorial Afim", "doc_rms_m": 0.68 }, "geometry": { "type": "LineString", "coordinates": [ [ 174372.494067460094811, 9658414.428347691893578 ], [ 174377.388351060188143, 9658412.470634300261736 ], [ 174384.240348071587505, 9658405.61863743327558 ], [ 174409.690622719499515, 9658385.062646830454469 ], [ 174412.627192867250415, 9658382.126076743006706 ], [ 174412.62719285354251, 9658380.16836335323751 ] ] } },
{ "type": "Feature", "properties": { "id": 180, "pagina": 15, "classe": "Logradouros", "metodo": "EIXO_TRACO", "comp_m": 4.8942835424968516, "id_layer": "p15_camadas_logradouros", "doc_fonte": "Resposta SECT_autos.pdf", "doc_pagina": 15, "doc_folha": 108, "doc_escala": "1:15.000", "doc_metodo": "Reconstituição Vetorial Afim", "doc_rms_m": 0.68 }, "geometry": { "type": "LineString", "coordinates": [ [ 174372.494067460094811, 9658414.428347691893578 ], [ 174369.557497264468111, 9658410.512920910492539 ] ] } },
{ "type": "Feature", "properties": { "id": 181, "pagina": 15, "classe": "Logradouros", "metodo": "EIXO_TRACO", "comp_m": 60.482027463234374, "id_layer": "p15_camadas_logradouros", "doc_fonte": "Resposta SECT_autos.pdf", "doc_pagina": 15, "doc_folha": 108, "doc_escala": "1:15.000", "doc_metodo": "Reconstituição Vetorial Afim", "doc_rms_m": 0.68 }, "geometry": { "type": "LineString", "coordinates": [ [ 173254.639685617556097, 9657777.192639000713825 ], [ 173249.745402024302166, 9657780.129209088161588 ], [ 173243.872261728829471, 9657786.002349259331822 ], [ 173225.273984078608919, 9657797.748629603534937 ], [ 173205.696849726140499, 9657812.431480035185814 ] ] } },
{ "type": "Feature", "properties": { "id": 182, "pagina": 15, "classe": "Logradouros", "metodo": "EIXO_TRACO", "comp_m": 6.2677411211848844, "id_layer": "p15_camadas_logradouros", "doc_fonte": "Resposta SECT_autos.pdf", "doc_pagina": 15, "doc_folha": 108, "doc_escala": "1:15.000", "doc_metodo": "Reconstituição Vetorial Afim", "doc_rms_m": 0.68 }, "geometry": { "type": "LineString", "coordinates": [ [ 173111.726587827084586, 9655450.450274089351296 ], [ 173107.811160901852418, 9655445.555990612134337 ] ] } },
{ "type": "Feature", "properties": { "id": 183, "pagina": 15, "classe": "Logradouros", "metodo": "EIXO_TRACO", "comp_m": 29.77484875295599, "id_layer": "p15_camadas_logradouros", "doc_fonte": "Resposta SECT_autos.pdf", "doc_pagina": 15, "doc_folha": 108, "doc_escala": "1:15.000", "doc_metodo": "Reconstituição Vetorial Afim", "doc_rms_m": 0.68 }, "geometry": { "type": "LineString", "coordinates": [ [ 173045.164352238207357, 9658533.848864529281855 ], [ 173033.418071647261968, 9658545.595144873484969 ], [ 173031.460358235985041, 9658550.489428350701928 ], [ 173030.481501567963278, 9658558.320281913504004 ] ] } },
{ "type": "Feature", "properties": { "id": 184, "pagina": 15, "classe": "Logradouros", "metodo": "EIXO_TRACO", "comp_m": 252.6095853454197, "id_layer": "p15_camadas_logradouros", "doc_fonte": "Resposta SECT_autos.pdf", "doc_pagina": 15, "doc_folha": 108, "doc_escala": "1:15.000", "doc_metodo": "Reconstituição Vetorial Afim", "doc_rms_m": 0.68 }, "geometry": { "type": "LineString", "coordinates": [ [ 173155.77516414760612, 9658853.935003917664289 ], [ 173192.971719865541672, 9658890.152701646089554 ], [ 173204.718000634427881, 9658903.85669538192451 ], [ 173218.421994889882626, 9658923.433829288929701 ], [ 173246.808840055135079, 9658952.79953015036881 ], [ 173275.195685165614123, 9658974.334377449005842 ], [ 173299.667103350860998, 9658990.974941270425916 ], [ 173331.969375407119514, 9659020.340642130002379 ], [ 173337.842515791562619, 9659027.19263899885118 ] ] } },
{ "type": "Feature", "properties": { "id": 185, "pagina": 15, "classe": "Logradouros", "metodo": "EIXO_TRACO", "comp_m": 253.61583245133937, "id_layer": "p15_camadas_logradouros", "doc_fonte": "Resposta SECT_autos.pdf", "doc_pagina": 15, "doc_folha": 108, "doc_escala": "1:15.000", "doc_metodo": "Reconstituição Vetorial Afim", "doc_rms_m": 0.68 }, "geometry": { "type": "LineString", "coordinates": [ [ 173082.360896875761682, 9656985.297572441399097 ], [ 173081.382040296739433, 9657005.853563044220209 ], [ 173080.403183580812765, 9657006.83241974003613 ], [ 173080.403183683491079, 9657021.515270169824362 ], [ 173079.424326967564411, 9657022.494126865640283 ], [ 173079.424327070213621, 9657037.176977295428514 ], [ 173078.445470354316058, 9657038.155833991244435 ], [ 173078.445470463804668, 9657053.817541116848588 ], [ 173077.466613747907104, 9657054.796397812664509 ], [ 173077.466613850556314, 9657069.479248244315386 ], [ 173076.48775713465875, 9657070.458104938268661 ], [ 173076.487757292052265, 9657092.971808932721615 ], [ 173075.508900576154701, 9657093.950665628537536 ], [ 173071.593474218971096, 9657170.301487866789103 ], [ 173070.614617503044428, 9657171.280344562605023 ], [ 173067.678047786495881, 9657235.884886458516121 ] ] } },
{ "type": "Feature", "properties": { "id": 186, "pagina": 15, "classe": "Logradouros", "metodo": "EIXO_TRACO", "comp_m": 756.1701401417082, "id_layer": "p15_camadas_logradouros", "doc_fonte": "Resposta SECT_autos.pdf", "doc_pagina": 15, "doc_folha": 108, "doc_escala": "1:15.000", "doc_metodo": "Reconstituição Vetorial Afim", "doc_rms_m": 0.68 }, "geometry": { "type": "LineString", "coordinates": [ [ 173082.360896875761682, 9656985.297572441399097 ], [ 173084.318610307585914, 9656983.339859049767256 ], [ 173088.234037191752577, 9656982.36100235581398 ], [ 173102.916888012579875, 9656979.424432268366218 ], [ 173129.346019506454468, 9656976.4878621827811 ], [ 173130.324876222352032, 9656975.509005486965179 ], [ 173157.732864445832092, 9656973.551292097195983 ], [ 173158.711721161729656, 9656972.572435401380062 ], [ 173179.267712339613354, 9656972.572435401380062 ], [ 173180.246569055540022, 9656971.593578705564141 ], [ 173199.823703510628548, 9656971.593578705564141 ], [ 173200.802560240234016, 9656972.572435401380062 ], [ 173209.612270745041315, 9656972.572435401380062 ], [ 173210.591127474646783, 9656973.551292097195983 ], [ 173222.337408147723181, 9656973.551292097195983 ], [ 173229.189405220706249, 9656975.509005486965179 ], [ 173236.041402279981412, 9656975.509005486965179 ], [ 173248.766539696342079, 9656978.445575572550297 ], [ 173254.639680032880278, 9656978.445575572550297 ], [ 173284.984238493052544, 9656986.276429137215018 ], [ 173323.159650769492146, 9656999.001566175371408 ], [ 173352.525352554832352, 9657013.684416607022285 ], [ 173370.14477363973856, 9657024.451840255409479 ], [ 173413.214469653146807, 9657054.796397812664509 ], [ 173422.024180219537811, 9657063.606108071282506 ], [ 173426.918463853857247, 9657066.542678156867623 ], [ 173446.495598445850192, 9657086.119812063872814 ], [ 173473.903586908854777, 9657118.422083012759686 ], [ 173484.671010968682822, 9657134.083790138363838 ], [ 173515.015569750539726, 9657187.920908384025097 ], [ 173523.825280440127244, 9657214.350039159879088 ], [ 173539.486988243734231, 9657248.610023496672511 ], [ 173546.338985446753213, 9657269.166014099493623 ], [ 173546.338985467300517, 9657272.102584186941385 ], [ 173556.127552886493504, 9657299.510571656748652 ], [ 173562.979550137417391, 9657326.918559128418565 ], [ 173564.937263610307127, 9657330.833985909819603 ], [ 173567.873833881225437, 9657345.516836339607835 ], [ 173571.78926084752311, 9657356.284259987995028 ], [ 173573.746974368317751, 9657367.051683638244867 ], [ 173583.535541808058042, 9657397.396241195499897 ], [ 173585.493255335692083, 9657409.142521539703012 ] ] } },
{ "type": "Feature", "properties": { "id": 187, "pagina": 15, "classe": "Logradouros", "metodo": "EIXO_TRACO", "comp_m": 525.55960335483894, "id_layer": "p15_camadas_logradouros", "doc_fonte": "Resposta SECT_autos.pdf", "doc_pagina": 15, "doc_folha": 108, "doc_escala": "1:15.000", "doc_metodo": "Reconstituição Vetorial Afim", "doc_rms_m": 0.68 }, "geometry": { "type": "LineString", "coordinates": [ [ 172835.688998915517004, 9656438.116679726168513 ], [ 172835.688998983969213, 9656447.905246678739786 ], [ 172836.667855713545578, 9656448.884103374555707 ], [ 172836.66785615158733, 9656511.530931878834963 ], [ 172837.646712881163694, 9656512.509788574650884 ], [ 172837.646713312336942, 9656574.177760383114219 ], [ 172838.62557004194241, 9656575.15661707893014 ], [ 172838.625570473115658, 9656636.824588887393475 ], [ 172839.604427202721126, 9656637.803445583209395 ], [ 172839.604427633894375, 9656699.47141739167273 ], [ 172840.583284363470739, 9656700.450274085626006 ], [ 172840.583284801483387, 9656763.097102589905262 ], [ 172841.562141531088855, 9656764.075959285721183 ], [ 172843.519856099010212, 9656924.608457328751683 ], [ 172842.540999383112649, 9656925.587314022704959 ], [ 172807.302157363912556, 9656925.587314022704959 ] ] } },
{ "type": "Feature", "properties": { "id": 188, "pagina": 15, "classe": "Logradouros", "metodo": "EIXO_TRACO", "comp_m": 116.5003969760042, "id_layer": "p15_camadas_logradouros", "doc_fonte": "Resposta SECT_autos.pdf", "doc_pagina": 15, "doc_folha": 108, "doc_escala": "1:15.000", "doc_metodo": "Reconstituição Vetorial Afim", "doc_rms_m": 0.68 }, "geometry": { "type": "LineString", "coordinates": [ [ 172835.688998915517004, 9656438.116679726168513 ], [ 172833.731284655572381, 9656321.632732976227999 ] ] } },
{ "type": "Feature", "properties": { "id": 189, "pagina": 15, "classe": "Logradouros", "metodo": "EIXO_TRACO", "comp_m": 30.176613102311073, "id_layer": "p15_camadas_logradouros", "doc_fonte": "Resposta SECT_autos.pdf", "doc_pagina": 15, "doc_folha": 108, "doc_escala": "1:15.000", "doc_metodo": "Reconstituição Vetorial Afim", "doc_rms_m": 0.68 }, "geometry": { "type": "LineString", "coordinates": [ [ 172835.688998915517004, 9656438.116679726168513 ], [ 172821.985004796937574, 9656438.116679726168513 ], [ 172821.00614808104001, 9656439.095536420121789 ], [ 172807.302153962431476, 9656439.095536420121789 ], [ 172806.323297232855111, 9656438.116679726168513 ] ] } },
{ "type": "Feature", "properties": { "id": 190, "pagina": 15, "classe": "Logradouros", "metodo": "EIXO_TRACO", "comp_m": 21.534847900620662, "id_layer": "p15_camadas_logradouros", "doc_fonte": "Resposta SECT_autos.pdf", "doc_pagina": 15, "doc_folha": 108, "doc_escala": "1:15.000", "doc_metodo": "Reconstituição Vetorial Afim", "doc_rms_m": 0.68 }, "geometry": { "type": "LineString", "coordinates": [ [ 172835.688998915517004, 9656438.116679726168513 ], [ 172857.223846816137666, 9656438.116679726168513 ] ] } },
{ "type": "Feature", "properties": { "id": 191, "pagina": 15, "classe": "Logradouros", "metodo": "EIXO_TRACO", "comp_m": 122.81007993619693, "id_layer": "p15_camadas_logradouros", "doc_fonte": "Resposta SECT_autos.pdf", "doc_pagina": 15, "doc_folha": 108, "doc_escala": "1:15.000", "doc_metodo": "Reconstituição Vetorial Afim", "doc_rms_m": 0.68 }, "geometry": { "type": "LineString", "coordinates": [ [ 175339.604500317160273, 9657094.929522320628166 ], [ 175338.6256435464893, 9657088.077525453642011 ], [ 175334.710216607549228, 9657081.225528586655855 ], [ 175331.773646343470318, 9657067.521534850820899 ], [ 175329.815932870580582, 9657063.606108069419861 ], [ 175329.815932829515077, 9657057.732967896386981 ], [ 175326.879362606501672, 9657049.902114333584905 ], [ 175323.942792328743963, 9657034.240407207980752 ], [ 175316.111938348214608, 9657005.853563042357564 ], [ 175313.175368056748994, 9656988.23414252512157 ], [ 175311.217654577019857, 9656983.339859047904611 ], [ 175311.217654529114952, 9656976.487862180918455 ] ] } },
{ "type": "Feature", "properties": { "id": 192, "pagina": 15, "classe": "Logradouros", "metodo": "EIXO_TRACO", "comp_m": 43.144687753538548, "id_layer": "p15_camadas_logradouros", "doc_fonte": "Resposta SECT_autos.pdf", "doc_pagina": 15, "doc_folha": 108, "doc_escala": "1:15.000", "doc_metodo": "Reconstituição Vetorial Afim", "doc_rms_m": 0.68 }, "geometry": { "type": "LineString", "coordinates": [ [ 175339.604500317160273, 9657094.929522320628166 ], [ 175331.773646535119042, 9657094.929522322490811 ], [ 175322.963936009764438, 9657091.992952235043049 ], [ 175314.154225498117739, 9657091.014095539227128 ], [ 175310.238798593403772, 9657089.056382149457932 ], [ 175302.40794480452314, 9657088.077525453642011 ], [ 175298.492517892969772, 9657085.140955368056893 ] ] } },
{ "type": "Feature", "properties": { "id": 193, "pagina": 15, "classe": "Logradouros", "metodo": "EIXO_TRACO", "comp_m": 28.227557093548942, "id_layer": "p15_camadas_logradouros", "doc_fonte": "Resposta SECT_autos.pdf", "doc_pagina": 15, "doc_folha": 108, "doc_escala": "1:15.000", "doc_metodo": "Reconstituição Vetorial Afim", "doc_rms_m": 0.68 }, "geometry": { "type": "LineString", "coordinates": [ [ 175279.894239394081524, 9656975.509005485102534 ], [ 175279.894239380402723, 9656973.551292095333338 ], [ 175281.851952812226955, 9656971.593578703701496 ], [ 175290.66166329648695, 9656968.657008618116379 ], [ 175300.450230530899717, 9656969.6358653139323 ], [ 175304.365657435613684, 9656971.593578703701496 ] ] } },
{ "type": "Feature", "properties": { "id": 194, "pagina": 15, "classe": "Logradouros", "metodo": "EIXO_TRACO", "comp_m": 56.773688966847942, "id_layer": "p15_camadas_logradouros", "doc_fonte": "Resposta SECT_autos.pdf", "doc_pagina": 15, "doc_folha": 108, "doc_escala": "1:15.000", "doc_metodo": "Reconstituição Vetorial Afim", "doc_rms_m": 0.68 }, "geometry": { "type": "LineString", "coordinates": [ [ 173329.03280791483121, 9659403.07361002266407 ], [ 173287.920825832872652, 9659442.227877838537097 ] ] } },
{ "type": "Feature", "properties": { "id": 195, "pagina": 15, "classe": "Logradouros", "metodo": "EIXO_TRACO", "comp_m": 11.074499582541307, "id_layer": "p15_camadas_logradouros", "doc_fonte": "Resposta SECT_autos.pdf", "doc_pagina": 15, "doc_folha": 108, "doc_escala": "1:15.000", "doc_metodo": "Reconstituição Vetorial Afim", "doc_rms_m": 0.68 }, "geometry": { "type": "LineString", "coordinates": [ [ 178515.015720359544503, 9658728.641346903517842 ], [ 178508.163723293429939, 9658727.662490207701921 ], [ 178505.227153104613535, 9658724.725920122116804 ] ] } },
{ "type": "Feature", "properties": { "id": 196, "pagina": 15, "classe": "Logradouros", "metodo": "EIXO_TRACO", "comp_m": 334.03711196314481, "id_layer": "p15_camadas_logradouros", "doc_fonte": "Resposta SECT_autos.pdf", "doc_pagina": 15, "doc_folha": 108, "doc_escala": "1:15.000", "doc_metodo": "Reconstituição Vetorial Afim", "doc_rms_m": 0.68 }, "geometry": { "type": "LineString", "coordinates": [ [ 174355.853503358055605, 9658440.857478465884924 ], [ 174362.705500410491368, 9658439.878621771931648 ], [ 174374.451781035662862, 9658433.026624903082848 ], [ 174392.071202004182851, 9658427.153484731912613 ], [ 174415.563763329788344, 9658424.21691464446485 ], [ 174416.542620059393812, 9658425.195771340280771 ], [ 174430.246614177973242, 9658425.195771340280771 ], [ 174439.056324696459342, 9658427.153484731912613 ], [ 174444.929465053544845, 9658430.09005481749773 ], [ 174450.802605396922445, 9658431.068911513313651 ], [ 174486.041447498253547, 9658442.815191857516766 ], [ 174490.935731132572982, 9658445.751761943101883 ], [ 174508.555152176384581, 9658450.646045420318842 ], [ 174515.407149235688848, 9658450.646045420318842 ], [ 174516.386005965294316, 9658451.624902116134763 ], [ 174540.857424027344678, 9658450.646045420318842 ], [ 174559.455701718630735, 9658444.772905247285962 ], [ 174575.117409227968892, 9658436.942051684483886 ], [ 174631.891098887746921, 9658399.745497260242701 ], [ 174658.320230306329904, 9658386.041503524407744 ], [ 174661.256800454051699, 9658383.104933438822627 ], [ 174661.256800440372899, 9658381.147220049053431 ] ] } },
{ "type": "Feature", "properties": { "id": 197, "pagina": 15, "classe": "Logradouros", "metodo": "EIXO_TRACO", "comp_m": 1070.5406299085737, "id_layer": "p15_camadas_logradouros", "doc_fonte": "Resposta SECT_autos.pdf", "doc_pagina": 15, "doc_folha": 108, "doc_escala": "1:15.000", "doc_metodo": "Reconstituição Vetorial Afim", "doc_rms_m": 0.68 }, "geometry": { "type": "LineString", "coordinates": [ [ 174355.853503358055605, 9658440.857478465884924 ], [ 174345.08607948984718, 9658452.603758811950684 ], [ 174325.508945253764978, 9658483.927173063158989 ], [ 174216.855850478779757, 9658691.444792483001947 ], [ 174206.088426658505341, 9658710.043069696053863 ], [ 174198.25757299279212, 9658726.683633517473936 ], [ 174196.299859560967889, 9658728.641346907243133 ], [ 174177.701582088688156, 9658765.837901331484318 ], [ 174175.743868656863924, 9658767.795614723116159 ], [ 174167.913014991179807, 9658784.436178544536233 ], [ 174163.997588134370744, 9658789.330462021753192 ], [ 174054.365636451839237, 9658970.418950665742159 ], [ 174035.767358890589094, 9658994.890368049964309 ], [ 174015.211367842741311, 9659013.488645263016224 ], [ 173985.845666276436532, 9659030.129209084436297 ], [ 173973.120528942206874, 9659038.938919343054295 ], [ 173945.712540814536624, 9659054.600626468658447 ], [ 173940.818257228151197, 9659058.516053250059485 ], [ 173913.410269100480946, 9659074.177760375663638 ], [ 173908.515985514066415, 9659078.093187157064676 ], [ 173876.213713793171337, 9659096.691464370116591 ], [ 173871.319430206756806, 9659100.60689115151763 ], [ 173745.04691350509529, 9659176.957713391631842 ], [ 173678.484656617772998, 9659214.154267815873027 ], [ 173673.590373031358467, 9659218.069694597274065 ], [ 173672.611516329139704, 9659221.006264682859182 ] ] } },
{ "type": "Feature", "properties": { "id": 198, "pagina": 15, "classe": "Logradouros", "metodo": "EIXO_TRACO", "comp_m": 85.525595191846165, "id_layer": "p15_camadas_logradouros", "doc_fonte": "Resposta SECT_autos.pdf", "doc_pagina": 15, "doc_folha": 108, "doc_escala": "1:15.000", "doc_metodo": "Reconstituição Vetorial Afim", "doc_rms_m": 0.68 }, "geometry": { "type": "LineString", "coordinates": [ [ 175438.469028761115624, 9657015.642129996791482 ], [ 175476.64444098281092, 9657020.536413472145796 ], [ 175477.623297712416388, 9657021.515270167961717 ], [ 175489.369578392332187, 9657022.494126863777637 ], [ 175503.073572531458922, 9657025.430696949362755 ], [ 175508.946712867997121, 9657025.430696949362755 ], [ 175515.798709940951085, 9657027.388410340994596 ], [ 175522.650707000255352, 9657027.388410340994596 ] ] } },
{ "type": "Feature", "properties": { "id": 199, "pagina": 15, "classe": "Logradouros", "metodo": "EIXO_TRACO", "comp_m": 27.065663257386685, "id_layer": "p15_camadas_logradouros", "doc_fonte": "Resposta SECT_autos.pdf", "doc_pagina": 15, "doc_folha": 108, "doc_escala": "1:15.000", "doc_metodo": "Reconstituição Vetorial Afim", "doc_rms_m": 0.68 }, "geometry": { "type": "LineString", "coordinates": [ [ 178115.642177105619339, 9658675.783085353672504 ], [ 178115.642177201429149, 9658689.487079089507461 ], [ 178116.621033931034617, 9658690.465935785323381 ], [ 178116.621033999457723, 9658700.254502737894654 ], [ 178117.599890735902591, 9658702.212216129526496 ] ] } },
{ "type": "Feature", "properties": { "id": 200, "pagina": 15, "classe": "Logradouros", "metodo": "EIXO_TRACO", "comp_m": 27.85103674128738, "id_layer": "p15_camadas_logradouros", "doc_fonte": "Resposta SECT_autos.pdf", "doc_pagina": 15, "doc_folha": 108, "doc_escala": "1:15.000", "doc_metodo": "Reconstituição Vetorial Afim", "doc_rms_m": 0.68 }, "geometry": { "type": "LineString", "coordinates": [ [ 178115.642177105619339, 9658675.783085353672504 ], [ 178129.34617122419877, 9658675.783085353672504 ], [ 178130.325027940096334, 9658674.804228657856584 ], [ 178143.0501653290994, 9658673.825371963903308 ] ] } },
{ "type": "Feature", "properties": { "id": 201, "pagina": 15, "classe": "Logradouros", "metodo": "EIXO_TRACO", "comp_m": 7.2574526099056431, "id_layer": "p15_camadas_logradouros", "doc_fonte": "Resposta SECT_autos.pdf", "doc_pagina": 15, "doc_folha": 108, "doc_escala": "1:15.000", "doc_metodo": "Reconstituição Vetorial Afim", "doc_rms_m": 0.68 }, "geometry": { "type": "LineString", "coordinates": [ [ 178115.642177105619339, 9658675.783085353672504 ], [ 178114.663320376013871, 9658674.804228657856584 ], [ 178114.663320334948367, 9658668.931088486686349 ] ] } },
{ "type": "Feature", "properties": { "id": 202, "pagina": 15, "classe": "Logradouros", "metodo": "EIXO_TRACO", "comp_m": 30.697612167009783, "id_layer": "p15_camadas_logradouros", "doc_fonte": "Resposta SECT_autos.pdf", "doc_pagina": 15, "doc_folha": 108, "doc_escala": "1:15.000", "doc_metodo": "Reconstituição Vetorial Afim", "doc_rms_m": 0.68 }, "geometry": { "type": "LineString", "coordinates": [ [ 175076.292047261522384, 9657862.353171497583389 ], [ 175079.228617429791484, 9657862.353171497583389 ], [ 175098.805751953332219, 9657872.141738452017307 ], [ 175104.678892289870419, 9657872.141738452017307 ] ] } },
{ "type": "Feature", "properties": { "id": 203, "pagina": 15, "classe": "Logradouros", "metodo": "EIXO_TRACO", "comp_m": 62.255594553986086, "id_layer": "p15_camadas_logradouros", "doc_fonte": "Resposta SECT_autos.pdf", "doc_pagina": 15, "doc_folha": 108, "doc_escala": "1:15.000", "doc_metodo": "Reconstituição Vetorial Afim", "doc_rms_m": 0.68 }, "geometry": { "type": "LineString", "coordinates": [ [ 173224.295126192388125, 9657631.342991391196847 ], [ 173274.216818792861886, 9657594.146436965093017 ] ] } },
{ "type": "Feature", "properties": { "id": 204, "pagina": 15, "classe": "Logradouros", "metodo": "EIXO_TRACO", "comp_m": 58.141122007023874, "id_layer": "p15_camadas_logradouros", "doc_fonte": "Resposta SECT_autos.pdf", "doc_pagina": 15, "doc_folha": 108, "doc_escala": "1:15.000", "doc_metodo": "Reconstituição Vetorial Afim", "doc_rms_m": 0.68 }, "geometry": { "type": "LineString", "coordinates": [ [ 173132.282605436397716, 9659230.7948316372931 ], [ 173173.394587504677474, 9659189.682850431650877 ] ] } },
{ "type": "Feature", "properties": { "id": 205, "pagina": 15, "classe": "Logradouros", "metodo": "EIXO_TRACO", "comp_m": 100.12611173514034, "id_layer": "p15_camadas_logradouros", "doc_fonte": "Resposta SECT_autos.pdf", "doc_pagina": 15, "doc_folha": 108, "doc_escala": "1:15.000", "doc_metodo": "Reconstituição Vetorial Afim", "doc_rms_m": 0.68 }, "geometry": { "type": "LineString", "coordinates": [ [ 178467.051735804707278, 9657993.519968675449491 ], [ 178472.924876243894687, 9658008.202819105237722 ], [ 178479.776873364782659, 9658017.01252936385572 ], [ 178485.650013776583364, 9658027.779953014105558 ], [ 178490.5442974245816, 9658032.674236491322517 ], [ 178511.100288828311022, 9658064.976507438346744 ], [ 178515.015715774090495, 9658072.80736100114882 ], [ 178515.994572544761468, 9658079.659357868134975 ] ] } },
{ "type": "Feature", "properties": { "id": 206, "pagina": 15, "classe": "Logradouros", "metodo": "EIXO_TRACO", "comp_m": 84.373648107068192, "id_layer": "p15_camadas_logradouros", "doc_fonte": "Resposta SECT_autos.pdf", "doc_pagina": 15, "doc_folha": 108, "doc_escala": "1:15.000", "doc_metodo": "Reconstituição Vetorial Afim", "doc_rms_m": 0.68 }, "geometry": { "type": "LineString", "coordinates": [ [ 178467.051735804707278, 9657993.519968675449491 ], [ 178469.009449058561586, 9657966.111981205642223 ], [ 178469.988305774488254, 9657965.133124509826303 ], [ 178471.946019042050466, 9657939.682850429788232 ], [ 178472.924875757977134, 9657938.703993733972311 ], [ 178472.924875710072229, 9657931.851996866986156 ], [ 178474.882589093962451, 9657923.042286608368158 ], [ 178474.882589004992042, 9657910.317149568349123 ] ] } },
{ "type": "Feature", "properties": { "id": 207, "pagina": 15, "classe": "Logradouros", "metodo": "EIXO_TRACO", "comp_m": 85.838237842945858, "id_layer": "p15_camadas_logradouros", "doc_fonte": "Resposta SECT_autos.pdf", "doc_pagina": 15, "doc_folha": 108, "doc_escala": "1:15.000", "doc_metodo": "Reconstituição Vetorial Afim", "doc_rms_m": 0.68 }, "geometry": { "type": "LineString", "coordinates": [ [ 178467.051735804707278, 9657993.519968675449491 ], [ 178459.220882029505447, 9657994.498825371265411 ], [ 178434.749464008491486, 9658001.350822238251567 ], [ 178430.834037117485423, 9658001.350822238251567 ], [ 178395.595195159869036, 9658010.160532496869564 ], [ 178391.679768268833868, 9658010.160532496869564 ], [ 178385.806627946003573, 9658012.118245888501406 ], [ 178384.827771236945409, 9658014.075959278270602 ] ] } },
{ "type": "Feature", "properties": { "id": 208, "pagina": 15, "classe": "Logradouros", "metodo": "EIXO_TRACO", "comp_m": 43.814793908290227, "id_layer": "p15_camadas_logradouros", "doc_fonte": "Resposta SECT_autos.pdf", "doc_pagina": 15, "doc_folha": 108, "doc_escala": "1:15.000", "doc_metodo": "Reconstituição Vetorial Afim", "doc_rms_m": 0.68 }, "geometry": { "type": "LineString", "coordinates": [ [ 172805.3444608503778, 9659347.278778387233615 ], [ 172819.048455010022735, 9659353.151918560266495 ], [ 172844.498729897488374, 9659366.855912294238806 ] ] } },
{ "type": "Feature", "properties": { "id": 209, "pagina": 15, "classe": "Logradouros", "metodo": "EIXO_TRACO", "comp_m": 42.480283645490289, "id_layer": "p15_camadas_logradouros", "doc_fonte": "Resposta SECT_autos.pdf", "doc_pagina": 15, "doc_folha": 108, "doc_escala": "1:15.000", "doc_metodo": "Reconstituição Vetorial Afim", "doc_rms_m": 0.68 }, "geometry": { "type": "LineString", "coordinates": [ [ 178293.794096917205025, 9658142.306186372414231 ], [ 178294.772953681007493, 9658148.179326545447111 ], [ 178307.498091254790779, 9658173.629600625485182 ], [ 178309.45580475506722, 9658181.460454188287258 ] ] } },
{ "type": "Feature", "properties": { "id": 210, "pagina": 15, "classe": "Logradouros", "metodo": "EIXO_TRACO", "comp_m": 178.58392483504159, "id_layer": "p15_camadas_logradouros", "doc_fonte": "Resposta SECT_autos.pdf", "doc_pagina": 15, "doc_folha": 108, "doc_escala": "1:15.000", "doc_metodo": "Reconstituição Vetorial Afim", "doc_rms_m": 0.68 }, "geometry": { "type": "LineString", "coordinates": [ [ 178293.794096917205025, 9658142.306186372414231 ], [ 178291.836383464833489, 9658141.327329678460956 ], [ 178286.942099775798852, 9658130.559906028211117 ], [ 178237.020406360883499, 9658051.272513702511787 ], [ 178219.400985139101977, 9658020.927956147119403 ], [ 178202.760420681152027, 9657996.456538761034608 ], [ 178200.80270719458349, 9657990.583398589864373 ] ] } },
{ "type": "Feature", "properties": { "id": 211, "pagina": 15, "classe": "Logradouros", "metodo": "EIXO_TRACO", "comp_m": 96.350732758319282, "id_layer": "p15_camadas_logradouros", "doc_fonte": "Resposta SECT_autos.pdf", "doc_pagina": 15, "doc_folha": 108, "doc_escala": "1:15.000", "doc_metodo": "Reconstituição Vetorial Afim", "doc_rms_m": 0.68 }, "geometry": { "type": "LineString", "coordinates": [ [ 178293.794096917205025, 9658142.306186372414231 ], [ 178298.688380524137756, 9658141.327329678460956 ], [ 178352.525500022486085, 9658105.109631948173046 ], [ 178369.166064247721806, 9658096.299921689555049 ], [ 178375.039204550033901, 9658091.405638214200735 ] ] } },
{ "type": "Feature", "properties": { "id": 212, "pagina": 15, "classe": "Logradouros", "metodo": "EIXO_TRACO", "comp_m": 75.298564858924351, "id_layer": "p15_camadas_logradouros", "doc_fonte": "Resposta SECT_autos.pdf", "doc_pagina": 15, "doc_folha": 108, "doc_escala": "1:15.000", "doc_metodo": "Reconstituição Vetorial Afim", "doc_rms_m": 0.68 }, "geometry": { "type": "LineString", "coordinates": [ [ 173215.485419506527251, 9658177.54502741061151 ], [ 173215.485419533884851, 9658181.460454192012548 ], [ 173209.612279334221967, 9658201.037588100880384 ], [ 173197.865998873341596, 9658231.382145656272769 ], [ 173193.950572078116238, 9658245.086139392107725 ], [ 173191.014001930394443, 9658248.022709477692842 ] ] } },
{ "type": "Feature", "properties": { "id": 213, "pagina": 15, "classe": "Logradouros", "metodo": "EIXO_TRACO", "comp_m": 133.64589263968637, "id_layer": "p15_camadas_logradouros", "doc_fonte": "Resposta SECT_autos.pdf", "doc_pagina": 15, "doc_folha": 108, "doc_escala": "1:15.000", "doc_metodo": "Reconstituição Vetorial Afim", "doc_rms_m": 0.68 }, "geometry": { "type": "LineString", "coordinates": [ [ 173215.485419506527251, 9658177.54502741061151 ], [ 173208.633422406157479, 9658171.671887239441276 ], [ 173191.014001232309965, 9658148.179326549172401 ], [ 173190.035144489025697, 9658145.242756463587284 ], [ 173177.310006990534021, 9658130.559906031936407 ], [ 173166.542582923866576, 9658113.919342210516334 ], [ 173140.113451169920154, 9658079.659357873722911 ], [ 173136.198024217301281, 9658070.849647615104914 ] ] } },
{ "type": "Feature", "properties": { "id": 214, "pagina": 15, "classe": "Logradouros", "metodo": "EIXO_TRACO", "comp_m": 66.072846278732484, "id_layer": "p15_camadas_logradouros", "doc_fonte": "Resposta SECT_autos.pdf", "doc_pagina": 15, "doc_folha": 108, "doc_escala": "1:15.000", "doc_metodo": "Reconstituição Vetorial Afim", "doc_rms_m": 0.68 }, "geometry": { "type": "LineString", "coordinates": [ [ 173215.485419506527251, 9658177.54502741061151 ], [ 173218.421989654249046, 9658174.608457325026393 ], [ 173226.252843272028258, 9658151.115896636620164 ], [ 173228.210556697013089, 9658148.179326549172401 ], [ 173236.041410314821405, 9658124.686765860766172 ], [ 173237.020266975974664, 9658115.877055602148175 ] ] } },
{ "type": "Feature", "properties": { "id": 215, "pagina": 15, "classe": "Logradouros", "metodo": "EIXO_TRACO", "comp_m": 132.88535280901982, "id_layer": "p15_camadas_logradouros", "doc_fonte": "Resposta SECT_autos.pdf", "doc_pagina": 15, "doc_folha": 108, "doc_escala": "1:15.000", "doc_metodo": "Reconstituição Vetorial Afim", "doc_rms_m": 0.68 }, "geometry": { "type": "LineString", "coordinates": [ [ 173204.717993003403535, 9657812.431480035185814 ], [ 173158.71172660269076, 9657750.763508226722479 ], [ 173154.796299663779791, 9657743.911511357873678 ], [ 173130.324881375883706, 9657712.588097106665373 ], [ 173124.451740998280002, 9657706.714956933632493 ] ] } },
{ "type": "Feature", "properties": { "id": 216, "pagina": 15, "classe": "Logradouros", "metodo": "EIXO_TRACO", "comp_m": 76.009130309083446, "id_layer": "p15_camadas_logradouros", "doc_fonte": "Resposta SECT_autos.pdf", "doc_pagina": 15, "doc_folha": 108, "doc_escala": "1:15.000", "doc_metodo": "Reconstituição Vetorial Afim", "doc_rms_m": 0.68 }, "geometry": { "type": "LineString", "coordinates": [ [ 174330.403236211102922, 9659534.240407202392817 ], [ 174322.57238242222229, 9659533.261550508439541 ], [ 174266.777549033518881, 9659505.853563036769629 ], [ 174260.904408690141281, 9659504.874706342816353 ] ] } },
{ "type": "Feature", "properties": { "id": 217, "pagina": 15, "classe": "Logradouros", "metodo": "EIXO_TRACO", "comp_m": 62.030025692076286, "id_layer": "p15_camadas_logradouros", "doc_fonte": "Resposta SECT_autos.pdf", "doc_pagina": 15, "doc_folha": 108, "doc_escala": "1:15.000", "doc_metodo": "Reconstituição Vetorial Afim", "doc_rms_m": 0.68 }, "geometry": { "type": "LineString", "coordinates": [ [ 173005.031223628087901, 9658108.046202039346099 ], [ 173024.60835797371692, 9658092.384494913741946 ], [ 173049.079775919410167, 9658074.765074396505952 ], [ 173052.995202803576831, 9658073.786217700690031 ], [ 173054.952916235401062, 9658071.828504310920835 ] ] } },
{ "type": "Feature", "properties": { "id": 218, "pagina": 15, "classe": "Logradouros", "metodo": "EIXO_TRACO", "comp_m": 30.40764404078341, "id_layer": "p15_camadas_logradouros", "doc_fonte": "Resposta SECT_autos.pdf", "doc_pagina": 15, "doc_folha": 108, "doc_escala": "1:15.000", "doc_metodo": "Reconstituição Vetorial Afim", "doc_rms_m": 0.68 }, "geometry": { "type": "LineString", "coordinates": [ [ 175744.851186898449669, 9657575.548159752041101 ], [ 175742.893473240779713, 9657545.203602194786072 ] ] } },
{ "type": "Feature", "properties": { "id": 219, "pagina": 15, "classe": "Logradouros", "metodo": "EIXO_TRACO", "comp_m": 70.593688000040288, "id_layer": "p15_camadas_logradouros", "doc_fonte": "Resposta SECT_autos.pdf", "doc_pagina": 15, "doc_folha": 108, "doc_escala": "1:15.000", "doc_metodo": "Reconstituição Vetorial Afim", "doc_rms_m": 0.68 }, "geometry": { "type": "LineString", "coordinates": [ [ 175744.851186898449669, 9657575.548159752041101 ], [ 175742.893473459786037, 9657576.527016447857022 ], [ 175732.126049509475706, 9657576.527016447857022 ], [ 175731.147192793549038, 9657577.505873141810298 ], [ 175712.548915061197476, 9657577.505873141810298 ], [ 175711.570058345270809, 9657578.484729837626219 ], [ 175675.352359617012553, 9657580.44244322925806 ] ] } },
{ "type": "Feature", "properties": { "id": 220, "pagina": 15, "classe": "Logradouros", "metodo": "EIXO_TRACO", "comp_m": 47.891690194867216, "id_layer": "p15_camadas_logradouros", "doc_fonte": "Resposta SECT_autos.pdf", "doc_pagina": 15, "doc_folha": 108, "doc_escala": "1:15.000", "doc_metodo": "Reconstituição Vetorial Afim", "doc_rms_m": 0.68 }, "geometry": { "type": "LineString", "coordinates": [ [ 175744.851186898449669, 9657575.548159752041101 ], [ 175789.878596124675823, 9657572.611589664593339 ], [ 175791.836309556500055, 9657570.653876274824142 ] ] } },
{ "type": "Feature", "properties": { "id": 221, "pagina": 15, "classe": "Logradouros", "metodo": "EIXO_TRACO", "comp_m": 155.25242256188619, "id_layer": "p15_camadas_logradouros", "doc_fonte": "Resposta SECT_autos.pdf", "doc_pagina": 15, "doc_folha": 108, "doc_escala": "1:15.000", "doc_metodo": "Reconstituição Vetorial Afim", "doc_rms_m": 0.68 }, "geometry": { "type": "LineString", "coordinates": [ [ 178123.473025166109437, 9657857.458888018503785 ], [ 178124.451881929911906, 9657863.33202818967402 ], [ 178129.346165605296846, 9657872.141738448292017 ], [ 178139.134732997103129, 9657895.634299138560891 ], [ 178157.733010969008319, 9657929.894283475354314 ], [ 178177.310145643132273, 9657961.217697728425264 ], [ 178187.098712952807546, 9657972.963978072628379 ], [ 178195.908423553424655, 9657986.667971808463335 ], [ 178200.80270719458349, 9657990.583398589864373 ] ] } },
{ "type": "Feature", "properties": { "id": 222, "pagina": 15, "classe": "Logradouros", "metodo": "EIXO_TRACO", "comp_m": 194.24389584517155, "id_layer": "p15_camadas_logradouros", "doc_fonte": "Resposta SECT_autos.pdf", "doc_pagina": 15, "doc_folha": 108, "doc_escala": "1:15.000", "doc_metodo": "Reconstituição Vetorial Afim", "doc_rms_m": 0.68 }, "geometry": { "type": "LineString", "coordinates": [ [ 178123.473025166109437, 9657857.458888018503785 ], [ 178120.536454984132433, 9657855.501174626871943 ], [ 178120.536454970453633, 9657853.543461237102747 ], [ 178118.578741511242697, 9657851.585747845470905 ], [ 178079.424472039827378, 9657771.3194988258183 ], [ 178069.635904709604802, 9657756.636648394167423 ], [ 178066.699334493430797, 9657749.784651527181268 ], [ 178061.805050838593161, 9657743.911511354148388 ], [ 178058.868480629258556, 9657738.038371182978153 ], [ 178040.270202739484375, 9657715.5246671885252 ], [ 178020.693068174849031, 9657699.862960062921047 ], [ 178019.714211431564763, 9657696.92638997733593 ] ] } },
{ "type": "Feature", "properties": { "id": 223, "pagina": 15, "classe": "Logradouros", "metodo": "EIXO_TRACO", "comp_m": 83.915802208785308, "id_layer": "p15_camadas_logradouros", "doc_fonte": "Resposta SECT_autos.pdf", "doc_pagina": 15, "doc_folha": 108, "doc_escala": "1:15.000", "doc_metodo": "Reconstituição Vetorial Afim", "doc_rms_m": 0.68 }, "geometry": { "type": "LineString", "coordinates": [ [ 178123.473025166109437, 9657857.458888018503785 ], [ 178127.388452050276101, 9657856.480031322687864 ], [ 178196.887279119546292, 9657821.241190290078521 ], [ 178198.844992565078428, 9657821.241190290078521 ] ] } },
{ "type": "Feature", "properties": { "id": 224, "pagina": 15, "classe": "Logradouros", "metodo": "EIXO_TRACO", "comp_m": 5.8731401730328798, "id_layer": "p15_camadas_logradouros", "doc_fonte": "Resposta SECT_autos.pdf", "doc_pagina": 15, "doc_folha": 108, "doc_escala": "1:15.000", "doc_metodo": "Reconstituição Vetorial Afim", "doc_rms_m": 0.68 }, "geometry": { "type": "LineString", "coordinates": [ [ 178198.844992524012923, 9657815.368050117045641 ], [ 178198.844992565078428, 9657821.241190290078521 ] ] } },
{ "type": "Feature", "properties": { "id": 225, "pagina": 15, "classe": "Logradouros", "metodo": "EIXO_TRACO", "comp_m": 178.94335713939026, "id_layer": "p15_camadas_logradouros", "doc_fonte": "Resposta SECT_autos.pdf", "doc_pagina": 15, "doc_folha": 108, "doc_escala": "1:15.000", "doc_metodo": "Reconstituição Vetorial Afim", "doc_rms_m": 0.68 }, "geometry": { "type": "LineString", "coordinates": [ [ 178198.844992524012923, 9657815.368050117045641 ], [ 178193.950708876014687, 9657810.473766639828682 ], [ 178167.521577033097856, 9657763.488645261153579 ], [ 178162.627293371391715, 9657756.636648394167423 ], [ 178144.029015372128924, 9657718.461237274110317 ], [ 178113.684456603950821, 9657666.5818324200809 ], [ 178111.726743110542884, 9657659.7298355512321 ] ] } },
{ "type": "Feature", "properties": { "id": 226, "pagina": 15, "classe": "Logradouros", "metodo": "EIXO_TRACO", "comp_m": 72.406806294704495, "id_layer": "p15_camadas_logradouros", "doc_fonte": "Resposta SECT_autos.pdf", "doc_pagina": 15, "doc_folha": 108, "doc_escala": "1:15.000", "doc_metodo": "Reconstituição Vetorial Afim", "doc_rms_m": 0.68 }, "geometry": { "type": "LineString", "coordinates": [ [ 178198.844992524012923, 9657815.368050117045641 ], [ 178246.808971651596949, 9657774.256068911403418 ], [ 178254.639825399412075, 9657769.361785434186459 ] ] } },
{ "type": "Feature", "properties": { "id": 227, "pagina": 15, "classe": "Logradouros", "metodo": "EIXO_TRACO", "comp_m": 62.887096392842651, "id_layer": "p15_camadas_logradouros", "doc_fonte": "Resposta SECT_autos.pdf", "doc_pagina": 15, "doc_folha": 108, "doc_escala": "1:15.000", "doc_metodo": "Reconstituição Vetorial Afim", "doc_rms_m": 0.68 }, "geometry": { "type": "LineString", "coordinates": [ [ 172805.344461897504516, 9659497.043852780014277 ], [ 172821.006169550586492, 9659509.768989820033312 ], [ 172824.92159645530046, 9659511.726703211665154 ], [ 172850.371871397510404, 9659533.261550508439541 ], [ 172855.266155018121935, 9659534.240407204255462 ] ] } },
{ "type": "Feature", "properties": { "id": 228, "pagina": 15, "classe": "Logradouros", "metodo": "EIXO_TRACO", "comp_m": 55.275769732660592, "id_layer": "p15_camadas_logradouros", "doc_fonte": "Resposta SECT_autos.pdf", "doc_pagina": 15, "doc_folha": 108, "doc_escala": "1:15.000", "doc_metodo": "Reconstituição Vetorial Afim", "doc_rms_m": 0.68 }, "geometry": { "type": "LineString", "coordinates": [ [ 173614.858971397537971, 9659465.720438526943326 ], [ 173614.858971527573885, 9659484.318715739995241 ], [ 173615.837828257179353, 9659485.297572435811162 ], [ 173617.795541949075414, 9659520.536413468420506 ] ] } },
{ "type": "Feature", "properties": { "id": 229, "pagina": 15, "classe": "Logradouros", "metodo": "EIXO_TRACO", "comp_m": 70.096923742470636, "id_layer": "p15_camadas_logradouros", "doc_fonte": "Resposta SECT_autos.pdf", "doc_pagina": 15, "doc_folha": 108, "doc_escala": "1:15.000", "doc_metodo": "Reconstituição Vetorial Afim", "doc_rms_m": 0.68 }, "geometry": { "type": "LineString", "coordinates": [ [ 173614.858971397537971, 9659465.720438526943326 ], [ 173621.710968463681638, 9659466.699295222759247 ], [ 173638.351532798435073, 9659473.551292089745402 ], [ 173645.203529885096941, 9659477.466718871146441 ], [ 173673.59037492715288, 9659489.2129992172122 ], [ 173677.505801831866847, 9659491.170712606981397 ], [ 173678.484658568311715, 9659493.128425998613238 ] ] } },
{ "type": "Feature", "properties": { "id": 230, "pagina": 15, "classe": "Logradouros", "metodo": "EIXO_TRACO", "comp_m": 88.89005965620521, "id_layer": "p15_camadas_logradouros", "doc_fonte": "Resposta SECT_autos.pdf", "doc_pagina": 15, "doc_folha": 108, "doc_escala": "1:15.000", "doc_metodo": "Reconstituição Vetorial Afim", "doc_rms_m": 0.68 }, "geometry": { "type": "LineString", "coordinates": [ [ 173002.094651276594959, 9657795.79091621376574 ], [ 173006.988934883527691, 9657794.81205951794982 ], [ 173009.92550503811799, 9657792.854346128180623 ], [ 173069.635764804552309, 9657746.848081445321441 ], [ 173074.530048411485041, 9657745.86922474950552 ] ] } },
{ "type": "Feature", "properties": { "id": 231, "pagina": 15, "classe": "Logradouros", "metodo": "EIXO_TRACO", "comp_m": 245.1582852803661, "id_layer": "p15_camadas_logradouros", "doc_fonte": "Resposta SECT_autos.pdf", "doc_pagina": 15, "doc_folha": 108, "doc_escala": "1:15.000", "doc_metodo": "Reconstituição Vetorial Afim", "doc_rms_m": 0.68 }, "geometry": { "type": "LineString", "coordinates": [ [ 175583.339829854347045, 9657891.718872359022498 ], [ 175510.904432644165354, 9657930.87314017303288 ], [ 175504.052435619116295, 9657935.767423650249839 ], [ 175488.390728164522443, 9657951.429130775853992 ], [ 175477.623304323700722, 9657967.090837903320789 ], [ 175471.750164069293533, 9657978.837118247523904 ], [ 175444.342176345438929, 9658052.251370400190353 ], [ 175436.511322652368108, 9658064.976507440209389 ], [ 175434.553609220543876, 9658066.93422083184123 ], [ 175430.638182336348109, 9658067.913077527657151 ] ] } },
{ "type": "Feature", "properties": { "id": 232, "pagina": 15, "classe": "Logradouros", "metodo": "EIXO_TRACO", "comp_m": 50.458884078482534, "id_layer": "p15_camadas_logradouros", "doc_fonte": "Resposta SECT_autos.pdf", "doc_pagina": 15, "doc_folha": 108, "doc_escala": "1:15.000", "doc_metodo": "Reconstituição Vetorial Afim", "doc_rms_m": 0.68 }, "geometry": { "type": "LineString", "coordinates": [ [ 174656.362515409884509, 9658178.523884104564786 ], [ 174657.341372091585072, 9658172.650743933394551 ], [ 174668.108795939246193, 9658157.967893501743674 ], [ 174677.897363023075741, 9658137.411902898922563 ], [ 174680.833933177636936, 9658135.454189509153366 ] ] } },
{ "type": "Feature", "properties": { "id": 233, "pagina": 15, "classe": "Logradouros", "metodo": "EIXO_TRACO", "comp_m": 49.500200723544012, "id_layer": "p15_camadas_logradouros", "doc_fonte": "Resposta SECT_autos.pdf", "doc_pagina": 15, "doc_folha": 108, "doc_escala": "1:15.000", "doc_metodo": "Reconstituição Vetorial Afim", "doc_rms_m": 0.68 }, "geometry": { "type": "LineString", "coordinates": [ [ 174656.362515409884509, 9658178.523884104564786 ], [ 174664.19336917824694, 9658176.566170714795589 ], [ 174681.812790085183224, 9658161.883320283144712 ], [ 174693.559070710354717, 9658155.031323416158557 ], [ 174696.495640851237113, 9658151.115896634757519 ] ] } },
{ "type": "Feature", "properties": { "id": 234, "pagina": 15, "classe": "Logradouros", "metodo": "EIXO_TRACO", "comp_m": 1.9577134455321361, "id_layer": "p15_camadas_logradouros", "doc_fonte": "Resposta SECT_autos.pdf", "doc_pagina": 15, "doc_folha": 108, "doc_escala": "1:15.000", "doc_metodo": "Reconstituição Vetorial Afim", "doc_rms_m": 0.68 }, "geometry": { "type": "LineString", "coordinates": [ [ 175108.594319543626625, 9657924.021143306046724 ], [ 175110.552032989158761, 9657924.021143306046724 ] ] } },
{ "type": "Feature", "properties": { "id": 235, "pagina": 15, "classe": "Logradouros", "metodo": "EIXO_TRACO", "comp_m": 104.47660738431591, "id_layer": "p15_camadas_logradouros", "doc_fonte": "Resposta SECT_autos.pdf", "doc_pagina": 15, "doc_folha": 108, "doc_escala": "1:15.000", "doc_metodo": "Reconstituição Vetorial Afim", "doc_rms_m": 0.68 }, "geometry": { "type": "LineString", "coordinates": [ [ 175108.594319543626625, 9657924.021143306046724 ], [ 175102.721179179730825, 9657920.105716524645686 ], [ 175085.101758122211322, 9657913.253719657659531 ], [ 175069.440050503355451, 9657905.422866094857454 ], [ 175062.588053430401487, 9657903.465152703225613 ], [ 175022.454927667364245, 9657884.866875492036343 ], [ 175015.602930587541778, 9657881.93030540458858 ], [ 175013.645217148878146, 9657882.909162100404501 ] ] } },
{ "type": "Feature", "properties": { "id": 236, "pagina": 15, "classe": "Logradouros", "metodo": "EIXO_TRACO", "comp_m": 87.746342926522829, "id_layer": "p15_camadas_logradouros", "doc_fonte": "Resposta SECT_autos.pdf", "doc_pagina": 15, "doc_folha": 108, "doc_escala": "1:15.000", "doc_metodo": "Reconstituição Vetorial Afim", "doc_rms_m": 0.68 }, "geometry": { "type": "LineString", "coordinates": [ [ 178515.01572348724585, 9659175.978856692090631 ], [ 178483.692308400117327, 9659181.851996863260865 ], [ 178478.798024786345195, 9659181.851996863260865 ], [ 178477.819168070447631, 9659182.830853559076786 ], [ 178460.199747074511833, 9659184.788566950708628 ], [ 178459.22089035861427, 9659185.767423644661903 ], [ 178428.876331973704509, 9659188.703993732109666 ] ] } },
{ "type": "Feature", "properties": { "id": 237, "pagina": 15, "classe": "Logradouros", "metodo": "EIXO_TRACO", "comp_m": 2.9365700855851169, "id_layer": "p15_camadas_logradouros", "doc_fonte": "Resposta SECT_autos.pdf", "doc_pagina": 15, "doc_folha": 108, "doc_escala": "1:15.000", "doc_metodo": "Reconstituição Vetorial Afim", "doc_rms_m": 0.68 }, "geometry": { "type": "LineString", "coordinates": [ [ 178474.882589004992042, 9657910.317149568349123 ], [ 178474.882588984473841, 9657907.380579482764006 ] ] } },
{ "type": "Feature", "properties": { "id": 238, "pagina": 15, "classe": "Logradouros", "metodo": "EIXO_TRACO", "comp_m": 71.212444100221234, "id_layer": "p15_camadas_logradouros", "doc_fonte": "Resposta SECT_autos.pdf", "doc_pagina": 15, "doc_folha": 108, "doc_escala": "1:15.000", "doc_metodo": "Reconstituição Vetorial Afim", "doc_rms_m": 0.68 }, "geometry": { "type": "LineString", "coordinates": [ [ 178474.882589004992042, 9657910.317149568349123 ], [ 178460.199738177354448, 9657912.274862959980965 ], [ 178416.151185735478066, 9657924.021143304184079 ], [ 178405.383761792007135, 9657925.0 ] ] } },
{ "type": "Feature", "properties": { "id": 239, "pagina": 15, "classe": "Logradouros", "metodo": "EIXO_TRACO", "comp_m": 3.9154267814010382, "id_layer": "p15_camadas_logradouros", "doc_fonte": "Resposta SECT_autos.pdf", "doc_pagina": 15, "doc_folha": 108, "doc_escala": "1:15.000", "doc_metodo": "Reconstituição Vetorial Afim", "doc_rms_m": 0.68 }, "geometry": { "type": "LineString", "coordinates": [ [ 175274.999972534365952, 9659371.75019576959312 ], [ 175274.999972506979248, 9659367.834768988192081 ] ] } },
{ "type": "Feature", "properties": { "id": 240, "pagina": 15, "classe": "Logradouros", "metodo": "EIXO_TRACO", "comp_m": 251.83308055023002, "id_layer": "p15_camadas_logradouros", "doc_fonte": "Resposta SECT_autos.pdf", "doc_pagina": 15, "doc_folha": 108, "doc_escala": "1:15.000", "doc_metodo": "Reconstituição Vetorial Afim", "doc_rms_m": 0.68 }, "geometry": { "type": "LineString", "coordinates": [ [ 175274.999972534365952, 9659371.75019576959312 ], [ 175280.873112884582952, 9659373.707909161224961 ], [ 175352.329654070083052, 9659434.397024273872375 ], [ 175460.982750987226609, 9659533.261550506576896 ], [ 175465.877034607838141, 9659534.240407202392817 ] ] } },
{ "type": "Feature", "properties": { "id": 241, "pagina": 15, "classe": "Logradouros", "metodo": "EIXO_TRACO", "comp_m": 46.292465914130233, "id_layer": "p15_camadas_logradouros", "doc_fonte": "Resposta SECT_autos.pdf", "doc_pagina": 15, "doc_folha": 108, "doc_escala": "1:15.000", "doc_metodo": "Reconstituição Vetorial Afim", "doc_rms_m": 0.68 }, "geometry": { "type": "LineString", "coordinates": [ [ 175274.999972534365952, 9659371.75019576959312 ], [ 175270.105688961630221, 9659377.623335942625999 ], [ 175258.359408439137042, 9659399.158183241263032 ], [ 175250.52855473922682, 9659410.904463585466146 ] ] } },
{ "type": "Feature", "properties": { "id": 242, "pagina": 15, "classe": "Logradouros", "metodo": "EIXO_TRACO", "comp_m": 26.679776831713042, "id_layer": "p15_camadas_logradouros", "doc_fonte": "Resposta SECT_autos.pdf", "doc_pagina": 15, "doc_folha": 108, "doc_escala": "1:15.000", "doc_metodo": "Reconstituição Vetorial Afim", "doc_rms_m": 0.68 }, "geometry": { "type": "LineString", "coordinates": [ [ 178119.557604373054346, 9658729.620203599333763 ], [ 178120.536461266921833, 9658754.091620983555913 ], [ 178121.515318003366701, 9658756.049334375187755 ] ] } },
{ "type": "Feature", "properties": { "id": 243, "pagina": 15, "classe": "Logradouros", "metodo": "EIXO_TRACO", "comp_m": 31.3845340280558, "id_layer": "p15_camadas_logradouros", "doc_fonte": "Resposta SECT_autos.pdf", "doc_pagina": 15, "doc_folha": 108, "doc_escala": "1:15.000", "doc_metodo": "Reconstituição Vetorial Afim", "doc_rms_m": 0.68 }, "geometry": { "type": "LineString", "coordinates": [ [ 178119.557604373054346, 9658729.620203599333763 ], [ 178088.234189258568222, 9658731.577916990965605 ] ] } },
{ "type": "Feature", "properties": { "id": 244, "pagina": 15, "classe": "Logradouros", "metodo": "EIXO_TRACO", "comp_m": 58.912233702175662, "id_layer": "p15_camadas_logradouros", "doc_fonte": "Resposta SECT_autos.pdf", "doc_pagina": 15, "doc_folha": 108, "doc_escala": "1:15.000", "doc_metodo": "Reconstituição Vetorial Afim", "doc_rms_m": 0.68 }, "geometry": { "type": "LineString", "coordinates": [ [ 178282.047813116427278, 9657694.968676585704088 ], [ 178281.068956407369114, 9657696.926389975473285 ], [ 178275.195816091378219, 9657699.862960062921047 ], [ 178260.512965284258826, 9657704.757243540138006 ], [ 178237.999260743003106, 9657716.503523884341121 ], [ 178229.189550258714007, 9657719.440093969926238 ] ] } },
{ "type": "Feature", "properties": { "id": 245, "pagina": 15, "classe": "Logradouros", "metodo": "EIXO_TRACO", "comp_m": 128.04471789550897, "id_layer": "p15_camadas_logradouros", "doc_fonte": "Resposta SECT_autos.pdf", "doc_pagina": 15, "doc_folha": 108, "doc_escala": "1:15.000", "doc_metodo": "Reconstituição Vetorial Afim", "doc_rms_m": 0.68 }, "geometry": { "type": "LineString", "coordinates": [ [ 178282.047813116427278, 9657694.968676585704088 ], [ 178281.068956352624809, 9657689.095536412671208 ], [ 178267.36496207662276, 9657666.5818324200809 ], [ 178245.83011394328787, 9657633.300704777240753 ], [ 178217.443268716480816, 9657595.125293657183647 ], [ 178215.48555525043048, 9657592.18872357159853 ], [ 178214.506698493438307, 9657587.294440094381571 ] ] } },
{ "type": "Feature", "properties": { "id": 246, "pagina": 15, "classe": "Logradouros", "metodo": "EIXO_TRACO", "comp_m": 71.092073024016855, "id_layer": "p15_camadas_logradouros", "doc_fonte": "Resposta SECT_autos.pdf", "doc_pagina": 15, "doc_folha": 108, "doc_escala": "1:15.000", "doc_metodo": "Reconstituição Vetorial Afim", "doc_rms_m": 0.68 }, "geometry": { "type": "LineString", "coordinates": [ [ 175188.860570734337671, 9657913.253719657659531 ], [ 175182.987430370412767, 9657909.338292876258492 ], [ 175172.220006392715732, 9657905.422866094857454 ], [ 175152.642871869174996, 9657895.634299140423536 ], [ 175145.790874796191929, 9657893.67658575065434 ], [ 175131.108023900102125, 9657885.845732185989618 ], [ 175124.256026833958458, 9657884.866875492036343 ] ] } },
{ "type": "Feature", "properties": { "id": 247, "pagina": 15, "classe": "Logradouros", "metodo": "EIXO_TRACO", "comp_m": 164.51516317862792, "id_layer": "p15_camadas_logradouros", "doc_fonte": "Resposta SECT_autos.pdf", "doc_pagina": 15, "doc_folha": 108, "doc_escala": "1:15.000", "doc_metodo": "Reconstituição Vetorial Afim", "doc_rms_m": 0.68 }, "geometry": { "type": "LineString", "coordinates": [ [ 173255.618543770717224, 9657981.773688334971666 ], [ 173255.61854374333052, 9657977.858261553570628 ], [ 173252.681973540835315, 9657972.963978076353669 ], [ 173204.717993680940708, 9657909.338292878121138 ], [ 173157.732870578038273, 9657850.60689115524292 ] ] } },
{ "type": "Feature", "properties": { "id": 248, "pagina": 15, "classe": "Logradouros", "metodo": "EIXO_TRACO", "comp_m": 45.523382790312503, "id_layer": "p15_camadas_logradouros", "doc_fonte": "Resposta SECT_autos.pdf", "doc_pagina": 15, "doc_folha": 108, "doc_escala": "1:15.000", "doc_metodo": "Reconstituição Vetorial Afim", "doc_rms_m": 0.68 }, "geometry": { "type": "LineString", "coordinates": [ [ 173255.618543770717224, 9657981.773688334971666 ], [ 173226.252842245448846, 9658004.28739232942462 ], [ 173223.316272090858547, 9658006.245105719193816 ], [ 173218.421988483925816, 9658007.223962415009737 ] ] } },
{ "type": "Feature", "properties": { "id": 249, "pagina": 15, "classe": "Logradouros", "metodo": "EIXO_TRACO", "comp_m": 4.3775802465894103, "id_layer": "p15_camadas_logradouros", "doc_fonte": "Resposta SECT_autos.pdf", "doc_pagina": 15, "doc_folha": 108, "doc_escala": "1:15.000", "doc_metodo": "Reconstituição Vetorial Afim", "doc_rms_m": 0.68 }, "geometry": { "type": "LineString", "coordinates": [ [ 174341.170631601504283, 9655449.471417393535376 ], [ 174342.149488310591551, 9655447.513704001903534 ], [ 174341.170631574146682, 9655445.555990612134337 ] ] } },
{ "type": "Feature", "properties": { "id": 250, "pagina": 15, "classe": "Logradouros", "metodo": "EIXO_TRACO", "comp_m": 28.183594487218848, "id_layer": "p15_camadas_logradouros", "doc_fonte": "Resposta SECT_autos.pdf", "doc_pagina": 15, "doc_folha": 108, "doc_escala": "1:15.000", "doc_metodo": "Reconstituição Vetorial Afim", "doc_rms_m": 0.68 }, "geometry": { "type": "LineString", "coordinates": [ [ 174869.75327997826389, 9658036.589663274586201 ], [ 174879.541847021057038, 9658010.160532500594854 ] ] } },
{ "type": "Feature", "properties": { "id": 251, "pagina": 15, "classe": "Logradouros", "metodo": "EIXO_TRACO", "comp_m": 2.1887901541417452, "id_layer": "p15_camadas_logradouros", "doc_fonte": "Resposta SECT_autos.pdf", "doc_pagina": 15, "doc_folha": 108, "doc_escala": "1:15.000", "doc_metodo": "Reconstituição Vetorial Afim", "doc_rms_m": 0.68 }, "geometry": { "type": "LineString", "coordinates": [ [ 174869.75327997826389, 9658036.589663274586201 ], [ 174867.795566539600259, 9658037.568519970402122 ] ] } },
{ "type": "Feature", "properties": { "id": 252, "pagina": 15, "classe": "Logradouros", "metodo": "EIXO_TRACO", "comp_m": 1.9577133916318421, "id_layer": "p15_camadas_logradouros", "doc_fonte": "Resposta SECT_autos.pdf", "doc_pagina": 15, "doc_folha": 108, "doc_escala": "1:15.000", "doc_metodo": "Reconstituição Vetorial Afim", "doc_rms_m": 0.68 }, "geometry": { "type": "LineString", "coordinates": [ [ 172954.130674311716575, 9658146.221613159403205 ], [ 172954.130674298008671, 9658144.263899767771363 ] ] } },
{ "type": "Feature", "properties": { "id": 253, "pagina": 15, "classe": "Logradouros", "metodo": "EIXO_TRACO", "comp_m": 257.85825271556962, "id_layer": "p15_camadas_logradouros", "doc_fonte": "Resposta SECT_autos.pdf", "doc_pagina": 15, "doc_folha": 108, "doc_escala": "1:15.000", "doc_metodo": "Reconstituição Vetorial Afim", "doc_rms_m": 0.68 }, "geometry": { "type": "LineString", "coordinates": [ [ 172954.130674311716575, 9658146.221613159403205 ], [ 172960.003814682451775, 9658151.115896636620164 ], [ 173008.94665126511245, 9658214.741581834852695 ], [ 173086.276333095127484, 9658319.479248240590096 ], [ 173110.747751383023569, 9658350.802662493661046 ] ] } },
{ "type": "Feature", "properties": { "id": 254, "pagina": 15, "classe": "Logradouros", "metodo": "EIXO_TRACO", "comp_m": 24.54667599230239, "id_layer": "p15_camadas_logradouros", "doc_fonte": "Resposta SECT_autos.pdf", "doc_pagina": 15, "doc_folha": 108, "doc_escala": "1:15.000", "doc_metodo": "Reconstituição Vetorial Afim", "doc_rms_m": 0.68 }, "geometry": { "type": "LineString", "coordinates": [ [ 175561.804979578853818, 9657552.055599061772227 ], [ 175572.572403645521263, 9657568.696162883192301 ], [ 175574.530117104732199, 9657570.653876274824142 ], [ 175576.48783055023523, 9657570.653876274824142 ] ] } },
{ "type": "Feature", "properties": { "id": 255, "pagina": 15, "classe": "Logradouros", "metodo": "EIXO_TRACO", "comp_m": 46.90156968317622, "id_layer": "p15_camadas_logradouros", "doc_fonte": "Resposta SECT_autos.pdf", "doc_pagina": 15, "doc_folha": 108, "doc_escala": "1:15.000", "doc_metodo": "Reconstituição Vetorial Afim", "doc_rms_m": 0.68 }, "geometry": { "type": "LineString", "coordinates": [ [ 173218.421988483925816, 9658007.223962415009737 ], [ 173218.421988497604616, 9658009.181675806641579 ], [ 173214.506561633956153, 9658013.097102588042617 ], [ 173188.077430249599274, 9658031.695379799231887 ], [ 173185.140860101877479, 9658034.631949886679649 ], [ 173185.140860122395679, 9658037.568519972264767 ] ] } },
{ "type": "Feature", "properties": { "id": 256, "pagina": 15, "classe": "Logradouros", "metodo": "EIXO_TRACO", "comp_m": 205.05847355611331, "id_layer": "p15_camadas_logradouros", "doc_fonte": "Resposta SECT_autos.pdf", "doc_pagina": 15, "doc_folha": 108, "doc_escala": "1:15.000", "doc_metodo": "Reconstituição Vetorial Afim", "doc_rms_m": 0.68 }, "geometry": { "type": "LineString", "coordinates": [ [ 173218.421988483925816, 9658007.223962415009737 ], [ 173216.464275004196679, 9658002.329678937792778 ], [ 173160.669441307516536, 9657930.87314017675817 ], [ 173123.472885486902669, 9657879.972592016682029 ], [ 173123.472885459515965, 9657876.057165235280991 ], [ 173130.324882464075927, 9657868.226311672478914 ], [ 173156.754013855272206, 9657850.60689115524292 ] ] } },
{ "type": "Feature", "properties": { "id": 257, "pagina": 15, "classe": "Logradouros", "metodo": "EIXO_TRACO", "comp_m": 165.98359318768956, "id_layer": "p15_camadas_logradouros", "doc_fonte": "Resposta SECT_autos.pdf", "doc_pagina": 15, "doc_folha": 108, "doc_escala": "1:15.000", "doc_metodo": "Reconstituição Vetorial Afim", "doc_rms_m": 0.68 }, "geometry": { "type": "LineString", "coordinates": [ [ 178198.844992565078428, 9657821.241190290078521 ], [ 178203.73927620620816, 9657825.156617071479559 ], [ 178223.316410846135113, 9657851.585747845470905 ], [ 178244.851259013667004, 9657889.761158965528011 ], [ 178266.386107235972304, 9657935.767423648387194 ], [ 178277.153531398449559, 9657966.111981205642223 ] ] } },
{ "type": "Feature", "properties": { "id": 258, "pagina": 15, "classe": "Logradouros", "metodo": "EIXO_TRACO", "comp_m": 135.95533802160998, "id_layer": "p15_camadas_logradouros", "doc_fonte": "Resposta SECT_autos.pdf", "doc_pagina": 15, "doc_folha": 108, "doc_escala": "1:15.000", "doc_metodo": "Reconstituição Vetorial Afim", "doc_rms_m": 0.68 }, "geometry": { "type": "LineString", "coordinates": [ [ 173224.295126199227525, 9657632.321848085150123 ], [ 173295.75166761741275, 9657726.292090842500329 ], [ 173302.603664745140122, 9657736.080657795071602 ], [ 173303.582521508971695, 9657741.953797968104482 ] ] } },
{ "type": "Feature", "properties": { "id": 259, "pagina": 15, "classe": "Logradouros", "metodo": "EIXO_TRACO", "comp_m": 240.87104537221072, "id_layer": "p15_camadas_logradouros", "doc_fonte": "Resposta SECT_autos.pdf", "doc_pagina": 15, "doc_folha": 108, "doc_escala": "1:15.000", "doc_metodo": "Reconstituição Vetorial Afim", "doc_rms_m": 0.68 }, "geometry": { "type": "LineString", "coordinates": [ [ 177731.930334031116217, 9657566.738449491560459 ], [ 177735.845760949508986, 9657570.653876272961497 ], [ 177741.718901286047185, 9657570.653876272961497 ], [ 177756.401752147910884, 9657573.590446358546615 ], [ 177777.936600096465554, 9657580.442443227395415 ], [ 177787.725167358235922, 9657585.336726702749729 ], [ 177804.365731686149957, 9657591.209866875782609 ], [ 177900.293690844730008, 9657638.194988254457712 ], [ 177902.25140429023304, 9657638.194988254457712 ], [ 177924.765108995750779, 9657649.941268598660827 ], [ 177926.722822441253811, 9657649.941268598660827 ], [ 177948.257670417166082, 9657660.70869224704802 ], [ 177949.23652716045035, 9657663.645262334495783 ] ] } },
{ "type": "Feature", "properties": { "id": 260, "pagina": 15, "classe": "Logradouros", "metodo": "EIXO_TRACO", "comp_m": 479.02840602505529, "id_layer": "p15_camadas_logradouros", "doc_fonte": "Resposta SECT_autos.pdf", "doc_pagina": 15, "doc_folha": 108, "doc_escala": "1:15.000", "doc_metodo": "Reconstituição Vetorial Afim", "doc_rms_m": 0.68 }, "geometry": { "type": "LineString", "coordinates": [ [ 177731.930334031116217, 9657566.738449491560459 ], [ 177734.866904178867117, 9657563.801879405975342 ], [ 177740.740044501697412, 9657561.8441660143435 ], [ 177770.1057461364544, 9657554.992169147357345 ], [ 177788.704023827769561, 9657549.119028974324465 ], [ 177793.598307441541692, 9657549.119028974324465 ], [ 177799.471447764401091, 9657547.161315584555268 ], [ 177804.365731378173223, 9657547.161315584555268 ], [ 177853.30856744752964, 9657537.37274863012135 ], [ 177858.202851061301772, 9657537.37274863012135 ], [ 177863.097134661395103, 9657535.415035238489509 ], [ 177881.695412373228464, 9657532.478465152904391 ], [ 177886.589695973321795, 9657530.520751763135195 ], [ 177950.215382863476407, 9657517.795614723116159 ], [ 177963.919376954669133, 9657513.880187941715121 ], [ 177972.729087452637032, 9657512.9013312458992 ], [ 177977.623371052730363, 9657510.943617854267359 ], [ 177981.538797943736427, 9657510.943617854267359 ], [ 177986.433081543829758, 9657508.985904464498162 ], [ 178034.397060890420107, 9657499.197337510064244 ], [ 178043.206771374680102, 9657496.260767424479127 ], [ 178047.122198265715269, 9657496.260767424479127 ], [ 178104.874744812492281, 9657482.556773688644171 ], [ 178164.585004818480229, 9657470.810493344441056 ], [ 178183.183282516605686, 9657465.916209867224097 ], [ 178197.866133344272384, 9657463.958496475592256 ] ] } },
{ "type": "Feature", "properties": { "id": 261, "pagina": 15, "classe": "Logradouros", "metodo": "EIXO_TRACO", "comp_m": 41.582041957654042, "id_layer": "p15_camadas_logradouros", "doc_fonte": "Resposta SECT_autos.pdf", "doc_pagina": 15, "doc_folha": 108, "doc_escala": "1:15.000", "doc_metodo": "Reconstituição Vetorial Afim", "doc_rms_m": 0.68 }, "geometry": { "type": "LineString", "coordinates": [ [ 173681.421229024010245, 9659534.240407204255462 ], [ 173680.442372232821072, 9659524.451840249821544 ], [ 173679.463515503215604, 9659523.472983554005623 ], [ 173678.484658568311715, 9659493.128425998613238 ] ] } },
{ "type": "Feature", "properties": { "id": 262, "pagina": 15, "classe": "Logradouros", "metodo": "EIXO_TRACO", "comp_m": 75.148240310101642, "id_layer": "p15_camadas_logradouros", "doc_fonte": "Resposta SECT_autos.pdf", "doc_pagina": 15, "doc_folha": 108, "doc_escala": "1:15.000", "doc_metodo": "Reconstituição Vetorial Afim", "doc_rms_m": 0.68 }, "geometry": { "type": "LineString", "coordinates": [ [ 176180.442429941467708, 9657778.171495694667101 ], [ 176181.421286705299281, 9657784.044635865837336 ], [ 176184.357856894086581, 9657786.981205953285098 ], [ 176233.300693244062131, 9657817.325763508677483 ], [ 176240.152690323884599, 9657820.262333596125245 ] ] } },
{ "type": "Feature", "properties": { "id": 263, "pagina": 15, "classe": "Logradouros", "metodo": "EIXO_TRACO", "comp_m": 72.632758791816457, "id_layer": "p15_camadas_logradouros", "doc_fonte": "Resposta SECT_autos.pdf", "doc_pagina": 15, "doc_folha": 108, "doc_escala": "1:15.000", "doc_metodo": "Reconstituição Vetorial Afim", "doc_rms_m": 0.68 }, "geometry": { "type": "LineString", "coordinates": [ [ 176180.442429941467708, 9657778.171495694667101 ], [ 176184.357856832502875, 9657778.171495694667101 ], [ 176191.209853912325343, 9657781.108065780252218 ], [ 176212.744701915624319, 9657795.790916211903095 ], [ 176214.70241536112735, 9657795.790916211903095 ], [ 176238.194976809929358, 9657810.473766641691327 ], [ 176242.110403728322126, 9657814.389193423092365 ] ] } },
{ "type": "Feature", "properties": { "id": 264, "pagina": 15, "classe": "Logradouros", "metodo": "EIXO_TRACO", "comp_m": 62.355802963893609, "id_layer": "p15_camadas_logradouros", "doc_fonte": "Resposta SECT_autos.pdf", "doc_pagina": 15, "doc_folha": 108, "doc_escala": "1:15.000", "doc_metodo": "Reconstituição Vetorial Afim", "doc_rms_m": 0.68 }, "geometry": { "type": "LineString", "coordinates": [ [ 172836.667850005673245, 9655632.517619429156184 ], [ 172834.710136553330813, 9655631.538762735202909 ], [ 172830.79470960071194, 9655622.729052476584911 ], [ 172826.879282675450668, 9655617.834768999367952 ], [ 172820.027285527205095, 9655605.109631959348917 ], [ 172807.302148008195218, 9655587.490211442112923 ], [ 172805.344434507918777, 9655579.659357879310846 ] ] } },
{ "type": "Feature", "properties": { "id": 265, "pagina": 15, "classe": "Logradouros", "metodo": "EIXO_TRACO", "comp_m": 21.911488661755936, "id_layer": "p15_camadas_logradouros", "doc_fonte": "Resposta SECT_autos.pdf", "doc_pagina": 15, "doc_folha": 108, "doc_escala": "1:15.000", "doc_metodo": "Reconstituição Vetorial Afim", "doc_rms_m": 0.68 }, "geometry": { "type": "LineString", "coordinates": [ [ 172836.667850005673245, 9655632.517619429156184 ], [ 172840.583276896708412, 9655632.517619429156184 ], [ 172857.223841135652037, 9655625.665622562170029 ] ] } },
{ "type": "Feature", "properties": { "id": 266, "pagina": 15, "classe": "Logradouros", "metodo": "EIXO_TRACO", "comp_m": 32.883445952138651, "id_layer": "p15_camadas_logradouros", "doc_fonte": "Resposta SECT_autos.pdf", "doc_pagina": 15, "doc_folha": 108, "doc_escala": "1:15.000", "doc_metodo": "Reconstituição Vetorial Afim", "doc_rms_m": 0.68 }, "geometry": { "type": "LineString", "coordinates": [ [ 178085.297618898650398, 9658704.169929519295692 ], [ 178088.234189073758898, 9658705.148786215111613 ], [ 178089.213045789685566, 9658704.169929519295692 ], [ 178117.599890742771095, 9658703.191072825342417 ] ] } },
{ "type": "Feature", "properties": { "id": 267, "pagina": 15, "classe": "Logradouros", "metodo": "EIXO_TRACO", "comp_m": 59.038651916430993, "id_layer": "p15_camadas_logradouros", "doc_fonte": "Resposta SECT_autos.pdf", "doc_pagina": 15, "doc_folha": 108, "doc_escala": "1:15.000", "doc_metodo": "Reconstituição Vetorial Afim", "doc_rms_m": 0.68 }, "geometry": { "type": "LineString", "coordinates": [ [ 173544.381285545474384, 9659206.323414253070951 ], [ 173543.402428856934421, 9659211.217697728425264 ], [ 173529.698434861551505, 9659228.837118245661259 ], [ 173517.95215431167162, 9659246.456538762897253 ], [ 173515.015584191307425, 9659253.308535629883409 ], [ 173512.07901402990683, 9659254.287392325699329 ] ] } },
{ "type": "Feature", "properties": { "id": 268, "pagina": 15, "classe": "Logradouros", "metodo": "EIXO_TRACO", "comp_m": 55.46721524524439, "id_layer": "p15_camadas_logradouros", "doc_fonte": "Resposta SECT_autos.pdf", "doc_pagina": 15, "doc_folha": 108, "doc_escala": "1:15.000", "doc_metodo": "Reconstituição Vetorial Afim", "doc_rms_m": 0.68 }, "geometry": { "type": "LineString", "coordinates": [ [ 173544.381285545474384, 9659206.323414253070951 ], [ 173548.296712429670151, 9659205.34455755725503 ], [ 173571.789273611531826, 9659181.851996868848801 ], [ 173586.472124377585715, 9659171.084573218598962 ] ] } },
{ "type": "Feature", "properties": { "id": 269, "pagina": 15, "classe": "Logradouros", "metodo": "EIXO_TRACO", "comp_m": 61.792147266834135, "id_layer": "p15_camadas_logradouros", "doc_fonte": "Resposta SECT_autos.pdf", "doc_pagina": 15, "doc_folha": 108, "doc_escala": "1:15.000", "doc_metodo": "Reconstituição Vetorial Afim", "doc_rms_m": 0.68 }, "geometry": { "type": "LineString", "coordinates": [ [ 173544.381285545474384, 9659206.323414253070951 ], [ 173497.396162572607864, 9659166.190289741382003 ] ] } },
{ "type": "Feature", "properties": { "id": 270, "pagina": 15, "classe": "Logradouros", "metodo": "EIXO_TRACO", "comp_m": 49.853928451782458, "id_layer": "p15_camadas_logradouros", "doc_fonte": "Resposta SECT_autos.pdf", "doc_pagina": 15, "doc_folha": 108, "doc_escala": "1:15.000", "doc_metodo": "Reconstituição Vetorial Afim", "doc_rms_m": 0.68 }, "geometry": { "type": "LineString", "coordinates": [ [ 173736.237203554657754, 9659256.245105717331171 ], [ 173734.279490163899027, 9659264.075959280133247 ], [ 173719.596639534720453, 9659294.420516835525632 ], [ 173717.638926143961726, 9659302.251370400190353 ] ] } },
{ "type": "Feature", "properties": { "id": 271, "pagina": 15, "classe": "Logradouros", "metodo": "EIXO_TRACO", "comp_m": 73.414223891479224, "id_layer": "p15_camadas_logradouros", "doc_fonte": "Resposta SECT_autos.pdf", "doc_pagina": 15, "doc_folha": 108, "doc_escala": "1:15.000", "doc_metodo": "Reconstituição Vetorial Afim", "doc_rms_m": 0.68 }, "geometry": { "type": "LineString", "coordinates": [ [ 173736.237203554657754, 9659256.245105717331171 ], [ 173733.300633359001949, 9659252.329678935930133 ], [ 173724.49092281999765, 9659247.435395458713174 ], [ 173675.548086517956108, 9659223.9428347684443 ], [ 173672.611516329139704, 9659221.006264682859182 ] ] } },
{ "type": "Feature", "properties": { "id": 272, "pagina": 15, "classe": "Logradouros", "metodo": "EIXO_TRACO", "comp_m": 183.75219263121525, "id_layer": "p15_camadas_logradouros", "doc_fonte": "Resposta SECT_autos.pdf", "doc_pagina": 15, "doc_folha": 108, "doc_escala": "1:15.000", "doc_metodo": "Reconstituição Vetorial Afim", "doc_rms_m": 0.68 }, "geometry": { "type": "LineString", "coordinates": [ [ 173736.237203554657754, 9659256.245105717331171 ], [ 173744.068057343538385, 9659257.223962411284447 ], [ 173754.83548133491422, 9659263.097102584317327 ], [ 173756.793194780446356, 9659263.097102584317327 ], [ 173779.306899485934991, 9659274.843382928520441 ], [ 173781.264612931467127, 9659274.843382928520441 ], [ 173873.277145185333211, 9659319.870790915563703 ], [ 173875.234858630836243, 9659319.870790915563703 ], [ 173895.790849883982446, 9659330.638214565813541 ], [ 173897.748563329514582, 9659330.638214565813541 ], [ 173899.706276788696414, 9659332.595927955582738 ], [ 173899.706276802404318, 9659334.55364134721458 ] ] } },
{ "type": "Feature", "properties": { "id": 273, "pagina": 15, "classe": "Logradouros", "metodo": "EIXO_TRACO", "comp_m": 6.9151284017289898, "id_layer": "p15_camadas_logradouros", "doc_fonte": "Resposta SECT_autos.pdf", "doc_pagina": 15, "doc_folha": 108, "doc_escala": "1:15.000", "doc_metodo": "Reconstituição Vetorial Afim", "doc_rms_m": 0.68 }, "geometry": { "type": "LineString", "coordinates": [ [ 174280.481514763290761, 9655445.555990612134337 ], [ 174278.523801324627129, 9655446.534847306087613 ], [ 174278.52380133830593, 9655448.492560697719455 ], [ 174276.566087906481698, 9655450.450274087488651 ] ] } },
{ "type": "Feature", "properties": { "id": 274, "pagina": 15, "classe": "Logradouros", "metodo": "EIXO_TRACO", "comp_m": 1.9577134455321361, "id_layer": "p15_camadas_logradouros", "doc_fonte": "Resposta SECT_autos.pdf", "doc_pagina": 15, "doc_folha": 108, "doc_escala": "1:15.000", "doc_metodo": "Reconstituição Vetorial Afim", "doc_rms_m": 0.68 }, "geometry": { "type": "LineString", "coordinates": [ [ 174059.259923535515554, 9659466.699295222759247 ], [ 174061.21763698104769, 9659466.699295222759247 ] ] } },
{ "type": "Feature", "properties": { "id": 275, "pagina": 15, "classe": "Logradouros", "metodo": "EIXO_TRACO", "comp_m": 45.335999000565053, "id_layer": "p15_camadas_logradouros", "doc_fonte": "Resposta SECT_autos.pdf", "doc_pagina": 15, "doc_folha": 108, "doc_escala": "1:15.000", "doc_metodo": "Reconstituição Vetorial Afim", "doc_rms_m": 0.68 }, "geometry": { "type": "LineString", "coordinates": [ [ 174059.259923535515554, 9659466.699295222759247 ], [ 174049.47135646539391, 9659489.212999215349555 ], [ 174040.661646076914622, 9659505.853563036769629 ], [ 174040.661646090622526, 9659507.81127642840147 ] ] } },
{ "type": "Feature", "properties": { "id": 276, "pagina": 15, "classe": "Logradouros", "metodo": "EIXO_TRACO", "comp_m": 200.90982160770471, "id_layer": "p15_camadas_logradouros", "doc_fonte": "Resposta SECT_autos.pdf", "doc_pagina": 15, "doc_folha": 108, "doc_escala": "1:15.000", "doc_metodo": "Reconstituição Vetorial Afim", "doc_rms_m": 0.68 }, "geometry": { "type": "LineString", "coordinates": [ [ 174059.259923535515554, 9659466.699295222759247 ], [ 174056.323353346728254, 9659463.762725137174129 ], [ 174042.619359180243919, 9659456.910728268325329 ], [ 174040.661645734740887, 9659456.910728268325329 ], [ 174012.274800672137644, 9659442.227877838537097 ], [ 174010.317087226634612, 9659442.227877838537097 ], [ 173981.930242164060473, 9659427.54502740688622 ], [ 173979.972528718557442, 9659427.54502740688622 ], [ 173885.023426282714354, 9659380.559906030073762 ], [ 173882.086856114445254, 9659380.559906030073762 ], [ 173880.129142655263422, 9659378.60219263844192 ] ] } },
{ "type": "Feature", "properties": { "id": 277, "pagina": 15, "classe": "Logradouros", "metodo": "EIXO_TRACO", "comp_m": 72.287304226620734, "id_layer": "p15_camadas_logradouros", "doc_fonte": "Resposta SECT_autos.pdf", "doc_pagina": 15, "doc_folha": 108, "doc_escala": "1:15.000", "doc_metodo": "Reconstituição Vetorial Afim", "doc_rms_m": 0.68 }, "geometry": { "type": "LineString", "coordinates": [ [ 173191.014001930394443, 9658248.022709477692842 ], [ 173189.056288553314516, 9658257.81127643212676 ], [ 173181.225434894469799, 9658275.430696949362755 ], [ 173175.352294681128114, 9658293.050117464736104 ], [ 173165.563727556203958, 9658307.732967896386981 ], [ 173163.606014124379726, 9658309.690681286156178 ], [ 173159.690587240213063, 9658310.669537981972098 ] ] } },
{ "type": "Feature", "properties": { "id": 278, "pagina": 15, "classe": "Logradouros", "metodo": "EIXO_TRACO", "comp_m": 223.2623072406198, "id_layer": "p15_camadas_logradouros", "doc_fonte": "Resposta SECT_autos.pdf", "doc_pagina": 15, "doc_folha": 108, "doc_escala": "1:15.000", "doc_metodo": "Reconstituição Vetorial Afim", "doc_rms_m": 0.68 }, "geometry": { "type": "LineString", "coordinates": [ [ 173191.014001930394443, 9658248.022709477692842 ], [ 173187.098575025680475, 9658246.064996087923646 ], [ 173182.204291370842839, 9658240.191855914890766 ], [ 173080.403191246063216, 9658103.15191856212914 ], [ 173058.86834314695443, 9658074.765074396505952 ], [ 173054.952916235401062, 9658071.828504310920835 ] ] } },
{ "type": "Feature", "properties": { "id": 279, "pagina": 15, "classe": "Logradouros", "metodo": "EIXO_TRACO", "comp_m": 57.453135276227812, "id_layer": "p15_camadas_logradouros", "doc_fonte": "Resposta SECT_autos.pdf", "doc_pagina": 15, "doc_folha": 108, "doc_escala": "1:15.000", "doc_metodo": "Reconstituição Vetorial Afim", "doc_rms_m": 0.68 }, "geometry": { "type": "LineString", "coordinates": [ [ 173200.802578082482796, 9659524.451840249821544 ], [ 173241.914560157631058, 9659484.318715739995241 ] ] } },
{ "type": "Feature", "properties": { "id": 280, "pagina": 15, "classe": "Logradouros", "metodo": "EIXO_TRACO", "comp_m": 213.73254129357073, "id_layer": "p15_camadas_logradouros", "doc_fonte": "Resposta SECT_autos.pdf", "doc_pagina": 15, "doc_folha": 108, "doc_escala": "1:15.000", "doc_metodo": "Reconstituição Vetorial Afim", "doc_rms_m": 0.68 }, "geometry": { "type": "LineString", "coordinates": [ [ 174870.732139226456638, 9658397.787783868610859 ], [ 174869.753282517398475, 9658399.745497260242701 ], [ 174857.028145121556008, 9658399.745497260242701 ], [ 174836.47215391631471, 9658395.830070478841662 ], [ 174829.620156857039547, 9658395.830070478841662 ], [ 174828.641300127434079, 9658394.851213783025742 ], [ 174822.768159790895879, 9658394.851213783025742 ], [ 174821.789303061290411, 9658393.872357087209821 ], [ 174815.916162724752212, 9658393.872357087209821 ], [ 174801.233311862888513, 9658390.935787001624703 ], [ 174787.529317737469682, 9658389.956930305808783 ], [ 174756.205902561370749, 9658383.104933438822627 ], [ 174748.375048779329518, 9658383.104933438822627 ], [ 174727.81905757408822, 9658379.189506657421589 ], [ 174676.918507983937161, 9658378.210649961605668 ], [ 174672.02422438384383, 9658380.16836335323751 ], [ 174661.256800440372899, 9658381.147220049053431 ] ] } },
{ "type": "Feature", "properties": { "id": 281, "pagina": 15, "classe": "Logradouros", "metodo": "EIXO_TRACO", "comp_m": 31.465891698753357, "id_layer": "p15_camadas_logradouros", "doc_fonte": "Resposta SECT_autos.pdf", "doc_pagina": 15, "doc_folha": 108, "doc_escala": "1:15.000", "doc_metodo": "Reconstituição Vetorial Afim", "doc_rms_m": 0.68 }, "geometry": { "type": "LineString", "coordinates": [ [ 174870.732139226456638, 9658397.787783868610859 ], [ 174869.75328248317237, 9658394.851213783025742 ], [ 174866.81671229438507, 9658391.914643697440624 ], [ 174863.880142112408066, 9658389.956930305808783 ], [ 174860.943571944138967, 9658389.956930305808783 ], [ 174858.007001755351666, 9658387.020360220223665 ], [ 174846.260721034370363, 9658380.16836335323751 ] ] } },
{ "type": "Feature", "properties": { "id": 282, "pagina": 15, "classe": "Logradouros", "metodo": "EIXO_TRACO", "comp_m": 377.65340417567296, "id_layer": "p15_camadas_logradouros", "doc_fonte": "Resposta SECT_autos.pdf", "doc_pagina": 15, "doc_folha": 108, "doc_escala": "1:15.000", "doc_metodo": "Reconstituição Vetorial Afim", "doc_rms_m": 0.68 }, "geometry": { "type": "LineString", "coordinates": [ [ 174870.732139226456638, 9658397.787783868610859 ], [ 174875.626422853936674, 9658399.745497260242701 ], [ 174880.520706467708806, 9658399.745497260242701 ], [ 174892.266987161303405, 9658402.682067345827818 ], [ 174919.67497541217017, 9658404.63978073745966 ], [ 174920.653832141746534, 9658405.61863743327558 ], [ 174948.061820392613299, 9658407.576350823044777 ], [ 174949.040677122218767, 9658408.555207518860698 ], [ 174971.554381752444897, 9658409.534064214676619 ], [ 174972.533238482021261, 9658410.512920908629894 ], [ 175000.920083462493494, 9658413.449490996077657 ], [ 175001.898940192069858, 9658414.428347690030932 ], [ 175036.158925522759091, 9658419.322631167247891 ], [ 175056.71491674167919, 9658425.195771340280771 ], [ 175069.440054151200457, 9658427.153484730049968 ], [ 175123.277174019109225, 9658443.794048551470041 ], [ 175136.002311456017196, 9658449.667188724502921 ], [ 175166.346869936736766, 9658460.434612372890115 ], [ 175221.162846575316507, 9658483.927173063158989 ], [ 175226.057130195928039, 9658484.906029757112265 ], [ 175228.014843655138975, 9658486.863743148744106 ], [ 175232.909127275750507, 9658487.842599844560027 ] ] } },
{ "type": "Feature", "properties": { "id": 283, "pagina": 15, "classe": "Logradouros", "metodo": "EIXO_TRACO", "comp_m": 32.23793861159934, "id_layer": "p15_camadas_logradouros", "doc_fonte": "Resposta SECT_autos.pdf", "doc_pagina": 15, "doc_folha": 108, "doc_escala": "1:15.000", "doc_metodo": "Reconstituição Vetorial Afim", "doc_rms_m": 0.68 }, "geometry": { "type": "LineString", "coordinates": [ [ 175240.739976410724921, 9657823.198903681710362 ], [ 175241.718833078746684, 9657815.368050118908286 ], [ 175248.570830042212037, 9657801.664056384935975 ], [ 175250.528543426131364, 9657792.854346126317978 ] ] } },
{ "type": "Feature", "properties": { "id": 284, "pagina": 15, "classe": "Logradouros", "metodo": "EIXO_TRACO", "comp_m": 120.19635724421138, "id_layer": "p15_camadas_logradouros", "doc_fonte": "Resposta SECT_autos.pdf", "doc_pagina": 15, "doc_folha": 108, "doc_escala": "1:15.000", "doc_metodo": "Reconstituição Vetorial Afim", "doc_rms_m": 0.68 }, "geometry": { "type": "LineString", "coordinates": [ [ 175240.739976410724921, 9657823.198903681710362 ], [ 175249.549686929240124, 9657825.156617073342204 ], [ 175274.999961796158459, 9657835.924040721729398 ], [ 175280.873102132696658, 9657835.924040721729398 ], [ 175314.15423025470227, 9657771.319498827680945 ], [ 175315.133086943213129, 9657766.425215350463986 ] ] } },
{ "type": "Feature", "properties": { "id": 285, "pagina": 15, "classe": "Logradouros", "metodo": "EIXO_TRACO", "comp_m": 1.9577133916318421, "id_layer": "p15_camadas_logradouros", "doc_fonte": "Resposta SECT_autos.pdf", "doc_pagina": 15, "doc_folha": 108, "doc_escala": "1:15.000", "doc_metodo": "Reconstituição Vetorial Afim", "doc_rms_m": 0.68 }, "geometry": { "type": "LineString", "coordinates": [ [ 172904.208979528018972, 9657871.162881758064032 ], [ 172904.208979541697772, 9657873.120595149695873 ] ] } },
{ "type": "Feature", "properties": { "id": 286, "pagina": 15, "classe": "Logradouros", "metodo": "EIXO_TRACO", "comp_m": 61.886081974667938, "id_layer": "p15_camadas_logradouros", "doc_fonte": "Resposta SECT_autos.pdf", "doc_pagina": 15, "doc_folha": 108, "doc_escala": "1:15.000", "doc_metodo": "Reconstituição Vetorial Afim", "doc_rms_m": 0.68 }, "geometry": { "type": "LineString", "coordinates": [ [ 172904.208979528018972, 9657871.162881758064032 ], [ 172914.976403430424398, 9657864.310884891077876 ], [ 172948.257531819312135, 9657837.881754115223885 ], [ 172951.194101980741834, 9657836.902897419407964 ], [ 172953.151815405726666, 9657833.966327333822846 ] ] } },
{ "type": "Feature", "properties": { "id": 287, "pagina": 15, "classe": "Logradouros", "metodo": "EIXO_TRACO", "comp_m": 160.1707480215365, "id_layer": "p15_camadas_logradouros", "doc_fonte": "Resposta SECT_autos.pdf", "doc_pagina": 15, "doc_folha": 108, "doc_escala": "1:15.000", "doc_metodo": "Reconstituição Vetorial Afim", "doc_rms_m": 0.68 }, "geometry": { "type": "LineString", "coordinates": [ [ 178279.111244843952591, 9657966.111981205642223 ], [ 178283.026671823958168, 9657978.837118245661259 ], [ 178297.709522836375982, 9658003.308535629883409 ], [ 178319.244370956002967, 9658034.631949881091714 ], [ 178329.032938258867944, 9658045.399373531341553 ], [ 178335.884935386595316, 9658055.187940483912826 ], [ 178342.736932493775385, 9658062.039937352761626 ], [ 178368.187207429145928, 9658082.595927955582738 ], [ 178374.060347806749633, 9658088.469068126752973 ], [ 178375.039204550033901, 9658091.405638214200735 ] ] } },
{ "type": "Feature", "properties": { "id": 288, "pagina": 15, "classe": "Logradouros", "metodo": "EIXO_TRACO", "comp_m": 69.917095636276002, "id_layer": "p15_camadas_logradouros", "doc_fonte": "Resposta SECT_autos.pdf", "doc_pagina": 15, "doc_folha": 108, "doc_escala": "1:15.000", "doc_metodo": "Reconstituição Vetorial Afim", "doc_rms_m": 0.68 }, "geometry": { "type": "LineString", "coordinates": [ [ 178279.111244843952591, 9657966.111981205642223 ], [ 178280.090101553010754, 9657964.154267814010382 ], [ 178289.878668766876217, 9657962.196554424241185 ], [ 178299.667235967062879, 9657958.281127642840147 ], [ 178302.603806135331979, 9657958.281127642840147 ], [ 178309.455803174088942, 9657955.344557555392385 ], [ 178312.392373342358042, 9657955.344557555392385 ], [ 178340.779218240699265, 9657946.534847296774387 ], [ 178343.715788388421061, 9657943.59827721118927 ] ] } },
{ "type": "Feature", "properties": { "id": 289, "pagina": 15, "classe": "Logradouros", "metodo": "EIXO_TRACO", "comp_m": 1.9577134455030321, "id_layer": "p15_camadas_logradouros", "doc_fonte": "Resposta SECT_autos.pdf", "doc_pagina": 15, "doc_folha": 108, "doc_escala": "1:15.000", "doc_metodo": "Reconstituição Vetorial Afim", "doc_rms_m": 0.68 }, "geometry": { "type": "LineString", "coordinates": [ [ 178279.111244843952591, 9657966.111981205642223 ], [ 178277.153531398449559, 9657966.111981205642223 ] ] } },
{ "type": "Feature", "properties": { "id": 290, "pagina": 15, "classe": "Logradouros", "metodo": "EIXO_TRACO", "comp_m": 134.38085972721322, "id_layer": "p15_camadas_logradouros", "doc_fonte": "Resposta SECT_autos.pdf", "doc_pagina": 15, "doc_folha": 108, "doc_escala": "1:15.000", "doc_metodo": "Reconstituição Vetorial Afim", "doc_rms_m": 0.68 }, "geometry": { "type": "LineString", "coordinates": [ [ 178514.036865032976493, 9658928.328112760558724 ], [ 178498.375157475733431, 9658929.306969456374645 ], [ 178497.396300759806763, 9658930.285826152190566 ], [ 178479.776879750192165, 9658930.285826152190566 ], [ 178478.798023020615801, 9658929.306969456374645 ], [ 178467.051742347539403, 9658929.306969456374645 ], [ 178466.072885617933935, 9658928.328112760558724 ], [ 178440.622610812599305, 9658926.370399370789528 ], [ 178439.643754082993837, 9658925.391542674973607 ], [ 178404.40491203640704, 9658921.476115893572569 ], [ 178389.722061174543342, 9658918.539545807987452 ], [ 178381.89120739250211, 9658918.539545807987452 ] ] } },
{ "type": "Feature", "properties": { "id": 291, "pagina": 15, "classe": "Logradouros", "metodo": "EIXO_TRACO", "comp_m": 1730.1656672121485, "id_layer": "p15_camadas_logradouros", "doc_fonte": "Resposta SECT_autos.pdf", "doc_pagina": 15, "doc_folha": 108, "doc_escala": "1:15.000", "doc_metodo": "Reconstituição Vetorial Afim", "doc_rms_m": 0.68 }, "geometry": { "type": "LineString", "coordinates": [ [ 174698.453336338163354, 9655582.595927963033319 ], [ 174707.263046849810053, 9655583.574784658849239 ], [ 174773.825304134079488, 9655603.15191856585443 ], [ 174781.656157950346824, 9655608.046202043071389 ], [ 174784.592728146002628, 9655611.961628824472427 ], [ 174785.571584971417906, 9655626.644479256123304 ], [ 174771.86759118133341, 9655673.629600632935762 ], [ 174771.867591208720114, 9655677.545027416199446 ], [ 174776.76187493884936, 9655694.185591237619519 ], [ 174776.761874979914865, 9655700.058731408789754 ], [ 174768.931021382653853, 9655726.487862184643745 ], [ 174766.973308012413327, 9655737.255285833030939 ], [ 174765.015594594296999, 9655741.170712614431977 ], [ 174765.015594785916619, 9655768.57870008610189 ], [ 174765.994451515522087, 9655769.557556780055165 ], [ 174765.994451563426992, 9655776.409553648903966 ], [ 174766.97330829303246, 9655777.388410344719887 ], [ 174766.973308340937365, 9655784.240407211706042 ], [ 174768.931021848024102, 9655793.050117470324039 ], [ 174770.888735587825067, 9655835.140955371782184 ], [ 174771.867592317430535, 9655836.119812065735459 ], [ 174771.867592372203944, 9655843.950665630400181 ], [ 174773.825305879290681, 9655852.760375887155533 ], [ 174776.761876280274009, 9655886.04150352999568 ], [ 174782.635016767366324, 9655907.576350828632712 ], [ 174793.402440847712569, 9655926.174628041684628 ], [ 174810.043005250918213, 9655942.815191863104701 ], [ 174864.858982012665365, 9655983.927173068746924 ], [ 174894.224683893815381, 9656012.314017234370112 ], [ 174901.076681028411258, 9656023.081440882757306 ], [ 174912.822961865720572, 9656046.57400157302618 ], [ 174920.653815818863222, 9656071.04541895724833 ], [ 174927.505813090334414, 9656101.38997651450336 ], [ 174930.442383313347818, 9656109.220830077305436 ], [ 174934.357810368615901, 9656132.713390765711665 ], [ 174937.29438059849781, 9656141.523101024329662 ], [ 174941.209807633247692, 9656162.079091627150774 ], [ 174945.125234599545365, 9656172.846515275537968 ], [ 174945.12523462693207, 9656176.761942056939006 ], [ 174949.040661572682438, 9656184.592795621603727 ], [ 174951.977231809403747, 9656194.381362574175 ], [ 174960.786942416860256, 9656209.064213005825877 ], [ 174966.660082801303361, 9656215.916209872812033 ], [ 175011.687492335506249, 9656257.028191078454256 ], [ 175026.370343252143357, 9656267.795614728704095 ], [ 175055.736045146972174, 9656298.140172284096479 ], [ 175069.440039457200328, 9656325.548159755766392 ], [ 175079.228606999560725, 9656370.575567742809653 ], [ 175090.974887912190752, 9656404.835552081465721 ], [ 175098.805741803720593, 9656420.497259207069874 ], [ 175104.678882249776507, 9656436.158966332674026 ], [ 175127.192587174271466, 9656479.228660929948092 ], [ 175137.960011240938911, 9656495.869224751368165 ], [ 175137.960011254646815, 9656497.826938141137362 ], [ 175146.769721862103324, 9656512.509788572788239 ], [ 175158.516002726799343, 9656539.917776042595506 ], [ 175161.452572956652148, 9656548.727486301213503 ], [ 175161.452572984038852, 9656552.642913082614541 ], [ 175164.389143186534056, 9656557.5371965598315 ], [ 175169.283426944020903, 9656578.093187162652612 ], [ 175172.219997153355507, 9656583.966327333822846 ], [ 175174.177710674150148, 9656594.733750984072685 ], [ 175178.093137647316325, 9656606.4800313282758 ], [ 175178.093137674673926, 9656610.395458109676838 ], [ 175182.008564634132199, 9656620.184025064110756 ], [ 175184.945134918758413, 9656636.824588885530829 ], [ 175187.881705128093017, 9656642.697729056701064 ], [ 175188.86056189876399, 9656649.549725925549865 ], [ 175194.7337023447908, 9656665.211433051154017 ], [ 175195.712559115461772, 9656672.063429918140173 ], [ 175200.606842818204314, 9656684.788566958159208 ], [ 175202.564556332159555, 9656694.577133912593126 ], [ 175210.395410264784005, 9656716.111981211230159 ], [ 175210.395410285302205, 9656719.048551296815276 ], [ 175213.33198050147621, 9656725.900548163801432 ], [ 175213.331980528862914, 9656729.81597494520247 ], [ 175222.141691225289833, 9656757.223962416872382 ], [ 175222.141691252676537, 9656761.13938919827342 ], [ 175230.951401949103456, 9656788.547376668080688 ], [ 175230.951401976461057, 9656792.462803449481726 ], [ 175233.887972199503565, 9656800.293657012283802 ], [ 175236.824542470421875, 9656814.976507443934679 ], [ 175239.761112679756479, 9656820.849647615104914 ], [ 175247.591966701322235, 9656855.109631953760982 ], [ 175250.52853691749624, 9656861.961628822609782 ], [ 175250.528536938043544, 9656864.8981989081949 ], [ 175254.443963904341217, 9656875.665622556582093 ], [ 175254.443963931727922, 9656879.581049337983131 ], [ 175262.274817878031172, 9656903.073610028252006 ], [ 175270.105671906465432, 9656938.312451060861349 ], [ 175271.084528786625015, 9656960.826155055314302 ], [ 175272.063385516230483, 9656961.805011751130223 ], [ 175272.063385728397407, 9656992.149569306522608 ], [ 175271.084529012470739, 9656993.128426002338529 ], [ 175271.084529094601749, 9657004.874706346541643 ], [ 175270.105672378704185, 9657005.853563042357564 ], [ 175269.126815731229726, 9657016.620986690744758 ], [ 175266.190245624544332, 9657025.430696949362755 ], [ 175262.274818781443173, 9657032.282693818211555 ], [ 175226.057120347453747, 9657076.331245109438896 ], [ 175225.078263665753184, 9657082.204385282471776 ] ] } },
{ "type": "Feature", "properties": { "id": 292, "pagina": 15, "classe": "Logradouros", "metodo": "EIXO_TRACO", "comp_m": 81.480444435686209, "id_layer": "p15_camadas_logradouros", "doc_fonte": "Resposta SECT_autos.pdf", "doc_pagina": 15, "doc_folha": 108, "doc_escala": "1:15.000", "doc_metodo": "Reconstituição Vetorial Afim", "doc_rms_m": 0.68 }, "geometry": { "type": "LineString", "coordinates": [ [ 174698.453336338163354, 9655582.595927963033319 ], [ 174696.495622878952418, 9655580.638214573264122 ], [ 174690.622482535574818, 9655579.659357877448201 ], [ 174677.897345105535351, 9655574.765074400231242 ], [ 174661.25678079132922, 9655570.849647618830204 ], [ 174647.552786638523685, 9655565.955364141613245 ], [ 174640.700789572380017, 9655564.976507447659969 ], [ 174627.97565214234055, 9655560.08222397044301 ], [ 174621.123655076196883, 9655559.10336727462709 ] ] } },
{ "type": "Feature", "properties": { "id": 293, "pagina": 15, "classe": "Logradouros", "metodo": "EIXO_TRACO", "comp_m": 2.9365700855851169, "id_layer": "p15_camadas_logradouros", "doc_fonte": "Resposta SECT_autos.pdf", "doc_pagina": 15, "doc_folha": 108, "doc_escala": "1:15.000", "doc_metodo": "Reconstituição Vetorial Afim", "doc_rms_m": 0.68 }, "geometry": { "type": "LineString", "coordinates": [ [ 173030.481504504045006, 9658978.24980423040688 ], [ 173030.481504524563206, 9658981.186374315991998 ] ] } },
{ "type": "Feature", "properties": { "id": 294, "pagina": 15, "classe": "Logradouros", "metodo": "EIXO_TRACO", "comp_m": 191.24005898499047, "id_layer": "p15_camadas_logradouros", "doc_fonte": "Resposta SECT_autos.pdf", "doc_pagina": 15, "doc_folha": 108, "doc_escala": "1:15.000", "doc_metodo": "Reconstituição Vetorial Afim", "doc_rms_m": 0.68 }, "geometry": { "type": "LineString", "coordinates": [ [ 173030.481504504045006, 9658978.24980423040688 ], [ 173026.566077592491638, 9658975.313234142959118 ], [ 173022.650650660390966, 9658969.440093971788883 ], [ 173004.052372784324689, 9658948.884103368967772 ], [ 173001.115802581829485, 9658943.989819891750813 ], [ 172991.327235285833012, 9658934.201252937316895 ], [ 172971.750100659613963, 9658909.729835553094745 ], [ 172957.067249708779855, 9658894.068128427490592 ], [ 172906.166699701134348, 9658833.379013314843178 ] ] } },
{ "type": "Feature", "properties": { "id": 295, "pagina": 15, "classe": "Logradouros", "metodo": "EIXO_TRACO", "comp_m": 57.453135277528936, "id_layer": "p15_camadas_logradouros", "doc_fonte": "Resposta SECT_autos.pdf", "doc_pagina": 15, "doc_folha": 108, "doc_escala": "1:15.000", "doc_metodo": "Reconstituição Vetorial Afim", "doc_rms_m": 0.68 }, "geometry": { "type": "LineString", "coordinates": [ [ 173030.481504504045006, 9658978.24980423040688 ], [ 173071.593486579193268, 9658938.116679718717933 ] ] } },
{ "type": "Feature", "properties": { "id": 296, "pagina": 15, "classe": "Logradouros", "metodo": "EIXO_TRACO", "comp_m": 65.015305983935377, "id_layer": "p15_camadas_logradouros", "doc_fonte": "Resposta SECT_autos.pdf", "doc_pagina": 15, "doc_folha": 108, "doc_escala": "1:15.000", "doc_metodo": "Reconstituição Vetorial Afim", "doc_rms_m": 0.68 }, "geometry": { "type": "LineString", "coordinates": [ [ 173227.231694088433869, 9657306.362568525597453 ], [ 173226.25283741360181, 9657313.214565392583609 ], [ 173221.358553868252784, 9657323.003132347017527 ], [ 173202.760276368586347, 9657356.284259989857674 ], [ 173196.887136079953052, 9657363.136256856843829 ] ] } },
{ "type": "Feature", "properties": { "id": 297, "pagina": 15, "classe": "Logradouros", "metodo": "EIXO_TRACO", "comp_m": 110.56839855464504, "id_layer": "p15_camadas_logradouros", "doc_fonte": "Resposta SECT_autos.pdf", "doc_pagina": 15, "doc_folha": 108, "doc_escala": "1:15.000", "doc_metodo": "Reconstituição Vetorial Afim", "doc_rms_m": 0.68 }, "geometry": { "type": "LineString", "coordinates": [ [ 173227.231694088433869, 9657306.362568525597453 ], [ 173166.542576880630804, 9657249.588880192488432 ], [ 173151.859725922957296, 9657232.948316371068358 ], [ 173149.902012443228159, 9657228.054032895714045 ] ] } },
{ "type": "Feature", "properties": { "id": 298, "pagina": 15, "classe": "Logradouros", "metodo": "EIXO_TRACO", "comp_m": 2.188790116344359, "id_layer": "p15_camadas_logradouros", "doc_fonte": "Resposta SECT_autos.pdf", "doc_pagina": 15, "doc_folha": 108, "doc_escala": "1:15.000", "doc_metodo": "Reconstituição Vetorial Afim", "doc_rms_m": 0.68 }, "geometry": { "type": "LineString", "coordinates": [ [ 173348.609928914695047, 9657478.641346910968423 ], [ 173349.588785623782314, 9657476.683633521199226 ] ] } },
{ "type": "Feature", "properties": { "id": 299, "pagina": 15, "classe": "Logradouros", "metodo": "EIXO_TRACO", "comp_m": 34.494480720980697, "id_layer": "p15_camadas_logradouros", "doc_fonte": "Resposta SECT_autos.pdf", "doc_pagina": 15, "doc_folha": 108, "doc_escala": "1:15.000", "doc_metodo": "Reconstituição Vetorial Afim", "doc_rms_m": 0.68 }, "geometry": { "type": "LineString", "coordinates": [ [ 172805.344455758458935, 9658619.009397026151419 ], [ 172806.323312515451107, 9658623.903680503368378 ], [ 172816.11187981828698, 9658634.671104151755571 ], [ 172822.963876952853752, 9658645.43852780200541 ], [ 172824.921590405225288, 9658646.417384497821331 ] ] } },
{ "type": "Feature", "properties": { "id": 300, "pagina": 15, "classe": "Logradouros", "metodo": "EIXO_TRACO", "comp_m": 122.05649987443952, "id_layer": "p15_camadas_logradouros", "doc_fonte": "Resposta SECT_autos.pdf", "doc_pagina": 15, "doc_folha": 108, "doc_escala": "1:15.000", "doc_metodo": "Reconstituição Vetorial Afim", "doc_rms_m": 0.68 }, "geometry": { "type": "LineString", "coordinates": [ [ 175298.492517892969772, 9657085.140955368056893 ], [ 175299.471374595188536, 9657082.204385282471776 ], [ 175303.386801472515799, 9657080.246671890839934 ], [ 175313.175368631636957, 9657070.458104936406016 ], [ 175317.090795454219915, 9657060.669537983834743 ], [ 175315.133081967651378, 9657054.796397810801864 ], [ 175315.133081926585874, 9657048.923257639631629 ], [ 175313.175368460535537, 9657045.986687552183867 ], [ 175308.281084614078281, 9657012.705559909343719 ], [ 175302.407944079051958, 9656984.318715743720531 ], [ 175302.407944010628853, 9656974.530148789286613 ], [ 175304.365657449292485, 9656973.551292095333338 ] ] } },
{ "type": "Feature", "properties": { "id": 301, "pagina": 15, "classe": "Logradouros", "metodo": "EIXO_TRACO", "comp_m": 74.277251826331963, "id_layer": "p15_camadas_logradouros", "doc_fonte": "Resposta SECT_autos.pdf", "doc_pagina": 15, "doc_folha": 108, "doc_escala": "1:15.000", "doc_metodo": "Reconstituição Vetorial Afim", "doc_rms_m": 0.68 }, "geometry": { "type": "LineString", "coordinates": [ [ 175298.492517892969772, 9657085.140955368056893 ], [ 175284.788523767550942, 9657084.162098672240973 ], [ 175273.042243073956342, 9657081.225528586655855 ], [ 175257.380535509844776, 9657081.225528586655855 ], [ 175256.401678780239308, 9657080.246671890839934 ], [ 175225.078263665753184, 9657082.204385282471776 ] ] } },
{ "type": "Feature", "properties": { "id": 302, "pagina": 15, "classe": "Logradouros", "metodo": "EIXO_TRACO", "comp_m": 65.787619059804427, "id_layer": "p15_camadas_logradouros", "doc_fonte": "Resposta SECT_autos.pdf", "doc_pagina": 15, "doc_folha": 108, "doc_escala": "1:15.000", "doc_metodo": "Reconstituição Vetorial Afim", "doc_rms_m": 0.68 }, "geometry": { "type": "LineString", "coordinates": [ [ 173386.785352251026779, 9659073.198903681710362 ], [ 173338.821372521168087, 9659028.171495694667101 ] ] } },
{ "type": "Feature", "properties": { "id": 303, "pagina": 15, "classe": "Logradouros", "metodo": "EIXO_TRACO", "comp_m": 2.1887901163313441, "id_layer": "p15_camadas_logradouros", "doc_fonte": "Resposta SECT_autos.pdf", "doc_pagina": 15, "doc_folha": 108, "doc_escala": "1:15.000", "doc_metodo": "Reconstituição Vetorial Afim", "doc_rms_m": 0.68 }, "geometry": { "type": "LineString", "coordinates": [ [ 173432.791610302054323, 9657940.661707129329443 ], [ 173433.770467011112487, 9657938.703993739560246 ] ] } },
{ "type": "Feature", "properties": { "id": 304, "pagina": 15, "classe": "Logradouros", "metodo": "EIXO_TRACO", "comp_m": 213.86135095909071, "id_layer": "p15_camadas_logradouros", "doc_fonte": "Resposta SECT_autos.pdf", "doc_pagina": 15, "doc_folha": 108, "doc_escala": "1:15.000", "doc_metodo": "Reconstituição Vetorial Afim", "doc_rms_m": 0.68 }, "geometry": { "type": "LineString", "coordinates": [ [ 177197.474554242362501, 9656256.04933438077569 ], [ 177185.728273576154606, 9656257.028191076591611 ], [ 177173.981992923596408, 9656259.964761162176728 ], [ 177117.208303120103665, 9656276.605324983596802 ], [ 177079.032890932634473, 9656276.605324983596802 ], [ 177049.667189208907075, 9656270.732184812426567 ], [ 177002.682066420820775, 9656257.028191076591611 ], [ 176988.97807229537284, 9656256.04933438077569 ] ] } },
{ "type": "Feature", "properties": { "id": 305, "pagina": 15, "classe": "Logradouros", "metodo": "EIXO_TRACO", "comp_m": 65.036667958786268, "id_layer": "p15_camadas_logradouros", "doc_fonte": "Resposta SECT_autos.pdf", "doc_pagina": 15, "doc_folha": 108, "doc_escala": "1:15.000", "doc_metodo": "Reconstituição Vetorial Afim", "doc_rms_m": 0.68 }, "geometry": { "type": "LineString", "coordinates": [ [ 173052.016342001821613, 9657490.387627255171537 ], [ 173047.122058422275586, 9657495.281910732388496 ], [ 173025.58721059691743, 9657506.049334382638335 ], [ 173014.819786694512004, 9657512.901331249624491 ], [ 173001.115792623837478, 9657519.753328116610646 ], [ 172995.242652294138679, 9657520.732184812426567 ] ] } },
{ "type": "Feature", "properties": { "id": 306, "pagina": 15, "classe": "Logradouros", "metodo": "EIXO_TRACO", "comp_m": 255.92909546541347, "id_layer": "p15_camadas_logradouros", "doc_fonte": "Resposta SECT_autos.pdf", "doc_pagina": 15, "doc_folha": 108, "doc_escala": "1:15.000", "doc_metodo": "Reconstituição Vetorial Afim", "doc_rms_m": 0.68 }, "geometry": { "type": "LineString", "coordinates": [ [ 173052.016342001821613, 9657490.387627255171537 ], [ 173051.037485251697944, 9657486.472200473770499 ], [ 173008.946645865216851, 9657442.423649182543159 ], [ 172909.103259439201793, 9657341.601409558206797 ], [ 172878.758700801059604, 9657308.32028191536665 ], [ 172877.779844050935935, 9657304.404855133965611 ] ] } },
{ "type": "Feature", "properties": { "id": 307, "pagina": 15, "classe": "Logradouros", "metodo": "EIXO_TRACO", "comp_m": 60.47934999277372, "id_layer": "p15_camadas_logradouros", "doc_fonte": "Resposta SECT_autos.pdf", "doc_pagina": 15, "doc_folha": 108, "doc_escala": "1:15.000", "doc_metodo": "Reconstituição Vetorial Afim", "doc_rms_m": 0.68 }, "geometry": { "type": "LineString", "coordinates": [ [ 173052.016342001821613, 9657490.387627255171537 ], [ 173058.868339054257376, 9657489.408770561218262 ], [ 173102.916891393484548, 9657462.97963978536427 ], [ 173103.895748102571815, 9657461.021926395595074 ] ] } },
{ "type": "Feature", "properties": { "id": 308, "pagina": 15, "classe": "Logradouros", "metodo": "EIXO_TRACO", "comp_m": 13.132740704678096, "id_layer": "p15_camadas_logradouros", "doc_fonte": "Resposta SECT_autos.pdf", "doc_pagina": 15, "doc_folha": 108, "doc_escala": "1:15.000", "doc_metodo": "Reconstituição Vetorial Afim", "doc_rms_m": 0.68 }, "geometry": { "type": "LineString", "coordinates": [ [ 176284.201242765760981, 9657808.516053250059485 ], [ 176278.328102511353791, 9657820.262333596125245 ] ] } },
{ "type": "Feature", "properties": { "id": 309, "pagina": 15, "classe": "Logradouros", "metodo": "EIXO_TRACO", "comp_m": 43.708906425748168, "id_layer": "p15_camadas_logradouros", "doc_fonte": "Resposta SECT_autos.pdf", "doc_pagina": 15, "doc_folha": 108, "doc_escala": "1:15.000", "doc_metodo": "Reconstituição Vetorial Afim", "doc_rms_m": 0.68 }, "geometry": { "type": "LineString", "coordinates": [ [ 175071.397761293424992, 9657525.626468287780881 ], [ 175072.37661802986986, 9657527.584181679412723 ], [ 175077.270901650481392, 9657528.563038373365998 ], [ 175085.101755459909327, 9657532.478465154767036 ], [ 175093.911465978395427, 9657534.436178546398878 ], [ 175104.678889962931862, 9657539.330462023615837 ], [ 175111.530887029075529, 9657540.309318719431758 ] ] } },
{ "type": "Feature", "properties": { "id": 310, "pagina": 15, "classe": "Logradouros", "metodo": "EIXO_TRACO", "comp_m": 42.393564767799688, "id_layer": "p15_camadas_logradouros", "doc_fonte": "Resposta SECT_autos.pdf", "doc_pagina": 15, "doc_folha": 108, "doc_escala": "1:15.000", "doc_metodo": "Reconstituição Vetorial Afim", "doc_rms_m": 0.68 }, "geometry": { "type": "LineString", "coordinates": [ [ 175071.397761293424992, 9657525.626468287780881 ], [ 175064.545764227281325, 9657524.64761159196496 ], [ 175045.947486440156354, 9657516.816758029162884 ], [ 175037.137775921670254, 9657514.859044639393687 ], [ 175032.243492280511418, 9657510.943617857992649 ] ] } },
{ "type": "Feature", "properties": { "id": 311, "pagina": 15, "classe": "Logradouros", "metodo": "EIXO_TRACO", "comp_m": 47.250383191288151, "id_layer": "p15_camadas_logradouros", "doc_fonte": "Resposta SECT_autos.pdf", "doc_pagina": 15, "doc_folha": 108, "doc_escala": "1:15.000", "doc_metodo": "Reconstituição Vetorial Afim", "doc_rms_m": 0.68 }, "geometry": { "type": "LineString", "coordinates": [ [ 178192.971850558591541, 9657582.400156617164612 ], [ 178195.908420624211431, 9657567.71730618737638 ], [ 178199.823847446794389, 9657557.928739232942462 ], [ 178202.76041746448027, 9657536.393891934305429 ] ] } },
{ "type": "Feature", "properties": { "id": 312, "pagina": 15, "classe": "Logradouros", "metodo": "EIXO_TRACO", "comp_m": 22.442980632063609, "id_layer": "p15_camadas_logradouros", "doc_fonte": "Resposta SECT_autos.pdf", "doc_pagina": 15, "doc_folha": 108, "doc_escala": "1:15.000", "doc_metodo": "Reconstituição Vetorial Afim", "doc_rms_m": 0.68 }, "geometry": { "type": "LineString", "coordinates": [ [ 178192.971850558591541, 9657582.400156617164612 ], [ 178201.78156107707764, 9657584.357870008796453 ], [ 178208.633558136381907, 9657584.357870008796453 ], [ 178214.506698493438307, 9657587.294440094381571 ] ] } },
{ "type": "Feature", "properties": { "id": 313, "pagina": 15, "classe": "Logradouros", "metodo": "EIXO_TRACO", "comp_m": 47.897134472724574, "id_layer": "p15_camadas_logradouros", "doc_fonte": "Resposta SECT_autos.pdf", "doc_pagina": 15, "doc_folha": 108, "doc_escala": "1:15.000", "doc_metodo": "Reconstituição Vetorial Afim", "doc_rms_m": 0.68 }, "geometry": { "type": "LineString", "coordinates": [ [ 178192.971850558591541, 9657582.400156617164612 ], [ 178181.225569995032856, 9657598.061863742768764 ], [ 178166.542719263205072, 9657613.723570868372917 ], [ 178163.606149122322677, 9657617.6389976516366 ], [ 178163.606149136001477, 9657619.596711041405797 ] ] } },
{ "type": "Feature", "properties": { "id": 314, "pagina": 15, "classe": "Logradouros", "metodo": "EIXO_TRACO", "comp_m": 58.141122008361542, "id_layer": "p15_camadas_logradouros", "doc_fonte": "Resposta SECT_autos.pdf", "doc_pagina": 15, "doc_folha": 108, "doc_escala": "1:15.000", "doc_metodo": "Reconstituição Vetorial Afim", "doc_rms_m": 0.68 }, "geometry": { "type": "LineString", "coordinates": [ [ 173072.572343295090832, 9658937.137823024764657 ], [ 173113.684325363399694, 9658896.025841817259789 ] ] } },
{ "type": "Feature", "properties": { "id": 315, "pagina": 15, "classe": "Logradouros", "metodo": "EIXO_TRACO", "comp_m": 661.26433312104677, "id_layer": "p15_camadas_logradouros", "doc_fonte": "Resposta SECT_autos.pdf", "doc_pagina": 15, "doc_folha": 108, "doc_escala": "1:15.000", "doc_metodo": "Reconstituição Vetorial Afim", "doc_rms_m": 0.68 }, "geometry": { "type": "LineString", "coordinates": [ [ 176320.418953573651379, 9659534.240407202392817 ], [ 176315.524669788777828, 9659509.768989816308022 ], [ 176315.524669747712323, 9659503.895849645137787 ], [ 176314.545813018106855, 9659502.916992949321866 ], [ 176312.588099428860005, 9659482.361002346500754 ], [ 176309.651529151102295, 9659466.699295220896602 ], [ 176301.82067516373354, 9659437.333594359457493 ], [ 176293.010964487824822, 9659412.862176975235343 ], [ 176293.010964467306621, 9659409.92560688778758 ], [ 176286.158967257448239, 9659388.390759591013193 ], [ 176276.370399858802557, 9659363.919342206791043 ], [ 176268.539545974083012, 9659349.236491775140166 ], [ 176260.708692062005866, 9659330.638214563950896 ], [ 176237.216130401036935, 9659285.61080657504499 ], [ 176193.167577445856296, 9659223.942834766581655 ], [ 176173.590442819637246, 9659199.471417382359505 ], [ 176147.16131110675633, 9659171.084573216736317 ], [ 176089.408764087740565, 9659117.247454971075058 ], [ 176021.867649813793832, 9659059.494909944012761 ], [ 175966.072816260828404, 9659008.59436178393662 ], [ 175962.157389356114436, 9659006.636648394167423 ], [ 175959.220819187845336, 9659006.636648394167423 ] ] } },
{ "type": "Feature", "properties": { "id": 316, "pagina": 15, "classe": "Logradouros", "metodo": "EIXO_TRACO", "comp_m": 86.96727524773631, "id_layer": "p15_camadas_logradouros", "doc_fonte": "Resposta SECT_autos.pdf", "doc_pagina": 15, "doc_folha": 108, "doc_escala": "1:15.000", "doc_metodo": "Reconstituição Vetorial Afim", "doc_rms_m": 0.68 }, "geometry": { "type": "LineString", "coordinates": [ [ 173036.354635067371419, 9657580.442443231120706 ], [ 173027.544924569432624, 9657581.421299926936626 ], [ 172992.306082618655637, 9657591.209866879507899 ], [ 172986.432942282117438, 9657591.209866879507899 ], [ 172966.855807854386512, 9657595.125293660908937 ], [ 172951.194100297114346, 9657596.104150356724858 ] ] } },
{ "type": "Feature", "properties": { "id": 317, "pagina": 15, "classe": "Logradouros", "metodo": "EIXO_TRACO", "comp_m": 152.99625152132597, "id_layer": "p15_camadas_logradouros", "doc_fonte": "Resposta SECT_autos.pdf", "doc_pagina": 15, "doc_folha": 108, "doc_escala": "1:15.000", "doc_metodo": "Reconstituição Vetorial Afim", "doc_rms_m": 0.68 }, "geometry": { "type": "LineString", "coordinates": [ [ 173036.354635067371419, 9657580.442443231120706 ], [ 173037.333491824363591, 9657585.336726708337665 ], [ 173056.910626505326945, 9657617.638997655361891 ], [ 173124.451740984572098, 9657704.757243543863297 ] ] } },
{ "type": "Feature", "properties": { "id": 318, "pagina": 15, "classe": "Logradouros", "metodo": "EIXO_TRACO", "comp_m": 2.9365700855851169, "id_layer": "p15_camadas_logradouros", "doc_fonte": "Resposta SECT_autos.pdf", "doc_pagina": 15, "doc_folha": 108, "doc_escala": "1:15.000", "doc_metodo": "Reconstituição Vetorial Afim", "doc_rms_m": 0.68 }, "geometry": { "type": "LineString", "coordinates": [ [ 178202.760417443962069, 9657533.457321848720312 ], [ 178202.76041746448027, 9657536.393891934305429 ] ] } },
{ "type": "Feature", "properties": { "id": 319, "pagina": 15, "classe": "Logradouros", "metodo": "EIXO_TRACO", "comp_m": 70.909044453715637, "id_layer": "p15_camadas_logradouros", "doc_fonte": "Resposta SECT_autos.pdf", "doc_pagina": 15, "doc_folha": 108, "doc_escala": "1:15.000", "doc_metodo": "Reconstituição Vetorial Afim", "doc_rms_m": 0.68 }, "geometry": { "type": "LineString", "coordinates": [ [ 178202.760417443962069, 9657533.457321848720312 ], [ 178202.760417313926155, 9657514.859044635668397 ], [ 178201.781560584320687, 9657513.880187939852476 ], [ 178201.781560495350277, 9657501.155050901696086 ], [ 178200.802703765744809, 9657500.176194205880165 ], [ 178200.8027036836138, 9657488.429913861677051 ], [ 178199.823846954037435, 9657487.45105716586113 ], [ 178199.823846858198522, 9657473.747063430026174 ], [ 178197.866133344272384, 9657463.958496475592256 ] ] } },
{ "type": "Feature", "properties": { "id": 320, "pagina": 15, "classe": "Logradouros", "metodo": "EIXO_TRACO", "comp_m": 203.09400203425835, "id_layer": "p15_camadas_logradouros", "doc_fonte": "Resposta SECT_autos.pdf", "doc_pagina": 15, "doc_folha": 108, "doc_escala": "1:15.000", "doc_metodo": "Reconstituição Vetorial Afim", "doc_rms_m": 0.68 }, "geometry": { "type": "LineString", "coordinates": [ [ 178202.760417443962069, 9657533.457321848720312 ], [ 178213.5278413942724, 9657533.457321848720312 ], [ 178214.506698110199068, 9657532.478465152904391 ], [ 178258.555250606819754, 9657528.563038371503353 ], [ 178259.534107322746422, 9657527.584181675687432 ], [ 178300.646089678484714, 9657527.584181675687432 ], [ 178361.335206571471645, 9657539.330462019890547 ], [ 178401.468332300253678, 9657553.034455755725503 ] ] } },
{ "type": "Feature", "properties": { "id": 321, "pagina": 15, "classe": "Logradouros", "metodo": "EIXO_TRACO", "comp_m": 7.8308536779193672, "id_layer": "p15_camadas_logradouros", "doc_fonte": "Resposta SECT_autos.pdf", "doc_pagina": 15, "doc_folha": 108, "doc_escala": "1:15.000", "doc_metodo": "Reconstituição Vetorial Afim", "doc_rms_m": 0.68 }, "geometry": { "type": "LineString", "coordinates": [ [ 174409.69062265791581, 9658376.252936571836472 ], [ 174412.627192798798205, 9658372.337509790435433 ], [ 174415.563762967067305, 9658372.337509790435433 ] ] } },
{ "type": "Feature", "properties": { "id": 322, "pagina": 15, "classe": "Logradouros", "metodo": "EIXO_TRACO", "comp_m": 53.772725026688022, "id_layer": "p15_camadas_logradouros", "doc_fonte": "Resposta SECT_autos.pdf", "doc_pagina": 15, "doc_folha": 108, "doc_escala": "1:15.000", "doc_metodo": "Reconstituição Vetorial Afim", "doc_rms_m": 0.68 }, "geometry": { "type": "LineString", "coordinates": [ [ 174409.69062265791581, 9658376.252936571836472 ], [ 174404.796339057822479, 9658378.210649961605668 ], [ 174377.388350978057133, 9658400.724353956058621 ], [ 174369.557497250789311, 9658408.555207518860698 ], [ 174369.557497264468111, 9658410.512920910492539 ] ] } },
{ "type": "Feature", "properties": { "id": 323, "pagina": 15, "classe": "Logradouros", "metodo": "EIXO_TRACO", "comp_m": 4.8942835424968516, "id_layer": "p15_camadas_logradouros", "doc_fonte": "Resposta SECT_autos.pdf", "doc_pagina": 15, "doc_folha": 108, "doc_escala": "1:15.000", "doc_metodo": "Reconstituição Vetorial Afim", "doc_rms_m": 0.68 }, "geometry": { "type": "LineString", "coordinates": [ [ 174409.69062265791581, 9658376.252936571836472 ], [ 174412.62719285354251, 9658380.16836335323751 ] ] } },
{ "type": "Feature", "properties": { "id": 324, "pagina": 15, "classe": "Logradouros", "metodo": "EIXO_TRACO", "comp_m": 28.296866132329942, "id_layer": "p15_camadas_logradouros", "doc_fonte": "Resposta SECT_autos.pdf", "doc_pagina": 15, "doc_folha": 108, "doc_escala": "1:15.000", "doc_metodo": "Reconstituição Vetorial Afim", "doc_rms_m": 0.68 }, "geometry": { "type": "LineString", "coordinates": [ [ 178139.134738061635289, 9658619.988253718242049 ], [ 178138.155881352577126, 9658621.945967108011246 ], [ 178139.134738082182594, 9658622.924823803827167 ], [ 178140.113594962342177, 9658645.438527796417475 ], [ 178141.092451698787045, 9658647.396241188049316 ] ] } },
{ "type": "Feature", "properties": { "id": 325, "pagina": 15, "classe": "Logradouros", "metodo": "EIXO_TRACO", "comp_m": 75.837825803851388, "id_layer": "p15_camadas_logradouros", "doc_fonte": "Resposta SECT_autos.pdf", "doc_pagina": 15, "doc_folha": 108, "doc_escala": "1:15.000", "doc_metodo": "Reconstituição Vetorial Afim", "doc_rms_m": 0.68 }, "geometry": { "type": "LineString", "coordinates": [ [ 173586.472124377585715, 9659171.084573218598962 ], [ 173594.302978200692451, 9659176.957713391631842 ], [ 173636.393817635078449, 9659227.858261549845338 ] ] } },
{ "type": "Feature", "properties": { "id": 326, "pagina": 15, "classe": "Logradouros", "metodo": "EIXO_TRACO", "comp_m": 517.15208642876496, "id_layer": "p15_camadas_logradouros", "doc_fonte": "Resposta SECT_autos.pdf", "doc_pagina": 15, "doc_folha": 108, "doc_escala": "1:15.000", "doc_metodo": "Reconstituição Vetorial Afim", "doc_rms_m": 0.68 }, "geometry": { "type": "LineString", "coordinates": [ [ 173586.472124377585715, 9659171.084573218598962 ], [ 173584.514410891017178, 9659165.211433047428727 ], [ 173521.867580189777073, 9659101.58574784733355 ], [ 173515.994439798494568, 9659093.754894284531474 ], [ 173481.734454248828115, 9659057.537196554243565 ], [ 173469.988173479941906, 9659043.833202820271254 ], [ 173464.115033081820002, 9659035.023492561653256 ], [ 173417.129910047340672, 9658986.080657793208957 ], [ 173396.57391873258166, 9658966.503523884341121 ], [ 173376.017927390465047, 9658943.010963195934892 ], [ 173358.398506264493335, 9658926.370399374514818 ], [ 173252.681979344546562, 9658803.034455757588148 ], [ 173241.914555318944622, 9658792.267032107338309 ], [ 173237.999128421070054, 9658791.288175413385034 ] ] } },
{ "type": "Feature", "properties": { "id": 327, "pagina": 15, "classe": "Logradouros", "metodo": "EIXO_TRACO", "comp_m": 62.393550876180555, "id_layer": "p15_camadas_logradouros", "doc_fonte": "Resposta SECT_autos.pdf", "doc_pagina": 15, "doc_folha": 108, "doc_escala": "1:15.000", "doc_metodo": "Reconstituição Vetorial Afim", "doc_rms_m": 0.68 }, "geometry": { "type": "LineString", "coordinates": [ [ 172960.003816858836217, 9658462.392325766384602 ], [ 172960.003816872544121, 9658464.350039156153798 ], [ 172956.088390008895658, 9658468.265465937554836 ], [ 172939.447825811017537, 9658480.990602977573872 ], [ 172916.934121303987922, 9658497.631166798993945 ], [ 172911.060980974289123, 9658498.610023494809866 ] ] } },
{ "type": "Feature", "properties": { "id": 328, "pagina": 15, "classe": "Logradouros", "metodo": "EIXO_TRACO", "comp_m": 64.056591074126487, "id_layer": "p15_camadas_logradouros", "doc_fonte": "Resposta SECT_autos.pdf", "doc_pagina": 15, "doc_folha": 108, "doc_escala": "1:15.000", "doc_metodo": "Reconstituição Vetorial Afim", "doc_rms_m": 0.68 }, "geometry": { "type": "LineString", "coordinates": [ [ 172960.003816858836217, 9658462.392325766384602 ], [ 172963.919243749871384, 9658462.392325766384602 ], [ 172966.855813904461684, 9658460.43461237475276 ], [ 172992.306088552373694, 9658439.878621771931648 ], [ 173011.883222911681514, 9658426.174628036096692 ] ] } },
{ "type": "Feature", "properties": { "id": 329, "pagina": 15, "classe": "Logradouros", "metodo": "EIXO_TRACO", "comp_m": 318.03714534790976, "id_layer": "p15_camadas_logradouros", "doc_fonte": "Resposta SECT_autos.pdf", "doc_pagina": 15, "doc_folha": 108, "doc_escala": "1:15.000", "doc_metodo": "Reconstituição Vetorial Afim", "doc_rms_m": 0.68 }, "geometry": { "type": "LineString", "coordinates": [ [ 172960.003816858836217, 9658462.392325766384602 ], [ 172959.024960115551949, 9658459.455755680799484 ], [ 172929.659258172818227, 9658422.259201254695654 ], [ 172920.849547572201118, 9658408.555207520723343 ], [ 172884.631848508579424, 9658362.548942837864161 ], [ 172860.160430200136034, 9658328.288958499208093 ], [ 172808.281023415009258, 9658259.768989823758602 ], [ 172807.302166664856486, 9658255.853563042357564 ], [ 172808.281023373943754, 9658253.895849650725722 ], [ 172828.837014462827938, 9658241.170712610706687 ], [ 172856.245002556272084, 9658220.614722007885575 ] ] } },
{ "type": "Feature", "properties": { "id": 330, "pagina": 15, "classe": "Logradouros", "metodo": "EIXO_TRACO", "comp_m": 4.0359296471106427, "id_layer": "p15_camadas_logradouros", "doc_fonte": "Resposta SECT_autos.pdf", "doc_pagina": 15, "doc_folha": 108, "doc_escala": "1:15.000", "doc_metodo": "Reconstituição Vetorial Afim", "doc_rms_m": 0.68 }, "geometry": { "type": "LineString", "coordinates": [ [ 175319.048513827408897, 9657765.446358654648066 ], [ 175315.133086943213129, 9657766.425215350463986 ] ] } },
{ "type": "Feature", "properties": { "id": 331, "pagina": 15, "classe": "Logradouros", "metodo": "EIXO_TRACO", "comp_m": 170.49221075331707, "id_layer": "p15_camadas_logradouros", "doc_fonte": "Resposta SECT_autos.pdf", "doc_pagina": 15, "doc_folha": 108, "doc_escala": "1:15.000", "doc_metodo": "Reconstituição Vetorial Afim", "doc_rms_m": 0.68 }, "geometry": { "type": "LineString", "coordinates": [ [ 177952.173110407573404, 9659534.240407200530171 ], [ 177959.025107460009167, 9659533.261550504714251 ], [ 177974.686814969347324, 9659525.430696941912174 ], [ 177996.221662726253271, 9659504.874706339091063 ], [ 178006.989086567074992, 9659489.21299921348691 ], [ 178009.925656687439186, 9659482.361002344638109 ], [ 178010.904513362271246, 9659475.509005477651954 ], [ 178017.756510325736599, 9659461.805011741816998 ], [ 178027.545077450631652, 9659447.122161312028766 ], [ 178039.291358034737641, 9659434.39702427200973 ], [ 178044.185641627991572, 9659431.460454184561968 ], [ 178062.783919244015124, 9659414.819890363141894 ], [ 178064.741632689518156, 9659414.819890363141894 ] ] } },
{ "type": "Feature", "properties": { "id": 332, "pagina": 15, "classe": "Logradouros", "metodo": "EIXO_TRACO", "comp_m": 50.901907231148016, "id_layer": "p15_camadas_logradouros", "doc_fonte": "Resposta SECT_autos.pdf", "doc_pagina": 15, "doc_folha": 108, "doc_escala": "1:15.000", "doc_metodo": "Reconstituição Vetorial Afim", "doc_rms_m": 0.68 }, "geometry": { "type": "LineString", "coordinates": [ [ 175522.650707007094752, 9657028.367267034947872 ], [ 175521.671850291197188, 9657029.346123730763793 ], [ 175521.671850332262693, 9657035.219263903796673 ], [ 175516.777566896402277, 9657060.669537983834743 ], [ 175514.81985357409576, 9657078.288958499208093 ] ] } },
{ "type": "Feature", "properties": { "id": 333, "pagina": 15, "classe": "Logradouros", "metodo": "EIXO_TRACO", "comp_m": 22.195021814829751, "id_layer": "p15_camadas_logradouros", "doc_fonte": "Resposta SECT_autos.pdf", "doc_pagina": 15, "doc_folha": 108, "doc_escala": "1:15.000", "doc_metodo": "Reconstituição Vetorial Afim", "doc_rms_m": 0.68 }, "geometry": { "type": "LineString", "coordinates": [ [ 178036.354781686357455, 9658550.489428345113993 ], [ 178038.312495125021087, 9658549.510571651160717 ], [ 178047.12220565037569, 9658552.447141736745834 ], [ 178051.037632541381754, 9658552.447141736745834 ], [ 178054.953059439256322, 9658553.425998432561755 ], [ 178056.910772898467258, 9658555.383711822330952 ] ] } },
{ "type": "Feature", "properties": { "id": 334, "pagina": 15, "classe": "Logradouros", "metodo": "EIXO_TRACO", "comp_m": 30.30058315836429, "id_layer": "p15_camadas_logradouros", "doc_fonte": "Resposta SECT_autos.pdf", "doc_pagina": 15, "doc_folha": 108, "doc_escala": "1:15.000", "doc_metodo": "Reconstituição Vetorial Afim", "doc_rms_m": 0.68 }, "geometry": { "type": "LineString", "coordinates": [ [ 173349.588785623782314, 9657476.683633521199226 ], [ 173341.757931677479064, 9657453.191072830930352 ], [ 173337.842504759057192, 9657449.275646049529314 ] ] } },
{ "type": "Feature", "properties": { "id": 335, "pagina": 15, "classe": "Logradouros", "metodo": "EIXO_TRACO", "comp_m": 43.471801667788938, "id_layer": "p15_camadas_logradouros", "doc_fonte": "Resposta SECT_autos.pdf", "doc_pagina": 15, "doc_folha": 108, "doc_escala": "1:15.000", "doc_metodo": "Reconstituição Vetorial Afim", "doc_rms_m": 0.68 }, "geometry": { "type": "LineString", "coordinates": [ [ 175150.685156363615533, 9657600.998433832079172 ], [ 175150.685156391002238, 9657604.91386061348021 ], [ 175144.812016136595048, 9657616.660140957683325 ], [ 175135.023449032218195, 9657634.279561474919319 ], [ 175130.129165445832768, 9657638.194988256320357 ] ] } },
{ "type": "Feature", "properties": { "id": 336, "pagina": 15, "classe": "Logradouros", "metodo": "EIXO_TRACO", "comp_m": 184.58585400107194, "id_layer": "p15_camadas_logradouros", "doc_fonte": "Resposta SECT_autos.pdf", "doc_pagina": 15, "doc_folha": 108, "doc_escala": "1:15.000", "doc_metodo": "Reconstituição Vetorial Afim", "doc_rms_m": 0.68 }, "geometry": { "type": "LineString", "coordinates": [ [ 175150.685156363615533, 9657600.998433832079172 ], [ 175121.319454598822631, 9657589.252153487876058 ], [ 175112.509744080336532, 9657587.294440096244216 ], [ 175077.270901958458126, 9657572.611589666455984 ], [ 175053.778340557561023, 9657564.780736103653908 ], [ 175036.15891949320212, 9657556.949882540851831 ], [ 175033.22234932493302, 9657556.949882540851831 ], [ 175028.328065690642688, 9657554.013312453404069 ], [ 175004.835504289745586, 9657546.182458890601993 ], [ 174987.216083225386683, 9657538.351605327799916 ], [ 174978.406372706900584, 9657536.39389193803072 ] ] } },
{ "type": "Feature", "properties": { "id": 337, "pagina": 15, "classe": "Logradouros", "metodo": "EIXO_TRACO", "comp_m": 2.9365700855851169, "id_layer": "p15_camadas_logradouros", "doc_fonte": "Resposta SECT_autos.pdf", "doc_pagina": 15, "doc_folha": 108, "doc_escala": "1:15.000", "doc_metodo": "Reconstituição Vetorial Afim", "doc_rms_m": 0.68 }, "geometry": { "type": "LineString", "coordinates": [ [ 175250.52855473922682, 9659410.904463585466146 ], [ 175250.52855475974502, 9659413.841033671051264 ] ] } },
{ "type": "Feature", "properties": { "id": 338, "pagina": 15, "classe": "Logradouros", "metodo": "EIXO_TRACO", "comp_m": 278.11360195585337, "id_layer": "p15_camadas_logradouros", "doc_fonte": "Resposta SECT_autos.pdf", "doc_pagina": 15, "doc_folha": 108, "doc_escala": "1:15.000", "doc_metodo": "Reconstituição Vetorial Afim", "doc_rms_m": 0.68 }, "geometry": { "type": "LineString", "coordinates": [ [ 175250.52855473922682, 9659410.904463585466146 ], [ 175205.501145177637227, 9659365.877055598422885 ], [ 175174.177729885181179, 9659342.384494908154011 ], [ 175044.968641653307714, 9659223.9428347684443 ] ] } },
{ "type": "Feature", "properties": { "id": 339, "pagina": 15, "classe": "Logradouros", "metodo": "EIXO_TRACO", "comp_m": 41.141106050507872, "id_layer": "p15_camadas_logradouros", "doc_fonte": "Resposta SECT_autos.pdf", "doc_pagina": 15, "doc_folha": 108, "doc_escala": "1:15.000", "doc_metodo": "Reconstituição Vetorial Afim", "doc_rms_m": 0.68 }, "geometry": { "type": "LineString", "coordinates": [ [ 177985.45422599138692, 9657676.370399372652173 ], [ 177985.454226005094824, 9657678.328112764284015 ], [ 177989.369652916648192, 9657681.264682849869132 ], [ 178005.03136053547496, 9657689.095536412671208 ], [ 178013.841071081347764, 9657694.968676585704088 ], [ 178019.714211431564763, 9657696.92638997733593 ] ] } },
{ "type": "Feature", "properties": { "id": 340, "pagina": 15, "classe": "Logradouros", "metodo": "EIXO_TRACO", "comp_m": 39.051560808670409, "id_layer": "p15_camadas_logradouros", "doc_fonte": "Resposta SECT_autos.pdf", "doc_pagina": 15, "doc_folha": 108, "doc_escala": "1:15.000", "doc_metodo": "Reconstituição Vetorial Afim", "doc_rms_m": 0.68 }, "geometry": { "type": "LineString", "coordinates": [ [ 177985.45422599138692, 9657676.370399372652173 ], [ 177980.559942377614789, 9657676.370399372652173 ], [ 177957.067380949360086, 9657664.624119028449059 ], [ 177949.23652716045035, 9657663.645262334495783 ] ] } },
{ "type": "Feature", "properties": { "id": 341, "pagina": 15, "classe": "Logradouros", "metodo": "EIXO_TRACO", "comp_m": 10.590379768477559, "id_layer": "p15_camadas_logradouros", "doc_fonte": "Resposta SECT_autos.pdf", "doc_pagina": 15, "doc_folha": 108, "doc_escala": "1:15.000", "doc_metodo": "Reconstituição Vetorial Afim", "doc_rms_m": 0.68 }, "geometry": { "type": "LineString", "coordinates": [ [ 172805.344455505226506, 9658582.791699297726154 ], [ 172806.323312207474373, 9658579.855129212141037 ], [ 172810.238739071122836, 9658575.939702430739999 ], [ 172810.238739057414932, 9658573.981989039108157 ] ] } },
{ "type": "Feature", "properties": { "id": 342, "pagina": 15, "classe": "Logradouros", "metodo": "EIXO_TRACO", "comp_m": 29.605978165106549, "id_layer": "p15_camadas_logradouros", "doc_fonte": "Resposta SECT_autos.pdf", "doc_pagina": 15, "doc_folha": 108, "doc_escala": "1:15.000", "doc_metodo": "Reconstituição Vetorial Afim", "doc_rms_m": 0.68 }, "geometry": { "type": "LineString", "coordinates": [ [ 175241.718844672432169, 9659473.551292089745402 ], [ 175240.739987929147901, 9659470.61472200229764 ], [ 175223.120566810044693, 9659454.953014876693487 ], [ 175223.120566789497389, 9659452.01644479110837 ] ] } },
{ "type": "Feature", "properties": { "id": 343, "pagina": 15, "classe": "Logradouros", "metodo": "EIXO_TRACO", "comp_m": 42.514248526202714, "id_layer": "p15_camadas_logradouros", "doc_fonte": "Resposta SECT_autos.pdf", "doc_pagina": 15, "doc_folha": 108, "doc_escala": "1:15.000", "doc_metodo": "Reconstituição Vetorial Afim", "doc_rms_m": 0.68 }, "geometry": { "type": "LineString", "coordinates": [ [ 175315.133086943213129, 9657766.425215350463986 ], [ 175312.196516754425829, 9657763.488645264878869 ], [ 175307.302233126974897, 9657761.530931873247027 ], [ 175282.830814948567422, 9657745.869224747642875 ], [ 175278.915388050692854, 9657744.890368051826954 ] ] } },
{ "type": "Feature", "properties": { "id": 344, "pagina": 15, "classe": "Logradouros", "metodo": "EIXO_TRACO", "comp_m": 88.053566277038016, "id_layer": "p15_camadas_logradouros", "doc_fonte": "Resposta SECT_autos.pdf", "doc_pagina": 15, "doc_folha": 108, "doc_escala": "1:15.000", "doc_metodo": "Reconstituição Vetorial Afim", "doc_rms_m": 0.68 }, "geometry": { "type": "LineString", "coordinates": [ [ 178003.073653379571624, 9658588.664839465171099 ], [ 177999.158226502244361, 9658590.62255285680294 ], [ 177991.327372925530653, 9658619.988253718242049 ], [ 177990.348516367026605, 9658643.480814406648278 ], [ 177989.369659651099937, 9658644.459671102464199 ], [ 177989.369659849588061, 9658672.846515268087387 ] ] } },
{ "type": "Feature", "properties": { "id": 345, "pagina": 15, "classe": "Logradouros", "metodo": "EIXO_TRACO", "comp_m": 165.22220693584291, "id_layer": "p15_camadas_logradouros", "doc_fonte": "Resposta SECT_autos.pdf", "doc_pagina": 15, "doc_folha": 108, "doc_escala": "1:15.000", "doc_metodo": "Reconstituição Vetorial Afim", "doc_rms_m": 0.68 }, "geometry": { "type": "LineString", "coordinates": [ [ 174936.315546700381674, 9659406.010180108249187 ], [ 174913.801842364453478, 9659447.122161313891411 ], [ 174839.408732030453393, 9659532.28269381262362 ], [ 174834.514448430360062, 9659534.240407202392817 ] ] } },
{ "type": "Feature", "properties": { "id": 346, "pagina": 15, "classe": "Logradouros", "metodo": "EIXO_TRACO", "comp_m": 79.587802053439518, "id_layer": "p15_camadas_logradouros", "doc_fonte": "Resposta SECT_autos.pdf", "doc_pagina": 15, "doc_folha": 108, "doc_escala": "1:15.000", "doc_metodo": "Reconstituição Vetorial Afim", "doc_rms_m": 0.68 }, "geometry": { "type": "LineString", "coordinates": [ [ 172833.731284655572381, 9656321.632732976227999 ], [ 172833.731284580280771, 9656310.86530932597816 ], [ 172856.244988847785862, 9656259.964761165902019 ], [ 172858.202702259091893, 9656255.070477690547705 ], [ 172859.181558927084552, 9656247.239624125882983 ] ] } },
{ "type": "Feature", "properties": { "id": 347, "pagina": 15, "classe": "Logradouros", "metodo": "EIXO_TRACO", "comp_m": 24.937815194097549, "id_layer": "p15_camadas_logradouros", "doc_fonte": "Resposta SECT_autos.pdf", "doc_pagina": 15, "doc_folha": 108, "doc_escala": "1:15.000", "doc_metodo": "Reconstituição Vetorial Afim", "doc_rms_m": 0.68 }, "geometry": { "type": "LineString", "coordinates": [ [ 172833.731284655572381, 9656321.632732976227999 ], [ 172849.392992219654843, 9656321.632732976227999 ], [ 172850.371848935581511, 9656320.653876280412078 ], [ 172858.202702724462142, 9656321.632732976227999 ] ] } },
{ "type": "Feature", "properties": { "id": 348, "pagina": 15, "classe": "Logradouros", "metodo": "EIXO_TRACO", "comp_m": 50.304034946221982, "id_layer": "p15_camadas_logradouros", "doc_fonte": "Resposta SECT_autos.pdf", "doc_pagina": 15, "doc_folha": 108, "doc_escala": "1:15.000", "doc_metodo": "Reconstituição Vetorial Afim", "doc_rms_m": 0.68 }, "geometry": { "type": "LineString", "coordinates": [ [ 173136.198024217301281, 9658070.849647615104914 ], [ 173133.261454042192781, 9658069.870790919288993 ], [ 173130.324883853376377, 9658066.934220833703876 ], [ 173107.811179017851828, 9658036.589663276448846 ], [ 173102.916895390371792, 9658034.631949886679649 ] ] } },
{ "type": "Feature", "properties": { "id": 349, "pagina": 15, "classe": "Logradouros", "metodo": "EIXO_TRACO", "comp_m": 59.84271618640426, "id_layer": "p15_camadas_logradouros", "doc_fonte": "Resposta SECT_autos.pdf", "doc_pagina": 15, "doc_folha": 108, "doc_escala": "1:15.000", "doc_metodo": "Reconstituição Vetorial Afim", "doc_rms_m": 0.68 }, "geometry": { "type": "LineString", "coordinates": [ [ 173136.198024217301281, 9658070.849647615104914 ], [ 173160.669442169833928, 9658054.20908379368484 ], [ 173178.288863076799316, 9658039.526233362033963 ], [ 173182.20428995412658, 9658037.568519972264767 ], [ 173185.140860122395679, 9658037.568519972264767 ] ] } },
{ "type": "Feature", "properties": { "id": 350, "pagina": 15, "classe": "Logradouros", "metodo": "EIXO_TRACO", "comp_m": 59.323885234865919, "id_layer": "p15_camadas_logradouros", "doc_fonte": "Resposta SECT_autos.pdf", "doc_pagina": 15, "doc_folha": 108, "doc_escala": "1:15.000", "doc_metodo": "Reconstituição Vetorial Afim", "doc_rms_m": 0.68 }, "geometry": { "type": "LineString", "coordinates": [ [ 173157.732870571198873, 9657849.628034459426999 ], [ 173204.717993010242935, 9657813.410336731001735 ] ] } },
{ "type": "Feature", "properties": { "id": 351, "pagina": 15, "classe": "Logradouros", "metodo": "EIXO_TRACO", "comp_m": 30.981090038787727, "id_layer": "p15_camadas_logradouros", "doc_fonte": "Resposta SECT_autos.pdf", "doc_pagina": 15, "doc_folha": 108, "doc_escala": "1:15.000", "doc_metodo": "Reconstituição Vetorial Afim", "doc_rms_m": 0.68 }, "geometry": { "type": "LineString", "coordinates": [ [ 175675.352359617012553, 9657580.44244322925806 ], [ 175674.373502880567685, 9657578.484729837626219 ], [ 175674.373502791597275, 9657565.759592797607183 ], [ 175673.394646061991807, 9657564.780736101791263 ], [ 175673.394645959342597, 9657550.097885672003031 ] ] } },
{ "type": "Feature", "properties": { "id": 352, "pagina": 15, "classe": "Logradouros", "metodo": "EIXO_TRACO", "comp_m": 50.005208264916547, "id_layer": "p15_camadas_logradouros", "doc_fonte": "Resposta SECT_autos.pdf", "doc_pagina": 15, "doc_folha": 108, "doc_escala": "1:15.000", "doc_metodo": "Reconstituição Vetorial Afim", "doc_rms_m": 0.68 }, "geometry": { "type": "LineString", "coordinates": [ [ 175675.352359617012553, 9657580.44244322925806 ], [ 175673.394646178348921, 9657581.421299923211336 ], [ 175649.902084839035524, 9657582.400156619027257 ], [ 175648.92322812313796, 9657583.379013314843178 ], [ 175627.388380222488195, 9657583.379013314843178 ], [ 175626.409523492911831, 9657582.400156619027257 ] ] } },
{ "type": "Feature", "properties": { "id": 353, "pagina": 15, "classe": "Logradouros", "metodo": "EIXO_TRACO", "comp_m": 243.3878668827407, "id_layer": "p15_camadas_logradouros", "doc_fonte": "Resposta SECT_autos.pdf", "doc_pagina": 15, "doc_folha": 108, "doc_escala": "1:15.000", "doc_metodo": "Reconstituição Vetorial Afim", "doc_rms_m": 0.68 }, "geometry": { "type": "LineString", "coordinates": [ [ 172942.384387588565005, 9657280.912294445559382 ], [ 172943.363244338688673, 9657284.827721226960421 ], [ 172985.454083725169767, 9657328.876272518187761 ], [ 173050.058627878752304, 9657393.480814414098859 ], [ 173083.339756705681793, 9657429.698512142524123 ], [ 173100.959177872689907, 9657452.212216136977077 ], [ 173103.895748102571815, 9657461.021926395595074 ] ] } },
{ "type": "Feature", "properties": { "id": 354, "pagina": 15, "classe": "Logradouros", "metodo": "EIXO_TRACO", "comp_m": 69.560418823879928, "id_layer": "p15_camadas_logradouros", "doc_fonte": "Resposta SECT_autos.pdf", "doc_pagina": 15, "doc_folha": 108, "doc_escala": "1:15.000", "doc_metodo": "Reconstituição Vetorial Afim", "doc_rms_m": 0.68 }, "geometry": { "type": "LineString", "coordinates": [ [ 172942.384387588565005, 9657280.912294445559382 ], [ 172935.532390536129242, 9657281.891151141375303 ], [ 172904.208975483226823, 9657292.658574789762497 ], [ 172896.378121728543192, 9657296.574001571163535 ], [ 172878.758700759994099, 9657302.447141744196415 ], [ 172877.779844050935935, 9657304.404855133965611 ] ] } },
{ "type": "Feature", "properties": { "id": 355, "pagina": 15, "classe": "Logradouros", "metodo": "EIXO_TRACO", "comp_m": 68.667117225768592, "id_layer": "p15_camadas_logradouros", "doc_fonte": "Resposta SECT_autos.pdf", "doc_pagina": 15, "doc_folha": 108, "doc_escala": "1:15.000", "doc_metodo": "Reconstituição Vetorial Afim", "doc_rms_m": 0.68 }, "geometry": { "type": "LineString", "coordinates": [ [ 172942.384387588565005, 9657280.912294445559382 ], [ 172949.236384620482568, 9657276.996867664158344 ], [ 172970.771232473198324, 9657270.144870795309544 ], [ 172984.47522655071225, 9657264.271730624139309 ], [ 173006.988931133033475, 9657258.398590451106429 ] ] } },
{ "type": "Feature", "properties": { "id": 356, "pagina": 15, "classe": "Logradouros", "metodo": "EIXO_TRACO", "comp_m": 41.299404930517682, "id_layer": "p15_camadas_logradouros", "doc_fonte": "Resposta SECT_autos.pdf", "doc_pagina": 15, "doc_folha": 108, "doc_escala": "1:15.000", "doc_metodo": "Reconstituição Vetorial Afim", "doc_rms_m": 0.68 }, "geometry": { "type": "LineString", "coordinates": [ [ 175104.678892974276096, 9657970.027407988905907 ], [ 175103.700036292575533, 9657975.900548161938787 ], [ 175095.869182613212615, 9657990.583398591727018 ], [ 175090.974899095250294, 9658004.287392327561975 ], [ 175088.038328947499394, 9658007.223962413147092 ] ] } },
{ "type": "Feature", "properties": { "id": 357, "pagina": 15, "classe": "Logradouros", "metodo": "EIXO_TRACO", "comp_m": 50.720718167298486, "id_layer": "p15_camadas_logradouros", "doc_fonte": "Resposta SECT_autos.pdf", "doc_pagina": 15, "doc_folha": 108, "doc_escala": "1:15.000", "doc_metodo": "Reconstituição Vetorial Afim", "doc_rms_m": 0.68 }, "geometry": { "type": "LineString", "coordinates": [ [ 175104.678892974276096, 9657970.027407988905907 ], [ 175112.509746763156727, 9657971.006264684721828 ], [ 175140.896591805212665, 9657982.752545028924942 ], [ 175152.642872498807264, 9657985.689115114510059 ] ] } },
{ "type": "Feature", "properties": { "id": 358, "pagina": 15, "classe": "Logradouros", "metodo": "EIXO_TRACO", "comp_m": 1.9577134455030321, "id_layer": "p15_camadas_logradouros", "doc_fonte": "Resposta SECT_autos.pdf", "doc_pagina": 15, "doc_folha": 108, "doc_escala": "1:15.000", "doc_metodo": "Reconstituição Vetorial Afim", "doc_rms_m": 0.68 }, "geometry": { "type": "LineString", "coordinates": [ [ 172859.181579260533908, 9659155.422866092994809 ], [ 172857.223865815030877, 9659155.422866092994809 ] ] } },
{ "type": "Feature", "properties": { "id": 359, "pagina": 15, "classe": "Logradouros", "metodo": "EIXO_TRACO", "comp_m": 264.82690538851392, "id_layer": "p15_camadas_logradouros", "doc_fonte": "Resposta SECT_autos.pdf", "doc_pagina": 15, "doc_folha": 108, "doc_escala": "1:15.000", "doc_metodo": "Reconstituição Vetorial Afim", "doc_rms_m": 0.68 }, "geometry": { "type": "LineString", "coordinates": [ [ 172859.181579260533908, 9659155.422866092994809 ], [ 172871.906716745346785, 9659168.148003133013844 ], [ 172890.504994587186957, 9659183.809710258617997 ], [ 172921.828409872803604, 9659206.323414253070951 ], [ 172944.342114633065648, 9659225.900548160076141 ], [ 172971.750103020778624, 9659247.435395458713174 ], [ 173015.798655852762749, 9659291.483946749940515 ], [ 173056.910638427536469, 9659322.807361003011465 ], [ 173061.804922054987401, 9659324.765074392780662 ] ] } },
{ "type": "Feature", "properties": { "id": 360, "pagina": 15, "classe": "Logradouros", "metodo": "EIXO_TRACO", "comp_m": 58.157599543816296, "id_layer": "p15_camadas_logradouros", "doc_fonte": "Resposta SECT_autos.pdf", "doc_pagina": 15, "doc_folha": 108, "doc_escala": "1:15.000", "doc_metodo": "Reconstituição Vetorial Afim", "doc_rms_m": 0.68 }, "geometry": { "type": "LineString", "coordinates": [ [ 172859.181579260533908, 9659155.422866092994809 ], [ 172899.314704599237302, 9659113.332028191536665 ] ] } },
{ "type": "Feature", "properties": { "id": 361, "pagina": 15, "classe": "Logradouros", "metodo": "EIXO_TRACO", "comp_m": 108.25043681213437, "id_layer": "p15_camadas_logradouros", "doc_fonte": "Resposta SECT_autos.pdf", "doc_pagina": 15, "doc_folha": 108, "doc_escala": "1:15.000", "doc_metodo": "Reconstituição Vetorial Afim", "doc_rms_m": 0.68 }, "geometry": { "type": "LineString", "coordinates": [ [ 172975.665526530880015, 9658763.880187941715121 ], [ 172975.665526510361815, 9658760.943617856130004 ], [ 172973.707813037472079, 9658757.028191074728966 ], [ 172956.088391890982166, 9658737.451057167723775 ], [ 172948.257538026809925, 9658725.70477682352066 ], [ 172910.0821255518822, 9658684.592795616015792 ], [ 172908.124412078992464, 9658680.677368834614754 ] ] } },
{ "type": "Feature", "properties": { "id": 362, "pagina": 15, "classe": "Logradouros", "metodo": "EIXO_TRACO", "comp_m": 138.47373410526995, "id_layer": "p15_camadas_logradouros", "doc_fonte": "Resposta SECT_autos.pdf", "doc_pagina": 15, "doc_folha": 108, "doc_escala": "1:15.000", "doc_metodo": "Reconstituição Vetorial Afim", "doc_rms_m": 0.68 }, "geometry": { "type": "LineString", "coordinates": [ [ 172932.595822202041745, 9657544.224745502695441 ], [ 172931.616965486115078, 9657545.203602196648717 ], [ 172912.039831024158048, 9657544.224745502695441 ], [ 172843.519860314903781, 9657527.584181681275368 ], [ 172821.006155616254546, 9657516.816758031025529 ], [ 172817.090728697832674, 9657512.901331249624491 ], [ 172809.259874881565338, 9657508.007047772407532 ], [ 172806.323304692778038, 9657505.070477686822414 ], [ 172805.34444794949377, 9657502.133907601237297 ] ] } },
{ "type": "Feature", "properties": { "id": 363, "pagina": 15, "classe": "Logradouros", "metodo": "EIXO_TRACO", "comp_m": 7.126184505375238, "id_layer": "p15_camadas_logradouros", "doc_fonte": "Resposta SECT_autos.pdf", "doc_pagina": 15, "doc_folha": 108, "doc_escala": "1:15.000", "doc_metodo": "Reconstituição Vetorial Afim", "doc_rms_m": 0.68 }, "geometry": { "type": "LineString", "coordinates": [ [ 172932.595822202041745, 9657544.224745502695441 ], [ 172939.447819275024813, 9657546.182458892464638 ] ] } },
{ "type": "Feature", "properties": { "id": 364, "pagina": 15, "classe": "Logradouros", "metodo": "EIXO_TRACO", "comp_m": 186.97563578303846, "id_layer": "p15_camadas_logradouros", "doc_fonte": "Resposta SECT_autos.pdf", "doc_pagina": 15, "doc_folha": 108, "doc_escala": "1:15.000", "doc_metodo": "Reconstituição Vetorial Afim", "doc_rms_m": 0.68 }, "geometry": { "type": "LineString", "coordinates": [ [ 172932.595822202041745, 9657544.224745502695441 ], [ 172930.638108722312609, 9657539.330462025478482 ], [ 172920.849541419476736, 9657528.563038375228643 ], [ 172808.281017501809401, 9657414.036805016919971 ], [ 172805.344447292474797, 9657408.163664843887091 ] ] } },
{ "type": "Feature", "properties": { "id": 365, "pagina": 15, "classe": "Logradouros", "metodo": "EIXO_TRACO", "comp_m": 95.25093181900516, "id_layer": "p15_camadas_logradouros", "doc_fonte": "Resposta SECT_autos.pdf", "doc_pagina": 15, "doc_folha": 108, "doc_escala": "1:15.000", "doc_metodo": "Reconstituição Vetorial Afim", "doc_rms_m": 0.68 }, "geometry": { "type": "LineString", "coordinates": [ [ 178309.45580475506722, 9658181.460454188287258 ], [ 178304.561521148105385, 9658182.439310884103179 ], [ 178296.730667393450858, 9658186.354737665504217 ], [ 178268.343822481430834, 9658193.206734532490373 ], [ 178252.682114924187772, 9658194.185591228306293 ], [ 178244.851261155825341, 9658196.14330461807549 ], [ 178216.464416216447717, 9658199.079874705523252 ] ] } },
{ "type": "Feature", "properties": { "id": 366, "pagina": 15, "classe": "Logradouros", "metodo": "EIXO_TRACO", "comp_m": 80.385612659444163, "id_layer": "p15_camadas_logradouros", "doc_fonte": "Resposta SECT_autos.pdf", "doc_pagina": 15, "doc_folha": 108, "doc_escala": "1:15.000", "doc_metodo": "Reconstituição Vetorial Afim", "doc_rms_m": 0.68 }, "geometry": { "type": "LineString", "coordinates": [ [ 173149.902012443228159, 9657228.054032895714045 ], [ 173146.965442268119659, 9657227.075176199898124 ], [ 173145.986585552192992, 9657228.054032895714045 ], [ 173138.15573177015176, 9657228.054032895714045 ], [ 173137.176875054225093, 9657229.03288958966732 ], [ 173121.515167496982031, 9657230.011746285483241 ], [ 173120.536310781084467, 9657230.990602981299162 ], [ 173104.874603223841405, 9657231.969459677115083 ], [ 173103.895746507914737, 9657232.948316371068358 ], [ 173080.403185168630444, 9657233.927173066884279 ], [ 173071.593474677501945, 9657235.884886458516121 ] ] } },
{ "type": "Feature", "properties": { "id": 367, "pagina": 15, "classe": "Logradouros", "metodo": "EIXO_TRACO", "comp_m": 128.4511309277317, "id_layer": "p15_camadas_logradouros", "doc_fonte": "Resposta SECT_autos.pdf", "doc_pagina": 15, "doc_folha": 108, "doc_escala": "1:15.000", "doc_metodo": "Reconstituição Vetorial Afim", "doc_rms_m": 0.68 }, "geometry": { "type": "LineString", "coordinates": [ [ 173149.902012443228159, 9657228.054032895714045 ], [ 173151.859725875052391, 9657226.096319504082203 ], [ 173180.246570828108815, 9657225.117462808266282 ], [ 173187.098567873705178, 9657223.159749418497086 ], [ 173202.760275437816745, 9657223.159749418497086 ], [ 173203.739132153714309, 9657222.180892722681165 ], [ 173213.527699381287675, 9657222.180892722681165 ], [ 173222.337409899773775, 9657224.138606112450361 ], [ 173236.04140407993691, 9657232.948316371068358 ], [ 173247.787684828304918, 9657243.715740021318197 ], [ 173250.724255051318323, 9657251.546593584120274 ], [ 173250.724255147128133, 9657265.25058731995523 ] ] } },
{ "type": "Feature", "properties": { "id": 368, "pagina": 15, "classe": "Logradouros", "metodo": "EIXO_TRACO", "comp_m": 51.602786588872803, "id_layer": "p15_camadas_logradouros", "doc_fonte": "Resposta SECT_autos.pdf", "doc_pagina": 15, "doc_folha": 108, "doc_escala": "1:15.000", "doc_metodo": "Reconstituição Vetorial Afim", "doc_rms_m": 0.68 }, "geometry": { "type": "LineString", "coordinates": [ [ 172939.447819275024813, 9657546.182458892464638 ], [ 172944.342102977767354, 9657558.907595932483673 ], [ 172946.299816519080196, 9657572.611589668318629 ], [ 172951.194100262917345, 9657591.209866879507899 ], [ 172951.194100297114346, 9657596.104150356724858 ] ] } },
{ "type": "Feature", "properties": { "id": 369, "pagina": 15, "classe": "Logradouros", "metodo": "EIXO_TRACO", "comp_m": 62.270709704416724, "id_layer": "p15_camadas_logradouros", "doc_fonte": "Resposta SECT_autos.pdf", "doc_pagina": 15, "doc_folha": 108, "doc_escala": "1:15.000", "doc_metodo": "Reconstituição Vetorial Afim", "doc_rms_m": 0.68 }, "geometry": { "type": "LineString", "coordinates": [ [ 172939.447819275024813, 9657546.182458892464638 ], [ 172944.342102875118144, 9657544.224745502695441 ], [ 172952.172956650319975, 9657543.24588880687952 ], [ 172968.813520889234496, 9657536.39389193803072 ], [ 172993.284938869182952, 9657523.668754898011684 ], [ 172995.242652294138679, 9657520.732184812426567 ] ] } },
{ "type": "Feature", "properties": { "id": 370, "pagina": 15, "classe": "Logradouros", "metodo": "EIXO_TRACO", "comp_m": 63.577458502333343, "id_layer": "p15_camadas_logradouros", "doc_fonte": "Resposta SECT_autos.pdf", "doc_pagina": 15, "doc_folha": 108, "doc_escala": "1:15.000", "doc_metodo": "Reconstituição Vetorial Afim", "doc_rms_m": 0.68 }, "geometry": { "type": "LineString", "coordinates": [ [ 173374.060216839949135, 9659357.067345341667533 ], [ 173373.081360144569771, 9659360.982772123068571 ], [ 173330.011664630757878, 9659402.094753328710794 ] ] } },
{ "type": "Feature", "properties": { "id": 371, "pagina": 15, "classe": "Logradouros", "metodo": "EIXO_TRACO", "comp_m": 33.806694124609464, "id_layer": "p15_camadas_logradouros", "doc_fonte": "Resposta SECT_autos.pdf", "doc_pagina": 15, "doc_folha": 108, "doc_escala": "1:15.000", "doc_metodo": "Reconstituição Vetorial Afim", "doc_rms_m": 0.68 }, "geometry": { "type": "LineString", "coordinates": [ [ 173374.060216839949135, 9659357.067345341667533 ], [ 173377.975643724115798, 9659356.088488645851612 ], [ 173399.510491481021745, 9659335.5324980430305 ] ] } },
{ "type": "Feature", "properties": { "id": 372, "pagina": 15, "classe": "Logradouros", "metodo": "EIXO_TRACO", "comp_m": 260.00783751099914, "id_layer": "p15_camadas_logradouros", "doc_fonte": "Resposta SECT_autos.pdf", "doc_pagina": 15, "doc_folha": 108, "doc_escala": "1:15.000", "doc_metodo": "Reconstituição Vetorial Afim", "doc_rms_m": 0.68 }, "geometry": { "type": "LineString", "coordinates": [ [ 173374.060216839949135, 9659357.067345341667533 ], [ 173371.123646644293331, 9659353.15191855840385 ], [ 173340.779088074603351, 9659329.659357869997621 ], [ 173327.075093867053511, 9659316.934220829978585 ], [ 173245.829985412943643, 9659250.371965544298291 ], [ 173175.35230095020961, 9659189.682850431650877 ] ] } },
{ "type": "Feature", "properties": { "id": 373, "pagina": 15, "classe": "Logradouros", "metodo": "EIXO_TRACO", "comp_m": 53.514802952179508, "id_layer": "p15_camadas_logradouros", "doc_fonte": "Resposta SECT_autos.pdf", "doc_pagina": 15, "doc_folha": 108, "doc_escala": "1:15.000", "doc_metodo": "Reconstituição Vetorial Afim", "doc_rms_m": 0.68 }, "geometry": { "type": "LineString", "coordinates": [ [ 173651.076669968402712, 9659441.249021142721176 ], [ 173651.076669934205711, 9659436.354737665504217 ], [ 173671.632660831470275, 9659396.221613155677915 ], [ 173674.569230986031471, 9659394.263899764046073 ] ] } },
{ "type": "Feature", "properties": { "id": 374, "pagina": 15, "classe": "Logradouros", "metodo": "EIXO_TRACO", "comp_m": 50.464557586081924, "id_layer": "p15_camadas_logradouros", "doc_fonte": "Resposta SECT_autos.pdf", "doc_pagina": 15, "doc_folha": 108, "doc_escala": "1:15.000", "doc_metodo": "Reconstituição Vetorial Afim", "doc_rms_m": 0.68 }, "geometry": { "type": "LineString", "coordinates": [ [ 173651.076669968402712, 9659441.249021142721176 ], [ 173641.288102727179648, 9659439.29130775295198 ], [ 173631.499535465380177, 9659434.397024275735021 ], [ 173607.02811733490671, 9659425.587314017117023 ], [ 173605.070403868856374, 9659422.650743931531906 ] ] } },
{ "type": "Feature", "properties": { "id": 375, "pagina": 15, "classe": "Logradouros", "metodo": "EIXO_TRACO", "comp_m": 215.88737715107092, "id_layer": "p15_camadas_logradouros", "doc_fonte": "Resposta SECT_autos.pdf", "doc_pagina": 15, "doc_folha": 108, "doc_escala": "1:15.000", "doc_metodo": "Reconstituição Vetorial Afim", "doc_rms_m": 0.68 }, "geometry": { "type": "LineString", "coordinates": [ [ 173651.076669968402712, 9659441.249021142721176 ], [ 173654.992096879985183, 9659444.185591228306293 ], [ 173673.59037465340225, 9659450.058731401339173 ], [ 173705.892646593303652, 9659462.783868441358209 ], [ 173716.660070564161288, 9659465.720438526943326 ], [ 173719.596640746109188, 9659467.678151918575168 ], [ 173730.364064716966823, 9659470.614722004160285 ], [ 173733.300634898914723, 9659472.572435395792127 ], [ 173744.068058869743254, 9659475.509005481377244 ], [ 173747.004629051720258, 9659477.466718871146441 ], [ 173757.772053022548789, 9659480.403288958594203 ], [ 173788.116611510107759, 9659492.149569302797318 ], [ 173819.440026706724893, 9659501.93813625536859 ], [ 173830.207450506481109, 9659480.403288958594203 ], [ 173833.144020592619199, 9659468.657008612528443 ] ] } },
{ "type": "Feature", "properties": { "id": 376, "pagina": 15, "classe": "Logradouros", "metodo": "EIXO_TRACO", "comp_m": 4.894283477216959, "id_layer": "p15_camadas_logradouros", "doc_fonte": "Resposta SECT_autos.pdf", "doc_pagina": 15, "doc_folha": 108, "doc_escala": "1:15.000", "doc_metodo": "Reconstituição Vetorial Afim", "doc_rms_m": 0.68 }, "geometry": { "type": "LineString", "coordinates": [ [ 176260.708681672840612, 9657844.733750980347395 ], [ 176260.708681707066717, 9657849.628034457564354 ] ] } },
{ "type": "Feature", "properties": { "id": 377, "pagina": 15, "classe": "Logradouros", "metodo": "EIXO_TRACO", "comp_m": 29.181380675090541, "id_layer": "p15_camadas_logradouros", "doc_fonte": "Resposta SECT_autos.pdf", "doc_pagina": 15, "doc_folha": 108, "doc_escala": "1:15.000", "doc_metodo": "Reconstituição Vetorial Afim", "doc_rms_m": 0.68 }, "geometry": { "type": "LineString", "coordinates": [ [ 176260.708681672840612, 9657844.733750980347395 ], [ 176253.856684579339344, 9657839.839467503130436 ], [ 176242.110403803613735, 9657825.156617073342204 ], [ 176240.1526903580816, 9657825.156617073342204 ] ] } },
{ "type": "Feature", "properties": { "id": 378, "pagina": 15, "classe": "Logradouros", "metodo": "EIXO_TRACO", "comp_m": 29.264381742005426, "id_layer": "p15_camadas_logradouros", "doc_fonte": "Resposta SECT_autos.pdf", "doc_pagina": 15, "doc_folha": 108, "doc_escala": "1:15.000", "doc_metodo": "Reconstituição Vetorial Afim", "doc_rms_m": 0.68 }, "geometry": { "type": "LineString", "coordinates": [ [ 176260.708681672840612, 9657844.733750980347395 ], [ 176265.602965252415743, 9657839.839467503130436 ], [ 176276.370389065850759, 9657820.262333596125245 ] ] } },
{ "type": "Feature", "properties": { "id": 379, "pagina": 15, "classe": "Logradouros", "metodo": "EIXO_TRACO", "comp_m": 39.947427212578496, "id_layer": "p15_camadas_logradouros", "doc_fonte": "Resposta SECT_autos.pdf", "doc_pagina": 15, "doc_folha": 108, "doc_escala": "1:15.000", "doc_metodo": "Reconstituição Vetorial Afim", "doc_rms_m": 0.68 }, "geometry": { "type": "LineString", "coordinates": [ [ 174739.565335947583662, 9658050.293657010421157 ], [ 174740.544192704546731, 9658055.187940487638116 ], [ 174737.607622638926841, 9658069.870790917426348 ], [ 174737.607622768962756, 9658088.469068130478263 ], [ 174736.628766053065192, 9658089.447924826294184 ] ] } },
{ "type": "Feature", "properties": { "id": 380, "pagina": 15, "classe": "Logradouros", "metodo": "EIXO_TRACO", "comp_m": 207.88586724602791, "id_layer": "p15_camadas_logradouros", "doc_fonte": "Resposta SECT_autos.pdf", "doc_pagina": 15, "doc_folha": 108, "doc_escala": "1:15.000", "doc_metodo": "Reconstituição Vetorial Afim", "doc_rms_m": 0.68 }, "geometry": { "type": "LineString", "coordinates": [ [ 174739.565335947583662, 9658050.293657010421157 ], [ 174776.761890748428414, 9657955.344557559117675 ], [ 174812.000732220127247, 9657877.036021929234266 ], [ 174816.895015738089569, 9657863.33202819339931 ], [ 174818.8527291630744, 9657860.395458107814193 ], [ 174820.810442608577432, 9657860.395458107814193 ] ] } },
{ "type": "Feature", "properties": { "id": 381, "pagina": 15, "classe": "Logradouros", "metodo": "EIXO_TRACO", "comp_m": 38.651403748912735, "id_layer": "p15_camadas_logradouros", "doc_fonte": "Resposta SECT_autos.pdf", "doc_pagina": 15, "doc_folha": 108, "doc_escala": "1:15.000", "doc_metodo": "Reconstituição Vetorial Afim", "doc_rms_m": 0.68 }, "geometry": { "type": "LineString", "coordinates": [ [ 174739.565335947583662, 9658050.293657010421157 ], [ 174734.671052347490331, 9658052.251370402052999 ], [ 174718.030488170130411, 9658067.913077527657151 ], [ 174714.115061306481948, 9658071.828504309058189 ], [ 174713.136204617941985, 9658076.722787786275148 ] ] } },
{ "type": "Feature", "properties": { "id": 382, "pagina": 15, "classe": "Logradouros", "metodo": "EIXO_TRACO", "comp_m": 58.883471403104416, "id_layer": "p15_camadas_logradouros", "doc_fonte": "Resposta SECT_autos.pdf", "doc_pagina": 15, "doc_folha": 108, "doc_escala": "1:15.000", "doc_metodo": "Reconstituição Vetorial Afim", "doc_rms_m": 0.68 }, "geometry": { "type": "LineString", "coordinates": [ [ 175473.707870465499582, 9656970.614722007885575 ], [ 175478.602154072461417, 9656969.6358653139323 ], [ 175485.454151145415381, 9656971.593578703701496 ], [ 175508.946712505246978, 9656973.551292095333338 ], [ 175509.925569234852446, 9656974.530148789286613 ], [ 175515.798709571390646, 9656974.530148789286613 ], [ 175531.460417156020412, 9656977.466718876734376 ] ] } },
{ "type": "Feature", "properties": { "id": 383, "pagina": 15, "classe": "Logradouros", "metodo": "EIXO_TRACO", "comp_m": 1.957713389769197, "id_layer": "p15_camadas_logradouros", "doc_fonte": "Resposta SECT_autos.pdf", "doc_pagina": 15, "doc_folha": 108, "doc_escala": "1:15.000", "doc_metodo": "Reconstituição Vetorial Afim", "doc_rms_m": 0.68 }, "geometry": { "type": "LineString", "coordinates": [ [ 173124.451740998280002, 9657706.714956933632493 ], [ 173124.451740984572098, 9657704.757243543863297 ] ] } },
{ "type": "Feature", "properties": { "id": 384, "pagina": 15, "classe": "Logradouros", "metodo": "EIXO_TRACO", "comp_m": 63.894966056834214, "id_layer": "p15_camadas_logradouros", "doc_fonte": "Resposta SECT_autos.pdf", "doc_pagina": 15, "doc_folha": 108, "doc_escala": "1:15.000", "doc_metodo": "Reconstituição Vetorial Afim", "doc_rms_m": 0.68 }, "geometry": { "type": "LineString", "coordinates": [ [ 173124.451740998280002, 9657706.714956933632493 ], [ 173076.487761829630472, 9657741.953797968104482 ], [ 173074.530048411485041, 9657745.86922474950552 ] ] } },
{ "type": "Feature", "properties": { "id": 385, "pagina": 15, "classe": "Logradouros", "metodo": "EIXO_TRACO", "comp_m": 119.08795106218396, "id_layer": "p15_camadas_logradouros", "doc_fonte": "Resposta SECT_autos.pdf", "doc_pagina": 15, "doc_folha": 108, "doc_escala": "1:15.000", "doc_metodo": "Reconstituição Vetorial Afim", "doc_rms_m": 0.68 }, "geometry": { "type": "LineString", "coordinates": [ [ 178424.960900634119753, 9658552.447141736745834 ], [ 178424.960900606733048, 9658548.531714955344796 ], [ 178421.045473647274775, 9658538.743148000910878 ], [ 178421.045473613048671, 9658533.848864523693919 ], [ 178417.130046619364293, 9658519.166014093905687 ], [ 178417.130046434584074, 9658492.736883318051696 ], [ 178418.108903150481638, 9658491.758026622235775 ], [ 178418.108902972540818, 9658466.307752542197704 ], [ 178419.087759688467486, 9658465.328895848244429 ], [ 178419.087759517366067, 9658440.857478462159634 ], [ 178420.06661623326363, 9658439.878621768206358 ], [ 178419.087759483139962, 9658435.96319498680532 ] ] } },
{ "type": "Feature", "properties": { "id": 386, "pagina": 15, "classe": "Logradouros", "metodo": "EIXO_TRACO", "comp_m": 158.97071298971403, "id_layer": "p15_camadas_logradouros", "doc_fonte": "Resposta SECT_autos.pdf", "doc_pagina": 15, "doc_folha": 108, "doc_escala": "1:15.000", "doc_metodo": "Reconstituição Vetorial Afim", "doc_rms_m": 0.68 }, "geometry": { "type": "LineString", "coordinates": [ [ 178424.960900634119753, 9658552.447141736745834 ], [ 178419.087760311260354, 9658554.404855126515031 ], [ 178412.235763293021591, 9658560.277995299547911 ], [ 178388.743202111159917, 9658583.77055598795414 ], [ 178366.229497850494226, 9658635.649960843846202 ], [ 178357.419787530467147, 9658662.079091617837548 ], [ 178351.546647371898871, 9658687.529365697875619 ] ] } },
{ "type": "Feature", "properties": { "id": 387, "pagina": 15, "classe": "Logradouros", "metodo": "EIXO_TRACO", "comp_m": 142.9120716372482, "id_layer": "p15_camadas_logradouros", "doc_fonte": "Resposta SECT_autos.pdf", "doc_pagina": 15, "doc_folha": 108, "doc_escala": "1:15.000", "doc_metodo": "Reconstituição Vetorial Afim", "doc_rms_m": 0.68 }, "geometry": { "type": "LineString", "coordinates": [ [ 178424.960900634119753, 9658552.447141736745834 ], [ 178429.855184275249485, 9658556.362568518146873 ], [ 178435.728324700758094, 9658569.087705558165908 ], [ 178449.432318942534039, 9658586.707126073539257 ], [ 178515.015719859948149, 9658657.184808140620589 ], [ 178515.994576610071817, 9658661.100234922021627 ] ] } },
{ "type": "Feature", "properties": { "id": 388, "pagina": 15, "classe": "Logradouros", "metodo": "EIXO_TRACO", "comp_m": 175.67722999381334, "id_layer": "p15_camadas_logradouros", "doc_fonte": "Resposta SECT_autos.pdf", "doc_pagina": 15, "doc_folha": 108, "doc_escala": "1:15.000", "doc_metodo": "Reconstituição Vetorial Afim", "doc_rms_m": 0.68 }, "geometry": { "type": "LineString", "coordinates": [ [ 173833.144020592619199, 9659468.657008612528443 ], [ 173831.186307147116167, 9659468.657008612528443 ], [ 173718.61778364694328, 9659413.841033672913909 ], [ 173716.660070201411145, 9659413.841033672913909 ], [ 173684.357798234123038, 9659397.200469851493835 ], [ 173674.569230986031471, 9659394.263899764046073 ] ] } },
{ "type": "Feature", "properties": { "id": 389, "pagina": 15, "classe": "Logradouros", "metodo": "EIXO_TRACO", "comp_m": 52.576414020015925, "id_layer": "p15_camadas_logradouros", "doc_fonte": "Resposta SECT_autos.pdf", "doc_pagina": 15, "doc_folha": 108, "doc_escala": "1:15.000", "doc_metodo": "Reconstituição Vetorial Afim", "doc_rms_m": 0.68 }, "geometry": { "type": "LineString", "coordinates": [ [ 173833.144020592619199, 9659468.657008612528443 ], [ 173836.080590754048899, 9659467.678151918575168 ], [ 173855.657724935415899, 9659428.523884102702141 ], [ 173855.657724914868595, 9659425.587314017117023 ], [ 173857.615438346692827, 9659423.629600625485182 ] ] } },
{ "type": "Feature", "properties": { "id": 390, "pagina": 15, "classe": "Logradouros", "metodo": "EIXO_TRACO", "comp_m": 63.708378169545675, "id_layer": "p15_camadas_logradouros", "doc_fonte": "Resposta SECT_autos.pdf", "doc_pagina": 15, "doc_folha": 108, "doc_escala": "1:15.000", "doc_metodo": "Reconstituição Vetorial Afim", "doc_rms_m": 0.68 }, "geometry": { "type": "LineString", "coordinates": [ [ 174993.089223281305749, 9657498.218480817973614 ], [ 174994.068079949327512, 9657490.387627255171537 ], [ 174996.025793374312343, 9657487.451057167723775 ], [ 175011.687500630418072, 9657443.402505876496434 ], [ 175015.602927494066535, 9657439.487079095095396 ] ] } },
{ "type": "Feature", "properties": { "id": 391, "pagina": 15, "classe": "Logradouros", "metodo": "EIXO_TRACO", "comp_m": 41.671526945923745, "id_layer": "p15_camadas_logradouros", "doc_fonte": "Resposta SECT_autos.pdf", "doc_pagina": 15, "doc_folha": 108, "doc_escala": "1:15.000", "doc_metodo": "Reconstituição Vetorial Afim", "doc_rms_m": 0.68 }, "geometry": { "type": "LineString", "coordinates": [ [ 174993.089223281305749, 9657498.218480817973614 ], [ 174991.131509842642117, 9657499.197337511926889 ], [ 174989.17379642452579, 9657503.112764295190573 ], [ 174979.385229381732643, 9657529.541895069181919 ], [ 174978.406372706900584, 9657536.39389193803072 ] ] } },
{ "type": "Feature", "properties": { "id": 392, "pagina": 15, "classe": "Logradouros", "metodo": "EIXO_TRACO", "comp_m": 41.34521718380806, "id_layer": "p15_camadas_logradouros", "doc_fonte": "Resposta SECT_autos.pdf", "doc_pagina": 15, "doc_folha": 108, "doc_escala": "1:15.000", "doc_metodo": "Reconstituição Vetorial Afim", "doc_rms_m": 0.68 }, "geometry": { "type": "LineString", "coordinates": [ [ 174993.089223281305749, 9657498.218480817973614 ], [ 175024.412638491630787, 9657509.964761162176728 ], [ 175032.243492280511418, 9657510.943617857992649 ] ] } },
{ "type": "Feature", "properties": { "id": 393, "pagina": 15, "classe": "Logradouros", "metodo": "EIXO_TRACO", "comp_m": 265.57963213288934, "id_layer": "p15_camadas_logradouros", "doc_fonte": "Resposta SECT_autos.pdf", "doc_pagina": 15, "doc_folha": 108, "doc_escala": "1:15.000", "doc_metodo": "Reconstituição Vetorial Afim", "doc_rms_m": 0.68 }, "geometry": { "type": "LineString", "coordinates": [ [ 173068.656913974467898, 9658589.64369616471231 ], [ 173068.656913994986098, 9658592.580266250297427 ], [ 173070.614627467875835, 9658596.49569303356111 ], [ 173084.31862173016998, 9658617.051683636382222 ], [ 173134.240314960305113, 9658669.90994518622756 ], [ 173184.162008169892943, 9658719.831636650487781 ], [ 173218.421993781172205, 9658764.859044637531042 ], [ 173237.020271657238482, 9658785.415035240352154 ], [ 173237.999128421070054, 9658791.288175413385034 ] ] } },
{ "type": "Feature", "properties": { "id": 394, "pagina": 15, "classe": "Logradouros", "metodo": "EIXO_TRACO", "comp_m": 51.193112497312192, "id_layer": "p15_camadas_logradouros", "doc_fonte": "Resposta SECT_autos.pdf", "doc_pagina": 15, "doc_folha": 108, "doc_escala": "1:15.000", "doc_metodo": "Reconstituição Vetorial Afim", "doc_rms_m": 0.68 }, "geometry": { "type": "LineString", "coordinates": [ [ 173068.656913974467898, 9658589.64369616471231 ], [ 173064.74148708343273, 9658589.64369616471231 ], [ 173059.847203442273894, 9658585.728269383311272 ], [ 173035.375785188603913, 9658559.29913860745728 ], [ 173030.481501567963278, 9658558.320281913504004 ] ] } },
{ "type": "Feature", "properties": { "id": 395, "pagina": 15, "classe": "Logradouros", "metodo": "EIXO_TRACO", "comp_m": 171.52408422246893, "id_layer": "p15_camadas_logradouros", "doc_fonte": "Resposta SECT_autos.pdf", "doc_pagina": 15, "doc_folha": 108, "doc_escala": "1:15.000", "doc_metodo": "Reconstituição Vetorial Afim", "doc_rms_m": 0.68 }, "geometry": { "type": "LineString", "coordinates": [ [ 173540.465860023250571, 9659402.094753328710794 ], [ 173540.465859982185066, 9659396.221613155677915 ], [ 173549.275570302212145, 9659369.792482379823923 ], [ 173549.275570281664841, 9659366.855912294238806 ], [ 173562.000707472179784, 9659337.490211432799697 ], [ 173570.810417874308769, 9659322.807361003011465 ], [ 173576.683558121876558, 9659310.08222396299243 ], [ 173592.345265528565506, 9659287.568519968539476 ], [ 173601.154975964920595, 9659277.779953014105558 ], [ 173607.028116239875089, 9659268.970242757350206 ], [ 173615.837826683069579, 9659260.160532498732209 ], [ 173617.795540073828306, 9659252.329678935930133 ] ] } },
{ "type": "Feature", "properties": { "id": 396, "pagina": 15, "classe": "Logradouros", "metodo": "EIXO_TRACO", "comp_m": 68.463814910298169, "id_layer": "p15_camadas_logradouros", "doc_fonte": "Resposta SECT_autos.pdf", "doc_pagina": 15, "doc_folha": 108, "doc_escala": "1:15.000", "doc_metodo": "Reconstituição Vetorial Afim", "doc_rms_m": 0.68 }, "geometry": { "type": "LineString", "coordinates": [ [ 173540.465860023250571, 9659402.094753328710794 ], [ 173546.33900036662817, 9659403.07361002266407 ], [ 173549.27557054857607, 9659405.031323414295912 ], [ 173595.281836627604207, 9659420.693030539900064 ], [ 173598.218406809581211, 9659422.650743931531906 ], [ 173605.070403868856374, 9659422.650743931531906 ] ] } },
{ "type": "Feature", "properties": { "id": 397, "pagina": 15, "classe": "Logradouros", "metodo": "EIXO_TRACO", "comp_m": 13.102158223337838, "id_layer": "p15_camadas_logradouros", "doc_fonte": "Resposta SECT_autos.pdf", "doc_pagina": 15, "doc_folha": 108, "doc_escala": "1:15.000", "doc_metodo": "Reconstituição Vetorial Afim", "doc_rms_m": 0.68 }, "geometry": { "type": "LineString", "coordinates": [ [ 173619.753255483577959, 9659533.261550508439541 ], [ 173617.795542003819719, 9659528.367267031222582 ], [ 173617.795541949075414, 9659520.536413468420506 ] ] } },
{ "type": "Feature", "properties": { "id": 398, "pagina": 15, "classe": "Logradouros", "metodo": "EIXO_TRACO", "comp_m": 57.453135237810379, "id_layer": "p15_camadas_logradouros", "doc_fonte": "Resposta SECT_autos.pdf", "doc_pagina": 15, "doc_folha": 108, "doc_escala": "1:15.000", "doc_metodo": "Reconstituição Vetorial Afim", "doc_rms_m": 0.68 }, "geometry": { "type": "LineString", "coordinates": [ [ 173114.663182079297258, 9658895.046985123306513 ], [ 173154.796307424840052, 9658853.935003917664289 ] ] } },
{ "type": "Feature", "properties": { "id": 399, "pagina": 15, "classe": "Logradouros", "metodo": "EIXO_TRACO", "comp_m": 106.90003620998694, "id_layer": "p15_camadas_logradouros", "doc_fonte": "Resposta SECT_autos.pdf", "doc_pagina": 15, "doc_folha": 108, "doc_escala": "1:15.000", "doc_metodo": "Reconstituição Vetorial Afim", "doc_rms_m": 0.68 }, "geometry": { "type": "LineString", "coordinates": [ [ 173605.070403868856374, 9659422.650743931531906 ], [ 173606.049260550556937, 9659416.777603758499026 ], [ 173617.795541066210717, 9659394.263899764046073 ], [ 173625.626394718216034, 9659375.665622552856803 ], [ 173648.140099019947229, 9659329.659357869997621 ], [ 173651.076669167669024, 9659326.722787784412503 ] ] } },
{ "type": "Feature", "properties": { "id": 400, "pagina": 15, "classe": "Logradouros", "metodo": "EIXO_TRACO", "comp_m": 115.12706784479329, "id_layer": "p15_camadas_logradouros", "doc_fonte": "Resposta SECT_autos.pdf", "doc_pagina": 15, "doc_folha": 108, "doc_escala": "1:15.000", "doc_metodo": "Reconstituição Vetorial Afim", "doc_rms_m": 0.68 }, "geometry": { "type": "LineString", "coordinates": [ [ 173255.618542340322165, 9657777.192639000713825 ], [ 173319.244229928561253, 9657864.310884889215231 ], [ 173322.180800117348554, 9657867.247454976662993 ], [ 173325.117370292457053, 9657868.226311670616269 ] ] } },
{ "type": "Feature", "properties": { "id": 401, "pagina": 15, "classe": "Logradouros", "metodo": "EIXO_TRACO", "comp_m": 197.16908274978556, "id_layer": "p15_camadas_logradouros", "doc_fonte": "Resposta SECT_autos.pdf", "doc_pagina": 15, "doc_folha": 108, "doc_escala": "1:15.000", "doc_metodo": "Reconstituição Vetorial Afim", "doc_rms_m": 0.68 }, "geometry": { "type": "LineString", "coordinates": [ [ 173327.075081554736244, 9657555.971025846898556 ], [ 173328.053938298049616, 9657558.907595932483673 ], [ 173365.250494104955578, 9657607.850430700927973 ], [ 173370.144777752953814, 9657612.744714178144932 ], [ 173374.060204691893887, 9657619.596711045131087 ], [ 173384.827628731174627, 9657632.321848085150123 ], [ 173399.51047971623484, 9657652.877838687971234 ], [ 173399.510479770979146, 9657660.708692250773311 ], [ 173393.637339557637461, 9657678.328112768009305 ], [ 173388.743056012288434, 9657688.116679722443223 ], [ 173377.975632294692332, 9657721.39780736528337 ], [ 173375.039062140102033, 9657723.355520755052567 ] ] } },
{ "type": "Feature", "properties": { "id": 402, "pagina": 15, "classe": "Logradouros", "metodo": "EIXO_TRACO", "comp_m": 295.72304502053703, "id_layer": "p15_camadas_logradouros", "doc_fonte": "Resposta SECT_autos.pdf", "doc_pagina": 15, "doc_folha": 108, "doc_escala": "1:15.000", "doc_metodo": "Reconstituição Vetorial Afim", "doc_rms_m": 0.68 }, "geometry": { "type": "LineString", "coordinates": [ [ 173327.075081554736244, 9657555.971025846898556 ], [ 173327.075081534218043, 9657553.034455759450793 ], [ 173329.032794966042275, 9657551.076742369681597 ], [ 173354.483069627662189, 9657532.478465156629682 ], [ 173362.313923375477316, 9657527.584181679412723 ], [ 173372.102490575663978, 9657523.668754898011684 ], [ 173376.996774162078509, 9657519.753328116610646 ], [ 173383.848771207674872, 9657517.79561472684145 ], [ 173394.616195116919698, 9657511.92247455380857 ], [ 173416.151042969635455, 9657505.070477686822414 ], [ 173426.918466885719681, 9657500.176194209605455 ], [ 173444.537887854268774, 9657494.303054036572576 ], [ 173447.474458022537874, 9657494.303054036572576 ], [ 173455.305311777221505, 9657490.387627255171537 ], [ 173511.10014484426938, 9657471.789350043982267 ], [ 173530.677279244613601, 9657463.958496481180191 ], [ 173556.127553981525125, 9657456.12764291651547 ], [ 173562.00069429751602, 9657453.191072830930352 ], [ 173564.93726446578512, 9657453.191072830930352 ], [ 173582.556685420655413, 9657445.360219268128276 ], [ 173595.281822795950575, 9657442.423649182543159 ] ] } },
{ "type": "Feature", "properties": { "id": 403, "pagina": 15, "classe": "Logradouros", "metodo": "EIXO_TRACO", "comp_m": 52.138184814204166, "id_layer": "p15_camadas_logradouros", "doc_fonte": "Resposta SECT_autos.pdf", "doc_pagina": 15, "doc_folha": 108, "doc_escala": "1:15.000", "doc_metodo": "Reconstituição Vetorial Afim", "doc_rms_m": 0.68 }, "geometry": { "type": "LineString", "coordinates": [ [ 178421.045472572761355, 9658385.062646826729178 ], [ 178422.024329452920938, 9658407.576350819319487 ], [ 178421.045472737023374, 9658408.555207515135407 ], [ 178421.045472825993784, 9658421.280344555154443 ], [ 178420.066616110067116, 9658422.259201250970364 ], [ 178420.066616199037526, 9658434.984338290989399 ], [ 178419.087759483139962, 9658435.96319498680532 ] ] } },
{ "type": "Feature", "properties": { "id": 404, "pagina": 15, "classe": "Logradouros", "metodo": "EIXO_TRACO", "comp_m": 143.37004157920069, "id_layer": "p15_camadas_logradouros", "doc_fonte": "Resposta SECT_autos.pdf", "doc_pagina": 15, "doc_folha": 108, "doc_escala": "1:15.000", "doc_metodo": "Reconstituição Vetorial Afim", "doc_rms_m": 0.68 }, "geometry": { "type": "LineString", "coordinates": [ [ 178421.045472572761355, 9658385.062646826729178 ], [ 178417.130045626981882, 9658377.231793263927102 ], [ 178346.652361102635041, 9658307.732967892661691 ], [ 178323.159799599088728, 9658285.219263898208737 ], [ 178320.223229423980229, 9658284.240407202392817 ] ] } },
{ "type": "Feature", "properties": { "id": 405, "pagina": 15, "classe": "Logradouros", "metodo": "EIXO_TRACO", "comp_m": 191.54970382298285, "id_layer": "p15_camadas_logradouros", "doc_fonte": "Resposta SECT_autos.pdf", "doc_pagina": 15, "doc_folha": 108, "doc_escala": "1:15.000", "doc_metodo": "Reconstituição Vetorial Afim", "doc_rms_m": 0.68 }, "geometry": { "type": "LineString", "coordinates": [ [ 172849.393010198778939, 9658893.089271731674671 ], [ 172855.266150569543242, 9658897.98355520889163 ], [ 172882.674139066773932, 9658935.180109633132815 ], [ 172905.187843874940882, 9658961.609240408986807 ], [ 172928.680405371647794, 9658983.144087707623839 ], [ 172960.982677393709309, 9659007.615505091845989 ], [ 172980.55981196515495, 9659024.256068913266063 ], [ 172983.496382160810754, 9659028.171495694667101 ] ] } },
{ "type": "Feature", "properties": { "id": 406, "pagina": 15, "classe": "Logradouros", "metodo": "EIXO_TRACO", "comp_m": 60.034083216488192, "id_layer": "p15_camadas_logradouros", "doc_fonte": "Resposta SECT_autos.pdf", "doc_pagina": 15, "doc_folha": 108, "doc_escala": "1:15.000", "doc_metodo": "Reconstituição Vetorial Afim", "doc_rms_m": 0.68 }, "geometry": { "type": "LineString", "coordinates": [ [ 172849.393010198778939, 9658893.089271731674671 ], [ 172844.498726612393511, 9658897.004698513075709 ], [ 172826.879305739654228, 9658916.581832421943545 ], [ 172814.154168453329476, 9658932.243539547547698 ], [ 172811.21759830560768, 9658935.180109633132815 ], [ 172808.281028144177981, 9658936.158966328948736 ] ] } },
{ "type": "Feature", "properties": { "id": 407, "pagina": 15, "classe": "Logradouros", "metodo": "EIXO_TRACO", "comp_m": 94.544045434790178, "id_layer": "p15_camadas_logradouros", "doc_fonte": "Resposta SECT_autos.pdf", "doc_pagina": 15, "doc_folha": 108, "doc_escala": "1:15.000", "doc_metodo": "Reconstituição Vetorial Afim", "doc_rms_m": 0.68 }, "geometry": { "type": "LineString", "coordinates": [ [ 173237.020266975974664, 9658115.877055602148175 ], [ 173233.104840071260696, 9658113.919342210516334 ], [ 173185.140860122395679, 9658037.568519972264767 ] ] } },
{ "type": "Feature", "properties": { "id": 408, "pagina": 15, "classe": "Logradouros", "metodo": "EIXO_TRACO", "comp_m": 26.409479843586844, "id_layer": "p15_camadas_logradouros", "doc_fonte": "Resposta SECT_autos.pdf", "doc_pagina": 15, "doc_folha": 108, "doc_escala": "1:15.000", "doc_metodo": "Reconstituição Vetorial Afim", "doc_rms_m": 0.68 }, "geometry": { "type": "LineString", "coordinates": [ [ 175128.171462704282021, 9659169.12685982696712 ], [ 175133.065746324922657, 9659170.105716522783041 ], [ 175143.833170350495493, 9659180.873140171170235 ], [ 175149.706310700741597, 9659182.830853562802076 ] ] } },
{ "type": "Feature", "properties": { "id": 409, "pagina": 15, "classe": "Logradouros", "metodo": "EIXO_TRACO", "comp_m": 48.877355902185784, "id_layer": "p15_camadas_logradouros", "doc_fonte": "Resposta SECT_autos.pdf", "doc_pagina": 15, "doc_folha": 108, "doc_escala": "1:15.000", "doc_metodo": "Reconstituição Vetorial Afim", "doc_rms_m": 0.68 }, "geometry": { "type": "LineString", "coordinates": [ [ 175128.171462704282021, 9659169.12685982696712 ], [ 175091.95376412657788, 9659192.619420515373349 ], [ 175089.017193992534885, 9659197.513703992590308 ] ] } },
{ "type": "Feature", "properties": { "id": 410, "pagina": 15, "classe": "Logradouros", "metodo": "EIXO_TRACO", "comp_m": 248.07654318535711, "id_layer": "p15_camadas_logradouros", "doc_fonte": "Resposta SECT_autos.pdf", "doc_pagina": 15, "doc_folha": 108, "doc_escala": "1:15.000", "doc_metodo": "Reconstituição Vetorial Afim", "doc_rms_m": 0.68 }, "geometry": { "type": "LineString", "coordinates": [ [ 172984.475238890416222, 9659029.150352390483022 ], [ 173025.587221472000238, 9659061.452623337507248 ], [ 173115.642040513048414, 9659139.761158967390656 ], [ 173167.52144712023437, 9659182.830853562802076 ], [ 173173.394587504677474, 9659189.682850431650877 ] ] } },
{ "type": "Feature", "properties": { "id": 411, "pagina": 15, "classe": "Logradouros", "metodo": "EIXO_TRACO", "comp_m": 106.63495182351787, "id_layer": "p15_camadas_logradouros", "doc_fonte": "Resposta SECT_autos.pdf", "doc_pagina": 15, "doc_folha": 108, "doc_escala": "1:15.000", "doc_metodo": "Reconstituição Vetorial Afim", "doc_rms_m": 0.68 }, "geometry": { "type": "LineString", "coordinates": [ [ 173617.795541949075414, 9659520.536413468420506 ], [ 173609.964688167034183, 9659520.536413468420506 ], [ 173598.218407466600183, 9659516.620986687019467 ], [ 173594.302980575565016, 9659516.620986687019467 ], [ 173585.493270050239516, 9659513.68441660143435 ], [ 173569.83156246560975, 9659510.747846513986588 ], [ 173515.015585874934914, 9659494.107282692566514 ] ] } },
{ "type": "Feature", "properties": { "id": 412, "pagina": 15, "classe": "Logradouros", "metodo": "EIXO_TRACO", "comp_m": 65.167520764518201, "id_layer": "p15_camadas_logradouros", "doc_fonte": "Resposta SECT_autos.pdf", "doc_pagina": 15, "doc_folha": 108, "doc_escala": "1:15.000", "doc_metodo": "Reconstituição Vetorial Afim", "doc_rms_m": 0.68 }, "geometry": { "type": "LineString", "coordinates": [ [ 173330.011664637597278, 9659403.07361002266407 ], [ 173342.736802122410154, 9659415.798747062683105 ], [ 173367.208220403466839, 9659446.143304619938135 ], [ 173370.144790592254139, 9659449.079874705523252 ], [ 173374.060217490128707, 9659450.058731401339173 ] ] } },
{ "type": "Feature", "properties": { "id": 413, "pagina": 15, "classe": "Logradouros", "metodo": "EIXO_TRACO", "comp_m": 34.144170962526893, "id_layer": "p15_camadas_logradouros", "doc_fonte": "Resposta SECT_autos.pdf", "doc_pagina": 15, "doc_folha": 108, "doc_escala": "1:15.000", "doc_metodo": "Reconstituição Vetorial Afim", "doc_rms_m": 0.68 }, "geometry": { "type": "LineString", "coordinates": [ [ 175576.48783055023523, 9657570.653876274824142 ], [ 175577.466687307198299, 9657575.548159752041101 ], [ 175583.339827698480804, 9657583.379013314843178 ], [ 175587.255254644260276, 9657591.209866877645254 ], [ 175592.149538305966416, 9657598.06186374463141 ], [ 175594.107251758308848, 9657599.04072044044733 ] ] } },
{ "type": "Feature", "properties": { "id": 414, "pagina": 15, "classe": "Logradouros", "metodo": "EIXO_TRACO", "comp_m": 91.28922159547362, "id_layer": "p15_camadas_logradouros", "doc_fonte": "Resposta SECT_autos.pdf", "doc_pagina": 15, "doc_folha": 108, "doc_escala": "1:15.000", "doc_metodo": "Reconstituição Vetorial Afim", "doc_rms_m": 0.68 }, "geometry": { "type": "LineString", "coordinates": [ [ 175576.48783055023523, 9657570.653876274824142 ], [ 175578.445543995738262, 9657570.653876274824142 ], [ 175592.149538052733988, 9657561.844166016206145 ], [ 175643.050087403331418, 9657528.563038373365998 ], [ 175645.986657551082317, 9657525.626468287780881 ], [ 175653.817511319415644, 9657523.668754896149039 ] ] } },
{ "type": "Feature", "properties": { "id": 415, "pagina": 15, "classe": "Logradouros", "metodo": "EIXO_TRACO", "comp_m": 189.78239263040172, "id_layer": "p15_camadas_logradouros", "doc_fonte": "Resposta SECT_autos.pdf", "doc_pagina": 15, "doc_folha": 108, "doc_escala": "1:15.000", "doc_metodo": "Reconstituição Vetorial Afim", "doc_rms_m": 0.68 }, "geometry": { "type": "LineString", "coordinates": [ [ 172940.426684771751752, 9658801.076742365956306 ], [ 172944.34211166962632, 9658802.055599061772227 ], [ 172948.257538588019088, 9658805.971025843173265 ], [ 172986.432951090304414, 9658850.998433830216527 ], [ 173036.354644320439547, 9658903.85669538192451 ], [ 173071.593486572324764, 9658937.137823024764657 ] ] } },
{ "type": "Feature", "properties": { "id": 416, "pagina": 15, "classe": "Logradouros", "metodo": "EIXO_TRACO", "comp_m": 46.479375672455163, "id_layer": "p15_camadas_logradouros", "doc_fonte": "Resposta SECT_autos.pdf", "doc_pagina": 15, "doc_folha": 108, "doc_escala": "1:15.000", "doc_metodo": "Reconstituição Vetorial Afim", "doc_rms_m": 0.68 }, "geometry": { "type": "LineString", "coordinates": [ [ 172940.426684771751752, 9658801.076742365956306 ], [ 172932.595831030776026, 9658806.949882538989186 ], [ 172906.166699694294948, 9658832.400156619027257 ] ] } },
{ "type": "Feature", "properties": { "id": 417, "pagina": 15, "classe": "Logradouros", "metodo": "EIXO_TRACO", "comp_m": 1.9577134455030321, "id_layer": "p15_camadas_logradouros", "doc_fonte": "Resposta SECT_autos.pdf", "doc_pagina": 15, "doc_folha": 108, "doc_escala": "1:15.000", "doc_metodo": "Reconstituição Vetorial Afim", "doc_rms_m": 0.68 }, "geometry": { "type": "LineString", "coordinates": [ [ 176278.328102511353791, 9657820.262333596125245 ], [ 176276.370389065850759, 9657820.262333596125245 ] ] } },
{ "type": "Feature", "properties": { "id": 418, "pagina": 15, "classe": "Logradouros", "metodo": "EIXO_TRACO", "comp_m": 216.97191247531177, "id_layer": "p15_camadas_logradouros", "doc_fonte": "Resposta SECT_autos.pdf", "doc_pagina": 15, "doc_folha": 108, "doc_escala": "1:15.000", "doc_metodo": "Reconstituição Vetorial Afim", "doc_rms_m": 0.68 }, "geometry": { "type": "LineString", "coordinates": [ [ 176278.328102511353791, 9657820.262333596125245 ], [ 176305.736090858001262, 9657835.924040721729398 ], [ 176310.630374499160098, 9657839.839467503130436 ], [ 176361.53092428095988, 9657868.226311668753624 ], [ 176371.319491556409048, 9657875.078308535739779 ], [ 176378.171488636231516, 9657878.014878623187542 ], [ 176397.748623180319555, 9657890.740015663206577 ], [ 176453.543456596409669, 9657922.063429914414883 ], [ 176465.289737324230373, 9657929.894283477216959 ] ] } },
{ "type": "Feature", "properties": { "id": 419, "pagina": 15, "classe": "Logradouros", "metodo": "EIXO_TRACO", "comp_m": 151.32440671477841, "id_layer": "p15_camadas_logradouros", "doc_fonte": "Resposta SECT_autos.pdf", "doc_pagina": 15, "doc_folha": 108, "doc_escala": "1:15.000", "doc_metodo": "Reconstituição Vetorial Afim", "doc_rms_m": 0.68 }, "geometry": { "type": "LineString", "coordinates": [ [ 175025.391498855373356, 9658030.716523103415966 ], [ 175024.412642146315193, 9658032.674236493185163 ], [ 175013.645218196004862, 9658032.674236493185163 ], [ 175012.666361466399394, 9658031.695379797369242 ], [ 174980.364089601760497, 9658029.737666407600045 ], [ 174979.385232872184133, 9658028.758809711784124 ], [ 174965.681238753604703, 9658028.758809711784124 ], [ 174964.702382023999235, 9658027.779953015968204 ], [ 174956.871528241958003, 9658027.779953015968204 ], [ 174955.892671512352536, 9658026.801096322014928 ], [ 174948.061817730311304, 9658026.801096322014928 ], [ 174938.273250489059137, 9658024.843382930383086 ], [ 174926.526969815982739, 9658024.843382930383086 ], [ 174887.372700809937669, 9658011.13938919454813 ], [ 174879.541847021057038, 9658010.160532500594854 ] ] } },
{ "type": "Feature", "properties": { "id": 420, "pagina": 15, "classe": "Logradouros", "metodo": "EIXO_TRACO", "comp_m": 183.55535305987314, "id_layer": "p15_camadas_logradouros", "doc_fonte": "Resposta SECT_autos.pdf", "doc_pagina": 15, "doc_folha": 108, "doc_escala": "1:15.000", "doc_metodo": "Reconstituição Vetorial Afim", "doc_rms_m": 0.68 }, "geometry": { "type": "LineString", "coordinates": [ [ 175025.391498855373356, 9658030.716523103415966 ], [ 175024.412642112089088, 9658027.779953015968204 ], [ 175021.476071923301788, 9658024.843382930383086 ], [ 175011.68750466153142, 9658019.949099453166127 ], [ 174897.161267756891903, 9657971.006264684721828 ], [ 174873.668706328637199, 9657959.259984340518713 ], [ 174859.964712175831664, 9657954.365700863301754 ] ] } },
{ "type": "Feature", "properties": { "id": 421, "pagina": 15, "classe": "Logradouros", "metodo": "EIXO_TRACO", "comp_m": 76.434952778544343, "id_layer": "p15_camadas_logradouros", "doc_fonte": "Resposta SECT_autos.pdf", "doc_pagina": 15, "doc_folha": 108, "doc_escala": "1:15.000", "doc_metodo": "Reconstituição Vetorial Afim", "doc_rms_m": 0.68 }, "geometry": { "type": "LineString", "coordinates": [ [ 175025.391498855373356, 9658030.716523103415966 ], [ 175036.158922826230992, 9658033.653093189001083 ], [ 175043.989776608272223, 9658033.653093189001083 ], [ 175048.884060235752258, 9658035.61080657877028 ], [ 175053.77834384952439, 9658035.61080657877028 ], [ 175059.651484172383789, 9658033.653093189001083 ], [ 175073.355478249897715, 9658027.779953015968204 ], [ 175078.249761836283142, 9658023.864526234567165 ], [ 175085.101758847682504, 9658017.01252936758101 ], [ 175088.038328947499394, 9658007.223962413147092 ] ] } },
{ "type": "Feature", "properties": { "id": 422, "pagina": 15, "classe": "Logradouros", "metodo": "EIXO_TRACO", "comp_m": 305.44417239878726, "id_layer": "p15_camadas_logradouros", "doc_fonte": "Resposta SECT_autos.pdf", "doc_pagina": 15, "doc_folha": 108, "doc_escala": "1:15.000", "doc_metodo": "Reconstituição Vetorial Afim", "doc_rms_m": 0.68 }, "geometry": { "type": "LineString", "coordinates": [ [ 173253.660838243667968, 9659114.310884887352586 ], [ 173257.576265148381935, 9659116.268598277121782 ], [ 173292.815107379748952, 9659146.613155834376812 ], [ 173328.053949590597767, 9659174.021143306046724 ], [ 173478.797885805252008, 9659304.20908378995955 ], [ 173484.671026175987208, 9659309.103367267176509 ], [ 173487.607596351095708, 9659310.08222396299243 ] ] } },
{ "type": "Feature", "properties": { "id": 423, "pagina": 15, "classe": "Logradouros", "metodo": "EIXO_TRACO", "comp_m": 42.660959976926165, "id_layer": "p15_camadas_logradouros", "doc_fonte": "Resposta SECT_autos.pdf", "doc_pagina": 15, "doc_folha": 108, "doc_escala": "1:15.000", "doc_metodo": "Reconstituição Vetorial Afim", "doc_rms_m": 0.68 }, "geometry": { "type": "LineString", "coordinates": [ [ 174875.626419466163497, 9657915.211433047428727 ], [ 174876.605276134156156, 9657907.380579484626651 ], [ 174886.393843204306904, 9657884.866875492036343 ], [ 174889.330413304123795, 9657875.078308537602425 ] ] } },
{ "type": "Feature", "properties": { "id": 424, "pagina": 15, "classe": "Logradouros", "metodo": "EIXO_TRACO", "comp_m": 42.970237499206085, "id_layer": "p15_camadas_logradouros", "doc_fonte": "Resposta SECT_autos.pdf", "doc_pagina": 15, "doc_folha": 108, "doc_escala": "1:15.000", "doc_metodo": "Reconstituição Vetorial Afim", "doc_rms_m": 0.68 }, "geometry": { "type": "LineString", "coordinates": [ [ 174875.626419466163497, 9657915.211433047428727 ], [ 174871.710992602515034, 9657919.12685983069241 ], [ 174859.96471214160556, 9657949.471417386084795 ], [ 174859.964712175831664, 9657954.365700863301754 ] ] } },
{ "type": "Feature", "properties": { "id": 425, "pagina": 15, "classe": "Logradouros", "metodo": "EIXO_TRACO", "comp_m": 232.00016825153529, "id_layer": "p15_camadas_logradouros", "doc_fonte": "Resposta SECT_autos.pdf", "doc_pagina": 15, "doc_folha": 108, "doc_escala": "1:15.000", "doc_metodo": "Reconstituição Vetorial Afim", "doc_rms_m": 0.68 }, "geometry": { "type": "LineString", "coordinates": [ [ 174875.626419466163497, 9657915.211433047428727 ], [ 174880.520703086775029, 9657916.190289743244648 ], [ 174893.245840530522401, 9657923.042286612093449 ], [ 174904.9921212309564, 9657926.957713393494487 ], [ 174915.759545222332235, 9657932.830853564664721 ], [ 174936.315536454960238, 9657940.661707127466798 ], [ 175020.497214878880186, 9657978.837118247523904 ], [ 175027.349211951863253, 9657980.794831639155746 ], [ 175034.201209038525121, 9657984.710258420556784 ], [ 175061.609197350975592, 9657995.477682068943977 ], [ 175081.186331874516327, 9658005.266249023377895 ], [ 175088.038328947499394, 9658007.223962413147092 ] ] } },
{ "type": "Feature", "properties": { "id": 426, "pagina": 15, "classe": "Logradouros", "metodo": "EIXO_TRACO", "comp_m": 1731.5581446629621, "id_layer": "p15_camadas_logradouros", "doc_fonte": "Resposta SECT_autos.pdf", "doc_pagina": 15, "doc_folha": 108, "doc_escala": "1:15.000", "doc_metodo": "Reconstituição Vetorial Afim", "doc_rms_m": 0.68 }, "geometry": { "type": "LineString", "coordinates": [ [ 173610.943523837719113, 9656509.573218487203121 ], [ 173612.901237563841278, 9656549.706342997029424 ], [ 173615.837807821080787, 9656562.431480037048459 ], [ 173617.795521287131123, 9656565.368050124496222 ], [ 173617.795521307649324, 9656568.304620210081339 ], [ 173623.668661753676133, 9656583.966327335685492 ], [ 173626.605231963010738, 9656589.839467508718371 ], [ 173639.330369482049718, 9656607.458888024091721 ], [ 173645.203509859624319, 9656613.3320281971246 ], [ 173646.182366602908587, 9656616.268598282709718 ], [ 173661.844074276508763, 9656631.930305410176516 ], [ 173696.104059764591511, 9656659.338292879983783 ], [ 173767.560600874829106, 9656709.259984344244003 ], [ 173798.884016133029945, 9656727.858261555433273 ], [ 173809.651440117566381, 9656732.752545032650232 ], [ 173863.488560081314063, 9656763.097102589905262 ], [ 173904.600542628671974, 9656790.505090059712529 ], [ 173915.367966647434514, 9656800.293657014146447 ], [ 173922.219963795709191, 9656813.018794054165483 ], [ 173929.071961019246373, 9656836.511354742571712 ], [ 173929.071961053472478, 9656841.405638219788671 ], [ 173932.008531303843483, 9656853.151918563991785 ], [ 173932.008531351777492, 9656860.003915432840586 ], [ 173932.987388081353856, 9656860.982772126793861 ], [ 173932.987388136127265, 9656868.813625691458583 ], [ 173933.966244865703629, 9656869.792482385411859 ], [ 173934.945101759571116, 9656894.263899769634008 ], [ 173936.902815259847557, 9656902.09475333429873 ], [ 173944.733669151377399, 9656917.756460459902883 ], [ 173963.331947068538284, 9656944.185591233894229 ], [ 173975.078227823716588, 9656955.931871579959989 ], [ 173998.5707892862265, 9656972.572435401380062 ], [ 174000.528502731729532, 9656972.572435401380062 ], [ 174007.380499818391399, 9656976.4878621827811 ], [ 174014.232496884535067, 9656977.466718876734376 ], [ 174018.147923789249035, 9656979.424432268366218 ], [ 174038.703914967103628, 9656979.424432268366218 ], [ 174039.682771683030296, 9656978.445575572550297 ], [ 174067.090759920189157, 9656978.445575572550297 ], [ 174068.069616636086721, 9656977.466718876734376 ], [ 174082.752467477432219, 9656977.466718876734376 ], [ 174083.731324193358887, 9656976.4878621827811 ], [ 174096.45646158917225, 9656976.4878621827811 ], [ 174097.435318305069814, 9656975.509005486965179 ], [ 174108.202742255409248, 9656975.509005486965179 ], [ 174109.181598971306812, 9656974.530148791149259 ], [ 174123.86444981265231, 9656974.530148791149259 ], [ 174124.843306528549874, 9656973.551292095333338 ], [ 174134.631873756123241, 9656973.551292095333338 ], [ 174135.610730472020805, 9656972.572435399517417 ], [ 174169.870715754805133, 9656970.61472200974822 ], [ 174177.70156952313846, 9656968.657008618116379 ], [ 174214.898124974191887, 9656966.699295228347182 ], [ 174231.538689288398018, 9656970.61472200974822 ], [ 174238.390686375059886, 9656974.530148791149259 ], [ 174241.327256543328986, 9656974.530148791149259 ], [ 174243.284970002539922, 9656976.487862180918455 ], [ 174245.242683448042953, 9656976.487862180918455 ], [ 174280.481525652052369, 9657002.916992956772447 ], [ 174285.375809279503301, 9657004.874706348404288 ], [ 174302.016373655322241, 9657017.599843388423324 ], [ 174321.59350819941028, 9657030.324980428442359 ], [ 174337.255215866171056, 9657045.007830858230591 ], [ 174347.043783189554233, 9657058.711824594065547 ], [ 174353.895780337799806, 9657071.436961634084582 ], [ 174354.874637094791979, 9657076.331245109438896 ], [ 174360.747777513461187, 9657088.077525455504656 ], [ 174370.53634493262507, 9657115.485512925311923 ], [ 174375.430628608010011, 9657124.29522318392992 ], [ 174395.986620141775347, 9657175.195771344006062 ], [ 174401.859760539897252, 9657184.005481602624059 ], [ 174411.648327835893724, 9657193.794048555195332 ], [ 174467.443161231465638, 9657222.18089272081852 ], [ 174469.40087467696867, 9657222.18089272081852 ], [ 174492.893436105223373, 9657233.927173065021634 ], [ 174510.512857155903475, 9657239.800313238054514 ], [ 174513.449427337851375, 9657241.758026629686356 ], [ 174523.237994579103542, 9657243.715740019455552 ], [ 174555.540266436903039, 9657244.694596715271473 ], [ 174556.519123166479403, 9657245.673453411087394 ], [ 174595.673392076714663, 9657245.673453411087394 ], [ 174596.652248806320131, 9657246.652310105040669 ], [ 174627.975663941353559, 9657247.63116680085659 ], [ 174634.827661014336627, 9657249.588880192488432 ], [ 174650.489368585258489, 9657250.567736886441708 ], [ 174679.855070309014991, 9657256.440877059474587 ], [ 174684.749353936465923, 9657258.398590449243784 ], [ 174690.622494273004122, 9657258.398590449243784 ], [ 174703.347631689364789, 9657261.335160536691546 ], [ 174738.586473715404281, 9657262.314017232507467 ], [ 174739.565330431330949, 9657261.335160536691546 ], [ 174750.33275438164128, 9657261.335160536691546 ], [ 174751.311611097538844, 9657260.356303840875626 ], [ 174767.952175384387374, 9657260.356303840875626 ], [ 174782.635026246280177, 9657263.292873926460743 ], [ 174793.402450196590507, 9657263.292873926460743 ], [ 174794.381306926195975, 9657264.271730622276664 ], [ 174820.810438454267569, 9657266.229444013908505 ], [ 174830.599005695519736, 9657268.187157403677702 ], [ 174857.028137216781033, 9657269.166014099493623 ], [ 174864.858991012501065, 9657271.123727489262819 ], [ 174884.436125474458095, 9657272.10258418507874 ], [ 174885.414982204063563, 9657273.081440880894661 ], [ 174904.013259950123029, 9657275.039154270663857 ], [ 174921.632680987095227, 9657278.954581052064896 ], [ 174927.505821323633427, 9657278.954581052064896 ], [ 174930.442391505581327, 9657280.912294443696737 ], [ 174943.167528908263193, 9657281.891151139512658 ], [ 174944.146385637868661, 9657282.870007833465934 ] ] } },
{ "type": "Feature", "properties": { "id": 427, "pagina": 15, "classe": "Logradouros", "metodo": "EIXO_TRACO", "comp_m": 37.706681673108527, "id_layer": "p15_camadas_logradouros", "doc_fonte": "Resposta SECT_autos.pdf", "doc_pagina": 15, "doc_folha": 108, "doc_escala": "1:15.000", "doc_metodo": "Reconstituição Vetorial Afim", "doc_rms_m": 0.68 }, "geometry": { "type": "LineString", "coordinates": [ [ 173465.093882940069307, 9658053.230227097868919 ], [ 173450.411031968687894, 9658034.631949884817004 ], [ 173442.580178131873254, 9658026.801096322014928 ], [ 173439.643607963604154, 9658026.801096322014928 ] ] } },
{ "type": "Feature", "properties": { "id": 428, "pagina": 15, "classe": "Logradouros", "metodo": "EIXO_TRACO", "comp_m": 179.03449336397438, "id_layer": "p15_camadas_logradouros", "doc_fonte": "Resposta SECT_autos.pdf", "doc_pagina": 15, "doc_folha": 108, "doc_escala": "1:15.000", "doc_metodo": "Reconstituição Vetorial Afim", "doc_rms_m": 0.68 }, "geometry": { "type": "LineString", "coordinates": [ [ 172805.344453917437932, 9658355.696945970878005 ], [ 172805.344453937956132, 9658358.633516056463122 ], [ 172807.302167410845868, 9658362.548942837864161 ], [ 172870.927854978566756, 9658446.730618640780449 ], [ 172880.716422281402629, 9658457.498042289167643 ], [ 172909.103267508238787, 9658495.673453409224749 ], [ 172910.082124251523055, 9658498.610023494809866 ], [ 172911.060980974289123, 9658498.610023494809866 ] ] } },
{ "type": "Feature", "properties": { "id": 429, "pagina": 15, "classe": "Logradouros", "metodo": "EIXO_TRACO", "comp_m": 484.74733791071378, "id_layer": "p15_camadas_logradouros", "doc_fonte": "Resposta SECT_autos.pdf", "doc_pagina": 15, "doc_folha": 108, "doc_escala": "1:15.000", "doc_metodo": "Reconstituição Vetorial Afim", "doc_rms_m": 0.68 }, "geometry": { "type": "LineString", "coordinates": [ [ 175600.95924903661944, 9657630.364134693518281 ], [ 175599.001535625313409, 9657635.258418168872595 ], [ 175558.868410341383424, 9657685.180109633132815 ], [ 175540.270132814330282, 9657714.545810494571924 ], [ 175536.354706005426124, 9657726.292090840637684 ], [ 175532.439279244455975, 9657744.890368051826954 ], [ 175531.460422699630726, 9657770.340642131865025 ], [ 175530.481565983733162, 9657771.319498827680945 ], [ 175530.481566182192182, 9657799.706342993304133 ], [ 175526.566139366448624, 9657810.473766641691327 ], [ 175525.587282705295365, 9657819.283476900309324 ], [ 175521.671855903259711, 9657832.00861394032836 ], [ 175509.925575394445332, 9657855.501174630597234 ], [ 175462.940453249670099, 9657933.809710260480642 ], [ 175449.236459274805384, 9657954.365700863301754 ], [ 175441.405605622800067, 9657972.963978074491024 ], [ 175433.574752121348865, 9658013.097102586179972 ], [ 175433.574752189801075, 9658022.885669538751245 ], [ 175432.595895473874407, 9658023.864526234567165 ], [ 175432.595895535487216, 9658032.674236493185163 ], [ 175431.617038819560548, 9658033.653093189001083 ], [ 175430.638182226859499, 9658052.251370400190353 ], [ 175429.659325510932831, 9658053.230227096006274 ], [ 175429.659325613611145, 9658067.913077527657151 ], [ 175430.638182336348109, 9658067.913077527657151 ] ] } },
{ "type": "Feature", "properties": { "id": 430, "pagina": 15, "classe": "Logradouros", "metodo": "EIXO_TRACO", "comp_m": 32.756704503424658, "id_layer": "p15_camadas_logradouros", "doc_fonte": "Resposta SECT_autos.pdf", "doc_pagina": 15, "doc_folha": 108, "doc_escala": "1:15.000", "doc_metodo": "Reconstituição Vetorial Afim", "doc_rms_m": 0.68 }, "geometry": { "type": "LineString", "coordinates": [ [ 175600.95924903661944, 9657630.364134693518281 ], [ 175594.107251867826562, 9657614.702427566051483 ], [ 175594.107251758308848, 9657599.04072044044733 ] ] } },
{ "type": "Feature", "properties": { "id": 431, "pagina": 15, "classe": "Logradouros", "metodo": "EIXO_TRACO", "comp_m": 51.547635803210248, "id_layer": "p15_camadas_logradouros", "doc_fonte": "Resposta SECT_autos.pdf", "doc_pagina": 15, "doc_folha": 108, "doc_escala": "1:15.000", "doc_metodo": "Reconstituição Vetorial Afim", "doc_rms_m": 0.68 }, "geometry": { "type": "LineString", "coordinates": [ [ 175626.409523492911831, 9657582.400156619027257 ], [ 175626.409523472364526, 9657579.46358653344214 ], [ 175629.346093613276025, 9657575.548159752041101 ], [ 175661.648365313623799, 9657554.013312453404069 ], [ 175664.584935454535298, 9657550.097885672003031 ] ] } },
{ "type": "Feature", "properties": { "id": 432, "pagina": 15, "classe": "Logradouros", "metodo": "EIXO_TRACO", "comp_m": 37.120196560249205, "id_layer": "p15_camadas_logradouros", "doc_fonte": "Resposta SECT_autos.pdf", "doc_pagina": 15, "doc_folha": 108, "doc_escala": "1:15.000", "doc_metodo": "Reconstituição Vetorial Afim", "doc_rms_m": 0.68 }, "geometry": { "type": "LineString", "coordinates": [ [ 175626.409523492911831, 9657582.400156619027257 ], [ 175616.620956279046368, 9657584.357870010659099 ], [ 175598.022678642475512, 9657598.06186374463141 ], [ 175594.107251758308848, 9657599.04072044044733 ] ] } },
{ "type": "Feature", "properties": { "id": 433, "pagina": 15, "classe": "Logradouros", "metodo": "EIXO_TRACO", "comp_m": 1.9577134455321361, "id_layer": "p15_camadas_logradouros", "doc_fonte": "Resposta SECT_autos.pdf", "doc_pagina": 15, "doc_folha": 108, "doc_escala": "1:15.000", "doc_metodo": "Reconstituição Vetorial Afim", "doc_rms_m": 0.68 }, "geometry": { "type": "LineString", "coordinates": [ [ 173175.35230095020961, 9659189.682850431650877 ], [ 173173.394587504677474, 9659189.682850431650877 ] ] } },
{ "type": "Feature", "properties": { "id": 434, "pagina": 15, "classe": "Logradouros", "metodo": "EIXO_TRACO", "comp_m": 51.953228795025211, "id_layer": "p15_camadas_logradouros", "doc_fonte": "Resposta SECT_autos.pdf", "doc_pagina": 15, "doc_folha": 108, "doc_escala": "1:15.000", "doc_metodo": "Reconstituição Vetorial Afim", "doc_rms_m": 0.68 }, "geometry": { "type": "LineString", "coordinates": [ [ 173175.35230095020961, 9659189.682850431650877 ], [ 173210.591142702498473, 9659151.507439311593771 ] ] } },
{ "type": "Feature", "properties": { "id": 435, "pagina": 15, "classe": "Logradouros", "metodo": "EIXO_TRACO", "comp_m": 144.87713341885336, "id_layer": "p15_camadas_logradouros", "doc_fonte": "Resposta SECT_autos.pdf", "doc_pagina": 15, "doc_folha": 108, "doc_escala": "1:15.000", "doc_metodo": "Reconstituição Vetorial Afim", "doc_rms_m": 0.68 }, "geometry": { "type": "LineString", "coordinates": [ [ 172905.187842971557984, 9658832.400156619027257 ], [ 172894.420418911729939, 9658816.738449493423104 ], [ 172873.864427562744822, 9658792.267032109200954 ], [ 172868.970143894228386, 9658784.436178544536233 ], [ 172852.329579463665141, 9658763.880187941715121 ], [ 172838.625585262954701, 9658752.133907597512007 ], [ 172805.344456531835021, 9658729.620203604921699 ] ] } },
{ "type": "Feature", "properties": { "id": 436, "pagina": 15, "classe": "Logradouros", "metodo": "EIXO_TRACO", "comp_m": 65.5988340407404, "id_layer": "p15_camadas_logradouros", "doc_fonte": "Resposta SECT_autos.pdf", "doc_pagina": 15, "doc_folha": 108, "doc_escala": "1:15.000", "doc_metodo": "Reconstituição Vetorial Afim", "doc_rms_m": 0.68 }, "geometry": { "type": "LineString", "coordinates": [ [ 173006.988931133033475, 9657258.398590451106429 ], [ 173008.946644564857706, 9657256.440877061337233 ], [ 173011.883214733126806, 9657256.440877061337233 ], [ 173032.439205863076495, 9657249.588880192488432 ], [ 173049.07977009518072, 9657241.758026629686356 ], [ 173054.952910424879519, 9657240.779169933870435 ], [ 173064.741477618226781, 9657235.884886458516121 ], [ 173067.678047786495881, 9657235.884886458516121 ] ] } },
{ "type": "Feature", "properties": { "id": 437, "pagina": 15, "classe": "Logradouros", "metodo": "EIXO_TRACO", "comp_m": 76.657588000494812, "id_layer": "p15_camadas_logradouros", "doc_fonte": "Resposta SECT_autos.pdf", "doc_pagina": 15, "doc_folha": 108, "doc_escala": "1:15.000", "doc_metodo": "Reconstituição Vetorial Afim", "doc_rms_m": 0.68 }, "geometry": { "type": "LineString", "coordinates": [ [ 173375.039062140102033, 9657723.355520755052567 ], [ 173375.039062174328137, 9657728.249804232269526 ], [ 173369.165921974665252, 9657747.826938139274716 ], [ 173367.208208549680421, 9657750.763508226722479 ], [ 173353.504214725398924, 9657792.854346128180623 ], [ 173350.567644570808625, 9657794.81205951794982 ] ] } },
{ "type": "Feature", "properties": { "id": 438, "pagina": 15, "classe": "Logradouros", "metodo": "EIXO_TRACO", "comp_m": 62.881378690729768, "id_layer": "p15_camadas_logradouros", "doc_fonte": "Resposta SECT_autos.pdf", "doc_pagina": 15, "doc_folha": 108, "doc_escala": "1:15.000", "doc_metodo": "Reconstituição Vetorial Afim", "doc_rms_m": 0.68 }, "geometry": { "type": "LineString", "coordinates": [ [ 175334.710226134367986, 9658443.794048551470041 ], [ 175335.689082816068549, 9658437.920908380299807 ], [ 175358.20278711777064, 9658391.914643697440624 ], [ 175363.097070711024571, 9658388.978073609992862 ] ] } },
{ "type": "Feature", "properties": { "id": 439, "pagina": 15, "classe": "Logradouros", "metodo": "EIXO_TRACO", "comp_m": 37.507656751892128, "id_layer": "p15_camadas_logradouros", "doc_fonte": "Resposta SECT_autos.pdf", "doc_pagina": 15, "doc_folha": 108, "doc_escala": "1:15.000", "doc_metodo": "Reconstituição Vetorial Afim", "doc_rms_m": 0.68 }, "geometry": { "type": "LineString", "coordinates": [ [ 175334.710226134367986, 9658443.794048551470041 ], [ 175358.202787480520783, 9658443.794048551470041 ], [ 175371.906781619618414, 9658446.730618637055159 ] ] } },
{ "type": "Feature", "properties": { "id": 440, "pagina": 15, "classe": "Logradouros", "metodo": "EIXO_TRACO", "comp_m": 118.42356688476887, "id_layer": "p15_camadas_logradouros", "doc_fonte": "Resposta SECT_autos.pdf", "doc_pagina": 15, "doc_folha": 108, "doc_escala": "1:15.000", "doc_metodo": "Reconstituição Vetorial Afim", "doc_rms_m": 0.68 }, "geometry": { "type": "LineString", "coordinates": [ [ 175334.710226134367986, 9658443.794048551470041 ], [ 175329.815942547982559, 9658447.709475332871079 ], [ 175323.942802279867465, 9658457.498042287304997 ], [ 175317.090805268497206, 9658464.350039154291153 ], [ 175304.365667941106949, 9658474.138606108725071 ], [ 175291.640530593198491, 9658480.990602975711226 ], [ 175280.873106670245761, 9658484.906029757112265 ], [ 175267.169112572213635, 9658487.842599844560027 ], [ 175245.634264671563869, 9658487.842599844560027 ], [ 175244.655407941987505, 9658486.863743148744106 ], [ 175233.887983991648071, 9658486.863743148744106 ], [ 175232.909127275750507, 9658487.842599844560027 ] ] } },
{ "type": "Feature", "properties": { "id": 441, "pagina": 15, "classe": "Logradouros", "metodo": "EIXO_TRACO", "comp_m": 43.014802255336313, "id_layer": "p15_camadas_logradouros", "doc_fonte": "Resposta SECT_autos.pdf", "doc_pagina": 15, "doc_folha": 108, "doc_escala": "1:15.000", "doc_metodo": "Reconstituição Vetorial Afim", "doc_rms_m": 0.68 }, "geometry": { "type": "LineString", "coordinates": [ [ 174978.406372706900584, 9657536.39389193803072 ], [ 174976.448659268236952, 9657537.372748631983995 ], [ 174973.512089168390958, 9657547.161315586417913 ], [ 174966.660092204925604, 9657560.86530932225287 ], [ 174963.72352209140081, 9657568.696162885054946 ], [ 174962.744665416568751, 9657575.548159752041101 ] ] } },
{ "type": "Feature", "properties": { "id": 442, "pagina": 15, "classe": "Logradouros", "metodo": "EIXO_TRACO", "comp_m": 23.564181657352623, "id_layer": "p15_camadas_logradouros", "doc_fonte": "Resposta SECT_autos.pdf", "doc_pagina": 15, "doc_folha": 108, "doc_escala": "1:15.000", "doc_metodo": "Reconstituição Vetorial Afim", "doc_rms_m": 0.68 }, "geometry": { "type": "LineString", "coordinates": [ [ 176229.385266544646583, 9657844.733750980347395 ], [ 176230.364123219507746, 9657837.881754111498594 ], [ 176236.237263480754336, 9657827.114330463111401 ], [ 176240.1526903580816, 9657825.156617073342204 ] ] } },
{ "type": "Feature", "properties": { "id": 443, "pagina": 15, "classe": "Logradouros", "metodo": "EIXO_TRACO", "comp_m": 68.826062687339686, "id_layer": "p15_camadas_logradouros", "doc_fonte": "Resposta SECT_autos.pdf", "doc_pagina": 15, "doc_folha": 108, "doc_escala": "1:15.000", "doc_metodo": "Reconstituição Vetorial Afim", "doc_rms_m": 0.68 }, "geometry": { "type": "LineString", "coordinates": [ [ 176229.385266544646583, 9657844.733750980347395 ], [ 176223.512126208137488, 9657844.733750980347395 ], [ 176217.638985851051984, 9657841.797180894762278 ], [ 176195.125281125016045, 9657827.114330463111401 ], [ 176188.273284045193577, 9657824.177760377526283 ], [ 176174.569289865001338, 9657815.368050118908286 ], [ 176170.653862960316474, 9657813.410336727276444 ], [ 176169.675006244389806, 9657814.389193423092365 ] ] } },
{ "type": "Feature", "properties": { "id": 444, "pagina": 15, "classe": "Logradouros", "metodo": "EIXO_TRACO", "comp_m": 37.415136365093716, "id_layer": "p15_camadas_logradouros", "doc_fonte": "Resposta SECT_autos.pdf", "doc_pagina": 15, "doc_folha": 108, "doc_escala": "1:15.000", "doc_metodo": "Reconstituição Vetorial Afim", "doc_rms_m": 0.68 }, "geometry": { "type": "LineString", "coordinates": [ [ 176229.385266544646583, 9657844.733750980347395 ], [ 176248.962401081895223, 9657856.480031324550509 ], [ 176253.856684695696458, 9657856.480031324550509 ], [ 176260.708681707066717, 9657849.628034457564354 ] ] } },
{ "type": "Feature", "properties": { "id": 445, "pagina": 15, "classe": "Logradouros", "metodo": "EIXO_TRACO", "comp_m": 80.552137137972522, "id_layer": "p15_camadas_logradouros", "doc_fonte": "Resposta SECT_autos.pdf", "doc_pagina": 15, "doc_folha": 108, "doc_escala": "1:15.000", "doc_metodo": "Reconstituição Vetorial Afim", "doc_rms_m": 0.68 }, "geometry": { "type": "LineString", "coordinates": [ [ 178124.451879555068444, 9657523.668754894286394 ], [ 178126.409593014250277, 9657525.626468285918236 ], [ 178130.325019912124844, 9657526.605324979871511 ], [ 178157.73300817667041, 9657530.52075176127255 ], [ 178158.711864906275878, 9657531.49960845708847 ], [ 178192.971850230096607, 9657535.415035238489509 ], [ 178193.950706959702075, 9657536.393891934305429 ], [ 178202.76041746448027, 9657536.393891934305429 ] ] } },
{ "type": "Feature", "properties": { "id": 446, "pagina": 15, "classe": "Logradouros", "metodo": "EIXO_TRACO", "comp_m": 248.59920888317916, "id_layer": "p15_camadas_logradouros", "doc_fonte": "Resposta SECT_autos.pdf", "doc_pagina": 15, "doc_folha": 108, "doc_escala": "1:15.000", "doc_metodo": "Reconstituição Vetorial Afim", "doc_rms_m": 0.68 }, "geometry": { "type": "LineString", "coordinates": [ [ 173210.591142702498473, 9659151.507439311593771 ], [ 173209.612285959214205, 9659148.570869226008654 ], [ 173205.696859040792333, 9659144.655442444607615 ], [ 173177.310013916634489, 9659121.162881754338741 ], [ 173129.346034200454596, 9659078.093187158927321 ], [ 173034.396931429277174, 9658983.144087707623839 ], [ 173030.481504524563206, 9658981.186374315991998 ] ] } },
{ "type": "Feature", "properties": { "id": 447, "pagina": 15, "classe": "Logradouros", "metodo": "EIXO_TRACO", "comp_m": 3.9154268910060641, "id_layer": "p15_camadas_logradouros", "doc_fonte": "Resposta SECT_autos.pdf", "doc_pagina": 15, "doc_folha": 108, "doc_escala": "1:15.000", "doc_metodo": "Reconstituição Vetorial Afim", "doc_rms_m": 0.68 }, "geometry": { "type": "LineString", "coordinates": [ [ 173210.591142702498473, 9659151.507439311593771 ], [ 173214.506569593504537, 9659151.507439311593771 ] ] } },
{ "type": "Feature", "properties": { "id": 448, "pagina": 15, "classe": "Logradouros", "metodo": "EIXO_TRACO", "comp_m": 88.885023591956966, "id_layer": "p15_camadas_logradouros", "doc_fonte": "Resposta SECT_autos.pdf", "doc_pagina": 15, "doc_folha": 108, "doc_escala": "1:15.000", "doc_metodo": "Reconstituição Vetorial Afim", "doc_rms_m": 0.68 }, "geometry": { "type": "LineString", "coordinates": [ [ 175175.156576232489897, 9657858.437744716182351 ], [ 175175.156576205103192, 9657854.522317934781313 ], [ 175190.818283550179331, 9657823.198903681710362 ], [ 175192.775996982003562, 9657821.241190291941166 ], [ 175193.754853677382926, 9657817.325763510540128 ], [ 175211.374274454312399, 9657784.044635867699981 ], [ 175211.374274440604495, 9657782.086922476068139 ], [ 175214.310844595194794, 9657780.129209086298943 ] ] } },
{ "type": "Feature", "properties": { "id": 449, "pagina": 15, "classe": "Logradouros", "metodo": "EIXO_TRACO", "comp_m": 98.246177069174379, "id_layer": "p15_camadas_logradouros", "doc_fonte": "Resposta SECT_autos.pdf", "doc_pagina": 15, "doc_folha": 108, "doc_escala": "1:15.000", "doc_metodo": "Reconstituição Vetorial Afim", "doc_rms_m": 0.68 }, "geometry": { "type": "LineString", "coordinates": [ [ 175175.156576232489897, 9657858.437744716182351 ], [ 175170.262292618688662, 9657858.437744716182351 ], [ 175140.896590847056359, 9657845.712607676163316 ], [ 175130.129166855680523, 9657839.839467503130436 ], [ 175120.340599607588956, 9657836.902897417545319 ], [ 175110.552032510080608, 9657855.501174630597234 ], [ 175104.678892269352218, 9657869.205168364569545 ], [ 175104.678892289870419, 9657872.141738452017307 ] ] } },
{ "type": "Feature", "properties": { "id": 450, "pagina": 15, "classe": "Logradouros", "metodo": "EIXO_TRACO", "comp_m": 4.894283477216959, "id_layer": "p15_camadas_logradouros", "doc_fonte": "Resposta SECT_autos.pdf", "doc_pagina": 15, "doc_folha": 108, "doc_escala": "1:15.000", "doc_metodo": "Reconstituição Vetorial Afim", "doc_rms_m": 0.68 }, "geometry": { "type": "LineString", "coordinates": [ [ 178119.557603271183325, 9658572.024275643751025 ], [ 178119.55760330540943, 9658576.918559120967984 ] ] } },
{ "type": "Feature", "properties": { "id": 451, "pagina": 15, "classe": "Logradouros", "metodo": "EIXO_TRACO", "comp_m": 65.116974735411475, "id_layer": "p15_camadas_logradouros", "doc_fonte": "Resposta SECT_autos.pdf", "doc_pagina": 15, "doc_folha": 108, "doc_escala": "1:15.000", "doc_metodo": "Reconstituição Vetorial Afim", "doc_rms_m": 0.68 }, "geometry": { "type": "LineString", "coordinates": [ [ 178119.557603271183325, 9658572.024275643751025 ], [ 178115.642176380148157, 9658572.024275643751025 ], [ 178060.826199789473321, 9658555.383711822330952 ], [ 178056.910772898467258, 9658555.383711822330952 ] ] } },
{ "type": "Feature", "properties": { "id": 452, "pagina": 15, "classe": "Logradouros", "metodo": "EIXO_TRACO", "comp_m": 58.179361618047153, "id_layer": "p15_camadas_logradouros", "doc_fonte": "Resposta SECT_autos.pdf", "doc_pagina": 15, "doc_folha": 108, "doc_escala": "1:15.000", "doc_metodo": "Reconstituição Vetorial Afim", "doc_rms_m": 0.68 }, "geometry": { "type": "LineString", "coordinates": [ [ 178119.557603271183325, 9658572.024275643751025 ], [ 178123.473030100605683, 9658563.214565385133028 ], [ 178123.473030080058379, 9658560.277995299547911 ], [ 178129.346170307107968, 9658544.616288173943758 ], [ 178130.325026988808531, 9658538.743148000910878 ], [ 178136.198167243215721, 9658526.996867656707764 ], [ 178142.071307524980512, 9658519.166014093905687 ] ] } },
{ "type": "Feature", "properties": { "id": 453, "pagina": 15, "classe": "Logradouros", "metodo": "EIXO_TRACO", "comp_m": 212.2822932257844, "id_layer": "p15_camadas_logradouros", "doc_fonte": "Resposta SECT_autos.pdf", "doc_pagina": 15, "doc_folha": 108, "doc_escala": "1:15.000", "doc_metodo": "Reconstituição Vetorial Afim", "doc_rms_m": 0.68 }, "geometry": { "type": "LineString", "coordinates": [ [ 172825.900440263474593, 9657664.624119034036994 ], [ 172831.773580634209793, 9657669.518402511253953 ], [ 172856.244998942653183, 9657703.778386848047376 ], [ 172875.822133562032832, 9657727.27094753831625 ], [ 172879.7375605009438, 9657734.122944405302405 ], [ 172890.504984540253645, 9657746.848081445321441 ], [ 172913.997546119062463, 9657780.129209088161588 ], [ 172946.299818264320493, 9657822.220046989619732 ], [ 172953.151815405726666, 9657833.966327333822846 ] ] } },
{ "type": "Feature", "properties": { "id": 454, "pagina": 15, "classe": "Logradouros", "metodo": "EIXO_TRACO", "comp_m": 18.718780188071747, "id_layer": "p15_camadas_logradouros", "doc_fonte": "Resposta SECT_autos.pdf", "doc_pagina": 15, "doc_folha": 108, "doc_escala": "1:15.000", "doc_metodo": "Reconstituição Vetorial Afim", "doc_rms_m": 0.68 }, "geometry": { "type": "LineString", "coordinates": [ [ 173401.468196125177201, 9658076.722787786275148 ], [ 173392.658485538267996, 9658064.976507442072034 ], [ 173391.679628788115224, 9658061.061080660670996 ] ] } },
{ "type": "Feature", "properties": { "id": 455, "pagina": 15, "classe": "Logradouros", "metodo": "EIXO_TRACO", "comp_m": 122.62928872493185, "id_layer": "p15_camadas_logradouros", "doc_fonte": "Resposta SECT_autos.pdf", "doc_pagina": 15, "doc_folha": 108, "doc_escala": "1:15.000", "doc_metodo": "Reconstituição Vetorial Afim", "doc_rms_m": 0.68 }, "geometry": { "type": "LineString", "coordinates": [ [ 178216.464416216447717, 9658199.079874705523252 ], [ 178216.464416189061012, 9658195.164447924122214 ], [ 178210.591275729355402, 9658177.54502740688622 ], [ 178185.14100066391984, 9658138.390759591013193 ], [ 178178.289003515674267, 9658125.665622550994158 ], [ 178159.690725584834581, 9658097.27877838537097 ], [ 178159.690725571155781, 9658095.321064995601773 ], [ 178156.754155396047281, 9658094.342208299785852 ] ] } },
{ "type": "Feature", "properties": { "id": 456, "pagina": 15, "classe": "Logradouros", "metodo": "EIXO_TRACO", "comp_m": 221.0819240987455, "id_layer": "p15_camadas_logradouros", "doc_fonte": "Resposta SECT_autos.pdf", "doc_pagina": 15, "doc_folha": 108, "doc_escala": "1:15.000", "doc_metodo": "Reconstituição Vetorial Afim", "doc_rms_m": 0.68 }, "geometry": { "type": "LineString", "coordinates": [ [ 178216.464416216447717, 9658199.079874705523252 ], [ 178213.527846048178617, 9658199.079874705523252 ], [ 178210.591275900427718, 9658202.01644479110837 ], [ 178180.24671796039911, 9658268.578700076788664 ], [ 178134.24045246312744, 9658336.119812058284879 ], [ 178121.515315149415983, 9658347.866092402487993 ], [ 178095.086183765059104, 9658366.464369615539908 ], [ 178092.149613610468805, 9658368.422083005309105 ], [ 178086.276473280770006, 9658369.400939701125026 ] ] } },
{ "type": "Feature", "properties": { "id": 457, "pagina": 15, "classe": "Logradouros", "metodo": "EIXO_TRACO", "comp_m": 261.81986238713552, "id_layer": "p15_camadas_logradouros", "doc_fonte": "Resposta SECT_autos.pdf", "doc_pagina": 15, "doc_folha": 108, "doc_escala": "1:15.000", "doc_metodo": "Reconstituição Vetorial Afim", "doc_rms_m": 0.68 }, "geometry": { "type": "LineString", "coordinates": [ [ 173214.506569593504537, 9659151.507439311593771 ], [ 173227.231707085156813, 9659165.211433047428727 ], [ 173287.920824258733774, 9659217.090837901458144 ], [ 173393.63735107606044, 9659325.743931088596582 ], [ 173398.531634730898077, 9659331.617071261629462 ], [ 173399.510491481021745, 9659335.5324980430305 ] ] } },
{ "type": "Feature", "properties": { "id": 458, "pagina": 15, "classe": "Logradouros", "metodo": "EIXO_TRACO", "comp_m": 18.164039686666804, "id_layer": "p15_camadas_logradouros", "doc_fonte": "Resposta SECT_autos.pdf", "doc_pagina": 15, "doc_folha": 108, "doc_escala": "1:15.000", "doc_metodo": "Reconstituição Vetorial Afim", "doc_rms_m": 0.68 }, "geometry": { "type": "LineString", "coordinates": [ [ 178515.994576959114056, 9658711.021926386281848 ], [ 178513.058006825071061, 9658715.916209863498807 ], [ 178506.206009799992898, 9658720.810493340715766 ], [ 178505.227153104613535, 9658724.725920122116804 ] ] } },
{ "type": "Feature", "properties": { "id": 459, "pagina": 15, "classe": "Logradouros", "metodo": "EIXO_TRACO", "comp_m": 4.894283477216959, "id_layer": "p15_camadas_logradouros", "doc_fonte": "Resposta SECT_autos.pdf", "doc_pagina": 15, "doc_folha": 108, "doc_escala": "1:15.000", "doc_metodo": "Reconstituição Vetorial Afim", "doc_rms_m": 0.68 }, "geometry": { "type": "LineString", "coordinates": [ [ 173196.887136114179157, 9657368.030540334060788 ], [ 173196.887136079953052, 9657363.136256856843829 ] ] } },
{ "type": "Feature", "properties": { "id": 460, "pagina": 15, "classe": "Logradouros", "metodo": "EIXO_TRACO", "comp_m": 126.71612700840996, "id_layer": "p15_camadas_logradouros", "doc_fonte": "Resposta SECT_autos.pdf", "doc_pagina": 15, "doc_folha": 108, "doc_escala": "1:15.000", "doc_metodo": "Reconstituição Vetorial Afim", "doc_rms_m": 0.68 }, "geometry": { "type": "LineString", "coordinates": [ [ 173196.887136114179157, 9657368.030540334060788 ], [ 173199.823706289287657, 9657369.009397029876709 ], [ 173283.026528305286774, 9657452.212216136977077 ], [ 173288.899668648664374, 9657453.191072830930352 ] ] } },
{ "type": "Feature", "properties": { "id": 461, "pagina": 15, "classe": "Logradouros", "metodo": "EIXO_TRACO", "comp_m": 54.718836211584737, "id_layer": "p15_camadas_logradouros", "doc_fonte": "Resposta SECT_autos.pdf", "doc_pagina": 15, "doc_folha": 108, "doc_escala": "1:15.000", "doc_metodo": "Reconstituição Vetorial Afim", "doc_rms_m": 0.68 }, "geometry": { "type": "LineString", "coordinates": [ [ 178229.189550258714007, 9657719.440093969926238 ], [ 178229.189550292940112, 9657724.334377447143197 ], [ 178237.020404184499057, 9657739.99608457274735 ], [ 178251.70325517639867, 9657761.530931871384382 ], [ 178253.660968656127807, 9657766.425215348601341 ], [ 178254.639825378893875, 9657766.425215348601341 ] ] } },
{ "type": "Feature", "properties": { "id": 462, "pagina": 15, "classe": "Logradouros", "metodo": "EIXO_TRACO", "comp_m": 121.72961007822433, "id_layer": "p15_camadas_logradouros", "doc_fonte": "Resposta SECT_autos.pdf", "doc_pagina": 15, "doc_folha": 108, "doc_escala": "1:15.000", "doc_metodo": "Reconstituição Vetorial Afim", "doc_rms_m": 0.68 }, "geometry": { "type": "LineString", "coordinates": [ [ 178229.189550258714007, 9657719.440093969926238 ], [ 178227.231836813210975, 9657719.440093969926238 ], [ 178225.274123354000039, 9657717.482380578294396 ], [ 178225.274123340321239, 9657715.5246671885252 ], [ 178206.675845361576648, 9657680.285826154053211 ], [ 178187.098710701131495, 9657650.920125294476748 ], [ 178182.204427032615058, 9657643.089271729812026 ], [ 178182.204427018936258, 9657641.13155834004283 ], [ 178164.585005879285745, 9657622.533281126990914 ], [ 178163.606149136001477, 9657619.596711041405797 ] ] } },
{ "type": "Feature", "properties": { "id": 463, "pagina": 15, "classe": "Logradouros", "metodo": "EIXO_TRACO", "comp_m": 70.153872450683252, "id_layer": "p15_camadas_logradouros", "doc_fonte": "Resposta SECT_autos.pdf", "doc_pagina": 15, "doc_folha": 108, "doc_escala": "1:15.000", "doc_metodo": "Reconstituição Vetorial Afim", "doc_rms_m": 0.68 }, "geometry": { "type": "LineString", "coordinates": [ [ 175311.217654529114952, 9656976.487862180918455 ], [ 175317.090794865653152, 9656976.487862180918455 ], [ 175367.012487637228332, 9656963.76272514089942 ], [ 175379.737625026202295, 9656962.783868445083499 ] ] } },
{ "type": "Feature", "properties": { "id": 464, "pagina": 15, "classe": "Logradouros", "metodo": "EIXO_TRACO", "comp_m": 7.4547506899593232, "id_layer": "p15_camadas_logradouros", "doc_fonte": "Resposta SECT_autos.pdf", "doc_pagina": 15, "doc_folha": 108, "doc_escala": "1:15.000", "doc_metodo": "Reconstituição Vetorial Afim", "doc_rms_m": 0.68 }, "geometry": { "type": "LineString", "coordinates": [ [ 175311.217654529114952, 9656976.487862180918455 ], [ 175304.365657449292485, 9656973.551292095333338 ] ] } },
{ "type": "Feature", "properties": { "id": 465, "pagina": 15, "classe": "Logradouros", "metodo": "EIXO_TRACO", "comp_m": 62.639867947702854, "id_layer": "p15_camadas_logradouros", "doc_fonte": "Resposta SECT_autos.pdf", "doc_pagina": 15, "doc_folha": 108, "doc_escala": "1:15.000", "doc_metodo": "Reconstituição Vetorial Afim", "doc_rms_m": 0.68 }, "geometry": { "type": "LineString", "coordinates": [ [ 177946.299963172292337, 9658547.552858259528875 ], [ 177945.321106442715973, 9658546.574001563712955 ], [ 177946.299963090161327, 9658535.806577915325761 ], [ 177951.194246532861143, 9658511.335160531103611 ], [ 177953.151959855167661, 9658493.715740013867617 ], [ 177954.130816543707624, 9658488.821456536650658 ], [ 177956.088529975531856, 9658486.863743146881461 ] ] } },
{ "type": "Feature", "properties": { "id": 466, "pagina": 15, "classe": "Logradouros", "metodo": "EIXO_TRACO", "comp_m": 66.577443368954235, "id_layer": "p15_camadas_logradouros", "doc_fonte": "Resposta SECT_autos.pdf", "doc_pagina": 15, "doc_folha": 108, "doc_escala": "1:15.000", "doc_metodo": "Reconstituição Vetorial Afim", "doc_rms_m": 0.68 }, "geometry": { "type": "LineString", "coordinates": [ [ 173419.087626394699328, 9659401.115896632894874 ], [ 173383.848784656089265, 9659441.249021142721176 ], [ 173374.060217490128707, 9659450.058731401339173 ] ] } },
{ "type": "Feature", "properties": { "id": 467, "pagina": 15, "classe": "Logradouros", "metodo": "EIXO_TRACO", "comp_m": 165.889569534141, "id_layer": "p15_camadas_logradouros", "doc_fonte": "Resposta SECT_autos.pdf", "doc_pagina": 15, "doc_folha": 108, "doc_escala": "1:15.000", "doc_metodo": "Reconstituição Vetorial Afim", "doc_rms_m": 0.68 }, "geometry": { "type": "LineString", "coordinates": [ [ 174211.961572757660178, 9659534.240407204255462 ], [ 174207.067289143888047, 9659534.240407204255462 ], [ 174195.321008436585544, 9659529.346123727038503 ], [ 174090.583338752679992, 9659479.424432262778282 ], [ 174088.625625307176961, 9659479.424432262778282 ], [ 174071.985060958715621, 9659470.614722004160285 ], [ 174061.21763698104769, 9659466.699295222759247 ] ] } },
{ "type": "Feature", "properties": { "id": 468, "pagina": 15, "classe": "Logradouros", "metodo": "EIXO_TRACO", "comp_m": 1.957713389769197, "id_layer": "p15_camadas_logradouros", "doc_fonte": "Resposta SECT_autos.pdf", "doc_pagina": 15, "doc_folha": 108, "doc_escala": "1:15.000", "doc_metodo": "Reconstituição Vetorial Afim", "doc_rms_m": 0.68 }, "geometry": { "type": "LineString", "coordinates": [ [ 173011.883222898002714, 9658424.216914646327496 ], [ 173011.883222911681514, 9658426.174628036096692 ] ] } },
{ "type": "Feature", "properties": { "id": 469, "pagina": 15, "classe": "Logradouros", "metodo": "EIXO_TRACO", "comp_m": 255.91841252773571, "id_layer": "p15_camadas_logradouros", "doc_fonte": "Resposta SECT_autos.pdf", "doc_pagina": 15, "doc_folha": 108, "doc_escala": "1:15.000", "doc_metodo": "Reconstituição Vetorial Afim", "doc_rms_m": 0.68 }, "geometry": { "type": "LineString", "coordinates": [ [ 173011.883222898002714, 9658424.216914646327496 ], [ 173009.925509445631178, 9658423.238057950511575 ], [ 172904.208982395619387, 9658281.30383712053299 ], [ 172857.223859279038152, 9658220.614722007885575 ] ] } },
{ "type": "Feature", "properties": { "id": 470, "pagina": 15, "classe": "Logradouros", "metodo": "EIXO_TRACO", "comp_m": 109.59901649474689, "id_layer": "p15_camadas_logradouros", "doc_fonte": "Resposta SECT_autos.pdf", "doc_pagina": 15, "doc_folha": 108, "doc_escala": "1:15.000", "doc_metodo": "Reconstituição Vetorial Afim", "doc_rms_m": 0.68 }, "geometry": { "type": "LineString", "coordinates": [ [ 178056.910772898467258, 9658555.383711822330952 ], [ 178051.037632726191077, 9658578.876272510737181 ], [ 178046.143349297199165, 9658605.305403286591172 ], [ 178042.227922440390103, 9658610.199686763808131 ], [ 178032.439355212816736, 9658610.199686763808131 ], [ 178025.587358139833668, 9658608.24197337217629 ], [ 178023.629644694330636, 9658608.24197337217629 ], [ 178021.671931262506405, 9658610.199686763808131 ], [ 178017.756504583638161, 9658640.544244321063161 ] ] } },
{ "type": "Feature", "properties": { "id": 471, "pagina": 15, "classe": "Logradouros", "metodo": "EIXO_TRACO", "comp_m": 11.647900502531094, "id_layer": "p15_camadas_logradouros", "doc_fonte": "Resposta SECT_autos.pdf", "doc_pagina": 15, "doc_folha": 108, "doc_escala": "1:15.000", "doc_metodo": "Reconstituição Vetorial Afim", "doc_rms_m": 0.68 }, "geometry": { "type": "LineString", "coordinates": [ [ 174415.563762967067305, 9658372.337509790435433 ], [ 174415.563762953388505, 9658370.379796398803592 ], [ 174417.521476385212736, 9658368.422083009034395 ], [ 174424.373473437648499, 9658367.443226313218474 ] ] } },
{ "type": "Feature", "properties": { "id": 472, "pagina": 15, "classe": "Logradouros", "metodo": "EIXO_TRACO", "comp_m": 4.1529373148891366, "id_layer": "p15_camadas_logradouros", "doc_fonte": "Resposta SECT_autos.pdf", "doc_pagina": 15, "doc_folha": 108, "doc_escala": "1:15.000", "doc_metodo": "Reconstituição Vetorial Afim", "doc_rms_m": 0.68 }, "geometry": { "type": "LineString", "coordinates": [ [ 174415.563762967067305, 9658372.337509790435433 ], [ 174418.500333155883709, 9658375.274079876020551 ] ] } },
{ "type": "Feature", "properties": { "id": 473, "pagina": 15, "classe": "Logradouros", "metodo": "EIXO_TRACO", "comp_m": 23.885217170457398, "id_layer": "p15_camadas_logradouros", "doc_fonte": "Resposta SECT_autos.pdf", "doc_pagina": 15, "doc_folha": 108, "doc_escala": "1:15.000", "doc_metodo": "Reconstituição Vetorial Afim", "doc_rms_m": 0.68 }, "geometry": { "type": "LineString", "coordinates": [ [ 175104.678892289870419, 9657872.141738452017307 ], [ 175106.636605755920755, 9657875.078308537602425 ], [ 175121.319456645171158, 9657881.93030540458858 ], [ 175124.256026833958458, 9657884.866875492036343 ] ] } },
{ "type": "Feature", "properties": { "id": 474, "pagina": 15, "classe": "Logradouros", "metodo": "EIXO_TRACO", "comp_m": 1.9577133916318421, "id_layer": "p15_camadas_logradouros", "doc_fonte": "Resposta SECT_autos.pdf", "doc_pagina": 15, "doc_folha": 108, "doc_escala": "1:15.000", "doc_metodo": "Reconstituição Vetorial Afim", "doc_rms_m": 0.68 }, "geometry": { "type": "LineString", "coordinates": [ [ 173054.952916221722262, 9658069.870790919288993 ], [ 173054.952916235401062, 9658071.828504310920835 ] ] } },
{ "type": "Feature", "properties": { "id": 475, "pagina": 15, "classe": "Logradouros", "metodo": "EIXO_TRACO", "comp_m": 248.67708127183124, "id_layer": "p15_camadas_logradouros", "doc_fonte": "Resposta SECT_autos.pdf", "doc_pagina": 15, "doc_folha": 108, "doc_escala": "1:15.000", "doc_metodo": "Reconstituição Vetorial Afim", "doc_rms_m": 0.68 }, "geometry": { "type": "LineString", "coordinates": [ [ 173054.952916221722262, 9658069.870790919288993 ], [ 173052.99520276937983, 9658068.891934223473072 ], [ 173052.995202755671926, 9658066.934220833703876 ], [ 172943.363248787267366, 9657921.084573222324252 ], [ 172908.12440645325114, 9657876.057165235280991 ], [ 172904.208979541697772, 9657873.120595149695873 ] ] } },
{ "type": "Feature", "properties": { "id": 476, "pagina": 15, "classe": "Logradouros", "metodo": "EIXO_TRACO", "comp_m": 59.517385821389681, "id_layer": "p15_camadas_logradouros", "doc_fonte": "Resposta SECT_autos.pdf", "doc_pagina": 15, "doc_folha": 108, "doc_escala": "1:15.000", "doc_metodo": "Reconstituição Vetorial Afim", "doc_rms_m": 0.68 }, "geometry": { "type": "LineString", "coordinates": [ [ 173054.952916221722262, 9658069.870790919288993 ], [ 173102.916895390371792, 9658034.631949886679649 ] ] } },
{ "type": "Feature", "properties": { "id": 477, "pagina": 15, "classe": "Logradouros", "metodo": "EIXO_TRACO", "comp_m": 56.346460933074475, "id_layer": "p15_camadas_logradouros", "doc_fonte": "Resposta SECT_autos.pdf", "doc_pagina": 15, "doc_folha": 108, "doc_escala": "1:15.000", "doc_metodo": "Reconstituição Vetorial Afim", "doc_rms_m": 0.68 }, "geometry": { "type": "LineString", "coordinates": [ [ 175278.915388050692854, 9657744.890368051826954 ], [ 175274.999961187044391, 9657748.805794833227992 ], [ 175253.465113580721663, 9657790.896632734686136 ], [ 175250.528543426131364, 9657792.854346126317978 ] ] } },
{ "type": "Feature", "properties": { "id": 478, "pagina": 15, "classe": "Logradouros", "metodo": "EIXO_TRACO", "comp_m": 2.188790128579051, "id_layer": "p15_camadas_logradouros", "doc_fonte": "Resposta SECT_autos.pdf", "doc_pagina": 15, "doc_folha": 108, "doc_escala": "1:15.000", "doc_metodo": "Reconstituição Vetorial Afim", "doc_rms_m": 0.68 }, "geometry": { "type": "LineString", "coordinates": [ [ 175278.915388050692854, 9657744.890368051826954 ], [ 175277.936531314247986, 9657742.932654662057757 ] ] } },
{ "type": "Feature", "properties": { "id": 479, "pagina": 15, "classe": "Logradouros", "metodo": "EIXO_TRACO", "comp_m": 352.01357707203289, "id_layer": "p15_camadas_logradouros", "doc_fonte": "Resposta SECT_autos.pdf", "doc_pagina": 15, "doc_folha": 108, "doc_escala": "1:15.000", "doc_metodo": "Reconstituição Vetorial Afim", "doc_rms_m": 0.68 }, "geometry": { "type": "LineString", "coordinates": [ [ 175225.078263665753184, 9657082.204385282471776 ], [ 175218.226266626996221, 9657085.140955368056893 ], [ 175211.374269574560458, 9657086.119812063872814 ], [ 175199.62798892884166, 9657090.035238845273852 ], [ 175175.156570942082908, 9657101.781519189476967 ], [ 175129.150305184739409, 9657132.126076746731997 ], [ 175124.256021584646078, 9657134.083790136501193 ], [ 175070.418902065750444, 9657167.36491777934134 ], [ 175000.920075071771862, 9657213.371182462200522 ], [ 174990.152651183045236, 9657222.18089272081852 ], [ 174959.808093003463, 9657254.483163667842746 ], [ 174954.913809444435174, 9657262.314017230644822 ], [ 174947.082955771911656, 9657277.97572435811162 ], [ 174947.082955785590457, 9657279.933437747880816 ], [ 174944.146385637868661, 9657282.870007833465934 ] ] } },
{ "type": "Feature", "properties": { "id": 480, "pagina": 15, "classe": "Logradouros", "metodo": "EIXO_TRACO", "comp_m": 252.56727121685773, "id_layer": "p15_camadas_logradouros", "doc_fonte": "Resposta SECT_autos.pdf", "doc_pagina": 15, "doc_folha": 108, "doc_escala": "1:15.000", "doc_metodo": "Reconstituição Vetorial Afim", "doc_rms_m": 0.68 }, "geometry": { "type": "LineString", "coordinates": [ [ 175274.999972506979248, 9659367.834768988192081 ], [ 175271.08454560226528, 9659365.877055598422885 ], [ 175218.22628219021135, 9659311.061080656945705 ], [ 175154.600594834657386, 9659257.223962411284447 ], [ 175089.017193992534885, 9659197.513703992590308 ] ] } },
{ "type": "Feature", "properties": { "id": 481, "pagina": 15, "classe": "Logradouros", "metodo": "EIXO_TRACO", "comp_m": 51.820094961410256, "id_layer": "p15_camadas_logradouros", "doc_fonte": "Resposta SECT_autos.pdf", "doc_pagina": 15, "doc_folha": 108, "doc_escala": "1:15.000", "doc_metodo": "Reconstituição Vetorial Afim", "doc_rms_m": 0.68 }, "geometry": { "type": "LineString", "coordinates": [ [ 175274.999972506979248, 9659367.834768988192081 ], [ 175276.957685945642879, 9659366.855912292376161 ], [ 175276.957685931964079, 9659364.898198902606964 ], [ 175298.492533579352312, 9659328.680501172319055 ], [ 175302.407960443000775, 9659324.765074390918016 ] ] } },
{ "type": "Feature", "properties": { "id": 482, "pagina": 15, "classe": "Logradouros", "metodo": "EIXO_TRACO", "comp_m": 94.656877686775303, "id_layer": "p15_camadas_logradouros", "doc_fonte": "Resposta SECT_autos.pdf", "doc_pagina": 15, "doc_folha": 108, "doc_escala": "1:15.000", "doc_metodo": "Reconstituição Vetorial Afim", "doc_rms_m": 0.68 }, "geometry": { "type": "LineString", "coordinates": [ [ 178428.876331973704509, 9659188.703993732109666 ], [ 178427.897475086705526, 9659165.211433041840792 ], [ 178426.918618357100058, 9659164.232576347887516 ], [ 178426.918618179159239, 9659138.782302267849445 ], [ 178427.897474895056803, 9659137.803445572033525 ], [ 178427.897474778728792, 9659121.162881750613451 ], [ 178430.834044851188082, 9659107.458888014778495 ], [ 178432.79175826930441, 9659103.543461233377457 ], [ 178433.770614937326172, 9659095.71260767057538 ] ] } },
{ "type": "Feature", "properties": { "id": 483, "pagina": 15, "classe": "Logradouros", "metodo": "EIXO_TRACO", "comp_m": 48.700492864610951, "id_layer": "p15_camadas_logradouros", "doc_fonte": "Resposta SECT_autos.pdf", "doc_pagina": 15, "doc_folha": 108, "doc_escala": "1:15.000", "doc_metodo": "Reconstituição Vetorial Afim", "doc_rms_m": 0.68 }, "geometry": { "type": "LineString", "coordinates": [ [ 174862.901283083250746, 9658060.082223964855075 ], [ 174858.985856192215579, 9658060.082223964855075 ], [ 174821.78930061115534, 9658043.441660143435001 ], [ 174817.873873726959573, 9658044.420516837388277 ] ] } },
{ "type": "Feature", "properties": { "id": 484, "pagina": 15, "classe": "Logradouros", "metodo": "EIXO_TRACO", "comp_m": 45.818361676716542, "id_layer": "p15_camadas_logradouros", "doc_fonte": "Resposta SECT_autos.pdf", "doc_pagina": 15, "doc_folha": 108, "doc_escala": "1:15.000", "doc_metodo": "Reconstituição Vetorial Afim", "doc_rms_m": 0.68 }, "geometry": { "type": "LineString", "coordinates": [ [ 174934.357820969948079, 9657648.962411904707551 ], [ 174935.336677720071748, 9657652.877838687971234 ], [ 174939.25210465217242, 9657658.750978859141469 ], [ 174964.702379519090755, 9657669.518402509391308 ], [ 174967.638949687359855, 9657669.518402509391308 ], [ 174970.575519876176259, 9657672.454972594976425 ] ] } },
{ "type": "Feature", "properties": { "id": 485, "pagina": 15, "classe": "Logradouros", "metodo": "EIXO_TRACO", "comp_m": 35.465302123668998, "id_layer": "p15_camadas_logradouros", "doc_fonte": "Resposta SECT_autos.pdf", "doc_pagina": 15, "doc_folha": 108, "doc_escala": "1:15.000", "doc_metodo": "Reconstituição Vetorial Afim", "doc_rms_m": 0.68 }, "geometry": { "type": "LineString", "coordinates": [ [ 174934.357820969948079, 9657648.962411904707551 ], [ 174935.336677658488043, 9657644.068128429353237 ], [ 174944.146388033259427, 9657625.469851216301322 ], [ 174946.104101430857554, 9657618.617854349315166 ], [ 174948.061814862681786, 9657616.660140957683325 ] ] } },
{ "type": "Feature", "properties": { "id": 486, "pagina": 15, "classe": "Logradouros", "metodo": "EIXO_TRACO", "comp_m": 2.9365701682691001, "id_layer": "p15_camadas_logradouros", "doc_fonte": "Resposta SECT_autos.pdf", "doc_pagina": 15, "doc_folha": 108, "doc_escala": "1:15.000", "doc_metodo": "Reconstituição Vetorial Afim", "doc_rms_m": 0.68 }, "geometry": { "type": "LineString", "coordinates": [ [ 174934.357820969948079, 9657648.962411904707551 ], [ 174931.42125080167898, 9657648.962411904707551 ] ] } },
{ "type": "Feature", "properties": { "id": 487, "pagina": 15, "classe": "Logradouros", "metodo": "EIXO_TRACO", "comp_m": 8.6442364959097713, "id_layer": "p15_camadas_logradouros", "doc_fonte": "Resposta SECT_autos.pdf", "doc_pagina": 15, "doc_folha": 108, "doc_escala": "1:15.000", "doc_metodo": "Reconstituição Vetorial Afim", "doc_rms_m": 0.68 }, "geometry": { "type": "LineString", "coordinates": [ [ 174418.500333155883709, 9658375.274079876020551 ], [ 174415.56376302181161, 9658380.16836335323751 ], [ 174412.62719285354251, 9658380.16836335323751 ] ] } },
{ "type": "Feature", "properties": { "id": 488, "pagina": 15, "classe": "Logradouros", "metodo": "EIXO_TRACO", "comp_m": 11.101860121056822, "id_layer": "p15_camadas_logradouros", "doc_fonte": "Resposta SECT_autos.pdf", "doc_pagina": 15, "doc_folha": 108, "doc_escala": "1:15.000", "doc_metodo": "Reconstituição Vetorial Afim", "doc_rms_m": 0.68 }, "geometry": { "type": "LineString", "coordinates": [ [ 174418.500333155883709, 9658375.274079876020551 ], [ 174420.458046601386741, 9658375.274079876020551 ], [ 174423.394616749108536, 9658372.337509790435433 ], [ 174424.373473437648499, 9658367.443226313218474 ] ] } },
{ "type": "Feature", "properties": { "id": 489, "pagina": 15, "classe": "Logradouros", "metodo": "EIXO_TRACO", "comp_m": 59.823124378403669, "id_layer": "p15_camadas_logradouros", "doc_fonte": "Resposta SECT_autos.pdf", "doc_pagina": 15, "doc_folha": 108, "doc_escala": "1:15.000", "doc_metodo": "Reconstituição Vetorial Afim", "doc_rms_m": 0.68 }, "geometry": { "type": "LineString", "coordinates": [ [ 173285.963112387340516, 9659442.227877838537097 ], [ 173284.005398969224188, 9659446.143304619938135 ], [ 173249.745413891767384, 9659477.466718873009086 ], [ 173243.87227360313409, 9659484.318715739995241 ] ] } },
{ "type": "Feature", "properties": { "id": 490, "pagina": 15, "classe": "Logradouros", "metodo": "EIXO_TRACO", "comp_m": 1.9577134455321361, "id_layer": "p15_camadas_logradouros", "doc_fonte": "Resposta SECT_autos.pdf", "doc_pagina": 15, "doc_folha": 108, "doc_escala": "1:15.000", "doc_metodo": "Reconstituição Vetorial Afim", "doc_rms_m": 0.68 }, "geometry": { "type": "LineString", "coordinates": [ [ 173285.963112387340516, 9659442.227877838537097 ], [ 173287.920825832872652, 9659442.227877838537097 ] ] } },
{ "type": "Feature", "properties": { "id": 491, "pagina": 15, "classe": "Logradouros", "metodo": "EIXO_TRACO", "comp_m": 255.35048009828429, "id_layer": "p15_camadas_logradouros", "doc_fonte": "Resposta SECT_autos.pdf", "doc_pagina": 15, "doc_folha": 108, "doc_escala": "1:15.000", "doc_metodo": "Reconstituição Vetorial Afim", "doc_rms_m": 0.68 }, "geometry": { "type": "LineString", "coordinates": [ [ 173285.963112387340516, 9659442.227877838537097 ], [ 173280.089972002897412, 9659435.375880971550941 ], [ 173190.035152968688635, 9659358.046202035620809 ], [ 173179.267728963633999, 9659350.215348472818732 ], [ 173096.064907036634395, 9659279.7376664057374 ], [ 173091.170623409154359, 9659277.779953015968204 ] ] } },
{ "type": "Feature", "properties": { "id": 492, "pagina": 15, "classe": "Logradouros", "metodo": "EIXO_TRACO", "comp_m": 36.637774490662935, "id_layer": "p15_camadas_logradouros", "doc_fonte": "Resposta SECT_autos.pdf", "doc_pagina": 15, "doc_folha": 108, "doc_escala": "1:15.000", "doc_metodo": "Reconstituição Vetorial Afim", "doc_rms_m": 0.68 }, "geometry": { "type": "LineString", "coordinates": [ [ 174970.575519876176259, 9657672.454972594976425 ], [ 174981.34294384016539, 9657674.412685984745622 ], [ 175005.814361963799456, 9657682.243539547547698 ] ] } },
{ "type": "Feature", "properties": { "id": 493, "pagina": 15, "classe": "Logradouros", "metodo": "EIXO_TRACO", "comp_m": 30.426181827408609, "id_layer": "p15_camadas_logradouros", "doc_fonte": "Resposta SECT_autos.pdf", "doc_pagina": 15, "doc_folha": 108, "doc_escala": "1:15.000", "doc_metodo": "Reconstituição Vetorial Afim", "doc_rms_m": 0.68 }, "geometry": { "type": "LineString", "coordinates": [ [ 175151.664012764696963, 9657554.99216914921999 ], [ 175151.664012723660562, 9657549.11902897618711 ], [ 175160.473723084724043, 9657528.563038373365998 ], [ 175159.494866348279174, 9657526.605324983596802 ] ] } },
{ "type": "Feature", "properties": { "id": 494, "pagina": 15, "classe": "Logradouros", "metodo": "EIXO_TRACO", "comp_m": 43.274728004246711, "id_layer": "p15_camadas_logradouros", "doc_fonte": "Resposta SECT_autos.pdf", "doc_pagina": 15, "doc_folha": 108, "doc_escala": "1:15.000", "doc_metodo": "Reconstituição Vetorial Afim", "doc_rms_m": 0.68 }, "geometry": { "type": "LineString", "coordinates": [ [ 175151.664012764696963, 9657554.99216914921999 ], [ 175143.833158975816332, 9657554.013312453404069 ], [ 175140.896588793868432, 9657552.055599063634872 ], [ 175127.192594647902297, 9657548.140172282233834 ], [ 175117.404027392971329, 9657544.224745500832796 ], [ 175111.530887029075529, 9657540.309318719431758 ] ] } },
{ "type": "Feature", "properties": { "id": 495, "pagina": 15, "classe": "Logradouros", "metodo": "EIXO_TRACO", "comp_m": 19.590158137390805, "id_layer": "p15_camadas_logradouros", "doc_fonte": "Resposta SECT_autos.pdf", "doc_pagina": 15, "doc_folha": 108, "doc_escala": "1:15.000", "doc_metodo": "Reconstituição Vetorial Afim", "doc_rms_m": 0.68 }, "geometry": { "type": "LineString", "coordinates": [ [ 172805.344459912768798, 9659213.175411120057106 ], [ 172806.323316608148161, 9659209.259984338656068 ], [ 172815.133027051342651, 9659200.450274080038071 ], [ 172818.069597212772351, 9659199.471417386084795 ] ] } },
{ "type": "Feature", "properties": { "id": 496, "pagina": 15, "classe": "Logradouros", "metodo": "EIXO_TRACO", "comp_m": 206.70516004258909, "id_layer": "p15_camadas_logradouros", "doc_fonte": "Resposta SECT_autos.pdf", "doc_pagina": 15, "doc_folha": 108, "doc_escala": "1:15.000", "doc_metodo": "Reconstituição Vetorial Afim", "doc_rms_m": 0.68 }, "geometry": { "type": "LineString", "coordinates": [ [ 173106.832318270840915, 9657461.021926395595074 ], [ 173108.790031750570051, 9657465.916209870949388 ], [ 173117.59974234434776, 9657478.641346910968423 ], [ 173132.282593363604974, 9657504.091620991006494 ], [ 173160.669438617827836, 9657546.182458892464638 ], [ 173192.971710783574963, 9657591.209866879507899 ], [ 173219.400842530681984, 9657624.490994522348046 ], [ 173223.316269469622057, 9657631.342991391196847 ] ] } },
{ "type": "Feature", "properties": { "id": 497, "pagina": 15, "classe": "Logradouros", "metodo": "EIXO_TRACO", "comp_m": 2.9365701682691001, "id_layer": "p15_camadas_logradouros", "doc_fonte": "Resposta SECT_autos.pdf", "doc_pagina": 15, "doc_folha": 108, "doc_escala": "1:15.000", "doc_metodo": "Reconstituição Vetorial Afim", "doc_rms_m": 0.68 }, "geometry": { "type": "LineString", "coordinates": [ [ 173106.832318270840915, 9657461.021926395595074 ], [ 173103.895748102571815, 9657461.021926395595074 ] ] } },
{ "type": "Feature", "properties": { "id": 498, "pagina": 15, "classe": "Logradouros", "metodo": "EIXO_TRACO", "comp_m": 28.386844172874696, "id_layer": "p15_camadas_logradouros", "doc_fonte": "Resposta SECT_autos.pdf", "doc_pagina": 15, "doc_folha": 108, "doc_escala": "1:15.000", "doc_metodo": "Reconstituição Vetorial Afim", "doc_rms_m": 0.68 }, "geometry": { "type": "LineString", "coordinates": [ [ 175749.745470300054876, 9657545.203602194786072 ], [ 175749.745470272697276, 9657541.288175413385034 ], [ 175756.59746716771042, 9657517.795614724978805 ] ] } },
{ "type": "Feature", "properties": { "id": 499, "pagina": 15, "classe": "Logradouros", "metodo": "EIXO_TRACO", "comp_m": 6.8519970592751633, "id_layer": "p15_camadas_logradouros", "doc_fonte": "Resposta SECT_autos.pdf", "doc_pagina": 15, "doc_folha": 108, "doc_escala": "1:15.000", "doc_metodo": "Reconstituição Vetorial Afim", "doc_rms_m": 0.68 }, "geometry": { "type": "LineString", "coordinates": [ [ 175749.745470300054876, 9657545.203602194786072 ], [ 175742.893473240779713, 9657545.203602194786072 ] ] } },
{ "type": "Feature", "properties": { "id": 500, "pagina": 15, "classe": "Logradouros", "metodo": "EIXO_TRACO", "comp_m": 49.929895329873474, "id_layer": "p15_camadas_logradouros", "doc_fonte": "Resposta SECT_autos.pdf", "doc_pagina": 15, "doc_folha": 108, "doc_escala": "1:15.000", "doc_metodo": "Reconstituição Vetorial Afim", "doc_rms_m": 0.68 }, "geometry": { "type": "LineString", "coordinates": [ [ 175749.745470300054876, 9657545.203602194786072 ], [ 175788.899739354004851, 9657565.759592797607183 ], [ 175791.836309556500055, 9657570.653876274824142 ] ] } },
{ "type": "Feature", "properties": { "id": 501, "pagina": 15, "classe": "Logradouros", "metodo": "EIXO_TRACO", "comp_m": 136.21405370679938, "id_layer": "p15_camadas_logradouros", "doc_fonte": "Resposta SECT_autos.pdf", "doc_pagina": 15, "doc_folha": 108, "doc_escala": "1:15.000", "doc_metodo": "Reconstituição Vetorial Afim", "doc_rms_m": 0.68 }, "geometry": { "type": "LineString", "coordinates": [ [ 172805.344458530278644, 9659015.446358654648066 ], [ 172806.323315273562912, 9659018.382928740233183 ], [ 172897.356991126347566, 9659109.416601410135627 ], [ 172899.314704599237302, 9659113.332028191536665 ] ] } },
{ "type": "Feature", "properties": { "id": 502, "pagina": 15, "classe": "Logradouros", "metodo": "EIXO_TRACO", "comp_m": 217.54445193011668, "id_layer": "p15_camadas_logradouros", "doc_fonte": "Resposta SECT_autos.pdf", "doc_pagina": 15, "doc_folha": 108, "doc_escala": "1:15.000", "doc_metodo": "Reconstituição Vetorial Afim", "doc_rms_m": 0.68 }, "geometry": { "type": "LineString", "coordinates": [ [ 174506.597437676915433, 9658299.90211433172226 ], [ 174481.14716266625328, 9658268.578700080513954 ], [ 174460.591171358333668, 9658249.980422867462039 ], [ 174435.140896429802524, 9658230.403288960456848 ], [ 174402.838624441996217, 9658210.826155053451657 ], [ 174369.557495765620843, 9658196.14330462180078 ], [ 174338.234080562164309, 9658185.375880973413587 ], [ 174334.318653657450341, 9658183.418167581781745 ], [ 174331.382083454955136, 9658178.523884104564786 ] ] } },
{ "type": "Feature", "properties": { "id": 503, "pagina": 15, "classe": "Logradouros", "metodo": "EIXO_TRACO", "comp_m": 109.49390968557628, "id_layer": "p15_camadas_logradouros", "doc_fonte": "Resposta SECT_autos.pdf", "doc_pagina": 15, "doc_folha": 108, "doc_escala": "1:15.000", "doc_metodo": "Reconstituição Vetorial Afim", "doc_rms_m": 0.68 }, "geometry": { "type": "LineString", "coordinates": [ [ 175523.62956372986082, 9657028.367267034947872 ], [ 175574.530113367916783, 9657036.198120599612594 ], [ 175575.508970097493147, 9657037.176977293565869 ], [ 175581.382110434031347, 9657037.176977293565869 ], [ 175599.980388193769613, 9657041.092404074966908 ], [ 175605.853528530307813, 9657041.092404074966908 ], [ 175624.451806290046079, 9657045.007830856367946 ], [ 175631.303803349350346, 9657045.007830856367946 ] ] } },
{ "type": "Feature", "properties": { "id": 504, "pagina": 15, "classe": "Logradouros", "metodo": "EIXO_TRACO", "comp_m": 1.957713389769197, "id_layer": "p15_camadas_logradouros", "doc_fonte": "Resposta SECT_autos.pdf", "doc_pagina": 15, "doc_folha": 108, "doc_escala": "1:15.000", "doc_metodo": "Reconstituição Vetorial Afim", "doc_rms_m": 0.68 }, "geometry": { "type": "LineString", "coordinates": [ [ 175252.486268875974929, 9659509.768989818170667 ], [ 175252.486268889653729, 9659511.726703207939863 ] ] } },
{ "type": "Feature", "properties": { "id": 505, "pagina": 15, "classe": "Logradouros", "metodo": "EIXO_TRACO", "comp_m": 91.665516436097278, "id_layer": "p15_camadas_logradouros", "doc_fonte": "Resposta SECT_autos.pdf", "doc_pagina": 15, "doc_folha": 108, "doc_escala": "1:15.000", "doc_metodo": "Reconstituição Vetorial Afim", "doc_rms_m": 0.68 }, "geometry": { "type": "LineString", "coordinates": [ [ 175866.229406305239536, 9655542.462803453207016 ], [ 175865.250549555086764, 9655538.547376669943333 ], [ 175847.631128415465355, 9655519.949099458754063 ], [ 175826.09628032319597, 9655492.541111988946795 ], [ 175814.349999567988561, 9655480.794831642881036 ], [ 175810.434572608530289, 9655471.006264690309763 ] ] } },
{ "type": "Feature", "properties": { "id": 506, "pagina": 15, "classe": "Logradouros", "metodo": "EIXO_TRACO", "comp_m": 53.338687245015173, "id_layer": "p15_camadas_logradouros", "doc_fonte": "Resposta SECT_autos.pdf", "doc_pagina": 15, "doc_folha": 108, "doc_escala": "1:15.000", "doc_metodo": "Reconstituição Vetorial Afim", "doc_rms_m": 0.68 }, "geometry": { "type": "LineString", "coordinates": [ [ 174680.833933177636936, 9658135.454189509153366 ], [ 174680.833932979177916, 9658107.067345341667533 ], [ 174683.770503078994807, 9658097.27877838909626 ], [ 174686.707073213037802, 9658092.384494911879301 ], [ 174688.664786596957128, 9658083.574784653261304 ] ] } },
{ "type": "Feature", "properties": { "id": 507, "pagina": 15, "classe": "Logradouros", "metodo": "EIXO_TRACO", "comp_m": 23.311386103936481, "id_layer": "p15_camadas_logradouros", "doc_fonte": "Resposta SECT_autos.pdf", "doc_pagina": 15, "doc_folha": 108, "doc_escala": "1:15.000", "doc_metodo": "Reconstituição Vetorial Afim", "doc_rms_m": 0.68 }, "geometry": { "type": "LineString", "coordinates": [ [ 174680.833933177636936, 9658135.454189509153366 ], [ 174684.749360075511504, 9658136.433046203106642 ], [ 174696.495640837558312, 9658149.158183243125677 ], [ 174696.495640851237113, 9658151.115896634757519 ] ] } },
{ "type": "Feature", "properties": { "id": 508, "pagina": 15, "classe": "Logradouros", "metodo": "EIXO_TRACO", "comp_m": 15.527332089805025, "id_layer": "p15_camadas_logradouros", "doc_fonte": "Resposta SECT_autos.pdf", "doc_pagina": 15, "doc_folha": 108, "doc_escala": "1:15.000", "doc_metodo": "Reconstituição Vetorial Afim", "doc_rms_m": 0.68 }, "geometry": { "type": "LineString", "coordinates": [ [ 173636.393817635078449, 9659227.858261549845338 ], [ 173635.414960939699085, 9659231.773688333109021 ], [ 173631.499534076079726, 9659235.689115114510059 ], [ 173630.520677394379163, 9659241.562255285680294 ] ] } },
{ "type": "Feature", "properties": { "id": 509, "pagina": 15, "classe": "Logradouros", "metodo": "EIXO_TRACO", "comp_m": 1098.1958852929636, "id_layer": "p15_camadas_logradouros", "doc_fonte": "Resposta SECT_autos.pdf", "doc_pagina": 15, "doc_folha": 108, "doc_escala": "1:15.000", "doc_metodo": "Reconstituição Vetorial Afim", "doc_rms_m": 0.68 }, "geometry": { "type": "LineString", "coordinates": [ [ 173636.393817635078449, 9659227.858261549845338 ], [ 173642.266957957937848, 9659225.900548160076141 ], [ 173659.886378871713532, 9659212.196554424241185 ], [ 173664.780662471806863, 9659210.238841034471989 ], [ 173713.723498390609166, 9659178.915426781401038 ], [ 173718.617781990702497, 9659176.957713391631842 ], [ 173931.029689945833525, 9659050.685199687257409 ], [ 174012.274797606049106, 9659003.700078308582306 ], [ 174024.021078196994495, 9658991.953797964379191 ], [ 174035.767358740034979, 9658973.355520751327276 ], [ 174049.471352728578495, 9658954.757243540138006 ], [ 174139.526170202356298, 9658808.907595928758383 ], [ 174143.441597031778656, 9658800.097885670140386 ], [ 174233.496414402907249, 9658639.56538762897253 ], [ 174313.762664580688579, 9658483.927173063158989 ], [ 174322.572374982817564, 9658469.244322633370757 ], [ 174335.297512200719211, 9658443.794048553332686 ], [ 174341.170652475644602, 9658434.984338294714689 ], [ 174341.170652461965801, 9658433.026624903082848 ] ] } },
{ "type": "Feature", "properties": { "id": 510, "pagina": 15, "classe": "Logradouros", "metodo": "EIXO_TRACO", "comp_m": 65.529994139834258, "id_layer": "p15_camadas_logradouros", "doc_fonte": "Resposta SECT_autos.pdf", "doc_pagina": 15, "doc_folha": 108, "doc_escala": "1:15.000", "doc_metodo": "Reconstituição Vetorial Afim", "doc_rms_m": 0.68 }, "geometry": { "type": "LineString", "coordinates": [ [ 173243.87227360313409, 9659484.318715739995241 ], [ 173269.322548613796243, 9659515.642129991203547 ], [ 173278.132259214413352, 9659529.346123727038503 ], [ 173283.026542862411588, 9659534.240407204255462 ], [ 173284.98425630791462, 9659534.240407204255462 ] ] } },
{ "type": "Feature", "properties": { "id": 511, "pagina": 15, "classe": "Logradouros", "metodo": "EIXO_TRACO", "comp_m": 1.9577134455030321, "id_layer": "p15_camadas_logradouros", "doc_fonte": "Resposta SECT_autos.pdf", "doc_pagina": 15, "doc_folha": 108, "doc_escala": "1:15.000", "doc_metodo": "Reconstituição Vetorial Afim", "doc_rms_m": 0.68 }, "geometry": { "type": "LineString", "coordinates": [ [ 173243.87227360313409, 9659484.318715739995241 ], [ 173241.914560157631058, 9659484.318715739995241 ] ] } },
{ "type": "Feature", "properties": { "id": 512, "pagina": 15, "classe": "Logradouros", "metodo": "EIXO_TRACO", "comp_m": 85.752895926025985, "id_layer": "p15_camadas_logradouros", "doc_fonte": "Resposta SECT_autos.pdf", "doc_pagina": 15, "doc_folha": 108, "doc_escala": "1:15.000", "doc_metodo": "Reconstituição Vetorial Afim", "doc_rms_m": 0.68 }, "geometry": { "type": "LineString", "coordinates": [ [ 172805.344450310658431, 9657839.839467506855726 ], [ 172805.344450331205735, 9657842.776037592440844 ], [ 172807.302163804095471, 9657846.691464373841882 ], [ 172833.731295558041893, 9657880.95144871249795 ], [ 172851.350716738728806, 9657905.422866096720099 ], [ 172852.329573488852475, 9657909.338292878121138 ], [ 172853.308430211618543, 9657909.338292878121138 ] ] } },
{ "type": "Feature", "properties": { "id": 513, "pagina": 15, "classe": "Logradouros", "metodo": "EIXO_TRACO", "comp_m": 1.9577134455030321, "id_layer": "p15_camadas_logradouros", "doc_fonte": "Resposta SECT_autos.pdf", "doc_pagina": 15, "doc_folha": 108, "doc_escala": "1:15.000", "doc_metodo": "Reconstituição Vetorial Afim", "doc_rms_m": 0.68 }, "geometry": { "type": "LineString", "coordinates": [ [ 178006.010218538052868, 9657872.141738448292017 ], [ 178004.052505092549836, 9657872.141738448292017 ] ] } },
{ "type": "Feature", "properties": { "id": 514, "pagina": 15, "classe": "Logradouros", "metodo": "EIXO_TRACO", "comp_m": 29.623102800223716, "id_layer": "p15_camadas_logradouros", "doc_fonte": "Resposta SECT_autos.pdf", "doc_pagina": 15, "doc_folha": 108, "doc_escala": "1:15.000", "doc_metodo": "Reconstituição Vetorial Afim", "doc_rms_m": 0.68 }, "geometry": { "type": "LineString", "coordinates": [ [ 173374.060217490128707, 9659450.058731401339173 ], [ 173374.060217510646908, 9659452.995301486924291 ], [ 173376.017930983536644, 9659456.910728270187974 ], [ 173387.764211745583452, 9659469.635865308344364 ], [ 173388.743068502546521, 9659474.530148785561323 ] ] } },
{ "type": "Feature", "properties": { "id": 515, "pagina": 15, "classe": "Logradouros", "metodo": "EIXO_TRACO", "comp_m": 2.9365700855851169, "id_layer": "p15_camadas_logradouros", "doc_fonte": "Resposta SECT_autos.pdf", "doc_pagina": 15, "doc_folha": 108, "doc_escala": "1:15.000", "doc_metodo": "Reconstituição Vetorial Afim", "doc_rms_m": 0.68 }, "geometry": { "type": "LineString", "coordinates": [ [ 178254.639825399412075, 9657769.361785434186459 ], [ 178254.639825378893875, 9657766.425215348601341 ] ] } },
{ "type": "Feature", "properties": { "id": 516, "pagina": 15, "classe": "Logradouros", "metodo": "EIXO_TRACO", "comp_m": 196.65474647877434, "id_layer": "p15_camadas_logradouros", "doc_fonte": "Resposta SECT_autos.pdf", "doc_pagina": 15, "doc_folha": 108, "doc_escala": "1:15.000", "doc_metodo": "Reconstituição Vetorial Afim", "doc_rms_m": 0.68 }, "geometry": { "type": "LineString", "coordinates": [ [ 178254.639825399412075, 9657769.361785434186459 ], [ 178258.555252317804843, 9657773.277212215587497 ], [ 178278.132387005636701, 9657806.558339858427644 ], [ 178305.540375584998401, 9657855.501174626871943 ], [ 178318.265513165591983, 9657881.930305402725935 ], [ 178320.223226624802919, 9657883.888018792495131 ], [ 178342.736931624589488, 9657937.72513703815639 ], [ 178343.715788388421061, 9657943.59827721118927 ] ] } },
{ "type": "Feature", "properties": { "id": 517, "pagina": 15, "classe": "Logradouros", "metodo": "EIXO_TRACO", "comp_m": 159.48283495696035, "id_layer": "p15_camadas_logradouros", "doc_fonte": "Resposta SECT_autos.pdf", "doc_pagina": 15, "doc_folha": 108, "doc_escala": "1:15.000", "doc_metodo": "Reconstituição Vetorial Afim", "doc_rms_m": 0.68 }, "geometry": { "type": "LineString", "coordinates": [ [ 178505.227153104613535, 9658724.725920122116804 ], [ 178492.502015715639573, 9658725.704776817932725 ], [ 178491.523158986034105, 9658724.725920122116804 ], [ 178463.136313998751575, 9658720.810493340715766 ], [ 178434.749468977242941, 9658712.000783082097769 ], [ 178431.812898808973841, 9658712.000783082097769 ], [ 178424.960901729151374, 9658709.064212996512651 ], [ 178387.764346195966937, 9658699.275646042078733 ], [ 178380.912349116173573, 9658696.339075956493616 ], [ 178377.975778947904473, 9658696.339075956493616 ], [ 178359.377501167618902, 9658689.487079089507461 ], [ 178351.546647378738271, 9658688.50822239369154 ] ] } },
{ "type": "Feature", "properties": { "id": 518, "pagina": 15, "classe": "Logradouros", "metodo": "EIXO_TRACO", "comp_m": 39.043539658134243, "id_layer": "p15_camadas_logradouros", "doc_fonte": "Resposta SECT_autos.pdf", "doc_pagina": 15, "doc_folha": 108, "doc_escala": "1:15.000", "doc_metodo": "Reconstituição Vetorial Afim", "doc_rms_m": 0.68 }, "geometry": { "type": "LineString", "coordinates": [ [ 175791.836309556500055, 9657570.653876274824142 ], [ 175802.60373352051829, 9657572.611589664593339 ], [ 175823.159724773664493, 9657583.379013314843178 ], [ 175828.054008387436625, 9657583.379013314843178 ] ] } },
{ "type": "Feature", "properties": { "id": 519, "pagina": 15, "classe": "Logradouros", "metodo": "EIXO_TRACO", "comp_m": 601.96576684131571, "id_layer": "p15_camadas_logradouros", "doc_fonte": "Resposta SECT_autos.pdf", "doc_pagina": 15, "doc_folha": 108, "doc_escala": "1:15.000", "doc_metodo": "Reconstituição Vetorial Afim", "doc_rms_m": 0.68 }, "geometry": { "type": "LineString", "coordinates": [ [ 174944.146385637868661, 9657282.870007833465934 ], [ 174942.188672274467535, 9657294.616288179531693 ], [ 174938.273245458723977, 9657305.383711827918887 ], [ 174935.336675393133191, 9657320.066562259569764 ], [ 174935.336675441038096, 9657326.91855912655592 ], [ 174934.357818725111429, 9657327.89741582237184 ], [ 174933.378962214541389, 9657358.241973377764225 ], [ 174932.400105498614721, 9657359.220830073580146 ], [ 174931.421248933271272, 9657381.734534068033099 ], [ 174930.442392217373708, 9657382.713390761986375 ], [ 174930.442392278957414, 9657391.523101020604372 ], [ 174929.463535563030746, 9657392.501957716420293 ], [ 174929.463535747840069, 9657418.931088492274284 ], [ 174928.484679031913402, 9657419.909945188090205 ], [ 174927.505822569248267, 9657457.10649961233139 ], [ 174926.526965853321599, 9657458.085356306284666 ], [ 174925.548109719151398, 9657542.267032109200954 ], [ 174924.56925300322473, 9657543.245888805016875 ], [ 174923.590396417363081, 9657562.823022712022066 ], [ 174922.611539701436413, 9657563.801879407837987 ], [ 174919.674969724816037, 9657591.209866877645254 ], [ 174918.69611300888937, 9657592.188723573461175 ], [ 174918.696113063662779, 9657600.019577136263251 ], [ 174913.801829620962963, 9657624.490994520485401 ], [ 174907.928689441847382, 9657647.004698514938354 ], [ 174905.970976016862551, 9657649.941268600523472 ], [ 174905.970976037409855, 9657652.877838687971234 ], [ 174901.076692512608133, 9657665.602975726127625 ], [ 174901.076692533126334, 9657668.539545813575387 ], [ 174895.203552285558544, 9657681.264682853594422 ], [ 174888.351555369998096, 9657701.820673456415534 ], [ 174820.810442567511927, 9657854.522317934781313 ], [ 174820.810442608577432, 9657860.395458107814193 ] ] } },
{ "type": "Feature", "properties": { "id": 520, "pagina": 15, "classe": "Logradouros", "metodo": "EIXO_TRACO", "comp_m": 43.96080866740315, "id_layer": "p15_camadas_logradouros", "doc_fonte": "Resposta SECT_autos.pdf", "doc_pagina": 15, "doc_folha": 108, "doc_escala": "1:15.000", "doc_metodo": "Reconstituição Vetorial Afim", "doc_rms_m": 0.68 }, "geometry": { "type": "LineString", "coordinates": [ [ 174842.345291439967696, 9657993.519968679174781 ], [ 174843.324148114828859, 9657986.66797181032598 ], [ 174850.176145078294212, 9657972.963978076353669 ], [ 174850.176145064615412, 9657971.006264684721828 ], [ 174856.049285325862002, 9657960.238841036334634 ], [ 174856.049285312183201, 9657958.281127644702792 ], [ 174859.964712175831664, 9657954.365700863301754 ] ] } },
{ "type": "Feature", "properties": { "id": 521, "pagina": 15, "classe": "Logradouros", "metodo": "EIXO_TRACO", "comp_m": 41.545543697111526, "id_layer": "p15_camadas_logradouros", "doc_fonte": "Resposta SECT_autos.pdf", "doc_pagina": 15, "doc_folha": 108, "doc_escala": "1:15.000", "doc_metodo": "Reconstituição Vetorial Afim", "doc_rms_m": 0.68 }, "geometry": { "type": "LineString", "coordinates": [ [ 174842.345291439967696, 9657993.519968679174781 ], [ 174848.218431783345295, 9657994.498825373128057 ], [ 174859.964712497487199, 9658000.371965546160936 ], [ 174873.668706650292734, 9658005.266249023377895 ], [ 174877.584133555006701, 9658007.223962413147092 ], [ 174879.541847021057038, 9658010.160532500594854 ] ] } },
{ "type": "Feature", "properties": { "id": 522, "pagina": 15, "classe": "Logradouros", "metodo": "EIXO_TRACO", "comp_m": 8.8639243681274316, "id_layer": "p15_camadas_logradouros", "doc_fonte": "Resposta SECT_autos.pdf", "doc_pagina": 15, "doc_folha": 108, "doc_escala": "1:15.000", "doc_metodo": "Reconstituição Vetorial Afim", "doc_rms_m": 0.68 }, "geometry": { "type": "LineString", "coordinates": [ [ 172843.519873236335116, 9659375.665622552856803 ], [ 172844.498729897488374, 9659366.855912294238806 ] ] } },
{ "type": "Feature", "properties": { "id": 523, "pagina": 15, "classe": "Logradouros", "metodo": "EIXO_TRACO", "comp_m": 255.94494478541171, "id_layer": "p15_camadas_logradouros", "doc_fonte": "Resposta SECT_autos.pdf", "doc_pagina": 15, "doc_folha": 108, "doc_escala": "1:15.000", "doc_metodo": "Reconstituição Vetorial Afim", "doc_rms_m": 0.68 }, "geometry": { "type": "LineString", "coordinates": [ [ 172843.519873236335116, 9659375.665622552856803 ], [ 172850.371870322996983, 9659379.581049334257841 ], [ 172897.356993295892607, 9659419.714173845946789 ], [ 173025.587224716029596, 9659525.430696945637465 ], [ 173037.333505443879403, 9659533.261550508439541 ], [ 173043.206645787257003, 9659534.240407204255462 ] ] } },
{ "type": "Feature", "properties": { "id": 524, "pagina": 15, "classe": "Logradouros", "metodo": "EIXO_TRACO", "comp_m": 11.681044797060849, "id_layer": "p15_camadas_logradouros", "doc_fonte": "Resposta SECT_autos.pdf", "doc_pagina": 15, "doc_folha": 108, "doc_escala": "1:15.000", "doc_metodo": "Reconstituição Vetorial Afim", "doc_rms_m": 0.68 }, "geometry": { "type": "LineString", "coordinates": [ [ 172805.344459283107426, 9659123.120595145970583 ], [ 172806.323315978486789, 9659119.205168364569545 ], [ 172811.21759955122252, 9659113.332028191536665 ] ] } },
{ "type": "Feature", "properties": { "id": 525, "pagina": 15, "classe": "Logradouros", "metodo": "EIXO_TRACO", "comp_m": 34.490803079665035, "id_layer": "p15_camadas_logradouros", "doc_fonte": "Resposta SECT_autos.pdf", "doc_pagina": 15, "doc_folha": 108, "doc_escala": "1:15.000", "doc_metodo": "Reconstituição Vetorial Afim", "doc_rms_m": 0.68 }, "geometry": { "type": "LineString", "coordinates": [ [ 175227.035994255420519, 9659534.240407202392817 ], [ 175230.951421139616286, 9659533.261550506576896 ], [ 175252.486268889653729, 9659511.726703207939863 ] ] } },
{ "type": "Feature", "properties": { "id": 526, "pagina": 15, "classe": "Logradouros", "metodo": "EIXO_TRACO", "comp_m": 3.9154268910060641, "id_layer": "p15_camadas_logradouros", "doc_fonte": "Resposta SECT_autos.pdf", "doc_pagina": 15, "doc_folha": 108, "doc_escala": "1:15.000", "doc_metodo": "Reconstituição Vetorial Afim", "doc_rms_m": 0.68 }, "geometry": { "type": "LineString", "coordinates": [ [ 173071.593474677501945, 9657235.884886458516121 ], [ 173067.678047786495881, 9657235.884886458516121 ] ] } },
{ "type": "Feature", "properties": { "id": 527, "pagina": 15, "classe": "Logradouros", "metodo": "EIXO_TRACO", "comp_m": 179.3692177007155, "id_layer": "p15_camadas_logradouros", "doc_fonte": "Resposta SECT_autos.pdf", "doc_pagina": 15, "doc_folha": 108, "doc_escala": "1:15.000", "doc_metodo": "Reconstituição Vetorial Afim", "doc_rms_m": 0.68 }, "geometry": { "type": "LineString", "coordinates": [ [ 173071.593474677501945, 9657235.884886458516121 ], [ 173073.551188157231081, 9657240.779169933870435 ], [ 173105.853460227197502, 9657272.102584186941385 ], [ 173124.451738103263779, 9657292.658574789762497 ], [ 173193.950565904844552, 9657362.157400161027908 ], [ 173196.887136079953052, 9657363.136256856843829 ] ] } },
{ "type": "Feature", "properties": { "id": 528, "pagina": 15, "classe": "Logradouros", "metodo": "EIXO_TRACO", "comp_m": 28.45427222258634, "id_layer": "p15_camadas_logradouros", "doc_fonte": "Resposta SECT_autos.pdf", "doc_pagina": 15, "doc_folha": 108, "doc_escala": "1:15.000", "doc_metodo": "Reconstituição Vetorial Afim", "doc_rms_m": 0.68 }, "geometry": { "type": "LineString", "coordinates": [ [ 178141.092451698787045, 9658647.396241188049316 ], [ 178112.70560675257002, 9658649.353954577818513 ] ] } },
{ "type": "Feature", "properties": { "id": 529, "pagina": 15, "classe": "Logradouros", "metodo": "EIXO_TRACO", "comp_m": 317.1961343084742, "id_layer": "p15_camadas_logradouros", "doc_fonte": "Resposta SECT_autos.pdf", "doc_pagina": 15, "doc_folha": 108, "doc_escala": "1:15.000", "doc_metodo": "Reconstituição Vetorial Afim", "doc_rms_m": 0.68 }, "geometry": { "type": "LineString", "coordinates": [ [ 175223.120566789497389, 9659452.01644479110837 ], [ 175217.247426452988293, 9659452.01644479110837 ], [ 175139.917745122569613, 9659418.735317148268223 ], [ 175043.010929165960988, 9659360.982772121205926 ], [ 175002.877803266048431, 9659322.80736100114882 ], [ 174963.723534047836438, 9659278.758809709921479 ] ] } },
{ "type": "Feature", "properties": { "id": 530, "pagina": 15, "classe": "Logradouros", "metodo": "EIXO_TRACO", "comp_m": 211.32914874640772, "id_layer": "p15_camadas_logradouros", "doc_fonte": "Resposta SECT_autos.pdf", "doc_pagina": 15, "doc_folha": 108, "doc_escala": "1:15.000", "doc_metodo": "Reconstituição Vetorial Afim", "doc_rms_m": 0.68 }, "geometry": { "type": "LineString", "coordinates": [ [ 178515.994573687697994, 9658243.128425996750593 ], [ 178515.015716937574325, 9658239.212999215349555 ], [ 178510.121433303254889, 9658236.276429129764438 ], [ 178464.115166902571218, 9658174.608457319438457 ], [ 178436.707178391632624, 9658135.454189505428076 ], [ 178403.42604960576864, 9658105.109631948173046 ], [ 178380.9123448934115, 9658092.384494908154011 ], [ 178375.039204550033901, 9658091.405638214200735 ] ] } },
{ "type": "Feature", "properties": { "id": 531, "pagina": 15, "classe": "Logradouros", "metodo": "EIXO_TRACO", "comp_m": 53.290598842187507, "id_layer": "p15_camadas_logradouros", "doc_fonte": "Resposta SECT_autos.pdf", "doc_pagina": 15, "doc_folha": 108, "doc_escala": "1:15.000", "doc_metodo": "Reconstituição Vetorial Afim", "doc_rms_m": 0.68 }, "geometry": { "type": "LineString", "coordinates": [ [ 175425.743890858837403, 9656943.206734538078308 ], [ 175424.76503416345804, 9656947.122161319479346 ], [ 175415.95532370658475, 9656953.974158186465502 ], [ 175384.631908619456226, 9656959.847298359498382 ], [ 175380.716481735260459, 9656960.826155055314302 ], [ 175379.737625026202295, 9656962.783868445083499 ] ] } },
{ "type": "Feature", "properties": { "id": 532, "pagina": 15, "classe": "Logradouros", "metodo": "EIXO_TRACO", "comp_m": 23.923558289033053, "id_layer": "p15_camadas_logradouros", "doc_fonte": "Resposta SECT_autos.pdf", "doc_pagina": 15, "doc_folha": 108, "doc_escala": "1:15.000", "doc_metodo": "Reconstituição Vetorial Afim", "doc_rms_m": 0.68 }, "geometry": { "type": "LineString", "coordinates": [ [ 175425.743890858837403, 9656943.206734538078308 ], [ 175417.913037076796172, 9656943.206734538078308 ], [ 175408.12446986977011, 9656946.143304623663425 ], [ 175402.25132953323191, 9656946.143304623663425 ] ] } },
{ "type": "Feature", "properties": { "id": 533, "pagina": 15, "classe": "Logradouros", "metodo": "EIXO_TRACO", "comp_m": 180.6128824005535, "id_layer": "p15_camadas_logradouros", "doc_fonte": "Resposta SECT_autos.pdf", "doc_pagina": 15, "doc_folha": 108, "doc_escala": "1:15.000", "doc_metodo": "Reconstituição Vetorial Afim", "doc_rms_m": 0.68 }, "geometry": { "type": "LineString", "coordinates": [ [ 175425.743890858837403, 9656943.206734538078308 ], [ 175428.680461027106503, 9656943.206734538078308 ], [ 175439.447884943219833, 9656938.312451060861349 ], [ 175464.898159686941653, 9656931.460454193875194 ], [ 175467.834729834692553, 9656928.523884106427431 ], [ 175469.79244323913008, 9656922.650743935257196 ], [ 175460.982732474250952, 9656885.454189511016011 ], [ 175458.046162182814442, 9656867.834768993780017 ], [ 175456.088448703085305, 9656862.940485516563058 ], [ 175456.088448675698601, 9656859.02505873516202 ], [ 175439.447883957676822, 9656797.357086926698685 ] ] } },
{ "type": "Feature", "properties": { "id": 534, "pagina": 15, "classe": "Logradouros", "metodo": "EIXO_TRACO", "comp_m": 597.19031861098085, "id_layer": "p15_camadas_logradouros", "doc_fonte": "Resposta SECT_autos.pdf", "doc_pagina": 15, "doc_folha": 108, "doc_escala": "1:15.000", "doc_metodo": "Reconstituição Vetorial Afim", "doc_rms_m": 0.68 }, "geometry": { "type": "LineString", "coordinates": [ [ 176018.931082964874804, 9659534.240407202392817 ], [ 176015.994512789766304, 9659533.261550506576896 ], [ 175989.565380898915464, 9659479.424432260915637 ], [ 175989.565380885236664, 9659477.466718869283795 ], [ 175968.030532690318068, 9659435.375880967825651 ], [ 175968.030532676639268, 9659433.418167578056455 ], [ 175950.411111427500146, 9659399.158183239400387 ], [ 175950.411111413792241, 9659397.20046984963119 ], [ 175938.664830583322328, 9659374.686765855178237 ], [ 175938.664830569643527, 9659372.72905246540904 ], [ 175915.172268901835196, 9659326.722787782549858 ], [ 175910.277985199063551, 9659313.997650742530823 ], [ 175902.447131314373109, 9659299.314800310879946 ], [ 175897.552847611630568, 9659286.58966327086091 ], [ 175876.017999396164669, 9659241.562255283817649 ], [ 175866.229431990679586, 9659216.111981203779578 ], [ 175863.292861712892773, 9659200.450274078175426 ], [ 175863.292861671827268, 9659194.577133905142546 ], [ 175862.3140049422218, 9659193.59827721118927 ], [ 175862.314004901156295, 9659187.72513703815639 ], [ 175861.335148171579931, 9659186.746280342340469 ], [ 175861.335148014157312, 9659164.232576349750161 ], [ 175864.271718079777202, 9659149.549725918099284 ], [ 175866.229431497893529, 9659145.634299136698246 ], [ 175872.102571670169709, 9659122.141738448292017 ], [ 175874.060285101993941, 9659120.184025056660175 ], [ 175885.80656558345072, 9659092.776037586852908 ], [ 175911.256840149231721, 9659060.473766639828682 ], [ 175959.220819187845336, 9659006.636648394167423 ] ] } },
{ "type": "Feature", "properties": { "id": 535, "pagina": 15, "classe": "Logradouros", "metodo": "EIXO_TRACO", "comp_m": 61.473448291012346, "id_layer": "p15_camadas_logradouros", "doc_fonte": "Resposta SECT_autos.pdf", "doc_pagina": 15, "doc_folha": 108, "doc_escala": "1:15.000", "doc_metodo": "Reconstituição Vetorial Afim", "doc_rms_m": 0.68 }, "geometry": { "type": "LineString", "coordinates": [ [ 173174.373433598753763, 9657669.518402509391308 ], [ 173223.316269476461457, 9657632.321848085150123 ] ] } },
{ "type": "Feature", "properties": { "id": 536, "pagina": 15, "classe": "Logradouros", "metodo": "EIXO_TRACO", "comp_m": 94.575835371606402, "id_layer": "p15_camadas_logradouros", "doc_fonte": "Resposta SECT_autos.pdf", "doc_pagina": 15, "doc_folha": 108, "doc_escala": "1:15.000", "doc_metodo": "Reconstituição Vetorial Afim", "doc_rms_m": 0.68 }, "geometry": { "type": "LineString", "coordinates": [ [ 178188.077576793293701, 9658990.97494126483798 ], [ 178261.491830712533556, 9658949.862960059195757 ], [ 178266.386114305787487, 9658946.92638997361064 ], [ 178268.343827737611718, 9658944.968676581978798 ], [ 178268.343827723932918, 9658943.010963192209601 ] ] } },
{ "type": "Feature", "properties": { "id": 537, "pagina": 15, "classe": "Logradouros", "metodo": "EIXO_TRACO", "comp_m": 96.441426659131508, "id_layer": "p15_camadas_logradouros", "doc_fonte": "Resposta SECT_autos.pdf", "doc_pagina": 15, "doc_folha": 108, "doc_escala": "1:15.000", "doc_metodo": "Reconstituição Vetorial Afim", "doc_rms_m": 0.68 }, "geometry": { "type": "LineString", "coordinates": [ [ 175662.627221769478638, 9657515.837901333346963 ], [ 175744.85118644675822, 9657510.943617856130004 ], [ 175754.639753701689187, 9657514.859044637531042 ], [ 175756.59746716771042, 9657517.795614724978805 ] ] } },
{ "type": "Feature", "properties": { "id": 538, "pagina": 15, "classe": "Logradouros", "metodo": "EIXO_TRACO", "comp_m": 12.269375353699502, "id_layer": "p15_camadas_logradouros", "doc_fonte": "Resposta SECT_autos.pdf", "doc_pagina": 15, "doc_folha": 108, "doc_escala": "1:15.000", "doc_metodo": "Reconstituição Vetorial Afim", "doc_rms_m": 0.68 }, "geometry": { "type": "LineString", "coordinates": [ [ 175662.627221769478638, 9657515.837901333346963 ], [ 175655.775224737561075, 9657519.753328114748001 ], [ 175653.817511319415644, 9657523.668754896149039 ] ] } },
{ "type": "Feature", "properties": { "id": 539, "pagina": 15, "classe": "Logradouros", "metodo": "EIXO_TRACO", "comp_m": 25.284555076519034, "id_layer": "p15_camadas_logradouros", "doc_fonte": "Resposta SECT_autos.pdf", "doc_pagina": 15, "doc_folha": 108, "doc_escala": "1:15.000", "doc_metodo": "Reconstituição Vetorial Afim", "doc_rms_m": 0.68 }, "geometry": { "type": "LineString", "coordinates": [ [ 175662.627221769478638, 9657515.837901333346963 ], [ 175658.711794748407556, 9657497.239624122157693 ], [ 175658.711794714210555, 9657492.345340644940734 ], [ 175659.690651430108119, 9657491.366483949124813 ] ] } },
{ "type": "Feature", "properties": { "id": 540, "pagina": 15, "classe": "Logradouros", "metodo": "EIXO_TRACO", "comp_m": 7.6451153023419822, "id_layer": "p15_camadas_logradouros", "doc_fonte": "Resposta SECT_autos.pdf", "doc_pagina": 15, "doc_folha": 108, "doc_escala": "1:15.000", "doc_metodo": "Reconstituição Vetorial Afim", "doc_rms_m": 0.68 }, "geometry": { "type": "LineString", "coordinates": [ [ 172805.344455402577296, 9658568.108848866075277 ], [ 172810.238739057414932, 9658573.981989039108157 ] ] } },
{ "type": "Feature", "properties": { "id": 541, "pagina": 15, "classe": "Logradouros", "metodo": "EIXO_TRACO", "comp_m": 786.33758793472123, "id_layer": "p15_camadas_logradouros", "doc_fonte": "Resposta SECT_autos.pdf", "doc_pagina": 15, "doc_folha": 108, "doc_escala": "1:15.000", "doc_metodo": "Reconstituição Vetorial Afim", "doc_rms_m": 0.68 }, "geometry": { "type": "LineString", "coordinates": [ [ 176014.036794820363866, 9658886.237274860963225 ], [ 176008.163654483825667, 9658886.237274860963225 ], [ 176007.184797767928103, 9658887.216131556779146 ], [ 175994.459660365246236, 9658886.237274862825871 ], [ 175971.945955680275802, 9658877.427564604207873 ], [ 175800.646028171409853, 9658730.599060297012329 ], [ 175635.219241252314532, 9658619.988253720104694 ], [ 175506.010153396840906, 9658555.383711824193597 ], [ 175504.052439951337874, 9658555.383711824193597 ], [ 175410.082194039801834, 9658480.011746279895306 ], [ 175371.906781619618414, 9658446.730618637055159 ] ] } },
{ "type": "Feature", "properties": { "id": 542, "pagina": 15, "classe": "Logradouros", "metodo": "EIXO_TRACO", "comp_m": 1685.437689875143, "id_layer": "p15_camadas_logradouros", "doc_fonte": "Resposta SECT_autos.pdf", "doc_pagina": 15, "doc_folha": 108, "doc_escala": "1:15.000", "doc_metodo": "Reconstituição Vetorial Afim", "doc_rms_m": 0.68 }, "geometry": { "type": "LineString", "coordinates": [ [ 176014.036794820363866, 9658886.237274860963225 ], [ 176018.931078461522702, 9658890.152701644226909 ], [ 176058.085347351239761, 9658887.216131556779146 ], [ 176063.958487674070057, 9658885.25841816700995 ], [ 176068.852771287842188, 9658885.25841816700995 ], [ 176084.51447882456705, 9658881.342991385608912 ], [ 176089.408762438339181, 9658881.342991385608912 ], [ 176105.070469975064043, 9658877.427564604207873 ], [ 176119.753320802730741, 9658875.469851212576032 ], [ 176139.330455223622266, 9658870.575567735359073 ], [ 176144.224738837394398, 9658870.575567735359073 ], [ 176149.119022437487729, 9658868.617854345589876 ], [ 176172.611583756253822, 9658864.702427564188838 ], [ 176187.294434570212616, 9658860.7870007827878 ], [ 176213.723566084605409, 9658860.7870007827878 ], [ 176214.702422814210877, 9658861.765857476741076 ], [ 176231.342987101059407, 9658861.765857476741076 ], [ 176235.258413998933975, 9658862.744714172556996 ], [ 176350.763507605792256, 9658908.750978855416179 ], [ 176353.700077774061356, 9658908.750978855416179 ], [ 176361.530931583460188, 9658912.666405636817217 ], [ 176405.579484203306492, 9658926.370399372652173 ], [ 176408.516054385254392, 9658928.32811276242137 ], [ 176439.839469588710926, 9658939.095536412671208 ], [ 176442.776039756980026, 9658939.095536412671208 ], [ 176523.04229129673331, 9658978.24980422668159 ], [ 176531.85200182205881, 9658981.186374312266707 ], [ 176593.519975567847723, 9659011.530931869521737 ], [ 176595.477689013350755, 9659011.530931869521737 ], [ 176610.160539909440558, 9659019.361785432323813 ], [ 176617.012536982423626, 9659021.319498823955655 ], [ 176665.955373291304568, 9659045.790916208177805 ], [ 176667.9130867368076, 9659045.790916208177805 ], [ 176699.236501974490238, 9659061.452623333781958 ], [ 176701.194215420022374, 9659061.452623333781958 ], [ 176759.925619004381588, 9659092.776037584990263 ], [ 176778.523896784638055, 9659099.628034453839064 ], [ 176819.635879270412261, 9659118.226311665028334 ], [ 176862.705575181171298, 9659133.888018792495131 ], [ 176867.599858815490734, 9659136.824588878080249 ], [ 176881.303853023040574, 9659149.549725918099284 ], [ 176921.436978929792531, 9659188.703993732109666 ], [ 176956.675821003736928, 9659196.534847294911742 ], [ 177007.576370573369786, 9659194.577133905142546 ], [ 177012.470654173463117, 9659192.619420513510704 ], [ 177016.386081064469181, 9659192.619420513510704 ], [ 177021.280364664562512, 9659190.661707123741508 ], [ 177030.090075162530411, 9659189.682850427925587 ], [ 177038.899785646790406, 9659186.746280342340469 ], [ 177054.561493190354668, 9659183.809710254892707 ], [ 177109.377469698898494, 9659188.703993732109666 ], [ 177112.314039880846394, 9659190.661707123741508 ], [ 177141.679741631960496, 9659200.45027407631278 ], [ 177144.6163118139375, 9659202.407987467944622 ], [ 177181.812867367611034, 9659215.133124507963657 ], [ 177203.347715329844505, 9659223.942834766581655 ], [ 177266.97340245268424, 9659244.498825369402766 ], [ 177283.613966787437676, 9659251.350822236388922 ], [ 177286.550536955706775, 9659251.350822236388922 ], [ 177311.021955086209346, 9659260.160532495006919 ], [ 177313.958525254478445, 9659260.160532495006919 ], [ 177316.895095436426345, 9659262.118245886638761 ], [ 177340.387656809936743, 9659266.033672668039799 ], [ 177362.901361474388978, 9659271.906812839210033 ], [ 177367.795645088161109, 9659271.906812839210033 ], [ 177372.689928715641145, 9659273.864526230841875 ], [ 177376.605355606647208, 9659273.864526230841875 ], [ 177382.478495963732712, 9659276.801096316426992 ], [ 177407.928770782746142, 9659280.716523097828031 ], [ 177415.759624585334677, 9659283.653093183413148 ], [ 177428.484761994855944, 9659285.61080657504499 ], [ 177438.273329249786912, 9659289.526233356446028 ], [ 177447.083039761433611, 9659290.505090052261949 ], [ 177450.019609943381511, 9659292.462803442031145 ], [ 177458.82932046186761, 9659294.420516833662987 ], [ 177465.681317548529478, 9659298.335943615064025 ], [ 177487.216165497084148, 9659305.18794048205018 ], [ 177559.651563213701593, 9659338.469068124890327 ], [ 177571.397843914135592, 9659342.384494906291366 ], [ 177581.186411141708959, 9659342.384494906291366 ], [ 177583.144124594051391, 9659343.363351602107286 ] ] } },
{ "type": "Feature", "properties": { "id": 543, "pagina": 15, "classe": "Logradouros", "metodo": "EIXO_TRACO", "comp_m": 755.21687561985595, "id_layer": "p15_camadas_logradouros", "doc_fonte": "Resposta SECT_autos.pdf", "doc_pagina": 15, "doc_folha": 108, "doc_escala": "1:15.000", "doc_metodo": "Reconstituição Vetorial Afim", "doc_rms_m": 0.68 }, "geometry": { "type": "LineString", "coordinates": [ [ 176014.036794820363866, 9658886.237274860963225 ], [ 176016.973364961275365, 9658882.321848079562187 ], [ 176036.550499354780186, 9658873.512137822806835 ], [ 176056.127633720927406, 9658860.7870007827878 ], [ 176067.873914325551596, 9658850.998433828353882 ], [ 176084.514478496072115, 9658834.357870006933808 ], [ 176098.218472491455032, 9658816.738449489697814 ], [ 176107.028182879905216, 9658800.09788566827774 ], [ 176117.795606713858433, 9658783.457321846857667 ], [ 176125.626460386411054, 9658767.795614721253514 ], [ 176135.415027394978097, 9658736.472200468182564 ], [ 176137.372740730963415, 9658720.810493342578411 ], [ 176138.351597446890082, 9658719.83163664676249 ], [ 176139.330454005394131, 9658696.339075958356261 ], [ 176140.309310721291695, 9658695.36021926254034 ], [ 176138.351597104687244, 9658670.888801878318191 ], [ 176137.372740375081776, 9658669.90994518250227 ], [ 176136.393883570213802, 9658658.163664838299155 ], [ 176133.457313340331893, 9658649.353954579681158 ], [ 176132.478456514916616, 9658634.671104149892926 ], [ 176131.499599785311148, 9658633.692247454077005 ], [ 176131.499599497881718, 9658592.580266248434782 ], [ 176132.478456213779282, 9658591.601409552618861 ], [ 176133.45731284073554, 9658577.89741581864655 ], [ 176142.26702311282861, 9658544.616288175806403 ], [ 176161.844157212064601, 9658493.715740015730262 ], [ 176164.780727305042092, 9658482.948316365480423 ], [ 176171.632724261668045, 9658468.265465935692191 ], [ 176182.400148095650366, 9658451.624902114272118 ], [ 176204.913852568453876, 9658430.090054815635085 ], [ 176224.490986934601096, 9658417.36491777561605 ], [ 176235.258410857553827, 9658413.449490994215012 ], [ 176299.862954313051887, 9658378.210649961605668 ], [ 176301.820667758554919, 9658378.210649961605668 ], [ 176340.974936531914864, 9658358.633516052737832 ], [ 176359.573214209522121, 9658350.802662489935756 ], [ 176400.685196414706297, 9658329.267815191298723 ], [ 176406.558336744375993, 9658328.288958495482802 ] ] } },
{ "type": "Feature", "properties": { "id": 544, "pagina": 15, "classe": "Logradouros", "metodo": "EIXO_TRACO", "comp_m": 51.084228524207944, "id_layer": "p15_camadas_logradouros", "doc_fonte": "Resposta SECT_autos.pdf", "doc_pagina": 15, "doc_folha": 108, "doc_escala": "1:15.000", "doc_metodo": "Reconstituição Vetorial Afim", "doc_rms_m": 0.68 }, "geometry": { "type": "LineString", "coordinates": [ [ 175523.62956372302142, 9657027.388410340994596 ], [ 175523.629563681955915, 9657021.515270167961717 ], [ 175525.587277093232842, 9657016.620986690744758 ], [ 175525.587277045327937, 9657009.768989823758602 ], [ 175526.566133761254605, 9657008.790133127942681 ], [ 175531.460417156020412, 9656977.466718876734376 ] ] } },
{ "type": "Feature", "properties": { "id": 545, "pagina": 15, "classe": "Logradouros", "metodo": "EIXO_TRACO", "comp_m": 209.31840148305946, "id_layer": "p15_camadas_logradouros", "doc_fonte": "Resposta SECT_autos.pdf", "doc_pagina": 15, "doc_folha": 108, "doc_escala": "1:15.000", "doc_metodo": "Reconstituição Vetorial Afim", "doc_rms_m": 0.68 }, "geometry": { "type": "LineString", "coordinates": [ [ 175302.407960443000775, 9659324.765074390918016 ], [ 175297.513676781323738, 9659317.913077523931861 ], [ 175159.494878010416869, 9659194.577133907005191 ], [ 175149.706310714420397, 9659184.788566952571273 ], [ 175149.706310700741597, 9659182.830853562802076 ] ] } },
{ "type": "Feature", "properties": { "id": 546, "pagina": 15, "classe": "Logradouros", "metodo": "EIXO_TRACO", "comp_m": 77.640208101930398, "id_layer": "p15_camadas_logradouros", "doc_fonte": "Resposta SECT_autos.pdf", "doc_pagina": 15, "doc_folha": 108, "doc_escala": "1:15.000", "doc_metodo": "Reconstituição Vetorial Afim", "doc_rms_m": 0.68 }, "geometry": { "type": "LineString", "coordinates": [ [ 176183.378992506099166, 9656690.661707129329443 ], [ 176180.442422344669467, 9656691.640563825145364 ], [ 176176.526995535765309, 9656703.386844169348478 ], [ 176170.653855281358119, 9656715.133124513551593 ], [ 176147.16129416791955, 9656748.41425215639174 ], [ 176145.203580749774119, 9656752.329678939655423 ], [ 176145.203580777160823, 9656756.245105721056461 ] ] } },
{ "type": "Feature", "properties": { "id": 547, "pagina": 15, "classe": "Logradouros", "metodo": "EIXO_TRACO", "comp_m": 76.432400719185196, "id_layer": "p15_camadas_logradouros", "doc_fonte": "Resposta SECT_autos.pdf", "doc_pagina": 15, "doc_folha": 108, "doc_escala": "1:15.000", "doc_metodo": "Reconstituição Vetorial Afim", "doc_rms_m": 0.68 }, "geometry": { "type": "LineString", "coordinates": [ [ 178401.468332300253678, 9657553.034455755725503 ], [ 178403.42604573207791, 9657551.076742364093661 ], [ 178403.426045718399109, 9657549.119028974324465 ], [ 178414.193469511315925, 9657526.605324979871511 ], [ 178429.855176767421653, 9657482.556773688644171 ] ] } },
{ "type": "Feature", "properties": { "id": 548, "pagina": 15, "classe": "Logradouros", "metodo": "EIXO_TRACO", "comp_m": 65.791253872253549, "id_layer": "p15_camadas_logradouros", "doc_fonte": "Resposta SECT_autos.pdf", "doc_pagina": 15, "doc_folha": 108, "doc_escala": "1:15.000", "doc_metodo": "Reconstituição Vetorial Afim", "doc_rms_m": 0.68 }, "geometry": { "type": "LineString", "coordinates": [ [ 173030.481504524563206, 9658981.186374315991998 ], [ 173020.692937358602649, 9658989.996084574609995 ], [ 172984.475238883547718, 9659028.171495694667101 ] ] } },
{ "type": "Feature", "properties": { "id": 549, "pagina": 15, "classe": "Logradouros", "metodo": "EIXO_TRACO", "comp_m": 301.68515430658772, "id_layer": "p15_camadas_logradouros", "doc_fonte": "Resposta SECT_autos.pdf", "doc_pagina": 15, "doc_folha": 108, "doc_escala": "1:15.000", "doc_metodo": "Reconstituição Vetorial Afim", "doc_rms_m": 0.68 }, "geometry": { "type": "LineString", "coordinates": [ [ 178419.087759483139962, 9658435.96319498680532 ], [ 178407.341478830610868, 9658438.899765072390437 ], [ 178396.574054914497538, 9658443.794048549607396 ], [ 178354.483215938671492, 9658458.476898979395628 ], [ 178324.138657642732142, 9658474.138606106862426 ], [ 178322.18094419722911, 9658474.138606106862426 ], [ 178318.265517326741247, 9658477.075176192447543 ], [ 178316.307803881238215, 9658477.075176192447543 ], [ 178301.624953108315822, 9658486.863743145018816 ], [ 178270.301538151252316, 9658511.335160531103611 ], [ 178258.555257519241422, 9658517.208300702273846 ], [ 178250.724403750878992, 9658519.166014093905687 ], [ 178229.18955585025833, 9658519.166014093905687 ], [ 178228.210699120652862, 9658518.187157398089767 ], [ 178208.633564651856432, 9658516.229444006457925 ], [ 178207.654707922250964, 9658515.250587312504649 ], [ 178182.204433110076934, 9658512.314017225056887 ], [ 178181.225576380471466, 9658511.335160531103611 ], [ 178165.5638688163599, 9658511.335160531103611 ], [ 178157.733015048026573, 9658513.292873920872808 ], [ 178147.944447854679311, 9658518.187157398089767 ], [ 178142.071307524980512, 9658519.166014093905687 ] ] } },
{ "type": "Feature", "properties": { "id": 550, "pagina": 15, "classe": "Logradouros", "metodo": "EIXO_TRACO", "comp_m": 689.37724380436191, "id_layer": "p15_camadas_logradouros", "doc_fonte": "Resposta SECT_autos.pdf", "doc_pagina": 15, "doc_folha": 108, "doc_escala": "1:15.000", "doc_metodo": "Reconstituição Vetorial Afim", "doc_rms_m": 0.68 }, "geometry": { "type": "LineString", "coordinates": [ [ 175149.706310700741597, 9659182.830853562802076 ], [ 175150.68516739612096, 9659178.915426781401038 ], [ 175158.516021096031182, 9659167.169146435335279 ], [ 175173.198871745727956, 9659139.761158965528011 ], [ 175178.093155222624773, 9659120.18402505852282 ], [ 175186.902865611074958, 9659103.543461237102747 ], [ 175185.92400877198088, 9659086.902897415682673 ], [ 175184.945152042375412, 9659085.924040719866753 ], [ 175184.945151953405002, 9659073.198903679847717 ], [ 175183.966295223828638, 9659072.220046984031796 ], [ 175183.966295141697628, 9659060.473766639828682 ], [ 175182.98743841209216, 9659059.494909944012761 ], [ 175182.987438316282351, 9659045.79091621004045 ], [ 175189.839435286587104, 9659033.065779170021415 ], [ 175191.797148608922726, 9659015.44635865278542 ], [ 175192.776005324820289, 9659014.4675019569695 ], [ 175192.77600522901048, 9659000.763508221134543 ], [ 175182.00858111443813, 9658977.270947532728314 ], [ 175181.029724289022852, 9658962.588097102940083 ], [ 175190.818291345494799, 9658938.116679716855288 ], [ 175194.733718044881243, 9658910.70869224704802 ], [ 175204.522284964448772, 9658866.66014095582068 ], [ 175217.247422182321316, 9658841.209866875782609 ], [ 175220.183992330072215, 9658838.273296788334846 ], [ 175228.9937027322012, 9658823.590446358546615 ], [ 175236.824556356848916, 9658801.076742364093661 ], [ 175236.824556336301612, 9658798.140172278508544 ], [ 175247.591980190802133, 9658784.436178542673588 ], [ 175261.295974165666848, 9658763.880187939852476 ], [ 175288.703962156461785, 9658728.641346907243133 ], [ 175313.175379828404402, 9658671.867658574134111 ], [ 175313.175379753112793, 9658661.100234925746918 ], [ 175314.154236469010357, 9658660.121378229930997 ], [ 175314.154236003640108, 9658593.559122944250703 ], [ 175313.17537927403464, 9658592.580266248434782 ], [ 175312.196522202226333, 9658542.658574784174562 ] ] } },
{ "type": "Feature", "properties": { "id": 551, "pagina": 15, "classe": "Logradouros", "metodo": "EIXO_TRACO", "comp_m": 52.445958461626681, "id_layer": "p15_camadas_logradouros", "doc_fonte": "Resposta SECT_autos.pdf", "doc_pagina": 15, "doc_folha": 108, "doc_escala": "1:15.000", "doc_metodo": "Reconstituição Vetorial Afim", "doc_rms_m": 0.68 }, "geometry": { "type": "LineString", "coordinates": [ [ 175032.243492280511418, 9657510.943617857992649 ], [ 175038.116632480174303, 9657491.366483949124813 ], [ 175041.053202621056698, 9657487.451057167723775 ], [ 175049.862912968470482, 9657464.937353175133467 ], [ 175049.862912947923178, 9657462.000783087685704 ] ] } },
{ "type": "Feature", "properties": { "id": 552, "pagina": 15, "classe": "Logradouros", "metodo": "EIXO_TRACO", "comp_m": 41.168171301253466, "id_layer": "p15_camadas_logradouros", "doc_fonte": "Resposta SECT_autos.pdf", "doc_pagina": 15, "doc_folha": 108, "doc_escala": "1:15.000", "doc_metodo": "Reconstituição Vetorial Afim", "doc_rms_m": 0.68 }, "geometry": { "type": "LineString", "coordinates": [ [ 175111.530887029075529, 9657540.309318719431758 ], [ 175124.256024192203768, 9657507.028191076591611 ], [ 175128.171451055852231, 9657503.112764293327928 ] ] } },
{ "type": "Feature", "properties": { "id": 553, "pagina": 15, "classe": "Logradouros", "metodo": "EIXO_TRACO", "comp_m": 5.2842068413051066, "id_layer": "p15_camadas_logradouros", "doc_fonte": "Resposta SECT_autos.pdf", "doc_pagina": 15, "doc_folha": 108, "doc_escala": "1:15.000", "doc_metodo": "Reconstituição Vetorial Afim", "doc_rms_m": 0.68 }, "geometry": { "type": "LineString", "coordinates": [ [ 172805.34445794855128, 9658932.243539547547698 ], [ 172806.323314691835549, 9658935.180109633132815 ], [ 172808.281028144177981, 9658936.158966328948736 ] ] } },
{ "type": "Feature", "properties": { "id": 554, "pagina": 15, "classe": "Logradouros", "metodo": "EIXO_TRACO", "comp_m": 32.828230324834081, "id_layer": "p15_camadas_logradouros", "doc_fonte": "Resposta SECT_autos.pdf", "doc_pagina": 15, "doc_folha": 108, "doc_escala": "1:15.000", "doc_metodo": "Reconstituição Vetorial Afim", "doc_rms_m": 0.68 }, "geometry": { "type": "LineString", "coordinates": [ [ 174331.382083454955136, 9658178.523884104564786 ], [ 174332.360940170881804, 9658177.54502741061151 ], [ 174359.768928408040665, 9658177.54502741061151 ], [ 174363.684355305915233, 9658178.523884104564786 ] ] } },
{ "type": "Feature", "properties": { "id": 555, "pagina": 15, "classe": "Logradouros", "metodo": "EIXO_TRACO", "comp_m": 59.736165144288996, "id_layer": "p15_camadas_logradouros", "doc_fonte": "Resposta SECT_autos.pdf", "doc_pagina": 15, "doc_folha": 108, "doc_escala": "1:15.000", "doc_metodo": "Reconstituição Vetorial Afim", "doc_rms_m": 0.68 }, "geometry": { "type": "LineString", "coordinates": [ [ 175371.906781619618414, 9658446.730618637055159 ], [ 175371.906781585392309, 9658441.836335161700845 ], [ 175367.012497889489168, 9658430.090054815635085 ], [ 175365.054784375533927, 9658420.301487863063812 ], [ 175365.054784170235507, 9658390.935787001624703 ], [ 175363.097070711024571, 9658388.978073609992862 ] ] } },
{ "type": "Feature", "properties": { "id": 556, "pagina": 15, "classe": "Logradouros", "metodo": "EIXO_TRACO", "comp_m": 51.06989794525348, "id_layer": "p15_camadas_logradouros", "doc_fonte": "Resposta SECT_autos.pdf", "doc_pagina": 15, "doc_folha": 108, "doc_escala": "1:15.000", "doc_metodo": "Reconstituição Vetorial Afim", "doc_rms_m": 0.68 }, "geometry": { "type": "LineString", "coordinates": [ [ 173694.146365112654166, 9659347.278778387233615 ], [ 173676.526944369950797, 9659385.454189507290721 ], [ 173674.569230986031471, 9659394.263899764046073 ] ] } },
{ "type": "Feature", "properties": { "id": 557, "pagina": 15, "classe": "Logradouros", "metodo": "EIXO_TRACO", "comp_m": 73.02740820836479, "id_layer": "p15_camadas_logradouros", "doc_fonte": "Resposta SECT_autos.pdf", "doc_pagina": 15, "doc_folha": 108, "doc_escala": "1:15.000", "doc_metodo": "Reconstituição Vetorial Afim", "doc_rms_m": 0.68 }, "geometry": { "type": "LineString", "coordinates": [ [ 178279.111250736605143, 9658808.907595925033092 ], [ 178313.371235957776662, 9658798.140172276645899 ], [ 178331.969513669610023, 9658795.203602189198136 ], [ 178349.588934644998517, 9658790.309318711981177 ] ] } },
{ "type": "Feature", "properties": { "id": 558, "pagina": 15, "classe": "Logradouros", "metodo": "EIXO_TRACO", "comp_m": 7.8308535628020763, "id_layer": "p15_camadas_logradouros", "doc_fonte": "Resposta SECT_autos.pdf", "doc_pagina": 15, "doc_folha": 108, "doc_escala": "1:15.000", "doc_metodo": "Reconstituição Vetorial Afim", "doc_rms_m": 0.68 }, "geometry": { "type": "LineString", "coordinates": [ [ 173350.567644625582034, 9657802.642913080751896 ], [ 173350.567644570808625, 9657794.81205951794982 ] ] } },
{ "type": "Feature", "properties": { "id": 559, "pagina": 15, "classe": "Logradouros", "metodo": "EIXO_TRACO", "comp_m": 161.47966284309211, "id_layer": "p15_camadas_logradouros", "doc_fonte": "Resposta SECT_autos.pdf", "doc_pagina": 15, "doc_folha": 108, "doc_escala": "1:15.000", "doc_metodo": "Reconstituição Vetorial Afim", "doc_rms_m": 0.68 }, "geometry": { "type": "LineString", "coordinates": [ [ 173350.567644625582034, 9657802.642913080751896 ], [ 173352.525358071085066, 9657802.642913080751896 ], [ 173356.440784982638434, 9657805.579483168199658 ], [ 173368.187065778911347, 9657823.198903683573008 ], [ 173376.017919670441188, 9657838.860610811039805 ], [ 173402.447051492839819, 9657882.909162102267146 ], [ 173408.320191918348428, 9657895.634299142286181 ], [ 173412.235618843580596, 9657900.52858261950314 ], [ 173416.151045796199469, 9657909.338292878121138 ], [ 173419.087615985015873, 9657912.274862963706255 ], [ 173419.087615998694673, 9657914.232576353475451 ], [ 173433.770467011112487, 9657938.703993739560246 ] ] } },
{ "type": "Feature", "properties": { "id": 560, "pagina": 15, "classe": "Logradouros", "metodo": "EIXO_TRACO", "comp_m": 71.441699059684368, "id_layer": "p15_camadas_logradouros", "doc_fonte": "Resposta SECT_autos.pdf", "doc_pagina": 15, "doc_folha": 108, "doc_escala": "1:15.000", "doc_metodo": "Reconstituição Vetorial Afim", "doc_rms_m": 0.68 }, "geometry": { "type": "LineString", "coordinates": [ [ 173350.567644625582034, 9657802.642913080751896 ], [ 173348.609931193757802, 9657804.600626472383738 ], [ 173337.842507469293196, 9657836.902897419407964 ], [ 173335.884794044308364, 9657839.839467504993081 ], [ 173328.053940447047353, 9657866.268598280847073 ], [ 173325.117370292457053, 9657868.226311670616269 ] ] } },
{ "type": "Feature", "properties": { "id": 561, "pagina": 15, "classe": "Logradouros", "metodo": "EIXO_TRACO", "comp_m": 242.32111351059399, "id_layer": "p15_camadas_logradouros", "doc_fonte": "Resposta SECT_autos.pdf", "doc_pagina": 15, "doc_folha": 108, "doc_escala": "1:15.000", "doc_metodo": "Reconstituição Vetorial Afim", "doc_rms_m": 0.68 }, "geometry": { "type": "LineString", "coordinates": [ [ 174846.260721034370363, 9658380.16836335323751 ], [ 174844.303007547801826, 9658374.29522318020463 ], [ 174817.873875841760309, 9658346.887235710397363 ], [ 174803.191024836181896, 9658323.394675020128489 ], [ 174792.423600680544041, 9658294.02897415868938 ], [ 174780.677319815848023, 9658266.620986688882113 ], [ 174779.69846305885585, 9658261.726703211665154 ], [ 174773.825322633347241, 9658249.001566171646118 ], [ 174772.846465876384173, 9658244.107282694429159 ], [ 174766.973325450875564, 9658231.382145656272769 ], [ 174765.994468693883391, 9658226.48786217905581 ], [ 174762.079041748133022, 9658218.657008616253734 ], [ 174761.10018499114085, 9658213.762725139036775 ], [ 174757.184758045361377, 9658205.931871576234698 ], [ 174753.269331065384904, 9658193.206734536215663 ], [ 174744.459620416833786, 9658172.650743933394551 ], [ 174742.501906916586449, 9658164.819890370592475 ] ] } },
{ "type": "Feature", "properties": { "id": 562, "pagina": 15, "classe": "Logradouros", "metodo": "EIXO_TRACO", "comp_m": 356.80509045553725, "id_layer": "p15_camadas_logradouros", "doc_fonte": "Resposta SECT_autos.pdf", "doc_pagina": 15, "doc_folha": 108, "doc_escala": "1:15.000", "doc_metodo": "Reconstituição Vetorial Afim", "doc_rms_m": 0.68 }, "geometry": { "type": "LineString", "coordinates": [ [ 174846.260721034370363, 9658380.16836335323751 ], [ 174845.281864318472799, 9658381.147220047190785 ], [ 174839.4087239819346, 9658381.147220047190785 ], [ 174822.768159667699365, 9658377.231793265789747 ], [ 174761.100186106719775, 9658373.316366484388709 ], [ 174760.121329377114307, 9658372.337509790435433 ], [ 174744.459621813031845, 9658372.337509790435433 ], [ 174743.480765083426377, 9658371.358653094619513 ], [ 174713.136206671159016, 9658370.379796398803592 ], [ 174712.157349941553548, 9658369.400939702987671 ], [ 174684.749361697526183, 9658368.422083009034395 ], [ 174683.770504967949819, 9658367.443226313218474 ], [ 174638.743095707497559, 9658365.485512921586633 ], [ 174637.764238977892091, 9658364.506656227633357 ], [ 174630.912241918587824, 9658364.506656227633357 ], [ 174614.27167759751319, 9658359.612372750416398 ], [ 174610.356250706507126, 9658359.612372750416398 ], [ 174592.736829655827023, 9658353.739232577383518 ], [ 174577.075122043839656, 9658346.887235710397363 ], [ 174567.286554761521984, 9658339.056382147595286 ], [ 174557.497987492912216, 9658333.183241974562407 ], [ 174535.963139455387136, 9658313.606108067557216 ], [ 174516.386004856554791, 9658293.050117464736104 ] ] } },
{ "type": "Feature", "properties": { "id": 563, "pagina": 15, "classe": "Logradouros", "metodo": "EIXO_TRACO", "comp_m": 120.59048502573751, "id_layer": "p15_camadas_logradouros", "doc_fonte": "Resposta SECT_autos.pdf", "doc_pagina": 15, "doc_folha": 108, "doc_escala": "1:15.000", "doc_metodo": "Reconstituição Vetorial Afim", "doc_rms_m": 0.68 }, "geometry": { "type": "LineString", "coordinates": [ [ 175756.59746716771042, 9657517.795614724978805 ], [ 175763.449464233854087, 9657518.77447141893208 ], [ 175835.884861957310932, 9657553.034455757588148 ], [ 175837.842575416521868, 9657554.99216914921999 ], [ 175838.821432166645536, 9657558.907595930621028 ], [ 175828.054008387436625, 9657583.379013314843178 ] ] } },
{ "type": "Feature", "properties": { "id": 564, "pagina": 15, "classe": "Logradouros", "metodo": "EIXO_TRACO", "comp_m": 58.869910323059905, "id_layer": "p15_camadas_logradouros", "doc_fonte": "Resposta SECT_autos.pdf", "doc_pagina": 15, "doc_folha": 108, "doc_escala": "1:15.000", "doc_metodo": "Reconstituição Vetorial Afim", "doc_rms_m": 0.68 }, "geometry": { "type": "LineString", "coordinates": [ [ 173293.793963568692561, 9659070.262333596125245 ], [ 173253.660838236828567, 9659113.332028191536665 ] ] } },
{ "type": "Feature", "properties": { "id": 565, "pagina": 15, "classe": "Logradouros", "metodo": "EIXO_TRACO", "comp_m": 249.90180829468255, "id_layer": "p15_camadas_logradouros", "doc_fonte": "Resposta SECT_autos.pdf", "doc_pagina": 15, "doc_folha": 108, "doc_escala": "1:15.000", "doc_metodo": "Reconstituição Vetorial Afim", "doc_rms_m": 0.68 }, "geometry": { "type": "LineString", "coordinates": [ [ 173293.793963568692561, 9659070.262333596125245 ], [ 173263.449404964776477, 9659041.875489428639412 ], [ 173114.663182086136658, 9658896.025841817259789 ] ] } },
{ "type": "Feature", "properties": { "id": 566, "pagina": 15, "classe": "Logradouros", "metodo": "EIXO_TRACO", "comp_m": 52.94591043544893, "id_layer": "p15_camadas_logradouros", "doc_fonte": "Resposta SECT_autos.pdf", "doc_pagina": 15, "doc_folha": 108, "doc_escala": "1:15.000", "doc_metodo": "Reconstituição Vetorial Afim", "doc_rms_m": 0.68 }, "geometry": { "type": "LineString", "coordinates": [ [ 175089.017193992534885, 9659197.513703992590308 ], [ 175082.165196940070018, 9659198.492560688406229 ], [ 175046.926355071453145, 9659220.027407987043262 ], [ 175044.968641639628913, 9659221.985121376812458 ], [ 175044.968641653307714, 9659223.9428347684443 ] ] } },
{ "type": "Feature", "properties": { "id": 567, "pagina": 15, "classe": "Logradouros", "metodo": "EIXO_TRACO", "comp_m": 110.72301950688961, "id_layer": "p15_camadas_logradouros", "doc_fonte": "Resposta SECT_autos.pdf", "doc_pagina": 15, "doc_folha": 108, "doc_escala": "1:15.000", "doc_metodo": "Reconstituição Vetorial Afim", "doc_rms_m": 0.68 }, "geometry": { "type": "LineString", "coordinates": [ [ 178246.808975751133403, 9658360.591229442507029 ], [ 178247.787832425965462, 9658353.739232573658228 ], [ 178268.343823350616731, 9658317.521534845232964 ], [ 178278.132390509737888, 9658307.732967892661691 ], [ 178285.963244250713615, 9658301.859827719628811 ], [ 178320.223229423980229, 9658284.240407202392817 ] ] } },
{ "type": "Feature", "properties": { "id": 568, "pagina": 15, "classe": "Logradouros", "metodo": "EIXO_TRACO", "comp_m": 193.17862208508501, "id_layer": "p15_camadas_logradouros", "doc_fonte": "Resposta SECT_autos.pdf", "doc_pagina": 15, "doc_folha": 108, "doc_escala": "1:15.000", "doc_metodo": "Reconstituição Vetorial Afim", "doc_rms_m": 0.68 }, "geometry": { "type": "LineString", "coordinates": [ [ 178246.808975751133403, 9658360.591229442507029 ], [ 178244.851262305630371, 9658360.591229442507029 ], [ 178240.935835441981908, 9658364.506656223908067 ], [ 178237.999265321617713, 9658371.358653090894222 ], [ 178217.44327435590094, 9658401.703210648149252 ], [ 178188.077572919602972, 9658436.942051682621241 ], [ 178167.521581947046798, 9658466.307752542197704 ], [ 178147.944447717803996, 9658498.610023491084576 ], [ 178142.071307477075607, 9658512.314017225056887 ], [ 178141.092450788535643, 9658517.208300702273846 ], [ 178142.071307524980512, 9658519.166014093905687 ] ] } },
{ "type": "Feature", "properties": { "id": 569, "pagina": 15, "classe": "Logradouros", "metodo": "EIXO_TRACO", "comp_m": 61.915212095830334, "id_layer": "p15_camadas_logradouros", "doc_fonte": "Resposta SECT_autos.pdf", "doc_pagina": 15, "doc_folha": 108, "doc_escala": "1:15.000", "doc_metodo": "Reconstituição Vetorial Afim", "doc_rms_m": 0.68 }, "geometry": { "type": "LineString", "coordinates": [ [ 178246.808975751133403, 9658360.591229442507029 ], [ 178250.724402662686771, 9658363.527799528092146 ], [ 178273.238107621436939, 9658411.49177760258317 ], [ 178277.153534519282402, 9658412.470634296536446 ] ] } },
{ "type": "Feature", "properties": { "id": 570, "pagina": 15, "classe": "Logradouros", "metodo": "EIXO_TRACO", "comp_m": 214.5915539748068, "id_layer": "p15_camadas_logradouros", "doc_fonte": "Resposta SECT_autos.pdf", "doc_pagina": 15, "doc_folha": 108, "doc_escala": "1:15.000", "doc_metodo": "Reconstituição Vetorial Afim", "doc_rms_m": 0.68 }, "geometry": { "type": "LineString", "coordinates": [ [ 173250.724255147128133, 9657265.25058731995523 ], [ 173256.597395490505733, 9657266.229444013908505 ], [ 173277.153386729973136, 9657275.039154272526503 ], [ 173281.068813662073808, 9657280.912294445559382 ], [ 173287.920810906158295, 9657307.341425219550729 ], [ 173289.878524372179527, 9657310.277995306998491 ], [ 173291.836237872455968, 9657318.108848869800568 ], [ 173293.793951338506304, 9657321.045418955385685 ], [ 173295.751664838753641, 9657328.876272518187761 ], [ 173297.709378304803977, 9657331.812842603772879 ], [ 173299.667091805080418, 9657339.6436961684376 ], [ 173301.62480527110165, 9657342.580266254022717 ], [ 173303.582518771378091, 9657350.411119816824794 ], [ 173305.540232237428427, 9657353.347689902409911 ], [ 173307.497945737675764, 9657361.178543465211987 ], [ 173309.4556592037261, 9657364.11511355265975 ], [ 173311.413372704002541, 9657371.945967115461826 ], [ 173313.371086170023773, 9657374.882537201046944 ], [ 173315.328799670300214, 9657382.71339076384902 ], [ 173317.28651313635055, 9657385.649960851296782 ], [ 173319.244226636597887, 9657393.480814414098859 ], [ 173336.863647967868019, 9657439.487079096958041 ], [ 173337.842504759057192, 9657449.275646049529314 ] ] } },
{ "type": "Feature", "properties": { "id": 571, "pagina": 15, "classe": "Logradouros", "metodo": "EIXO_TRACO", "comp_m": 29.197756371189719, "id_layer": "p15_camadas_logradouros", "doc_fonte": "Resposta SECT_autos.pdf", "doc_pagina": 15, "doc_folha": 108, "doc_escala": "1:15.000", "doc_metodo": "Reconstituição Vetorial Afim", "doc_rms_m": 0.68 }, "geometry": { "type": "LineString", "coordinates": [ [ 178147.944449312431971, 9658726.683633513748646 ], [ 178146.965592596534407, 9658727.662490209564567 ], [ 178137.17702536896104, 9658727.662490209564567 ], [ 178136.198168653063476, 9658728.641346903517842 ], [ 178119.557604366214946, 9658728.641346903517842 ] ] } },
{ "type": "Feature", "properties": { "id": 572, "pagina": 15, "classe": "Logradouros", "metodo": "EIXO_TRACO", "comp_m": 61.857758624476389, "id_layer": "p15_camadas_logradouros", "doc_fonte": "Resposta SECT_autos.pdf", "doc_pagina": 15, "doc_folha": 108, "doc_escala": "1:15.000", "doc_metodo": "Reconstituição Vetorial Afim", "doc_rms_m": 0.68 }, "geometry": { "type": "LineString", "coordinates": [ [ 173512.07901402990683, 9659254.287392325699329 ], [ 173511.100157355045667, 9659261.13938919454813 ], [ 173507.184730511944508, 9659267.991386061534286 ], [ 173504.248160412098514, 9659277.779953015968204 ], [ 173490.544166505686007, 9659308.124510571360588 ], [ 173487.607596351095708, 9659310.08222396299243 ] ] } },
{ "type": "Feature", "properties": { "id": 573, "pagina": 15, "classe": "Logradouros", "metodo": "EIXO_TRACO", "comp_m": 251.30732773904487, "id_layer": "p15_camadas_logradouros", "doc_fonte": "Resposta SECT_autos.pdf", "doc_pagina": 15, "doc_folha": 108, "doc_escala": "1:15.000", "doc_metodo": "Reconstituição Vetorial Afim", "doc_rms_m": 0.68 }, "geometry": { "type": "LineString", "coordinates": [ [ 173072.572343301930232, 9658938.116679718717933 ], [ 173085.297480793582508, 9658951.820673454552889 ], [ 173170.458016255055554, 9659035.023492561653256 ], [ 173252.6819815140625, 9659113.332028191536665 ] ] } },
{ "type": "Feature", "properties": { "id": 574, "pagina": 15, "classe": "Logradouros", "metodo": "EIXO_TRACO", "comp_m": 44.691399315929203, "id_layer": "p15_camadas_logradouros", "doc_fonte": "Resposta SECT_autos.pdf", "doc_pagina": 15, "doc_folha": 108, "doc_escala": "1:15.000", "doc_metodo": "Reconstituição Vetorial Afim", "doc_rms_m": 0.68 }, "geometry": { "type": "LineString", "coordinates": [ [ 174948.061814862681786, 9657616.660140957683325 ], [ 174948.061814835295081, 9657612.744714176282287 ], [ 174951.97724166471744, 9657603.935003917664289 ], [ 174956.871525162161561, 9657587.294440096244216 ], [ 174958.829238587146392, 9657584.357870010659099 ], [ 174960.786951977905119, 9657576.527016447857022 ], [ 174962.744665416568751, 9657575.548159752041101 ] ] } },
{ "type": "Feature", "properties": { "id": 575, "pagina": 15, "classe": "Logradouros", "metodo": "EIXO_TRACO", "comp_m": 213.38940417748253, "id_layer": "p15_camadas_logradouros", "doc_fonte": "Resposta SECT_autos.pdf", "doc_pagina": 15, "doc_folha": 108, "doc_escala": "1:15.000", "doc_metodo": "Reconstituição Vetorial Afim", "doc_rms_m": 0.68 }, "geometry": { "type": "LineString", "coordinates": [ [ 174948.061814862681786, 9657616.660140957683325 ], [ 174999.941221298766322, 9657635.25841817073524 ], [ 175007.772075108194258, 9657639.173844952136278 ], [ 175016.581785626680357, 9657641.131558341905475 ], [ 175029.306923063559225, 9657647.004698514938354 ], [ 175050.841771012113895, 9657653.85669538192451 ], [ 175058.672624821512727, 9657657.772122163325548 ], [ 175088.038326572626829, 9657667.560689117759466 ], [ 175103.7000341846433, 9657674.412685984745622 ], [ 175106.6366043529124, 9657674.412685984745622 ], [ 175123.277168509725016, 9657655.814408773556352 ], [ 175129.150308770971606, 9657645.046985123306513 ], [ 175130.129165445832768, 9657638.194988256320357 ] ] } },
{ "type": "Feature", "properties": { "id": 576, "pagina": 15, "classe": "Logradouros", "metodo": "EIXO_TRACO", "comp_m": 20.555991177883698, "id_layer": "p15_camadas_logradouros", "doc_fonte": "Resposta SECT_autos.pdf", "doc_pagina": 15, "doc_folha": 108, "doc_escala": "1:15.000", "doc_metodo": "Reconstituição Vetorial Afim", "doc_rms_m": 0.68 }, "geometry": { "type": "LineString", "coordinates": [ [ 177968.813668671704363, 9658672.846515268087387 ], [ 177989.369659849588061, 9658672.846515268087387 ] ] } },
{ "type": "Feature", "properties": { "id": 577, "pagina": 15, "classe": "Logradouros", "metodo": "EIXO_TRACO", "comp_m": 26.447251545561166, "id_layer": "p15_camadas_logradouros", "doc_fonte": "Resposta SECT_autos.pdf", "doc_pagina": 15, "doc_folha": 108, "doc_escala": "1:15.000", "doc_metodo": "Reconstituição Vetorial Afim", "doc_rms_m": 0.68 }, "geometry": { "type": "LineString", "coordinates": [ [ 178145.007878959382651, 9658700.254502737894654 ], [ 178144.029022051836364, 9658673.825371963903308 ] ] } },
{ "type": "Feature", "properties": { "id": 578, "pagina": 15, "classe": "Logradouros", "metodo": "EIXO_TRACO", "comp_m": 27.846036318653351, "id_layer": "p15_camadas_logradouros", "doc_fonte": "Resposta SECT_autos.pdf", "doc_pagina": 15, "doc_folha": 108, "doc_escala": "1:15.000", "doc_metodo": "Reconstituição Vetorial Afim", "doc_rms_m": 0.68 }, "geometry": { "type": "LineString", "coordinates": [ [ 178145.007878959382651, 9658700.254502737894654 ], [ 178130.325028124905657, 9658701.233359433710575 ], [ 178129.346171408978989, 9658702.212216129526496 ], [ 178117.599890735902591, 9658702.212216129526496 ] ] } },
{ "type": "Feature", "properties": { "id": 579, "pagina": 15, "classe": "Logradouros", "metodo": "EIXO_TRACO", "comp_m": 57.336913591427177, "id_layer": "p15_camadas_logradouros", "doc_fonte": "Resposta SECT_autos.pdf", "doc_pagina": 15, "doc_folha": 108, "doc_escala": "1:15.000", "doc_metodo": "Reconstituição Vetorial Afim", "doc_rms_m": 0.68 }, "geometry": { "type": "LineString", "coordinates": [ [ 173337.842504759057192, 9657449.275646049529314 ], [ 173329.032794267957797, 9657451.233359441161156 ], [ 173301.624806106090546, 9657462.000783089548349 ], [ 173295.751665769552346, 9657462.000783089548349 ], [ 173294.772809053625679, 9657462.97963978536427 ], [ 173291.836238864838379, 9657460.043069699779153 ], [ 173288.899668648664374, 9657453.191072830930352 ] ] } },
{ "type": "Feature", "properties": { "id": 580, "pagina": 15, "classe": "Logradouros", "metodo": "EIXO_TRACO", "comp_m": 1.9577133916318421, "id_layer": "p15_camadas_logradouros", "doc_fonte": "Resposta SECT_autos.pdf", "doc_pagina": 15, "doc_folha": 108, "doc_escala": "1:15.000", "doc_metodo": "Reconstituição Vetorial Afim", "doc_rms_m": 0.68 }, "geometry": { "type": "LineString", "coordinates": [ [ 173091.170623395475559, 9659275.822239624336362 ], [ 173091.170623409154359, 9659277.779953015968204 ] ] } },
{ "type": "Feature", "properties": { "id": 581, "pagina": 15, "classe": "Logradouros", "metodo": "EIXO_TRACO", "comp_m": 249.22691646382813, "id_layer": "p15_camadas_logradouros", "doc_fonte": "Resposta SECT_autos.pdf", "doc_pagina": 15, "doc_folha": 108, "doc_escala": "1:15.000", "doc_metodo": "Reconstituição Vetorial Afim", "doc_rms_m": 0.68 }, "geometry": { "type": "LineString", "coordinates": [ [ 173091.170623395475559, 9659275.822239624336362 ], [ 173043.206643699842971, 9659235.689115114510059 ], [ 172965.876962129899766, 9659168.148003133013844 ], [ 172934.553546823764918, 9659142.697729052975774 ], [ 172902.251274767506402, 9659113.332028191536665 ] ] } },
{ "type": "Feature", "properties": { "id": 582, "pagina": 15, "classe": "Logradouros", "metodo": "EIXO_TRACO", "comp_m": 59.589786198707579, "id_layer": "p15_camadas_logradouros", "doc_fonte": "Resposta SECT_autos.pdf", "doc_pagina": 15, "doc_folha": 108, "doc_escala": "1:15.000", "doc_metodo": "Reconstituição Vetorial Afim", "doc_rms_m": 0.68 }, "geometry": { "type": "LineString", "coordinates": [ [ 173091.170623395475559, 9659275.822239624336362 ], [ 173131.303748720471049, 9659231.773688333109021 ] ] } },
{ "type": "Feature", "properties": { "id": 583, "pagina": 15, "classe": "Logradouros", "metodo": "EIXO_TRACO", "comp_m": 112.73803610152224, "id_layer": "p15_camadas_logradouros", "doc_fonte": "Resposta SECT_autos.pdf", "doc_pagina": 15, "doc_folha": 108, "doc_escala": "1:15.000", "doc_metodo": "Reconstituição Vetorial Afim", "doc_rms_m": 0.68 }, "geometry": { "type": "LineString", "coordinates": [ [ 175514.81985357409576, 9657078.288958499208093 ], [ 175515.798710310540628, 9657080.246671890839934 ], [ 175526.566134267690359, 9657081.225528586655855 ], [ 175549.079838925303193, 9657086.119812063872814 ], [ 175554.952979261841392, 9657086.119812063872814 ], [ 175555.93183599144686, 9657087.09866875782609 ], [ 175586.276394424232421, 9657091.014095539227128 ], [ 175599.001531840593088, 9657093.950665626674891 ], [ 175605.853528899897356, 9657093.950665626674891 ], [ 175618.578666316258023, 9657096.887235712260008 ], [ 175624.451806652767118, 9657096.887235712260008 ] ] } },
{ "type": "Feature", "properties": { "id": 584, "pagina": 15, "classe": "Logradouros", "metodo": "EIXO_TRACO", "comp_m": 217.16950502161009, "id_layer": "p15_camadas_logradouros", "doc_fonte": "Resposta SECT_autos.pdf", "doc_pagina": 15, "doc_folha": 108, "doc_escala": "1:15.000", "doc_metodo": "Reconstituição Vetorial Afim", "doc_rms_m": 0.68 }, "geometry": { "type": "LineString", "coordinates": [ [ 175514.81985357409576, 9657078.288958499208093 ], [ 175504.052429623785429, 9657078.288958499208093 ], [ 175503.073572894179961, 9657077.310101805254817 ], [ 175498.179289280407829, 9657077.310101805254817 ], [ 175497.200432550802361, 9657076.331245109438896 ], [ 175492.30614893703023, 9657076.331245109438896 ], [ 175491.327292207424762, 9657075.352388413622975 ], [ 175486.43300859365263, 9657075.352388413622975 ], [ 175485.454151864047162, 9657074.373531717807055 ], [ 175480.559868250275031, 9657074.373531717807055 ], [ 175479.581011520669563, 9657073.394675023853779 ], [ 175474.686727906897431, 9657073.394675023853779 ], [ 175438.469029117026366, 9657066.542678155004978 ], [ 175430.638175334956031, 9657066.542678155004978 ], [ 175429.659318605379667, 9657065.563821461051702 ], [ 175403.230187063600169, 9657061.648394677788019 ], [ 175400.293616854265565, 9657055.775254506617785 ], [ 175395.39933305568411, 9657029.346123730763793 ], [ 175382.674195331346709, 9656982.361002353951335 ], [ 175381.695338546996936, 9656973.551292095333338 ], [ 175379.7376250741072, 9656969.6358653139323 ], [ 175379.737625026202295, 9656962.783868445083499 ] ] } },
{ "type": "Feature", "properties": { "id": 585, "pagina": 15, "classe": "Logradouros", "metodo": "EIXO_TRACO", "comp_m": 52.521868399197544, "id_layer": "p15_camadas_logradouros", "doc_fonte": "Resposta SECT_autos.pdf", "doc_pagina": 15, "doc_folha": 108, "doc_escala": "1:15.000", "doc_metodo": "Reconstituição Vetorial Afim", "doc_rms_m": 0.68 }, "geometry": { "type": "LineString", "coordinates": [ [ 175631.303803349350346, 9657045.007830856367946 ], [ 175631.303803390415851, 9657050.880971029400826 ], [ 175624.451806584344013, 9657087.09866875782609 ], [ 175624.451806652767118, 9657096.887235712260008 ] ] } },
{ "type": "Feature", "properties": { "id": 586, "pagina": 15, "classe": "Logradouros", "metodo": "EIXO_TRACO", "comp_m": 53.722239111824017, "id_layer": "p15_camadas_logradouros", "doc_fonte": "Resposta SECT_autos.pdf", "doc_pagina": 15, "doc_folha": 108, "doc_escala": "1:15.000", "doc_metodo": "Reconstituição Vetorial Afim", "doc_rms_m": 0.68 }, "geometry": { "type": "LineString", "coordinates": [ [ 175631.303803349350346, 9657045.007830856367946 ], [ 175633.261516760627273, 9657040.113547381013632 ], [ 175640.113513484568102, 9656992.149569306522608 ] ] } },
{ "type": "Feature", "properties": { "id": 587, "pagina": 15, "classe": "Logradouros", "metodo": "EIXO_TRACO", "comp_m": 61.817441429511213, "id_layer": "p15_camadas_logradouros", "doc_fonte": "Resposta SECT_autos.pdf", "doc_pagina": 15, "doc_folha": 108, "doc_escala": "1:15.000", "doc_metodo": "Reconstituição Vetorial Afim", "doc_rms_m": 0.68 }, "geometry": { "type": "LineString", "coordinates": [ [ 172904.208979541697772, 9657873.120595149695873 ], [ 172871.906707848160295, 9657895.634299142286181 ], [ 172861.139283966302173, 9657905.422866096720099 ], [ 172854.287286934384611, 9657909.338292878121138 ] ] } },
{ "type": "Feature", "properties": { "id": 588, "pagina": 15, "classe": "Logradouros", "metodo": "EIXO_TRACO", "comp_m": 6.1908333256522958, "id_layer": "p15_camadas_logradouros", "doc_fonte": "Resposta SECT_autos.pdf", "doc_pagina": 15, "doc_folha": 108, "doc_escala": "1:15.000", "doc_metodo": "Reconstituição Vetorial Afim", "doc_rms_m": 0.68 }, "geometry": { "type": "LineString", "coordinates": [ [ 176242.110403728322126, 9657814.389193423092365 ], [ 176240.152690323884599, 9657820.262333596125245 ] ] } },
{ "type": "Feature", "properties": { "id": 589, "pagina": 15, "classe": "Logradouros", "metodo": "EIXO_TRACO", "comp_m": 35.307330066541681, "id_layer": "p15_camadas_logradouros", "doc_fonte": "Resposta SECT_autos.pdf", "doc_pagina": 15, "doc_folha": 108, "doc_escala": "1:15.000", "doc_metodo": "Reconstituição Vetorial Afim", "doc_rms_m": 0.68 }, "geometry": { "type": "LineString", "coordinates": [ [ 176242.110403728322126, 9657814.389193423092365 ], [ 176274.412675606639823, 9657818.304620204493403 ], [ 176276.370389065850759, 9657820.262333596125245 ] ] } },
{ "type": "Feature", "properties": { "id": 590, "pagina": 15, "classe": "Logradouros", "metodo": "EIXO_TRACO", "comp_m": 45.558110858555636, "id_layer": "p15_camadas_logradouros", "doc_fonte": "Resposta SECT_autos.pdf", "doc_pagina": 15, "doc_folha": 108, "doc_escala": "1:15.000", "doc_metodo": "Reconstituição Vetorial Afim", "doc_rms_m": 0.68 }, "geometry": { "type": "LineString", "coordinates": [ [ 173720.575497756304685, 9659508.790133124217391 ], [ 173717.638927567517385, 9659505.853563038632274 ], [ 173692.18865271427785, 9659497.043852780014277 ], [ 173689.252082532300847, 9659495.086139388382435 ], [ 173678.484658568311715, 9659493.128425998613238 ] ] } },
{ "type": "Feature", "properties": { "id": 591, "pagina": 15, "classe": "Logradouros", "metodo": "EIXO_TRACO", "comp_m": 55.804875841878626, "id_layer": "p15_camadas_logradouros", "doc_fonte": "Resposta SECT_autos.pdf", "doc_pagina": 15, "doc_folha": 108, "doc_escala": "1:15.000", "doc_metodo": "Reconstituição Vetorial Afim", "doc_rms_m": 0.68 }, "geometry": { "type": "LineString", "coordinates": [ [ 175624.451806652767118, 9657096.887235712260008 ], [ 175625.430663382372586, 9657097.866092408075929 ], [ 175638.155800785054453, 9657098.844949102029204 ], [ 175669.479215954284882, 9657104.718089275062084 ], [ 175679.267783181858249, 9657104.718089275062084 ] ] } },
{ "type": "Feature", "properties": { "id": 592, "pagina": 15, "classe": "Logradouros", "metodo": "EIXO_TRACO", "comp_m": 241.06805982864665, "id_layer": "p15_camadas_logradouros", "doc_fonte": "Resposta SECT_autos.pdf", "doc_pagina": 15, "doc_folha": 108, "doc_escala": "1:15.000", "doc_metodo": "Reconstituição Vetorial Afim", "doc_rms_m": 0.68 }, "geometry": { "type": "LineString", "coordinates": [ [ 173061.804922054987401, 9659324.765074392780662 ], [ 173064.741492250643205, 9659328.6805011741817 ], [ 173107.811188277730253, 9659360.982772123068571 ], [ 173125.430609403701965, 9659377.623335944488645 ], [ 173184.162013118097093, 9659427.545027408748865 ], [ 173205.696861155593069, 9659447.122161315754056 ], [ 173241.914560157631058, 9659484.318715739995241 ] ] } },
{ "type": "Feature", "properties": { "id": 593, "pagina": 15, "classe": "Logradouros", "metodo": "EIXO_TRACO", "comp_m": 56.054832488624001, "id_layer": "p15_camadas_logradouros", "doc_fonte": "Resposta SECT_autos.pdf", "doc_pagina": 15, "doc_folha": 108, "doc_escala": "1:15.000", "doc_metodo": "Reconstituição Vetorial Afim", "doc_rms_m": 0.68 }, "geometry": { "type": "LineString", "coordinates": [ [ 173061.804922054987401, 9659324.765074392780662 ], [ 173063.762635486811632, 9659322.807361003011465 ], [ 173074.530059272889048, 9659299.314800314605236 ], [ 173086.276339822739828, 9659281.695379797369242 ], [ 173091.170623409154359, 9659277.779953015968204 ] ] } },
{ "type": "Feature", "properties": { "id": 594, "pagina": 15, "classe": "Logradouros", "metodo": "EIXO_TRACO", "comp_m": 28.383351839278465, "id_layer": "p15_camadas_logradouros", "doc_fonte": "Resposta SECT_autos.pdf", "doc_pagina": 15, "doc_folha": 108, "doc_escala": "1:15.000", "doc_metodo": "Reconstituição Vetorial Afim", "doc_rms_m": 0.68 }, "geometry": { "type": "LineString", "coordinates": [ [ 175649.902080342551926, 9656939.29130775667727 ], [ 175643.050083269568859, 9656937.333594365045428 ], [ 175625.43066224627546, 9656935.375880975276232 ], [ 175622.49409206432756, 9656933.41816758364439 ] ] } },
{ "type": "Feature", "properties": { "id": 595, "pagina": 15, "classe": "Logradouros", "metodo": "EIXO_TRACO", "comp_m": 70.950748379578897, "id_layer": "p15_camadas_logradouros", "doc_fonte": "Resposta SECT_autos.pdf", "doc_pagina": 15, "doc_folha": 108, "doc_escala": "1:15.000", "doc_metodo": "Reconstituição Vetorial Afim", "doc_rms_m": 0.68 }, "geometry": { "type": "LineString", "coordinates": [ [ 174820.810442608577432, 9657860.395458107814193 ], [ 174825.704726236028364, 9657862.353171497583389 ], [ 174835.493293470441131, 9657863.33202819339931 ], [ 174839.408720375155099, 9657865.289741585031152 ], [ 174849.197287609567866, 9657866.268598278984427 ], [ 174869.753278821648564, 9657871.162881756201386 ], [ 174887.372699844941963, 9657873.120595147833228 ], [ 174889.330413304123795, 9657875.078308537602425 ] ] } },
{ "type": "Feature", "properties": { "id": 596, "pagina": 15, "classe": "Logradouros", "metodo": "EIXO_TRACO", "comp_m": 109.10765318570937, "id_layer": "p15_camadas_logradouros", "doc_fonte": "Resposta SECT_autos.pdf", "doc_pagina": 15, "doc_folha": 108, "doc_escala": "1:15.000", "doc_metodo": "Reconstituição Vetorial Afim", "doc_rms_m": 0.68 }, "geometry": { "type": "LineString", "coordinates": [ [ 178429.855176767421653, 9657482.556773688644171 ], [ 178469.009445718722418, 9657488.429913859814405 ], [ 178486.628866769373417, 9657494.303054032847285 ], [ 178497.396290781296557, 9657503.112764291465282 ], [ 178511.100285023072502, 9657520.732184808701277 ], [ 178515.015711968851974, 9657528.563038371503353 ], [ 178515.994568732654443, 9657534.436178542673588 ] ] } },
{ "type": "Feature", "properties": { "id": 597, "pagina": 15, "classe": "Logradouros", "metodo": "EIXO_TRACO", "comp_m": 238.57810351702315, "id_layer": "p15_camadas_logradouros", "doc_fonte": "Resposta SECT_autos.pdf", "doc_pagina": 15, "doc_folha": 108, "doc_escala": "1:15.000", "doc_metodo": "Reconstituição Vetorial Afim", "doc_rms_m": 0.68 }, "geometry": { "type": "LineString", "coordinates": [ [ 178429.855176767421653, 9657482.556773688644171 ], [ 178428.876320037816186, 9657481.57791699282825 ], [ 178407.34147211664822, 9657478.641346907243133 ], [ 178402.447188489197288, 9657476.683633515611291 ], [ 178398.53176159816212, 9657476.683633515611291 ], [ 178393.637477970711188, 9657474.725920125842094 ], [ 178389.722051079676021, 9657474.725920125842094 ], [ 178384.827767452225089, 9657472.768206734210253 ], [ 178336.863787968730321, 9657462.97963978163898 ], [ 178322.180937093187822, 9657458.085356304422021 ], [ 178317.286653479415691, 9657458.085356304422021 ], [ 178304.561516063055024, 9657455.148786218836904 ], [ 178297.709519003750756, 9657455.148786218836904 ], [ 178296.730662274145288, 9657454.169929523020983 ], [ 178284.984381601097994, 9657454.169929523020983 ], [ 178284.005524885171326, 9657455.148786218836904 ], [ 178266.386103882425232, 9657456.127642912790179 ], [ 178265.407247166498564, 9657457.1064996086061 ], [ 178234.08383205201244, 9657459.064213000237942 ], [ 178233.104975336085772, 9657460.043069694191217 ], [ 178226.252978276810609, 9657460.043069694191217 ], [ 178225.274121560883941, 9657461.021926390007138 ], [ 178218.422124501608778, 9657461.021926390007138 ], [ 178209.612414010480279, 9657462.97963978163898 ], [ 178198.844990060169948, 9657462.97963978163898 ], [ 178197.866133344272384, 9657463.958496475592256 ] ] } },
{ "type": "Feature", "properties": { "id": 598, "pagina": 15, "classe": "Logradouros", "metodo": "EIXO_TRACO", "comp_m": 49.061110725774334, "id_layer": "p15_camadas_logradouros", "doc_fonte": "Resposta SECT_autos.pdf", "doc_pagina": 15, "doc_folha": 108, "doc_escala": "1:15.000", "doc_metodo": "Reconstituição Vetorial Afim", "doc_rms_m": 0.68 }, "geometry": { "type": "LineString", "coordinates": [ [ 172903.230120916297892, 9657600.998433833941817 ], [ 172904.20897764590336, 9657601.977290529757738 ], [ 172906.166691084566992, 9657600.998433833941817 ], [ 172914.976401589374291, 9657600.998433833941817 ], [ 172924.764968803239753, 9657599.040720442309976 ], [ 172943.363246528781019, 9657598.0618637483567 ], [ 172951.194100297114346, 9657596.104150356724858 ] ] } },
{ "type": "Feature", "properties": { "id": 599, "pagina": 15, "classe": "Logradouros", "metodo": "EIXO_TRACO", "comp_m": 23.675384962101404, "id_layer": "p15_camadas_logradouros", "doc_fonte": "Resposta SECT_autos.pdf", "doc_pagina": 15, "doc_folha": 108, "doc_escala": "1:15.000", "doc_metodo": "Reconstituição Vetorial Afim", "doc_rms_m": 0.68 }, "geometry": { "type": "LineString", "coordinates": [ [ 178166.542726476764074, 9658645.438527796417475 ], [ 178169.479296809266089, 9658668.931088486686349 ] ] } },
{ "type": "Feature", "properties": { "id": 600, "pagina": 15, "classe": "Logradouros", "metodo": "EIXO_TRACO", "comp_m": 89.851153577104782, "id_layer": "p15_camadas_logradouros", "doc_fonte": "Resposta SECT_autos.pdf", "doc_pagina": 15, "doc_folha": 108, "doc_escala": "1:15.000", "doc_metodo": "Reconstituição Vetorial Afim", "doc_rms_m": 0.68 }, "geometry": { "type": "LineString", "coordinates": [ [ 178166.542726476764074, 9658645.438527796417475 ], [ 178165.563869596575387, 9658622.924823803827167 ], [ 178160.669585893832846, 9658610.199686763808131 ], [ 178127.388457107968861, 9658579.855129206553102 ], [ 178122.494173473678529, 9658576.918559120967984 ], [ 178119.55760330540943, 9658576.918559120967984 ] ] } },
{ "type": "Feature", "properties": { "id": 601, "pagina": 15, "classe": "Logradouros", "metodo": "EIXO_TRACO", "comp_m": 24.549601694460943, "id_layer": "p15_camadas_logradouros", "doc_fonte": "Resposta SECT_autos.pdf", "doc_pagina": 15, "doc_folha": 108, "doc_escala": "1:15.000", "doc_metodo": "Reconstituição Vetorial Afim", "doc_rms_m": 0.68 }, "geometry": { "type": "LineString", "coordinates": [ [ 178166.542726476764074, 9658645.438527796417475 ], [ 178142.071308421553113, 9658647.396241188049316 ] ] } },
{ "type": "Feature", "properties": { "id": 602, "pagina": 15, "classe": "Logradouros", "metodo": "EIXO_TRACO", "comp_m": 24.65249990256811, "id_layer": "p15_camadas_logradouros", "doc_fonte": "Resposta SECT_autos.pdf", "doc_pagina": 15, "doc_folha": 108, "doc_escala": "1:15.000", "doc_metodo": "Reconstituição Vetorial Afim", "doc_rms_m": 0.68 }, "geometry": { "type": "LineString", "coordinates": [ [ 174696.495640851237113, 9658151.115896634757519 ], [ 174699.432211012666812, 9658150.137039938941598 ], [ 174720.967058920126874, 9658151.115896634757519 ] ] } },
{ "type": "Feature", "properties": { "id": 603, "pagina": 15, "classe": "Logradouros", "metodo": "EIXO_TRACO", "comp_m": 47.905837402410086, "id_layer": "p15_camadas_logradouros", "doc_fonte": "Resposta SECT_autos.pdf", "doc_pagina": 15, "doc_folha": 108, "doc_escala": "1:15.000", "doc_metodo": "Reconstituição Vetorial Afim", "doc_rms_m": 0.68 }, "geometry": { "type": "LineString", "coordinates": [ [ 173694.146365105814766, 9659346.299921691417694 ], [ 173692.18865164660383, 9659344.342208299785852 ], [ 173689.25208147833473, 9659344.342208299785852 ], [ 173655.970952788280556, 9659327.701644478365779 ], [ 173651.076669167669024, 9659326.722787784412503 ] ] } },
{ "type": "Feature", "properties": { "id": 604, "pagina": 15, "classe": "Logradouros", "metodo": "EIXO_TRACO", "comp_m": 103.76313636330467, "id_layer": "p15_camadas_logradouros", "doc_fonte": "Resposta SECT_autos.pdf", "doc_pagina": 15, "doc_folha": 108, "doc_escala": "1:15.000", "doc_metodo": "Reconstituição Vetorial Afim", "doc_rms_m": 0.68 }, "geometry": { "type": "LineString", "coordinates": [ [ 178350.567790655972203, 9658688.50822239369154 ], [ 178349.588933940074639, 9658689.487079089507461 ], [ 178349.588933987979544, 9658696.339075956493616 ], [ 178346.65236386761535, 9658703.191072823479772 ], [ 178346.652363929199055, 9658712.000783082097769 ], [ 178345.673507213301491, 9658712.97963977791369 ], [ 178345.673507623927435, 9658771.711041500791907 ], [ 178349.588934610772412, 9658785.415035236626863 ], [ 178349.588934644998517, 9658790.309318711981177 ] ] } },
{ "type": "Feature", "properties": { "id": 605, "pagina": 15, "classe": "Logradouros", "metodo": "EIXO_TRACO", "comp_m": 193.68112039713526, "id_layer": "p15_camadas_logradouros", "doc_fonte": "Resposta SECT_autos.pdf", "doc_pagina": 15, "doc_folha": 108, "doc_escala": "1:15.000", "doc_metodo": "Reconstituição Vetorial Afim", "doc_rms_m": 0.68 }, "geometry": { "type": "LineString", "coordinates": [ [ 173585.493255335692083, 9657409.142521539703012 ], [ 173465.093878731015138, 9657451.233359441161156 ], [ 173435.728177130455151, 9657462.97963978536427 ], [ 173419.087612877832726, 9657467.873923262581229 ], [ 173406.362475516216364, 9657472.768206739798188 ], [ 173404.404762091260636, 9657475.704776825383306 ] ] } },
{ "type": "Feature", "properties": { "id": 606, "pagina": 15, "classe": "Logradouros", "metodo": "EIXO_TRACO", "comp_m": 34.909768823168655, "id_layer": "p15_camadas_logradouros", "doc_fonte": "Resposta SECT_autos.pdf", "doc_pagina": 15, "doc_folha": 108, "doc_escala": "1:15.000", "doc_metodo": "Reconstituição Vetorial Afim", "doc_rms_m": 0.68 }, "geometry": { "type": "LineString", "coordinates": [ [ 173585.493255335692083, 9657409.142521539703012 ], [ 173588.429825538158184, 9657414.036805016919971 ], [ 173595.281822795950575, 9657442.423649182543159 ] ] } },
{ "type": "Feature", "properties": { "id": 607, "pagina": 15, "classe": "Logradouros", "metodo": "EIXO_TRACO", "comp_m": 276.7479901595899, "id_layer": "p15_camadas_logradouros", "doc_fonte": "Resposta SECT_autos.pdf", "doc_pagina": 15, "doc_folha": 108, "doc_escala": "1:15.000", "doc_metodo": "Reconstituição Vetorial Afim", "doc_rms_m": 0.68 }, "geometry": { "type": "LineString", "coordinates": [ [ 178268.343827723932918, 9658943.010963192209601 ], [ 178267.364970953261945, 9658936.158966323360801 ], [ 178254.63983328366885, 9658897.004698509350419 ], [ 178252.682119756034808, 9658885.258418165147305 ], [ 178250.724406276305672, 9658880.364134687930346 ], [ 178248.766692734963726, 9658866.660140952095389 ], [ 178244.851265741308453, 9658851.977290522307158 ], [ 178239.956981846917188, 9658811.84416601061821 ], [ 178237.999268353480147, 9658804.992169143632054 ], [ 178238.978125055728015, 9658802.055599058046937 ], [ 178238.978124795656186, 9658764.859044633805752 ], [ 178239.956981511553749, 9658763.880187937989831 ], [ 178242.89355143342982, 9658728.641346903517842 ], [ 178243.872408149356488, 9658727.662490209564567 ], [ 178243.872408094612183, 9658719.831636644899845 ], [ 178244.851264810509747, 9658718.852779950946569 ], [ 178244.851264755765442, 9658711.021926388144493 ], [ 178246.808978132845368, 9658701.233359433710575 ], [ 178248.766691373020876, 9658671.867658572271466 ] ] } },
{ "type": "Feature", "properties": { "id": 608, "pagina": 15, "classe": "Logradouros", "metodo": "EIXO_TRACO", "comp_m": 30.778779143842698, "id_layer": "p15_camadas_logradouros", "doc_fonte": "Resposta SECT_autos.pdf", "doc_pagina": 15, "doc_folha": 108, "doc_escala": "1:15.000", "doc_metodo": "Reconstituição Vetorial Afim", "doc_rms_m": 0.68 }, "geometry": { "type": "LineString", "coordinates": [ [ 178091.170759611617541, 9658758.007047764956951 ], [ 178103.895897007430904, 9658758.007047764956951 ], [ 178104.874753723357571, 9658757.028191071003675 ], [ 178121.515318003366701, 9658756.049334375187755 ] ] } },
{ "type": "Feature", "properties": { "id": 609, "pagina": 15, "classe": "Logradouros", "metodo": "EIXO_TRACO", "comp_m": 276.97784697105595, "id_layer": "p15_camadas_logradouros", "doc_fonte": "Resposta SECT_autos.pdf", "doc_pagina": 15, "doc_folha": 108, "doc_escala": "1:15.000", "doc_metodo": "Reconstituição Vetorial Afim", "doc_rms_m": 0.68 }, "geometry": { "type": "LineString", "coordinates": [ [ 172956.088391350320308, 9658660.121378231793642 ], [ 173015.798651814839104, 9658713.958496477454901 ], [ 173042.227783507172717, 9658739.408770557492971 ], [ 173154.796307418000652, 9658852.956147221848369 ] ] } },
{ "type": "Feature", "properties": { "id": 610, "pagina": 15, "classe": "Logradouros", "metodo": "EIXO_TRACO", "comp_m": 48.403425341277952, "id_layer": "p15_camadas_logradouros", "doc_fonte": "Resposta SECT_autos.pdf", "doc_pagina": 15, "doc_folha": 108, "doc_escala": "1:15.000", "doc_metodo": "Reconstituição Vetorial Afim", "doc_rms_m": 0.68 }, "geometry": { "type": "LineString", "coordinates": [ [ 173880.129142655263422, 9659378.60219263844192 ], [ 173883.065712755080312, 9659368.813625684008002 ], [ 173898.727420107024955, 9659338.469068128615618 ], [ 173899.706276802404318, 9659334.55364134721458 ] ] } },
{ "type": "Feature", "properties": { "id": 611, "pagina": 15, "classe": "Logradouros", "metodo": "EIXO_TRACO", "comp_m": 59.869574037586688, "id_layer": "p15_camadas_logradouros", "doc_fonte": "Resposta SECT_autos.pdf", "doc_pagina": 15, "doc_folha": 108, "doc_escala": "1:15.000", "doc_metodo": "Reconstituição Vetorial Afim", "doc_rms_m": 0.68 }, "geometry": { "type": "LineString", "coordinates": [ [ 173173.394576882827096, 9657670.497259205207229 ], [ 173149.902015646192012, 9657686.158966330811381 ], [ 173133.261451455153292, 9657699.862960066646338 ], [ 173124.451740984572098, 9657704.757243543863297 ] ] } },
{ "type": "Feature", "properties": { "id": 612, "pagina": 15, "classe": "Logradouros", "metodo": "EIXO_TRACO", "comp_m": 78.243292946136407, "id_layer": "p15_camadas_logradouros", "doc_fonte": "Resposta SECT_autos.pdf", "doc_pagina": 15, "doc_folha": 108, "doc_escala": "1:15.000", "doc_metodo": "Reconstituição Vetorial Afim", "doc_rms_m": 0.68 }, "geometry": { "type": "LineString", "coordinates": [ [ 178515.015717348200269, 9658297.944400938227773 ], [ 178507.184863572998438, 9658298.923257634043694 ], [ 178492.502012779586948, 9658305.775254501029849 ], [ 178457.263170972524676, 9658336.119812058284879 ], [ 178452.36888739981805, 9658341.992952229455113 ] ] } },
{ "type": "Feature", "properties": { "id": 613, "pagina": 15, "classe": "Logradouros", "metodo": "EIXO_TRACO", "comp_m": 63.438664283747705, "id_layer": "p15_camadas_logradouros", "doc_fonte": "Resposta SECT_autos.pdf", "doc_pagina": 15, "doc_folha": 108, "doc_escala": "1:15.000", "doc_metodo": "Reconstituição Vetorial Afim", "doc_rms_m": 0.68 }, "geometry": { "type": "LineString", "coordinates": [ [ 173159.690587240213063, 9658310.669537981972098 ], [ 173158.711730544833699, 9658314.584964763373137 ], [ 173155.775160397111904, 9658317.521534850820899 ], [ 173134.240312619658653, 9658335.140955366194248 ], [ 173111.726608105789637, 9658350.802662493661046 ] ] } },
{ "type": "Feature", "properties": { "id": 614, "pagina": 15, "classe": "Logradouros", "metodo": "EIXO_TRACO", "comp_m": 4.0359296471106427, "id_layer": "p15_camadas_logradouros", "doc_fonte": "Resposta SECT_autos.pdf", "doc_pagina": 15, "doc_folha": 108, "doc_escala": "1:15.000", "doc_metodo": "Reconstituição Vetorial Afim", "doc_rms_m": 0.68 }, "geometry": { "type": "LineString", "coordinates": [ [ 176469.20516420842614, 9657928.915426781401038 ], [ 176465.289737324230373, 9657929.894283477216959 ] ] } },
{ "type": "Feature", "properties": { "id": 615, "pagina": 15, "classe": "Logradouros", "metodo": "EIXO_TRACO", "comp_m": 164.83180346318312, "id_layer": "p15_camadas_logradouros", "doc_fonte": "Resposta SECT_autos.pdf", "doc_pagina": 15, "doc_folha": 108, "doc_escala": "1:15.000", "doc_metodo": "Reconstituição Vetorial Afim", "doc_rms_m": 0.68 }, "geometry": { "type": "LineString", "coordinates": [ [ 174901.076705577754183, 9659534.240407202392817 ], [ 174904.992132461920846, 9659533.261550506576896 ], [ 174907.928702609671745, 9659530.324980420991778 ], [ 174940.230974207370309, 9659494.107282692566514 ], [ 174987.216096482181456, 9659434.397024273872375 ], [ 174993.089236763946246, 9659426.566170711070299 ], [ 175002.877803868323099, 9659408.946750193834305 ], [ 175004.835517306986731, 9659407.967893499881029 ] ] } },
{ "type": "Feature", "properties": { "id": 616, "pagina": 15, "classe": "Logradouros", "metodo": "EIXO_TRACO", "comp_m": 47.874107175233462, "id_layer": "p15_camadas_logradouros", "doc_fonte": "Resposta SECT_autos.pdf", "doc_pagina": 15, "doc_folha": 108, "doc_escala": "1:15.000", "doc_metodo": "Reconstituição Vetorial Afim", "doc_rms_m": 0.68 }, "geometry": { "type": "LineString", "coordinates": [ [ 173672.611516329139704, 9659221.006264682859182 ], [ 173667.717232715367572, 9659221.006264682859182 ], [ 173648.140098335541552, 9659231.773688333109021 ], [ 173636.393817724077962, 9659240.583398589864373 ], [ 173630.520677394379163, 9659241.562255285680294 ] ] } },
{ "type": "Feature", "properties": { "id": 617, "pagina": 15, "classe": "Logradouros", "metodo": "EIXO_TRACO", "comp_m": 98.193508971278433, "id_layer": "p15_camadas_logradouros", "doc_fonte": "Resposta SECT_autos.pdf", "doc_pagina": 15, "doc_folha": 108, "doc_escala": "1:15.000", "doc_metodo": "Reconstituição Vetorial Afim", "doc_rms_m": 0.68 }, "geometry": { "type": "LineString", "coordinates": [ [ 175232.909127275750507, 9658487.842599844560027 ], [ 175236.824554207851179, 9658493.715740015730262 ], [ 175248.570834921963979, 9658499.588880188763142 ], [ 175263.253685831761686, 9658509.377447141334414 ], [ 175300.450241447048029, 9658530.912294439971447 ], [ 175304.365668365440797, 9658534.827721221372485 ], [ 175310.238808722497197, 9658537.764291308820248 ], [ 175312.196522202226333, 9658542.658574784174562 ] ] } },
{ "type": "Feature", "properties": { "id": 618, "pagina": 15, "classe": "Logradouros", "metodo": "EIXO_TRACO", "comp_m": 137.3693046180573, "id_layer": "p15_camadas_logradouros", "doc_fonte": "Resposta SECT_autos.pdf", "doc_pagina": 15, "doc_folha": 108, "doc_escala": "1:15.000", "doc_metodo": "Reconstituição Vetorial Afim", "doc_rms_m": 0.68 }, "geometry": { "type": "LineString", "coordinates": [ [ 173388.743068502546521, 9659474.530148785561323 ], [ 173380.912214754731394, 9659479.424432262778282 ], [ 173350.567656520404853, 9659503.895849647000432 ], [ 173346.652229629369685, 9659503.895849647000432 ], [ 173293.793966224155156, 9659450.058731401339173 ], [ 173287.920825832872652, 9659442.227877838537097 ] ] } },
{ "type": "Feature", "properties": { "id": 619, "pagina": 15, "classe": "Logradouros", "metodo": "EIXO_TRACO", "comp_m": 19.818139467179101, "id_layer": "p15_camadas_logradouros", "doc_fonte": "Resposta SECT_autos.pdf", "doc_pagina": 15, "doc_folha": 108, "doc_escala": "1:15.000", "doc_metodo": "Reconstituição Vetorial Afim", "doc_rms_m": 0.68 }, "geometry": { "type": "LineString", "coordinates": [ [ 178112.70560675257002, 9658649.353954577818513 ], [ 178112.70560683470103, 9658661.100234923884273 ], [ 178114.663320334948367, 9658668.931088486686349 ] ] } },
{ "type": "Feature", "properties": { "id": 620, "pagina": 15, "classe": "Logradouros", "metodo": "EIXO_TRACO", "comp_m": 73.661395635622597, "id_layer": "p15_camadas_logradouros", "doc_fonte": "Resposta SECT_autos.pdf", "doc_pagina": 15, "doc_folha": 108, "doc_escala": "1:15.000", "doc_metodo": "Reconstituição Vetorial Afim", "doc_rms_m": 0.68 }, "geometry": { "type": "LineString", "coordinates": [ [ 178112.70560675257002, 9658649.353954577818513 ], [ 178109.769036385812797, 9658620.967110412195325 ], [ 178119.55760330540943, 9658576.918559120967984 ] ] } },
{ "type": "Feature", "properties": { "id": 621, "pagina": 15, "classe": "Logradouros", "metodo": "EIXO_TRACO", "comp_m": 330.6818376783836, "id_layer": "p15_camadas_logradouros", "doc_fonte": "Resposta SECT_autos.pdf", "doc_pagina": 15, "doc_folha": 108, "doc_escala": "1:15.000", "doc_metodo": "Reconstituição Vetorial Afim", "doc_rms_m": 0.68 }, "geometry": { "type": "LineString", "coordinates": [ [ 175363.097070711024571, 9658388.978073609992862 ], [ 175364.075927392725134, 9658383.104933438822627 ], [ 175366.033640817709966, 9658380.168363351374865 ], [ 175366.033640776644461, 9658374.29522318020463 ], [ 175369.949067599227419, 9658364.506656225770712 ], [ 175382.674204673385248, 9658318.50039154291153 ], [ 175390.50505829116446, 9658295.007830854505301 ], [ 175391.483914959186222, 9658287.176977291703224 ], [ 175413.018762278050417, 9658203.974158184602857 ], [ 175417.913045624940423, 9658165.798747064545751 ], [ 175418.891902340837987, 9658164.81989036872983 ], [ 175420.849615622108104, 9658141.327329680323601 ], [ 175421.828472338005668, 9658140.34847298450768 ], [ 175421.828472269553458, 9658130.559906030073762 ], [ 175423.786185653472785, 9658121.75019577331841 ], [ 175425.743898893677397, 9658092.384494911879301 ], [ 175427.701612284436123, 9658084.553641349077225 ], [ 175427.701612236531219, 9658077.701644480228424 ], [ 175429.65932566151605, 9658074.765074394643307 ], [ 175430.638182336348109, 9658067.913077527657151 ] ] } },
{ "type": "Feature", "properties": { "id": 622, "pagina": 15, "classe": "Logradouros", "metodo": "EIXO_TRACO", "comp_m": 50.014063113202397, "id_layer": "p15_camadas_logradouros", "doc_fonte": "Resposta SECT_autos.pdf", "doc_pagina": 15, "doc_folha": 108, "doc_escala": "1:15.000", "doc_metodo": "Reconstituição Vetorial Afim", "doc_rms_m": 0.68 }, "geometry": { "type": "LineString", "coordinates": [ [ 173717.638926143961726, 9659302.251370400190353 ], [ 173714.70235599623993, 9659305.187940485775471 ], [ 173699.040648651134688, 9659336.511354736983776 ], [ 173697.082935260375962, 9659344.342208299785852 ], [ 173695.12522182855173, 9659346.299921691417694 ] ] } },
{ "type": "Feature", "properties": { "id": 623, "pagina": 15, "classe": "Logradouros", "metodo": "EIXO_TRACO", "comp_m": 202.49519870928609, "id_layer": "p15_camadas_logradouros", "doc_fonte": "Resposta SECT_autos.pdf", "doc_pagina": 15, "doc_folha": 108, "doc_escala": "1:15.000", "doc_metodo": "Reconstituição Vetorial Afim", "doc_rms_m": 0.68 }, "geometry": { "type": "LineString", "coordinates": [ [ 173899.706276802404318, 9659334.55364134721458 ], [ 173910.473700766393449, 9659336.511354736983776 ], [ 173966.268534148257459, 9659362.940485512837768 ], [ 173968.226247593789594, 9659362.940485512837768 ], [ 174079.815914371196413, 9659417.756460454314947 ], [ 174081.77362783724675, 9659420.693030539900064 ] ] } },
{ "type": "Feature", "properties": { "id": 624, "pagina": 15, "classe": "Logradouros", "metodo": "EIXO_TRACO", "comp_m": 11.401291303552648, "id_layer": "p15_camadas_logradouros", "doc_fonte": "Resposta SECT_autos.pdf", "doc_pagina": 15, "doc_folha": 108, "doc_escala": "1:15.000", "doc_metodo": "Reconstituição Vetorial Afim", "doc_rms_m": 0.68 }, "geometry": { "type": "LineString", "coordinates": [ [ 174507.576294399652397, 9658299.90211433172226 ], [ 174513.449434695125092, 9658294.028974160552025 ], [ 174516.386004856554791, 9658293.050117464736104 ] ] } },
{ "type": "Feature", "properties": { "id": 625, "pagina": 15, "classe": "Logradouros", "metodo": "EIXO_TRACO", "comp_m": 72.156478819901054, "id_layer": "p15_camadas_logradouros", "doc_fonte": "Resposta SECT_autos.pdf", "doc_pagina": 15, "doc_folha": 108, "doc_escala": "1:15.000", "doc_metodo": "Reconstituição Vetorial Afim", "doc_rms_m": 0.68 }, "geometry": { "type": "LineString", "coordinates": [ [ 173350.567644570808625, 9657794.81205951794982 ], [ 173347.631074395700125, 9657793.833202822133899 ], [ 173339.800220558914589, 9657786.002349259331822 ], [ 173331.969366687902948, 9657773.277212219312787 ], [ 173310.434518595633563, 9657745.86922474950552 ], [ 173307.497948406846263, 9657742.932654663920403 ], [ 173303.582521508971695, 9657741.953797968104482 ] ] } },
{ "type": "Feature", "properties": { "id": 626, "pagina": 15, "classe": "Logradouros", "metodo": "EIXO_TRACO", "comp_m": 60.422164332554203, "id_layer": "p15_camadas_logradouros", "doc_fonte": "Resposta SECT_autos.pdf", "doc_pagina": 15, "doc_folha": 108, "doc_escala": "1:15.000", "doc_metodo": "Reconstituição Vetorial Afim", "doc_rms_m": 0.68 }, "geometry": { "type": "LineString", "coordinates": [ [ 174093.519909304217435, 9659534.240407204255462 ], [ 174083.731342069804668, 9659533.261550508439541 ], [ 174080.794771881017368, 9659530.324980422854424 ], [ 174042.619359556643758, 9659510.747846513986588 ], [ 174040.661646090622526, 9659507.81127642840147 ] ] } },
{ "type": "Feature", "properties": { "id": 627, "pagina": 15, "classe": "Logradouros", "metodo": "EIXO_TRACO", "comp_m": 6.8519968688488007, "id_layer": "p15_camadas_logradouros", "doc_fonte": "Resposta SECT_autos.pdf", "doc_pagina": 15, "doc_folha": 108, "doc_escala": "1:15.000", "doc_metodo": "Reconstituição Vetorial Afim", "doc_rms_m": 0.68 }, "geometry": { "type": "LineString", "coordinates": [ [ 173325.117370340361958, 9657875.07830853946507 ], [ 173325.117370292457053, 9657868.226311670616269 ] ] } },
{ "type": "Feature", "properties": { "id": 628, "pagina": 15, "classe": "Logradouros", "metodo": "EIXO_TRACO", "comp_m": 67.783581785386602, "id_layer": "p15_camadas_logradouros", "doc_fonte": "Resposta SECT_autos.pdf", "doc_pagina": 15, "doc_folha": 108, "doc_escala": "1:15.000", "doc_metodo": "Reconstituição Vetorial Afim", "doc_rms_m": 0.68 }, "geometry": { "type": "LineString", "coordinates": [ [ 173325.117370340361958, 9657875.07830853946507 ], [ 173320.223086788202636, 9657883.888018798083067 ], [ 173306.519092957052635, 9657925.00000000372529 ], [ 173304.561379532067804, 9657927.936570089310408 ], [ 173302.603666141309077, 9657935.767423652112484 ], [ 173300.645952709484845, 9657937.725137043744326 ] ] } },
{ "type": "Feature", "properties": { "id": 629, "pagina": 15, "classe": "Logradouros", "metodo": "EIXO_TRACO", "comp_m": 191.18893855502219, "id_layer": "p15_camadas_logradouros", "doc_fonte": "Resposta SECT_autos.pdf", "doc_pagina": 15, "doc_folha": 108, "doc_escala": "1:15.000", "doc_metodo": "Reconstituição Vetorial Afim", "doc_rms_m": 0.68 }, "geometry": { "type": "LineString", "coordinates": [ [ 173325.117370340361958, 9657875.07830853946507 ], [ 173331.96936743389233, 9657879.972592016682029 ], [ 173407.341335797857028, 9657981.773688334971666 ], [ 173432.791610808519181, 9658013.097102588042617 ], [ 173438.664751199801685, 9658020.927956150844693 ], [ 173439.643607963604154, 9658026.801096322014928 ] ] } },
{ "type": "Feature", "properties": { "id": 630, "pagina": 15, "classe": "Logradouros", "metodo": "EIXO_TRACO", "comp_m": 201.33121422127471, "id_layer": "p15_camadas_logradouros", "doc_fonte": "Resposta SECT_autos.pdf", "doc_pagina": 15, "doc_folha": 108, "doc_escala": "1:15.000", "doc_metodo": "Reconstituição Vetorial Afim", "doc_rms_m": 0.68 }, "geometry": { "type": "LineString", "coordinates": [ [ 174040.661646090622526, 9659507.81127642840147 ], [ 174034.788505747244926, 9659506.832419732585549 ], [ 174018.147941398783587, 9659498.022709473967552 ], [ 174016.190227953280555, 9659498.022709473967552 ], [ 173868.382862324389862, 9659427.54502740688622 ], [ 173860.552008528640727, 9659425.587314017117023 ], [ 173858.594295069458894, 9659423.629600625485182 ] ] } },
{ "type": "Feature", "properties": { "id": 631, "pagina": 15, "classe": "Logradouros", "metodo": "EIXO_TRACO", "comp_m": 357.74453487901337, "id_layer": "p15_camadas_logradouros", "doc_fonte": "Resposta SECT_autos.pdf", "doc_pagina": 15, "doc_folha": 108, "doc_escala": "1:15.000", "doc_metodo": "Reconstituição Vetorial Afim", "doc_rms_m": 0.68 }, "geometry": { "type": "LineString", "coordinates": [ [ 174363.684355305915233, 9658178.523884104564786 ], [ 174366.620925446797628, 9658174.608457323163748 ], [ 174383.261489713127958, 9658171.67188723757863 ], [ 174414.584904759161873, 9658159.925606893375516 ], [ 174443.950606304977555, 9658140.348472986370325 ], [ 174498.766582484997343, 9658098.257635084912181 ], [ 174526.174570612667594, 9658082.595927957445383 ], [ 174529.111140780936694, 9658082.595927957445383 ], [ 174541.836278142523952, 9658077.701644482091069 ], [ 174552.603702085994883, 9658076.722787786275148 ], [ 174553.58255880192155, 9658075.743931090459228 ], [ 174576.09626342530828, 9658075.743931090459228 ], [ 174577.075120154884644, 9658076.722787786275148 ], [ 174590.779114280332578, 9658077.701644482091069 ], [ 174618.187102565396344, 9658084.553641349077225 ], [ 174640.700807202461874, 9658086.511354738846421 ], [ 174641.679663932067342, 9658087.490211434662342 ], [ 174655.383658050646773, 9658087.490211434662342 ], [ 174656.362514766544336, 9658086.511354738846421 ], [ 174667.129938716883771, 9658086.511354738846421 ], [ 174668.108795432781335, 9658085.532498044893146 ], [ 174688.664786596957128, 9658083.574784653261304 ] ] } },
{ "type": "Feature", "properties": { "id": 632, "pagina": 15, "classe": "Logradouros", "metodo": "EIXO_TRACO", "comp_m": 37.219107912159615, "id_layer": "p15_camadas_logradouros", "doc_fonte": "Resposta SECT_autos.pdf", "doc_pagina": 15, "doc_folha": 108, "doc_escala": "1:15.000", "doc_metodo": "Reconstituição Vetorial Afim", "doc_rms_m": 0.68 }, "geometry": { "type": "LineString", "coordinates": [ [ 174369.557497264468111, 9658410.512920910492539 ], [ 174367.599783818965079, 9658410.512920910492539 ], [ 174347.043792784796096, 9658431.068911513313651 ], [ 174341.170652461965801, 9658433.026624903082848 ] ] } },
{ "type": "Feature", "properties": { "id": 633, "pagina": 15, "classe": "Logradouros", "metodo": "EIXO_TRACO", "comp_m": 6.8519968669861564, "id_layer": "p15_camadas_logradouros", "doc_fonte": "Resposta SECT_autos.pdf", "doc_pagina": 15, "doc_folha": 108, "doc_escala": "1:15.000", "doc_metodo": "Reconstituição Vetorial Afim", "doc_rms_m": 0.68 }, "geometry": { "type": "LineString", "coordinates": [ [ 173300.64595275738975, 9657944.577133910730481 ], [ 173300.645952709484845, 9657937.725137043744326 ] ] } },
{ "type": "Feature", "properties": { "id": 634, "pagina": 15, "classe": "Logradouros", "metodo": "EIXO_TRACO", "comp_m": 148.41214961509587, "id_layer": "p15_camadas_logradouros", "doc_fonte": "Resposta SECT_autos.pdf", "doc_pagina": 15, "doc_folha": 108, "doc_escala": "1:15.000", "doc_metodo": "Reconstituição Vetorial Afim", "doc_rms_m": 0.68 }, "geometry": { "type": "LineString", "coordinates": [ [ 173300.64595275738975, 9657944.577133910730481 ], [ 173306.519093121314654, 9657948.492560692131519 ], [ 173386.785345146956388, 9658057.145653879269958 ], [ 173391.679628788115224, 9658061.061080660670996 ] ] } },
{ "type": "Feature", "properties": { "id": 635, "pagina": 15, "classe": "Logradouros", "metodo": "EIXO_TRACO", "comp_m": 27.477816869835035, "id_layer": "p15_camadas_logradouros", "doc_fonte": "Resposta SECT_autos.pdf", "doc_pagina": 15, "doc_folha": 108, "doc_escala": "1:15.000", "doc_metodo": "Reconstituição Vetorial Afim", "doc_rms_m": 0.68 }, "geometry": { "type": "LineString", "coordinates": [ [ 178169.479296822973993, 9658670.888801876455545 ], [ 178171.437010460096644, 9658698.296789348125458 ] ] } },
{ "type": "Feature", "properties": { "id": 636, "pagina": 15, "classe": "Logradouros", "metodo": "EIXO_TRACO", "comp_m": 1.957713389769197, "id_layer": "p15_camadas_logradouros", "doc_fonte": "Resposta SECT_autos.pdf", "doc_pagina": 15, "doc_folha": 108, "doc_escala": "1:15.000", "doc_metodo": "Reconstituição Vetorial Afim", "doc_rms_m": 0.68 }, "geometry": { "type": "LineString", "coordinates": [ [ 178169.479296822973993, 9658670.888801876455545 ], [ 178169.479296809266089, 9658668.931088486686349 ] ] } },
{ "type": "Feature", "properties": { "id": 637, "pagina": 15, "classe": "Logradouros", "metodo": "EIXO_TRACO", "comp_m": 25.619132104833245, "id_layer": "p15_camadas_logradouros", "doc_fonte": "Resposta SECT_autos.pdf", "doc_pagina": 15, "doc_folha": 108, "doc_escala": "1:15.000", "doc_metodo": "Reconstituição Vetorial Afim", "doc_rms_m": 0.68 }, "geometry": { "type": "LineString", "coordinates": [ [ 178169.479296822973993, 9658670.888801876455545 ], [ 178144.029022051836364, 9658673.825371963903308 ] ] } },
{ "type": "Feature", "properties": { "id": 638, "pagina": 15, "classe": "Logradouros", "metodo": "EIXO_TRACO", "comp_m": 60.175939780847401, "id_layer": "p15_camadas_logradouros", "doc_fonte": "Resposta SECT_autos.pdf", "doc_pagina": 15, "doc_folha": 108, "doc_escala": "1:15.000", "doc_metodo": "Reconstituição Vetorial Afim", "doc_rms_m": 0.68 }, "geometry": { "type": "LineString", "coordinates": [ [ 172857.223859272169648, 9658219.635865312069654 ], [ 172898.335841402062215, 9658187.333594365045428 ], [ 172905.187838433979778, 9658183.41816758364439 ] ] } },
{ "type": "Feature", "properties": { "id": 639, "pagina": 15, "classe": "Logradouros", "metodo": "EIXO_TRACO", "comp_m": 111.03773543168899, "id_layer": "p15_camadas_logradouros", "doc_fonte": "Resposta SECT_autos.pdf", "doc_pagina": 15, "doc_folha": 108, "doc_escala": "1:15.000", "doc_metodo": "Reconstituição Vetorial Afim", "doc_rms_m": 0.68 }, "geometry": { "type": "LineString", "coordinates": [ [ 175531.460417156020412, 9656977.466718876734376 ], [ 175548.100981456547743, 9656979.424432266503572 ], [ 175549.079838186153211, 9656980.403288962319493 ], [ 175555.931835245428374, 9656980.403288962319493 ], [ 175556.910691975033842, 9656981.382145658135414 ], [ 175563.762689034338109, 9656981.382145658135414 ], [ 175564.741545763943577, 9656982.36100235208869 ], [ 175571.593542823218741, 9656982.36100235208869 ], [ 175572.572399552824209, 9656983.339859047904611 ], [ 175614.663238658686168, 9656987.255285829305649 ], [ 175640.113513484568102, 9656992.149569306522608 ] ] } },
{ "type": "Feature", "properties": { "id": 640, "pagina": 15, "classe": "Logradouros", "metodo": "EIXO_TRACO", "comp_m": 58.94310668120314, "id_layer": "p15_camadas_logradouros", "doc_fonte": "Resposta SECT_autos.pdf", "doc_pagina": 15, "doc_folha": 108, "doc_escala": "1:15.000", "doc_metodo": "Reconstituição Vetorial Afim", "doc_rms_m": 0.68 }, "geometry": { "type": "LineString", "coordinates": [ [ 173439.643607963604154, 9658026.801096322014928 ], [ 173391.679628788115224, 9658061.061080660670996 ] ] } },
{ "type": "Feature", "properties": { "id": 641, "pagina": 15, "classe": "Logradouros", "metodo": "EIXO_TRACO", "comp_m": 26.447251547422535, "id_layer": "p15_camadas_logradouros", "doc_fonte": "Resposta SECT_autos.pdf", "doc_pagina": 15, "doc_folha": 108, "doc_escala": "1:15.000", "doc_metodo": "Reconstituição Vetorial Afim", "doc_rms_m": 0.68 }, "geometry": { "type": "LineString", "coordinates": [ [ 178143.0501653290994, 9658673.825371963903308 ], [ 178142.071308421553113, 9658647.396241188049316 ] ] } },
{ "type": "Feature", "properties": { "id": 642, "pagina": 15, "classe": "Logradouros", "metodo": "EIXO_TRACO", "comp_m": 56.773688888759352, "id_layer": "p15_camadas_logradouros", "doc_fonte": "Resposta SECT_autos.pdf", "doc_pagina": 15, "doc_folha": 108, "doc_escala": "1:15.000", "doc_metodo": "Reconstituição Vetorial Afim", "doc_rms_m": 0.68 }, "geometry": { "type": "LineString", "coordinates": [ [ 172902.251274767506402, 9659113.332028191536665 ], [ 172941.405543390283128, 9659072.220046985894442 ] ] } },
{ "type": "Feature", "properties": { "id": 643, "pagina": 15, "classe": "Logradouros", "metodo": "EIXO_TRACO", "comp_m": 2.9365701682691001, "id_layer": "p15_camadas_logradouros", "doc_fonte": "Resposta SECT_autos.pdf", "doc_pagina": 15, "doc_folha": 108, "doc_escala": "1:15.000", "doc_metodo": "Reconstituição Vetorial Afim", "doc_rms_m": 0.68 }, "geometry": { "type": "LineString", "coordinates": [ [ 172902.251274767506402, 9659113.332028191536665 ], [ 172899.314704599237302, 9659113.332028191536665 ] ] } },
{ "type": "Feature", "properties": { "id": 644, "pagina": 15, "classe": "Logradouros", "metodo": "EIXO_TRACO", "comp_m": 28.888235099393963, "id_layer": "p15_camadas_logradouros", "doc_fonte": "Resposta SECT_autos.pdf", "doc_pagina": 15, "doc_folha": 108, "doc_escala": "1:15.000", "doc_metodo": "Reconstituição Vetorial Afim", "doc_rms_m": 0.68 }, "geometry": { "type": "LineString", "coordinates": [ [ 175653.817511319415644, 9657523.668754896149039 ], [ 175655.77522477862658, 9657525.626468287780881 ], [ 175662.627221947419457, 9657541.288175413385034 ], [ 175664.584935454535298, 9657550.097885672003031 ] ] } },
{ "type": "Feature", "properties": { "id": 645, "pagina": 15, "classe": "Logradouros", "metodo": "EIXO_TRACO", "comp_m": 103.96015841080148, "id_layer": "p15_camadas_logradouros", "doc_fonte": "Resposta SECT_autos.pdf", "doc_pagina": 15, "doc_folha": 108, "doc_escala": "1:15.000", "doc_metodo": "Reconstituição Vetorial Afim", "doc_rms_m": 0.68 }, "geometry": { "type": "LineString", "coordinates": [ [ 178350.567790649132803, 9658687.529365697875619 ], [ 178341.758080123807304, 9658684.592795612290502 ], [ 178320.223232202639338, 9658681.656225526705384 ], [ 178297.709527545026504, 9658676.761942049488425 ], [ 178287.92096031748224, 9658676.761942049488425 ], [ 178286.942103587876773, 9658675.783085353672504 ], [ 178279.111249805835541, 9658675.783085353672504 ], [ 178278.132393076230073, 9658674.804228657856584 ], [ 178248.766691373020876, 9658671.867658572271466 ] ] } },
{ "type": "Feature", "properties": { "id": 646, "pagina": 15, "classe": "Logradouros", "metodo": "EIXO_TRACO", "comp_m": 305.65755230305672, "id_layer": "p15_camadas_logradouros", "doc_fonte": "Resposta SECT_autos.pdf", "doc_pagina": 15, "doc_folha": 108, "doc_escala": "1:15.000", "doc_metodo": "Reconstituição Vetorial Afim", "doc_rms_m": 0.68 }, "geometry": { "type": "LineString", "coordinates": [ [ 172853.308430218457943, 9657910.317149573937058 ], [ 172810.238734649901744, 9657943.598277216777205 ], [ 172807.302164502179949, 9657946.534847302362323 ], [ 172807.302164529537549, 9657950.450274083763361 ], [ 172845.47757705920958, 9657999.393108852207661 ], [ 172954.130674298008671, 9658144.263899767771363 ] ] } },
{ "type": "Feature", "properties": { "id": 647, "pagina": 15, "classe": "Logradouros", "metodo": "EIXO_TRACO", "comp_m": 41.797576155718787, "id_layer": "p15_camadas_logradouros", "doc_fonte": "Resposta SECT_autos.pdf", "doc_pagina": 15, "doc_folha": 108, "doc_escala": "1:15.000", "doc_metodo": "Reconstituição Vetorial Afim", "doc_rms_m": 0.68 }, "geometry": { "type": "LineString", "coordinates": [ [ 175110.552032989158761, 9657924.021143306046724 ], [ 175111.53088966399082, 9657917.169146439060569 ], [ 175123.277170152286999, 9657890.740015663206577 ], [ 175124.256026833958458, 9657884.866875492036343 ] ] } },
{ "type": "Feature", "properties": { "id": 648, "pagina": 15, "classe": "Logradouros", "metodo": "EIXO_TRACO", "comp_m": 179.04875404044506, "id_layer": "p15_camadas_logradouros", "doc_fonte": "Resposta SECT_autos.pdf", "doc_pagina": 15, "doc_folha": 108, "doc_escala": "1:15.000", "doc_metodo": "Reconstituição Vetorial Afim", "doc_rms_m": 0.68 }, "geometry": { "type": "LineString", "coordinates": [ [ 174962.744665416568751, 9657575.548159752041101 ], [ 174974.49094611016335, 9657578.484729837626219 ], [ 175012.666358407150256, 9657594.146436965093017 ], [ 175031.264636180567322, 9657600.019577136263251 ], [ 175048.884057244926225, 9657607.850430699065328 ], [ 175064.545764843234792, 9657612.744714176282287 ], [ 175077.27090228011366, 9657618.617854349315166 ], [ 175088.038326250971295, 9657621.554424434900284 ], [ 175120.340598197741201, 9657635.25841817073524 ], [ 175130.129165445832768, 9657638.194988256320357 ] ] } },
{ "type": "Feature", "properties": { "id": 649, "pagina": 15, "classe": "Logradouros", "metodo": "EIXO_TRACO", "comp_m": 1.9577133916318421, "id_layer": "p15_camadas_logradouros", "doc_fonte": "Resposta SECT_autos.pdf", "doc_pagina": 15, "doc_folha": 108, "doc_escala": "1:15.000", "doc_metodo": "Reconstituição Vetorial Afim", "doc_rms_m": 0.68 }, "geometry": { "type": "LineString", "coordinates": [ [ 175304.365657435613684, 9656971.593578703701496 ], [ 175304.365657449292485, 9656973.551292095333338 ] ] } },
{ "type": "Feature", "properties": { "id": 650, "pagina": 15, "classe": "Logradouros", "metodo": "EIXO_TRACO", "comp_m": 4.894283477216959, "id_layer": "p15_camadas_logradouros", "doc_fonte": "Resposta SECT_autos.pdf", "doc_pagina": 15, "doc_folha": 108, "doc_escala": "1:15.000", "doc_metodo": "Reconstituição Vetorial Afim", "doc_rms_m": 0.68 }, "geometry": { "type": "LineString", "coordinates": [ [ 176240.1526903580816, 9657825.156617073342204 ], [ 176240.152690323884599, 9657820.262333596125245 ] ] } },
{ "type": "Feature", "properties": { "id": 651, "pagina": 15, "classe": "Logradouros", "metodo": "EIXO_TRACO", "comp_m": 169.39653864141258, "id_layer": "p15_camadas_logradouros", "doc_fonte": "Resposta SECT_autos.pdf", "doc_pagina": 15, "doc_folha": 108, "doc_escala": "1:15.000", "doc_metodo": "Reconstituição Vetorial Afim", "doc_rms_m": 0.68 }, "geometry": { "type": "LineString", "coordinates": [ [ 172805.34445175473229, 9658046.378230230882764 ], [ 172805.344451775279595, 9658049.314800316467881 ], [ 172808.281021977774799, 9658054.20908379368484 ], [ 172835.689010454458185, 9658088.469068132340908 ], [ 172905.187838427140377, 9658182.439310887828469 ] ] } },
{ "type": "Feature", "properties": { "id": 652, "pagina": 15, "classe": "Logradouros", "metodo": "EIXO_TRACO", "comp_m": 27.028503112137926, "id_layer": "p15_camadas_logradouros", "doc_fonte": "Resposta SECT_autos.pdf", "doc_pagina": 15, "doc_folha": 108, "doc_escala": "1:15.000", "doc_metodo": "Reconstituição Vetorial Afim", "doc_rms_m": 0.68 }, "geometry": { "type": "LineString", "coordinates": [ [ 175802.603718648548238, 9655445.555990610271692 ], [ 175804.561432107759174, 9655447.513704 ], [ 175807.498002337611979, 9655456.323414258658886 ], [ 175810.434572608530289, 9655471.006264690309763 ] ] } },
{ "type": "Feature", "properties": { "id": 653, "pagina": 15, "classe": "Logradouros", "metodo": "EIXO_TRACO", "comp_m": 199.38980067655319, "id_layer": "p15_camadas_logradouros", "doc_fonte": "Resposta SECT_autos.pdf", "doc_pagina": 15, "doc_folha": 108, "doc_escala": "1:15.000", "doc_metodo": "Reconstituição Vetorial Afim", "doc_rms_m": 0.68 }, "geometry": { "type": "LineString", "coordinates": [ [ 174260.904408690141281, 9659504.874706342816353 ], [ 174258.946695224090945, 9659501.93813625536859 ], [ 174209.025002192443935, 9659477.466718871146441 ], [ 174207.067288746940903, 9659477.466718871146441 ], [ 174196.299864755565068, 9659471.593578699976206 ], [ 174194.342151310032932, 9659471.593578699976206 ], [ 174183.574727318657096, 9659465.720438526943326 ], [ 174181.617013873154065, 9659465.720438526943326 ], [ 174170.849589881778229, 9659459.847298353910446 ], [ 174143.441601562488358, 9659448.101018009707332 ], [ 174088.625624903390417, 9659421.671887235715985 ], [ 174081.77362783724675, 9659420.693030539900064 ] ] } },
{ "type": "Feature", "properties": { "id": 654, "pagina": 15, "classe": "Logradouros", "metodo": "EIXO_TRACO", "comp_m": 2.9365701682691001, "id_layer": "p15_camadas_logradouros", "doc_fonte": "Resposta SECT_autos.pdf", "doc_pagina": 15, "doc_folha": 108, "doc_escala": "1:15.000", "doc_metodo": "Reconstituição Vetorial Afim", "doc_rms_m": 0.68 }, "geometry": { "type": "LineString", "coordinates": [ [ 172944.342113558552228, 9659072.220046985894442 ], [ 172941.405543390283128, 9659072.220046985894442 ] ] } },
{ "type": "Feature", "properties": { "id": 655, "pagina": 15, "classe": "Logradouros", "metodo": "EIXO_TRACO", "comp_m": 245.25766233052553, "id_layer": "p15_camadas_logradouros", "doc_fonte": "Resposta SECT_autos.pdf", "doc_pagina": 15, "doc_folha": 108, "doc_escala": "1:15.000", "doc_metodo": "Reconstituição Vetorial Afim", "doc_rms_m": 0.68 }, "geometry": { "type": "LineString", "coordinates": [ [ 172944.342113558552228, 9659072.220046985894442 ], [ 172951.1941106657614, 9659079.072043854743242 ], [ 172960.0038212116051, 9659084.945184025913477 ], [ 173131.303748713631649, 9659230.7948316372931 ] ] } },
{ "type": "Feature", "properties": { "id": 656, "pagina": 15, "classe": "Logradouros", "metodo": "EIXO_TRACO", "comp_m": 80.553705968863667, "id_layer": "p15_camadas_logradouros", "doc_fonte": "Resposta SECT_autos.pdf", "doc_pagina": 15, "doc_folha": 108, "doc_escala": "1:15.000", "doc_metodo": "Reconstituição Vetorial Afim", "doc_rms_m": 0.68 }, "geometry": { "type": "LineString", "coordinates": [ [ 178277.153531398449559, 9657966.111981205642223 ], [ 178268.34382090732106, 9657968.06969459541142 ], [ 178255.618683545733802, 9657972.963978072628379 ], [ 178252.682113377464702, 9657972.963978072628379 ], [ 178239.95697601584834, 9657977.858261549845338 ], [ 178237.020405847579241, 9657977.858261549845338 ], [ 178200.80270719458349, 9657990.583398589864373 ] ] } },
{ "type": "Feature", "properties": { "id": 657, "pagina": 15, "classe": "Logradouros", "metodo": "EIXO_TRACO", "comp_m": 156.85889834443054, "id_layer": "p15_camadas_logradouros", "doc_fonte": "Resposta SECT_autos.pdf", "doc_pagina": 15, "doc_folha": 108, "doc_escala": "1:15.000", "doc_metodo": "Reconstituição Vetorial Afim", "doc_rms_m": 0.68 }, "geometry": { "type": "LineString", "coordinates": [ [ 173300.645952709484845, 9657937.725137043744326 ], [ 173295.751669075194513, 9657934.788566958159208 ], [ 173255.618543052085442, 9657878.993735320866108 ], [ 173205.696849733009003, 9657813.410336731001735 ] ] } },
{ "type": "Feature", "properties": { "id": 658, "pagina": 15, "classe": "Logradouros", "metodo": "EIXO_TRACO", "comp_m": 50.507380454354397, "id_layer": "p15_camadas_logradouros", "doc_fonte": "Resposta SECT_autos.pdf", "doc_pagina": 15, "doc_folha": 108, "doc_escala": "1:15.000", "doc_metodo": "Reconstituição Vetorial Afim", "doc_rms_m": 0.68 }, "geometry": { "type": "LineString", "coordinates": [ [ 174061.21763698104769, 9659466.699295222759247 ], [ 174063.175350378645817, 9659459.847298353910446 ], [ 174072.963917476154165, 9659441.249021142721176 ], [ 174081.77362783724675, 9659420.693030539900064 ] ] } },
{ "type": "Feature", "properties": { "id": 659, "pagina": 15, "classe": "Logradouros", "metodo": "EIXO_TRACO", "comp_m": 8.809710504807299, "id_layer": "p15_camadas_logradouros", "doc_fonte": "Resposta SECT_autos.pdf", "doc_pagina": 15, "doc_folha": 108, "doc_escala": "1:15.000", "doc_metodo": "Reconstituição Vetorial Afim", "doc_rms_m": 0.68 }, "geometry": { "type": "LineString", "coordinates": [ [ 175664.584935454535298, 9657550.097885672003031 ], [ 175673.394645959342597, 9657550.097885672003031 ] ] } },
{ "type": "Feature", "properties": { "id": 660, "pagina": 15, "classe": "Logradouros", "metodo": "EIXO_TRACO", "comp_m": 66.339388035714535, "id_layer": "p15_camadas_logradouros", "doc_fonte": "Resposta SECT_autos.pdf", "doc_pagina": 15, "doc_folha": 108, "doc_escala": "1:15.000", "doc_metodo": "Reconstituição Vetorial Afim", "doc_rms_m": 0.68 }, "geometry": { "type": "LineString", "coordinates": [ [ 178163.606149136001477, 9657619.596711041405797 ], [ 178158.711865529068746, 9657620.575567737221718 ], [ 178136.198161015170626, 9657636.237274862825871 ], [ 178111.726743110542884, 9657659.7298355512321 ] ] } },
{ "type": "Feature", "properties": { "id": 661, "pagina": 15, "classe": "Logradouros", "metodo": "EIXO_TRACO", "comp_m": 70.399379611659356, "id_layer": "p15_camadas_logradouros", "doc_fonte": "Resposta SECT_autos.pdf", "doc_pagina": 15, "doc_folha": 108, "doc_escala": "1:15.000", "doc_metodo": "Reconstituição Vetorial Afim", "doc_rms_m": 0.68 }, "geometry": { "type": "LineString", "coordinates": [ [ 175742.893473240779713, 9657545.203602194786072 ], [ 175723.316338792501483, 9657546.182458890601993 ], [ 175722.337482076574815, 9657547.161315586417913 ], [ 175703.739204344223253, 9657547.161315586417913 ], [ 175702.76034762832569, 9657548.140172280371189 ], [ 175673.394645959342597, 9657550.097885672003031 ] ] } },
{ "type": "Feature", "properties": { "id": 662, "pagina": 15, "classe": "Logradouros", "metodo": "EIXO_TRACO", "comp_m": 800.37405360496462, "id_layer": "p15_camadas_logradouros", "doc_fonte": "Resposta SECT_autos.pdf", "doc_pagina": 15, "doc_folha": 108, "doc_escala": "1:15.000", "doc_metodo": "Reconstituição Vetorial Afim", "doc_rms_m": 0.68 }, "geometry": { "type": "LineString", "coordinates": [ [ 175959.220819187845336, 9659006.636648394167423 ], [ 175959.220819167327136, 9659003.700078306719661 ], [ 175955.305392242094968, 9658998.805794829502702 ], [ 175867.208286639710423, 9658919.518402505666018 ], [ 175821.202020403259667, 9658881.342991385608912 ], [ 175779.111181057844078, 9658843.167580265551805 ], [ 175757.576333054574206, 9658828.484729833900928 ], [ 175737.999198489938863, 9658812.823022708296776 ], [ 175719.400920682295691, 9658802.055599059909582 ], [ 175592.149546142318286, 9658718.852779952809215 ], [ 175446.29989381521591, 9658627.819107282906771 ], [ 175386.589633439638419, 9658586.707126077264547 ], [ 175341.56222400808474, 9658560.277995301410556 ], [ 175318.069662545603933, 9658543.637431479990482 ], [ 175312.196522202226333, 9658542.658574784174562 ] ] } },
{ "type": "Feature", "properties": { "id": 663, "pagina": 15, "classe": "Logradouros", "metodo": "EIXO_TRACO", "comp_m": 68.623978017285722, "id_layer": "p15_camadas_logradouros", "doc_fonte": "Resposta SECT_autos.pdf", "doc_pagina": 15, "doc_folha": 108, "doc_escala": "1:15.000", "doc_metodo": "Reconstituição Vetorial Afim", "doc_rms_m": 0.68 }, "geometry": { "type": "LineString", "coordinates": [ [ 172815.133013972517801, 9657329.855129214003682 ], [ 172821.006154267990496, 9657323.981989042833447 ], [ 172839.604431938758353, 9657315.17227878421545 ], [ 172870.927846998500172, 9657305.383711829781532 ], [ 172877.779844050935935, 9657304.404855133965611 ] ] } },
{ "type": "Feature", "properties": { "id": 664, "pagina": 15, "classe": "Logradouros", "metodo": "EIXO_TRACO", "comp_m": 263.03380146093821, "id_layer": "p15_camadas_logradouros", "doc_fonte": "Resposta SECT_autos.pdf", "doc_pagina": 15, "doc_folha": 108, "doc_escala": "1:15.000", "doc_metodo": "Reconstituição Vetorial Afim", "doc_rms_m": 0.68 }, "geometry": { "type": "LineString", "coordinates": [ [ 172815.133013972517801, 9657329.855129214003682 ], [ 172844.498715887864819, 9657363.136256856843829 ], [ 172907.145546582265524, 9657425.783085361123085 ], [ 172988.390655159571907, 9657509.964761164039373 ], [ 172994.263795544015011, 9657516.816758031025529 ], [ 172995.242652294138679, 9657520.732184812426567 ] ] } },
{ "type": "Feature", "properties": { "id": 665, "pagina": 15, "classe": "Logradouros", "metodo": "EIXO_TRACO", "comp_m": 84.495163178879352, "id_layer": "p15_camadas_logradouros", "doc_fonte": "Resposta SECT_autos.pdf", "doc_pagina": 15, "doc_folha": 108, "doc_escala": "1:15.000", "doc_metodo": "Reconstituição Vetorial Afim", "doc_rms_m": 0.68 }, "geometry": { "type": "LineString", "coordinates": [ [ 178515.994574762211414, 9658396.808927170932293 ], [ 178509.142577648162842, 9658388.978073608130217 ], [ 178454.326600872707786, 9658345.908379010856152 ], [ 178452.36888739981805, 9658341.992952229455113 ] ] } },
{ "type": "Feature", "properties": { "id": 666, "pagina": 15, "classe": "Logradouros", "metodo": "EIXO_TRACO", "comp_m": 15.208808942715956, "id_layer": "p15_camadas_logradouros", "doc_fonte": "Resposta SECT_autos.pdf", "doc_pagina": 15, "doc_folha": 108, "doc_escala": "1:15.000", "doc_metodo": "Reconstituição Vetorial Afim", "doc_rms_m": 0.68 }, "geometry": { "type": "LineString", "coordinates": [ [ 174621.123655076196883, 9655559.10336727462709 ], [ 174621.123655007773777, 9655549.314800320193172 ], [ 174622.102511723671341, 9655548.335943626239896 ], [ 174621.123654973547673, 9655544.420516844838858 ] ] } },
{ "type": "Feature", "properties": { "id": 667, "pagina": 15, "classe": "Logradouros", "metodo": "EIXO_TRACO", "comp_m": 179.61428424638103, "id_layer": "p15_camadas_logradouros", "doc_fonte": "Resposta SECT_autos.pdf", "doc_pagina": 15, "doc_folha": 108, "doc_escala": "1:15.000", "doc_metodo": "Reconstituição Vetorial Afim", "doc_rms_m": 0.68 }, "geometry": { "type": "LineString", "coordinates": [ [ 173695.12522183539113, 9659347.278778387233615 ], [ 173701.977218908374198, 9659349.236491777002811 ], [ 173735.258347598428372, 9659365.877055598422885 ], [ 173737.216061043931404, 9659365.877055598422885 ], [ 173751.898911940021208, 9659373.707909161224961 ], [ 173753.856625385553343, 9659373.707909161224961 ], [ 173857.615438339853426, 9659422.650743931531906 ] ] } },
{ "type": "Feature", "properties": { "id": 668, "pagina": 15, "classe": "Logradouros", "metodo": "EIXO_TRACO", "comp_m": 262.88917269621646, "id_layer": "p15_camadas_logradouros", "doc_fonte": "Resposta SECT_autos.pdf", "doc_pagina": 15, "doc_folha": 108, "doc_escala": "1:15.000", "doc_metodo": "Reconstituição Vetorial Afim", "doc_rms_m": 0.68 }, "geometry": { "type": "LineString", "coordinates": [ [ 178254.639825378893875, 9657766.425215348601341 ], [ 178258.555252263060538, 9657765.44635865278542 ], [ 178278.132386581302853, 9657745.86922474578023 ], [ 178283.026670174556784, 9657742.932654658332467 ], [ 178286.942097065562848, 9657742.932654658332467 ], [ 178289.878667240671348, 9657743.911511354148388 ], [ 178297.709521077485988, 9657751.742364916950464 ], [ 178317.286655642092228, 9657767.404072042554617 ], [ 178334.90607677490334, 9657785.023492559790611 ], [ 178343.715787375520449, 9657798.727486295625567 ], [ 178386.78548377903644, 9657884.866875488311052 ], [ 178388.743197238247376, 9657886.824588879942894 ], [ 178403.426048284891294, 9657916.190289741382003 ], [ 178405.383761764620431, 9657921.084573216736317 ], [ 178405.383761792007135, 9657925.0 ] ] } },
{ "type": "Feature", "properties": { "id": 669, "pagina": 15, "classe": "Logradouros", "metodo": "EIXO_TRACO", "comp_m": 25.70809170135627, "id_layer": "p15_camadas_logradouros", "doc_fonte": "Resposta SECT_autos.pdf", "doc_pagina": 15, "doc_folha": 108, "doc_escala": "1:15.000", "doc_metodo": "Reconstituição Vetorial Afim", "doc_rms_m": 0.68 }, "geometry": { "type": "LineString", "coordinates": [ [ 174688.664786596957128, 9658083.574784653261304 ], [ 174691.601356765226228, 9658083.574784653261304 ], [ 174702.368780681339558, 9658078.680501176044345 ], [ 174713.136204617941985, 9658076.722787786275148 ] ] } },
{ "type": "Feature", "properties": { "id": 670, "pagina": 15, "classe": "Logradouros", "metodo": "EIXO_TRACO", "comp_m": 46.528111002620804, "id_layer": "p15_camadas_logradouros", "doc_fonte": "Resposta SECT_autos.pdf", "doc_pagina": 15, "doc_folha": 108, "doc_escala": "1:15.000", "doc_metodo": "Reconstituição Vetorial Afim", "doc_rms_m": 0.68 }, "geometry": { "type": "LineString", "coordinates": [ [ 174736.628766053065192, 9658089.447924826294184 ], [ 174737.607622851093765, 9658100.215348474681377 ], [ 174739.565336323983502, 9658104.130775256082416 ], [ 174738.586479820252862, 9658135.454189509153366 ] ] } },
{ "type": "Feature", "properties": { "id": 671, "pagina": 15, "classe": "Logradouros", "metodo": "EIXO_TRACO", "comp_m": 27.632050903890871, "id_layer": "p15_camadas_logradouros", "doc_fonte": "Resposta SECT_autos.pdf", "doc_pagina": 15, "doc_folha": 108, "doc_escala": "1:15.000", "doc_metodo": "Reconstituição Vetorial Afim", "doc_rms_m": 0.68 }, "geometry": { "type": "LineString", "coordinates": [ [ 174736.628766053065192, 9658089.447924826294184 ], [ 174731.734482425585156, 9658087.490211434662342 ], [ 174723.90362859563902, 9658080.638214567676187 ], [ 174719.009344968188088, 9658078.680501176044345 ], [ 174715.093918077152921, 9658078.680501176044345 ], [ 174713.136204617941985, 9658076.722787786275148 ] ] } },
{ "type": "Feature", "properties": { "id": 672, "pagina": 15, "classe": "Logradouros", "metodo": "EIXO_TRACO", "comp_m": 42.759044136005897, "id_layer": "p15_camadas_logradouros", "doc_fonte": "Resposta SECT_autos.pdf", "doc_pagina": 15, "doc_folha": 108, "doc_escala": "1:15.000", "doc_metodo": "Reconstituição Vetorial Afim", "doc_rms_m": 0.68 }, "geometry": { "type": "LineString", "coordinates": [ [ 173515.015585874934914, 9659494.107282692566514 ], [ 173510.121302350133192, 9659506.832419732585549 ], [ 173503.269305468769744, 9659532.28269381262362 ], [ 173501.311592036945513, 9659534.240407204255462 ] ] } },
{ "type": "Feature", "properties": { "id": 673, "pagina": 15, "classe": "Logradouros", "metodo": "EIXO_TRACO", "comp_m": 127.16138780908886, "id_layer": "p15_camadas_logradouros", "doc_fonte": "Resposta SECT_autos.pdf", "doc_pagina": 15, "doc_folha": 108, "doc_escala": "1:15.000", "doc_metodo": "Reconstituição Vetorial Afim", "doc_rms_m": 0.68 }, "geometry": { "type": "LineString", "coordinates": [ [ 177989.369659849588061, 9658672.846515268087387 ], [ 177991.327373301930493, 9658673.825371963903308 ], [ 178043.206779608008219, 9658673.825371963903308 ], [ 178044.185636323905783, 9658672.846515268087387 ], [ 178055.931916996982181, 9658672.846515268087387 ], [ 178056.910773712879745, 9658671.867658572271466 ], [ 178068.657054385956144, 9658671.867658572271466 ], [ 178069.635911101882812, 9658670.888801876455545 ], [ 178081.382191774930106, 9658670.888801876455545 ], [ 178082.361048490856774, 9658669.90994518250227 ], [ 178114.663320334948367, 9658668.931088486686349 ] ] } },
{ "type": "Feature", "properties": { "id": 674, "pagina": 15, "classe": "Logradouros", "metodo": "EIXO_TRACO", "comp_m": 43.726164308346334, "id_layer": "p15_camadas_logradouros", "doc_fonte": "Resposta SECT_autos.pdf", "doc_pagina": 15, "doc_folha": 108, "doc_escala": "1:15.000", "doc_metodo": "Reconstituição Vetorial Afim", "doc_rms_m": 0.68 }, "geometry": { "type": "LineString", "coordinates": [ [ 176232.321825605147751, 9656256.049334382638335 ], [ 176226.448685302835656, 9656260.943617859855294 ], [ 176211.765834612073377, 9656282.478465156629682 ], [ 176206.871551032498246, 9656287.372748633846641 ], [ 176203.93498087109765, 9656288.351605329662561 ] ] } },
{ "type": "Feature", "properties": { "id": 675, "pagina": 15, "classe": "Logradouros", "metodo": "EIXO_TRACO", "comp_m": 197.18743821151079, "id_layer": "p15_camadas_logradouros", "doc_fonte": "Resposta SECT_autos.pdf", "doc_pagina": 15, "doc_folha": 108, "doc_escala": "1:15.000", "doc_metodo": "Reconstituição Vetorial Afim", "doc_rms_m": 0.68 }, "geometry": { "type": "LineString", "coordinates": [ [ 178406.362617132283049, 9657727.270947532728314 ], [ 178406.362617159640649, 9657731.186374314129353 ], [ 178418.108897983300267, 9657752.721221612766385 ], [ 178450.411170149047393, 9657797.748629599809647 ], [ 178456.284310567716602, 9657809.494909944012761 ], [ 178460.199737629824085, 9657833.966327328234911 ], [ 178463.136307873384794, 9657844.73375097848475 ], [ 178463.136307907610899, 9657849.628034455701709 ], [ 178465.094021394179435, 9657855.501174626871943 ], [ 178465.09402142840554, 9657860.395458104088902 ], [ 178467.051734914974077, 9657866.268598277121782 ], [ 178467.051734949200181, 9657871.162881752476096 ], [ 178469.98830519276089, 9657881.930305402725935 ], [ 178469.988305226957891, 9657886.824588879942894 ], [ 178474.882588984473841, 9657907.380579482764006 ] ] } },
{ "type": "Feature", "properties": { "id": 676, "pagina": 15, "classe": "Logradouros", "metodo": "EIXO_TRACO", "comp_m": 38.523237797543764, "id_layer": "p15_camadas_logradouros", "doc_fonte": "Resposta SECT_autos.pdf", "doc_pagina": 15, "doc_folha": 108, "doc_escala": "1:15.000", "doc_metodo": "Reconstituição Vetorial Afim", "doc_rms_m": 0.68 }, "geometry": { "type": "LineString", "coordinates": [ [ 178406.362617132283049, 9657727.270947532728314 ], [ 178404.404903686750913, 9657727.270947532728314 ], [ 178379.933485446759732, 9657702.799530148506165 ], [ 178379.933485433080932, 9657700.841816756874323 ] ] } },
{ "type": "Feature", "properties": { "id": 677, "pagina": 15, "classe": "Logradouros", "metodo": "EIXO_TRACO", "comp_m": 84.205072499144137, "id_layer": "p15_camadas_logradouros", "doc_fonte": "Resposta SECT_autos.pdf", "doc_pagina": 15, "doc_folha": 108, "doc_escala": "1:15.000", "doc_metodo": "Reconstituição Vetorial Afim", "doc_rms_m": 0.68 }, "geometry": { "type": "LineString", "coordinates": [ [ 173487.607596351095708, 9659310.08222396299243 ], [ 173486.628739683103049, 9659317.913077525794506 ], [ 173476.840172606112901, 9659339.447924824431539 ], [ 173473.903602506296011, 9659349.236491777002811 ], [ 173469.009318954107584, 9659358.046202035620809 ], [ 173469.009318967786385, 9659360.00391542725265 ], [ 173467.051605535962153, 9659361.961628817021847 ], [ 173456.284181763592642, 9659387.411902897059917 ] ] } },
{ "type": "Feature", "properties": { "id": 678, "pagina": 15, "classe": "Logradouros", "metodo": "EIXO_TRACO", "comp_m": 13.623875831170764, "id_layer": "p15_camadas_logradouros", "doc_fonte": "Resposta SECT_autos.pdf", "doc_pagina": 15, "doc_folha": 108, "doc_escala": "1:15.000", "doc_metodo": "Reconstituição Vetorial Afim", "doc_rms_m": 0.68 }, "geometry": { "type": "LineString", "coordinates": [ [ 172805.344459132553311, 9659101.58574784733355 ], [ 172806.323315875837579, 9659104.522317932918668 ], [ 172810.238742794230347, 9659108.437744716182351 ], [ 172811.21759955122252, 9659113.332028191536665 ] ] } },
{ "type": "Feature", "properties": { "id": 679, "pagina": 15, "classe": "Logradouros", "metodo": "EIXO_TRACO", "comp_m": 59.237989819015333, "id_layer": "p15_camadas_logradouros", "doc_fonte": "Resposta SECT_autos.pdf", "doc_pagina": 15, "doc_folha": 108, "doc_escala": "1:15.000", "doc_metodo": "Reconstituição Vetorial Afim", "doc_rms_m": 0.68 }, "geometry": { "type": "LineString", "coordinates": [ [ 172857.223865815030877, 9659155.422866092994809 ], [ 172846.456441953690955, 9659168.148003133013844 ], [ 172826.87930763544864, 9659187.725137040019035 ], [ 172819.048453914991114, 9659196.534847298637033 ], [ 172818.069597212772351, 9659199.471417386084795 ] ] } },
{ "type": "Feature", "properties": { "id": 680, "pagina": 15, "classe": "Logradouros", "metodo": "EIXO_TRACO", "comp_m": 63.132331945311442, "id_layer": "p15_camadas_logradouros", "doc_fonte": "Resposta SECT_autos.pdf", "doc_pagina": 15, "doc_folha": 108, "doc_escala": "1:15.000", "doc_metodo": "Reconstituição Vetorial Afim", "doc_rms_m": 0.68 }, "geometry": { "type": "LineString", "coordinates": [ [ 172857.223865815030877, 9659155.422866092994809 ], [ 172816.111883171834052, 9659114.310884887352586 ], [ 172811.21759955122252, 9659113.332028191536665 ] ] } },
{ "type": "Feature", "properties": { "id": 681, "pagina": 15, "classe": "Logradouros", "metodo": "EIXO_TRACO", "comp_m": 501.68525551712531, "id_layer": "p15_camadas_logradouros", "doc_fonte": "Resposta SECT_autos.pdf", "doc_pagina": 15, "doc_folha": 108, "doc_escala": "1:15.000", "doc_metodo": "Reconstituição Vetorial Afim", "doc_rms_m": 0.68 }, "geometry": { "type": "LineString", "coordinates": [ [ 172818.069597212772351, 9659199.471417386084795 ], [ 172918.891840245196363, 9659283.653093187138438 ], [ 172975.66553052776726, 9659335.5324980430305 ], [ 173027.544937121274415, 9659376.644479248672724 ], [ 173049.079785158770392, 9659396.221613155677915 ], [ 173096.064908124826616, 9659435.375880971550941 ], [ 173120.536326323752292, 9659453.974158182740211 ], [ 173162.627165655459976, 9659490.191855913028121 ], [ 173166.542592580721248, 9659495.086139388382435 ], [ 173179.26773004498682, 9659504.874706342816353 ], [ 173199.823721359745832, 9659524.451840249821544 ] ] } },
{ "type": "Feature", "properties": { "id": 682, "pagina": 15, "classe": "Logradouros", "metodo": "EIXO_TRACO", "comp_m": 61.222245499990329, "id_layer": "p15_camadas_logradouros", "doc_fonte": "Resposta SECT_autos.pdf", "doc_pagina": 15, "doc_folha": 108, "doc_escala": "1:15.000", "doc_metodo": "Reconstituição Vetorial Afim", "doc_rms_m": 0.68 }, "geometry": { "type": "LineString", "coordinates": [ [ 173004.052366912190337, 9658109.02505873516202 ], [ 172961.961528052692302, 9658140.348472986370325 ], [ 172954.130674298008671, 9658144.263899767771363 ] ] } },
{ "type": "Feature", "properties": { "id": 683, "pagina": 15, "classe": "Logradouros", "metodo": "EIXO_TRACO", "comp_m": 105.86408491482031, "id_layer": "p15_camadas_logradouros", "doc_fonte": "Resposta SECT_autos.pdf", "doc_pagina": 15, "doc_folha": 108, "doc_escala": "1:15.000", "doc_metodo": "Reconstituição Vetorial Afim", "doc_rms_m": 0.68 }, "geometry": { "type": "LineString", "coordinates": [ [ 174506.597437683754833, 9658300.88097102753818 ], [ 174498.766583935910603, 9658305.775254504755139 ], [ 174424.373473437648499, 9658367.443226313218474 ] ] } },
{ "type": "Feature", "properties": { "id": 684, "pagina": 15, "classe": "Logradouros", "metodo": "EIXO_TRACO", "comp_m": 133.19855114191114, "id_layer": "p15_camadas_logradouros", "doc_fonte": "Resposta SECT_autos.pdf", "doc_pagina": 15, "doc_folha": 108, "doc_escala": "1:15.000", "doc_metodo": "Reconstituição Vetorial Afim", "doc_rms_m": 0.68 }, "geometry": { "type": "LineString", "coordinates": [ [ 173254.639685610716697, 9657776.21378230676055 ], [ 173252.681972158345161, 9657775.234925610944629 ], [ 173249.74540194903966, 9657769.361785437911749 ], [ 173234.08369424805278, 9657749.784651530906558 ], [ 173222.33741345180897, 9657732.165231013670564 ], [ 173180.246573983196868, 9657676.370399378240108 ], [ 173174.373433605593164, 9657670.497259205207229 ] ] } },
{ "type": "Feature", "properties": { "id": 685, "pagina": 15, "classe": "Logradouros", "metodo": "EIXO_TRACO", "comp_m": 59.143764874274112, "id_layer": "p15_camadas_logradouros", "doc_fonte": "Resposta SECT_autos.pdf", "doc_pagina": 15, "doc_folha": 108, "doc_escala": "1:15.000", "doc_metodo": "Reconstituição Vetorial Afim", "doc_rms_m": 0.68 }, "geometry": { "type": "LineString", "coordinates": [ [ 173303.582521508971695, 9657741.953797968104482 ], [ 173287.920814013312338, 9657751.7423649225384 ], [ 173279.111103563249344, 9657759.573218485340476 ], [ 173273.237963247258449, 9657762.509788570925593 ], [ 173255.618542333482765, 9657776.21378230676055 ] ] } },
{ "type": "Feature", "properties": { "id": 686, "pagina": 15, "classe": "Logradouros", "metodo": "EIXO_TRACO", "comp_m": 24.668123067198774, "id_layer": "p15_camadas_logradouros", "doc_fonte": "Resposta SECT_autos.pdf", "doc_pagina": 15, "doc_folha": 108, "doc_escala": "1:15.000", "doc_metodo": "Reconstituição Vetorial Afim", "doc_rms_m": 0.68 }, "geometry": { "type": "LineString", "coordinates": [ [ 173291.836224773083813, 9655444.577133916318417 ], [ 173298.688221873424482, 9655450.450274089351296 ], [ 173302.603648764459649, 9655450.450274089351296 ], [ 173306.519075628108112, 9655446.534847307950258 ], [ 173312.392215950967511, 9655444.577133916318417 ] ] } },
{ "type": "Feature", "properties": { "id": 687, "pagina": 15, "classe": "Logradouros", "metodo": "EIXO_TRACO", "comp_m": 38.604533868960601, "id_layer": "p15_camadas_logradouros", "doc_fonte": "Resposta SECT_autos.pdf", "doc_pagina": 15, "doc_folha": 108, "doc_escala": "1:15.000", "doc_metodo": "Reconstituição Vetorial Afim", "doc_rms_m": 0.68 }, "geometry": { "type": "LineString", "coordinates": [ [ 175214.310844595194794, 9657780.129209086298943 ], [ 175224.099411836446961, 9657782.086922476068139 ], [ 175228.993695470766397, 9657785.023492563515902 ], [ 175250.528543426131364, 9657792.854346126317978 ] ] } },
{ "type": "Feature", "properties": { "id": 688, "pagina": 15, "classe": "Logradouros", "metodo": "EIXO_TRACO", "comp_m": 79.726593923226972, "id_layer": "p15_camadas_logradouros", "doc_fonte": "Resposta SECT_autos.pdf", "doc_pagina": 15, "doc_folha": 108, "doc_escala": "1:15.000", "doc_metodo": "Reconstituição Vetorial Afim", "doc_rms_m": 0.68 }, "geometry": { "type": "LineString", "coordinates": [ [ 178169.479296809266089, 9658668.931088486686349 ], [ 178191.014144709915854, 9658668.931088486686349 ], [ 178191.993001439492218, 9658669.90994518250227 ], [ 178248.766691373020876, 9658671.867658572271466 ] ] } },
{ "type": "Feature", "properties": { "id": 689, "pagina": 15, "classe": "Logradouros", "metodo": "EIXO_TRACO", "comp_m": 118.44264136394379, "id_layer": "p15_camadas_logradouros", "doc_fonte": "Resposta SECT_autos.pdf", "doc_pagina": 15, "doc_folha": 108, "doc_escala": "1:15.000", "doc_metodo": "Reconstituição Vetorial Afim", "doc_rms_m": 0.68 }, "geometry": { "type": "LineString", "coordinates": [ [ 173030.481501567963278, 9658558.320281913504004 ], [ 172999.158086658804677, 9658589.64369616471231 ], [ 172983.496379183663521, 9658602.368833204731345 ], [ 172941.405540269421181, 9658625.861393895000219 ], [ 172937.490113392093917, 9658627.819107284769416 ], [ 172936.511256662488449, 9658626.840250588953495 ] ] } },
{ "type": "Feature", "properties": { "id": 690, "pagina": 15, "classe": "Logradouros", "metodo": "EIXO_TRACO", "comp_m": 224.90214073671982, "id_layer": "p15_camadas_logradouros", "doc_fonte": "Resposta SECT_autos.pdf", "doc_pagina": 15, "doc_folha": 108, "doc_escala": "1:15.000", "doc_metodo": "Reconstituição Vetorial Afim", "doc_rms_m": 0.68 }, "geometry": { "type": "LineString", "coordinates": [ [ 173617.795540073828306, 9659252.329678935930133 ], [ 173610.943543028231943, 9659254.287392325699329 ], [ 173600.176119146344718, 9659264.075959280133247 ], [ 173566.894990887492895, 9659309.103367267176509 ], [ 173559.064137201261474, 9659322.807361003011465 ], [ 173544.3812865789223, 9659354.13077525421977 ], [ 173539.487003102025483, 9659373.707909161224961 ], [ 173520.888725787139265, 9659433.4181675799191 ], [ 173518.931012410059338, 9659443.206734534353018 ], [ 173515.994442262337543, 9659446.143304619938135 ] ] } },
{ "type": "Feature", "properties": { "id": 691, "pagina": 15, "classe": "Logradouros", "metodo": "EIXO_TRACO", "comp_m": 16.669329077405479, "id_layer": "p15_camadas_logradouros", "doc_fonte": "Resposta SECT_autos.pdf", "doc_pagina": 15, "doc_folha": 108, "doc_escala": "1:15.000", "doc_metodo": "Reconstituição Vetorial Afim", "doc_rms_m": 0.68 }, "geometry": { "type": "LineString", "coordinates": [ [ 173617.795540073828306, 9659252.329678935930133 ], [ 173630.520677394379163, 9659241.562255285680294 ] ] } },
{ "type": "Feature", "properties": { "id": 692, "pagina": 15, "classe": "Logradouros", "metodo": "EIXO_TRACO", "comp_m": 25.76796781321033, "id_layer": "p15_camadas_logradouros", "doc_fonte": "Resposta SECT_autos.pdf", "doc_pagina": 15, "doc_folha": 108, "doc_escala": "1:15.000", "doc_metodo": "Reconstituição Vetorial Afim", "doc_rms_m": 0.68 }, "geometry": { "type": "LineString", "coordinates": [ [ 174720.967058920126874, 9658151.115896634757519 ], [ 174736.62876656636945, 9658162.862176978960633 ], [ 174742.501906916586449, 9658164.819890370592475 ] ] } },
{ "type": "Feature", "properties": { "id": 693, "pagina": 15, "classe": "Logradouros", "metodo": "EIXO_TRACO", "comp_m": 23.860103163131544, "id_layer": "p15_camadas_logradouros", "doc_fonte": "Resposta SECT_autos.pdf", "doc_pagina": 15, "doc_folha": 108, "doc_escala": "1:15.000", "doc_metodo": "Reconstituição Vetorial Afim", "doc_rms_m": 0.68 }, "geometry": { "type": "LineString", "coordinates": [ [ 174720.967058920126874, 9658151.115896634757519 ], [ 174735.649909658823162, 9658136.433046203106642 ], [ 174738.586479820252862, 9658135.454189509153366 ] ] } },
{ "type": "Feature", "properties": { "id": 694, "pagina": 15, "classe": "Logradouros", "metodo": "EIXO_TRACO", "comp_m": 142.67394230363342, "id_layer": "p15_camadas_logradouros", "doc_fonte": "Resposta SECT_autos.pdf", "doc_pagina": 15, "doc_folha": 108, "doc_escala": "1:15.000", "doc_metodo": "Reconstituição Vetorial Afim", "doc_rms_m": 0.68 }, "geometry": { "type": "LineString", "coordinates": [ [ 178381.89120738566271, 9658917.560689112171531 ], [ 178382.870064101560274, 9658916.58183241635561 ], [ 178382.870064039976569, 9658907.772122157737613 ], [ 178383.848920755874133, 9658906.793265461921692 ], [ 178384.827777403348591, 9658896.025841813534498 ], [ 178387.764347496326081, 9658885.258418165147305 ], [ 178388.74320395218092, 9658847.083007045090199 ], [ 178386.785490438225679, 9658837.294440090656281 ], [ 178383.848920222051675, 9658830.442443223670125 ], [ 178377.97577983760857, 9658823.590446354821324 ], [ 178377.97577982392977, 9658821.632732965052128 ], [ 178358.398645225068321, 9658801.076742362231016 ], [ 178353.504361556551885, 9658793.24588879942894 ], [ 178349.588934644998517, 9658790.309318711981177 ] ] } },
{ "type": "Feature", "properties": { "id": 695, "pagina": 15, "classe": "Logradouros", "metodo": "EIXO_TRACO", "comp_m": 121.43405146024421, "id_layer": "p15_camadas_logradouros", "doc_fonte": "Resposta SECT_autos.pdf", "doc_pagina": 15, "doc_folha": 108, "doc_escala": "1:15.000", "doc_metodo": "Reconstituição Vetorial Afim", "doc_rms_m": 0.68 }, "geometry": { "type": "LineString", "coordinates": [ [ 174973.512103061686503, 9659534.240407202392817 ], [ 174975.469816507189535, 9659534.240407202392817 ], [ 174979.385243370837998, 9659530.324980420991778 ], [ 175047.905213327263482, 9659439.291307751089334 ] ] } },
{ "type": "Feature", "properties": { "id": 696, "pagina": 15, "classe": "Logradouros", "metodo": "EIXO_TRACO", "comp_m": 219.63173637308017, "id_layer": "p15_camadas_logradouros", "doc_fonte": "Resposta SECT_autos.pdf", "doc_pagina": 15, "doc_folha": 108, "doc_escala": "1:15.000", "doc_metodo": "Reconstituição Vetorial Afim", "doc_rms_m": 0.68 }, "geometry": { "type": "LineString", "coordinates": [ [ 172824.921590405225288, 9658646.417384497821331 ], [ 172835.689014307630714, 9658639.56538762897253 ], [ 172931.61697261754307, 9658565.17227878049016 ], [ 172997.200372658931883, 9658510.35630383901298 ] ] } },
{ "type": "Feature", "properties": { "id": 697, "pagina": 15, "classe": "Logradouros", "metodo": "EIXO_TRACO", "comp_m": 65.604924382324896, "id_layer": "p15_camadas_logradouros", "doc_fonte": "Resposta SECT_autos.pdf", "doc_pagina": 15, "doc_folha": 108, "doc_escala": "1:15.000", "doc_metodo": "Reconstituição Vetorial Afim", "doc_rms_m": 0.68 }, "geometry": { "type": "LineString", "coordinates": [ [ 178343.715788388421061, 9657943.59827721118927 ], [ 178350.567785447725328, 9657943.59827721118927 ], [ 178377.97577362327138, 9657934.788566952571273 ], [ 178380.912343791540479, 9657934.788566952571273 ], [ 178395.595194591820473, 9657928.915426781401038 ], [ 178404.404905082919868, 9657926.957713389769197 ], [ 178405.383761792007135, 9657925.0 ] ] } },
{ "type": "Feature", "properties": { "id": 698, "pagina": 15, "classe": "Logradouros", "metodo": "EIXO_TRACO", "comp_m": 26.261185564539378, "id_layer": "p15_camadas_logradouros", "doc_fonte": "Resposta SECT_autos.pdf", "doc_pagina": 15, "doc_folha": 108, "doc_escala": "1:15.000", "doc_metodo": "Reconstituição Vetorial Afim", "doc_rms_m": 0.68 }, "geometry": { "type": "LineString", "coordinates": [ [ 178119.557604366214946, 9658728.641346903517842 ], [ 178118.578747636609478, 9658727.662490209564567 ], [ 178118.578747561317869, 9658716.895066559314728 ], [ 178117.599890831741504, 9658715.916209863498807 ], [ 178117.599890742771095, 9658703.191072825342417 ] ] } },
{ "type": "Feature", "properties": { "id": 699, "pagina": 15, "classe": "Logradouros", "metodo": "EIXO_TRACO", "comp_m": 90.487630466819397, "id_layer": "p15_camadas_logradouros", "doc_fonte": "Resposta SECT_autos.pdf", "doc_pagina": 15, "doc_folha": 108, "doc_escala": "1:15.000", "doc_metodo": "Reconstituição Vetorial Afim", "doc_rms_m": 0.68 }, "geometry": { "type": "LineString", "coordinates": [ [ 173494.459594970830949, 9659533.261550508439541 ], [ 173493.480738227546681, 9659530.324980422854424 ], [ 173495.438451645663008, 9659526.409553641453385 ], [ 173498.375021718122298, 9659512.705559905618429 ], [ 173515.015585608023684, 9659455.931871574372053 ], [ 173515.994442262337543, 9659446.143304619938135 ] ] } },
{ "type": "Feature", "properties": { "id": 700, "pagina": 15, "classe": "Logradouros", "metodo": "EIXO_TRACO", "comp_m": 76.445039326467608, "id_layer": "p15_camadas_logradouros", "doc_fonte": "Resposta SECT_autos.pdf", "doc_pagina": 15, "doc_folha": 108, "doc_escala": "1:15.000", "doc_metodo": "Reconstituição Vetorial Afim", "doc_rms_m": 0.68 }, "geometry": { "type": "LineString", "coordinates": [ [ 172844.498729897488374, 9659366.855912294238806 ], [ 172847.435300065757474, 9659366.855912294238806 ], [ 172861.139294150139904, 9659361.961628818884492 ], [ 172867.991291209415067, 9659361.961628818884492 ], [ 172868.970147925341735, 9659360.982772123068571 ], [ 172899.314706330769695, 9659360.982772123068571 ], [ 172910.082130301598227, 9659363.919342208653688 ], [ 172917.912984083639458, 9659363.919342208653688 ], [ 172918.891840799566125, 9659362.940485512837768 ] ] } },
{ "type": "Feature", "properties": { "id": 701, "pagina": 15, "classe": "Logradouros", "metodo": "EIXO_TRACO", "comp_m": 256.71143990145606, "id_layer": "p15_camadas_logradouros", "doc_fonte": "Resposta SECT_autos.pdf", "doc_pagina": 15, "doc_folha": 108, "doc_escala": "1:15.000", "doc_metodo": "Reconstituição Vetorial Afim", "doc_rms_m": 0.68 }, "geometry": { "type": "LineString", "coordinates": [ [ 173060.826058782549808, 9658387.999216917902231 ], [ 173058.868345330207376, 9658387.02036022208631 ], [ 173039.291210683441022, 9658359.612372750416398 ], [ 172998.179227958142292, 9658306.75411120057106 ], [ 172906.166695156745845, 9658183.41816758364439 ] ] } },
{ "type": "Feature", "properties": { "id": 702, "pagina": 15, "classe": "Logradouros", "metodo": "EIXO_TRACO", "comp_m": 61.801378962888819, "id_layer": "p15_camadas_logradouros", "doc_fonte": "Resposta SECT_autos.pdf", "doc_pagina": 15, "doc_folha": 108, "doc_escala": "1:15.000", "doc_metodo": "Reconstituição Vetorial Afim", "doc_rms_m": 0.68 }, "geometry": { "type": "LineString", "coordinates": [ [ 173060.826058782549808, 9658387.999216917902231 ], [ 173071.593482691794634, 9658382.126076744869351 ], [ 173110.74775138986297, 9658351.781519187614322 ] ] } },
{ "type": "Feature", "properties": { "id": 703, "pagina": 15, "classe": "Logradouros", "metodo": "EIXO_TRACO", "comp_m": 32.770858209629225, "id_layer": "p15_camadas_logradouros", "doc_fonte": "Resposta SECT_autos.pdf", "doc_pagina": 15, "doc_folha": 108, "doc_escala": "1:15.000", "doc_metodo": "Reconstituição Vetorial Afim", "doc_rms_m": 0.68 }, "geometry": { "type": "LineString", "coordinates": [ [ 176203.93498087109765, 9656288.351605329662561 ], [ 176201.977267411886714, 9656286.393891939893365 ], [ 176201.977267316076905, 9656272.689898204058409 ], [ 176202.956124031974468, 9656271.711041508242488 ], [ 176202.956123943004059, 9656258.985904468223453 ], [ 176201.977267206559191, 9656257.028191078454256 ] ] } },
{ "type": "Feature", "properties": { "id": 704, "pagina": 15, "classe": "Logradouros", "metodo": "EIXO_TRACO", "comp_m": 148.79000895641792, "id_layer": "p15_camadas_logradouros", "doc_fonte": "Resposta SECT_autos.pdf", "doc_pagina": 15, "doc_folha": 108, "doc_escala": "1:15.000", "doc_metodo": "Reconstituição Vetorial Afim", "doc_rms_m": 0.68 }, "geometry": { "type": "LineString", "coordinates": [ [ 172918.891840799566125, 9659362.940485512837768 ], [ 172916.934127319836989, 9659358.046202035620809 ], [ 172910.082130212627817, 9659351.194205168634653 ], [ 172873.864431251655333, 9659319.870790917426348 ], [ 172805.344460296037141, 9659267.991386061534286 ] ] } },
{ "type": "Feature", "properties": { "id": 705, "pagina": 15, "classe": "Logradouros", "metodo": "EIXO_TRACO", "comp_m": 251.70940320431944, "id_layer": "p15_camadas_logradouros", "doc_fonte": "Resposta SECT_autos.pdf", "doc_pagina": 15, "doc_folha": 108, "doc_escala": "1:15.000", "doc_metodo": "Reconstituição Vetorial Afim", "doc_rms_m": 0.68 }, "geometry": { "type": "LineString", "coordinates": [ [ 176260.708681707066717, 9657849.628034457564354 ], [ 176265.602965327678248, 9657850.60689115151763 ], [ 176282.243529689818388, 9657861.374314801767468 ], [ 176289.095526769640855, 9657864.310884887352586 ], [ 176351.742357292940142, 9657902.486296007409692 ], [ 176389.917769630963448, 9657924.021143306046724 ], [ 176392.854339819779852, 9657926.957713391631842 ], [ 176426.135468523512827, 9657945.555990602821112 ], [ 176443.754889615229331, 9657957.302270948886871 ], [ 176449.62802995860693, 9657958.281127642840147 ], [ 176452.56460010635783, 9657955.34455755725503 ], [ 176455.501170226722024, 9657948.492560690268874 ], [ 176462.353167217574082, 9657938.703993735834956 ], [ 176465.289737324230373, 9657929.894283477216959 ] ] } },
{ "type": "Feature", "properties": { "id": 706, "pagina": 15, "classe": "Logradouros", "metodo": "EIXO_TRACO", "comp_m": 248.29509071306222, "id_layer": "p15_camadas_logradouros", "doc_fonte": "Resposta SECT_autos.pdf", "doc_pagina": 15, "doc_folha": 108, "doc_escala": "1:15.000", "doc_metodo": "Reconstituição Vetorial Afim", "doc_rms_m": 0.68 }, "geometry": { "type": "LineString", "coordinates": [ [ 172854.287286941224011, 9657910.317149573937058 ], [ 172928.68039856190444, 9658009.181675806641579 ], [ 172962.940384145796997, 9658050.293657012283802 ], [ 173002.0946534256218, 9658103.15191856212914 ], [ 173004.052366905350937, 9658108.046202039346099 ] ] } },
{ "type": "Feature", "properties": { "id": 707, "pagina": 15, "classe": "Logradouros", "metodo": "EIXO_TRACO", "comp_m": 156.48887528322302, "id_layer": "p15_camadas_logradouros", "doc_fonte": "Resposta SECT_autos.pdf", "doc_pagina": 15, "doc_folha": 108, "doc_escala": "1:15.000", "doc_metodo": "Reconstituição Vetorial Afim", "doc_rms_m": 0.68 }, "geometry": { "type": "LineString", "coordinates": [ [ 175402.25132953323191, 9656946.143304623663425 ], [ 175396.378189011913491, 9656919.714173849672079 ], [ 175394.420475539023755, 9656915.798747068271041 ], [ 175393.441618761513382, 9656907.967893503606319 ], [ 175390.505048538499977, 9656900.137039940804243 ], [ 175389.526191754150204, 9656891.327329682186246 ], [ 175385.610764787852531, 9656880.559906033799052 ], [ 175381.695337746263249, 9656859.02505873516202 ], [ 175374.843340522696963, 9656835.532498046755791 ], [ 175373.86448373834719, 9656826.722787788137794 ], [ 175366.033629730460234, 9656794.420516841113567 ] ] } },
{ "type": "Feature", "properties": { "id": 708, "pagina": 15, "classe": "Logradouros", "metodo": "EIXO_TRACO", "comp_m": 15.822925266662448, "id_layer": "p15_camadas_logradouros", "doc_fonte": "Resposta SECT_autos.pdf", "doc_pagina": 15, "doc_folha": 108, "doc_escala": "1:15.000", "doc_metodo": "Reconstituição Vetorial Afim", "doc_rms_m": 0.68 }, "geometry": { "type": "LineString", "coordinates": [ [ 173187.098584032355575, 9659534.240407204255462 ], [ 173191.014010916522238, 9659533.261550508439541 ], [ 173199.823721366585232, 9659525.430696945637465 ] ] } },
{ "type": "Feature", "properties": { "id": 709, "pagina": 15, "classe": "Logradouros", "metodo": "EIXO_TRACO", "comp_m": 113.00157876277427, "id_layer": "p15_camadas_logradouros", "doc_fonte": "Resposta SECT_autos.pdf", "doc_pagina": 15, "doc_folha": 108, "doc_escala": "1:15.000", "doc_metodo": "Reconstituição Vetorial Afim", "doc_rms_m": 0.68 }, "geometry": { "type": "LineString", "coordinates": [ [ 173274.216818785993382, 9657593.167580271139741 ], [ 173240.935689924866892, 9657552.055599065497518 ], [ 173206.67570429990883, 9657505.070477686822414 ], [ 173206.675704286200926, 9657503.112764295190573 ] ] } },
{ "type": "Feature", "properties": { "id": 710, "pagina": 15, "classe": "Logradouros", "metodo": "EIXO_TRACO", "comp_m": 28.407513102001769, "id_layer": "p15_camadas_logradouros", "doc_fonte": "Resposta SECT_autos.pdf", "doc_pagina": 15, "doc_folha": 108, "doc_escala": "1:15.000", "doc_metodo": "Reconstituição Vetorial Afim", "doc_rms_m": 0.68 }, "geometry": { "type": "LineString", "coordinates": [ [ 173456.284181763592642, 9659387.411902897059917 ], [ 173457.26303851371631, 9659391.327329678460956 ], [ 173470.967032728134654, 9659405.031323414295912 ], [ 173471.945889485097723, 9659409.925606891512871 ] ] } },
{ "type": "Feature", "properties": { "id": 711, "pagina": 15, "classe": "Logradouros", "metodo": "EIXO_TRACO", "comp_m": 78.10794790943217, "id_layer": "p15_camadas_logradouros", "doc_fonte": "Resposta SECT_autos.pdf", "doc_pagina": 15, "doc_folha": 108, "doc_escala": "1:15.000", "doc_metodo": "Reconstituição Vetorial Afim", "doc_rms_m": 0.68 }, "geometry": { "type": "LineString", "coordinates": [ [ 173456.284181763592642, 9659387.411902897059917 ], [ 173451.389898136112606, 9659385.454189507290721 ], [ 173404.404775101662381, 9659336.511354736983776 ], [ 173399.510491481021745, 9659335.5324980430305 ] ] } },
{ "type": "Feature", "properties": { "id": 712, "pagina": 15, "classe": "Logradouros", "metodo": "EIXO_TRACO", "comp_m": 58.196812902461986, "id_layer": "p15_camadas_logradouros", "doc_fonte": "Resposta SECT_autos.pdf", "doc_pagina": 15, "doc_folha": 108, "doc_escala": "1:15.000", "doc_metodo": "Reconstituição Vetorial Afim", "doc_rms_m": 0.68 }, "geometry": { "type": "LineString", "coordinates": [ [ 173471.945889485097723, 9659409.925606891512871 ], [ 173476.840173105709255, 9659410.904463587328792 ], [ 173505.227018264122307, 9659439.29130775295198 ], [ 173512.079015364462975, 9659445.164447924122214 ], [ 173515.994442262337543, 9659446.143304619938135 ] ] } },
{ "type": "Feature", "properties": { "id": 713, "pagina": 15, "classe": "Logradouros", "metodo": "EIXO_TRACO", "comp_m": 537.90063033511524, "id_layer": "p15_camadas_logradouros", "doc_fonte": "Resposta SECT_autos.pdf", "doc_pagina": 15, "doc_folha": 108, "doc_escala": "1:15.000", "doc_metodo": "Reconstituição Vetorial Afim", "doc_rms_m": 0.68 }, "geometry": { "type": "LineString", "coordinates": [ [ 178004.052505092549836, 9657872.141738448292017 ], [ 177998.179364886047551, 9657890.740015661343932 ], [ 177998.179364927113056, 9657896.613155834376812 ], [ 177997.200508211215492, 9657897.592012528330088 ], [ 177997.200508389156312, 9657923.042286608368158 ], [ 178000.137078646395821, 9657935.767423648387194 ], [ 178034.397064538265113, 9658020.927956147119403 ], [ 178102.917035856633447, 9658124.686765857040882 ], [ 178109.76903300487902, 9658137.411902897059917 ], [ 178119.557600403553806, 9658161.883320281282067 ], [ 178126.409597702382598, 9658196.14330461807549 ], [ 178126.409597839257913, 9658215.720438526943326 ], [ 178125.430741123360349, 9658216.699295222759247 ], [ 178125.430741198622854, 9658227.466718871146441 ], [ 178124.451884482725291, 9658228.445575566962361 ], [ 178123.473027828411432, 9658238.234142519533634 ], [ 178116.621030926529784, 9658260.747846513986588 ], [ 178114.663317494705552, 9658262.705559903755784 ], [ 178109.769033956195926, 9658273.472983554005623 ], [ 178102.917037054314278, 9658295.986687546595931 ], [ 178093.128470004710834, 9658321.436961626634002 ], [ 178089.213043250580085, 9658341.014095535501838 ], [ 178087.255329928244464, 9658358.633516050875187 ], [ 178086.2764732123469, 9658359.612372746691108 ], [ 178086.276473280770006, 9658369.400939701125026 ] ] } },
{ "type": "Feature", "properties": { "id": 714, "pagina": 15, "classe": "Logradouros", "metodo": "EIXO_TRACO", "comp_m": 41.315589951528679, "id_layer": "p15_camadas_logradouros", "doc_fonte": "Resposta SECT_autos.pdf", "doc_pagina": 15, "doc_folha": 108, "doc_escala": "1:15.000", "doc_metodo": "Reconstituição Vetorial Afim", "doc_rms_m": 0.68 }, "geometry": { "type": "LineString", "coordinates": [ [ 175780.090014018322108, 9655444.577133914455771 ], [ 175787.920867848268244, 9655451.429130781441927 ], [ 175804.561432265152689, 9655470.027407994493842 ], [ 175810.434572608530289, 9655471.006264690309763 ] ] } },
{ "type": "Feature", "properties": { "id": 715, "pagina": 15, "classe": "Logradouros", "metodo": "EIXO_TRACO", "comp_m": 185.82634878315196, "id_layer": "p15_camadas_logradouros", "doc_fonte": "Resposta SECT_autos.pdf", "doc_pagina": 15, "doc_folha": 108, "doc_escala": "1:15.000", "doc_metodo": "Reconstituição Vetorial Afim", "doc_rms_m": 0.68 }, "geometry": { "type": "LineString", "coordinates": [ [ 178086.276473280770006, 9658369.400939701125026 ], [ 178086.27647329447791, 9658371.358653090894222 ], [ 178067.678195705841063, 9658391.914643693715334 ], [ 178050.058774860488484, 9658415.407204383984208 ], [ 178030.481640555924969, 9658436.942051682621241 ], [ 178012.86221970373299, 9658459.455755675211549 ], [ 177985.454231658193748, 9658486.863743146881461 ], [ 177977.623377896699822, 9658489.800313232466578 ], [ 177965.877097223623423, 9658489.800313232466578 ], [ 177956.088529975531856, 9658486.863743146881461 ] ] } },
{ "type": "Feature", "properties": { "id": 716, "pagina": 15, "classe": "Logradouros", "metodo": "EIXO_TRACO", "comp_m": 181.52292890308823, "id_layer": "p15_camadas_logradouros", "doc_fonte": "Resposta SECT_autos.pdf", "doc_pagina": 15, "doc_folha": 108, "doc_escala": "1:15.000", "doc_metodo": "Reconstituição Vetorial Afim", "doc_rms_m": 0.68 }, "geometry": { "type": "LineString", "coordinates": [ [ 174661.256800440372899, 9658381.147220049053431 ], [ 174659.299086981161963, 9658379.189506657421589 ], [ 174637.764239080541302, 9658379.189506657421589 ], [ 174636.785382350935834, 9658378.210649961605668 ], [ 174622.102531502750935, 9658377.231793267652392 ], [ 174606.440823911281768, 9658373.316366484388709 ], [ 174583.927119233150734, 9658365.485512921586633 ], [ 174581.969405773968901, 9658363.527799531817436 ], [ 174560.43455779805663, 9658352.760375881567597 ], [ 174547.709420333791059, 9658342.971808928996325 ], [ 174524.216858823376242, 9658319.47924823872745 ], [ 174518.343718432093738, 9658311.648394675925374 ], [ 174507.576294406491797, 9658300.88097102753818 ] ] } },
{ "type": "Feature", "properties": { "id": 717, "pagina": 15, "classe": "Logradouros", "metodo": "EIXO_TRACO", "comp_m": 29.983727603069177, "id_layer": "p15_camadas_logradouros", "doc_fonte": "Resposta SECT_autos.pdf", "doc_pagina": 15, "doc_folha": 108, "doc_escala": "1:15.000", "doc_metodo": "Reconstituição Vetorial Afim", "doc_rms_m": 0.68 }, "geometry": { "type": "LineString", "coordinates": [ [ 174738.586479820252862, 9658135.454189509153366 ], [ 174740.544193320500199, 9658143.285043071955442 ], [ 174740.544193375244504, 9658151.115896634757519 ], [ 174742.501906855002744, 9658156.010180111974478 ], [ 174742.501906916586449, 9658164.819890370592475 ] ] } }
]
}
