{
"type": "FeatureCollection",
"name": "p16_camadas_logradouros_21s",
"crs": { "type": "name", "properties": { "name": "urn:ogc:def:crs:EPSG::31981" } },
"features": [
{ "type": "Feature", "properties": { "id": 1, "pagina": 16, "classe": "Logradouros", "metodo": "EIXO_TRACO", "comp_m": 86.052199958519566, "id_layer": "p16_camadas_logradouros", "doc_fonte": "Resposta SECT_autos.pdf", "doc_pagina": 16, "doc_folha": 109, "doc_escala": "1:2.000", "doc_metodo": "Reconstituição Vetorial Afim", "doc_rms_m": 0.12 }, "geometry": { "type": "LineString", "coordinates": [ [ 172046.364729816559702, 9661615.173781061545014 ], [ 172046.103712802840164, 9661614.390769239515066 ], [ 172046.103683367779013, 9661613.216251509264112 ], [ 172045.973181402019691, 9661613.085749538615346 ], [ 172045.71207935368875, 9661608.909686492756009 ], [ 172045.581577387958532, 9661608.779184522107244 ], [ 172044.928877866652329, 9661600.557560401037335 ], [ 172044.798375900893006, 9661600.42705843038857 ], [ 172044.798346465860959, 9661599.25254069827497 ], [ 172044.667844500101637, 9661599.122038727626204 ], [ 172044.406742451770697, 9661594.945975683629513 ], [ 172044.276240486011375, 9661594.815473711118102 ], [ 172044.015141708252486, 9661590.769912635907531 ], [ 172043.884639742493164, 9661590.639410665258765 ], [ 172043.884610307432013, 9661589.464892935007811 ], [ 172043.754108341701794, 9661589.334390964359045 ], [ 172043.754075636068592, 9661588.029371263459325 ], [ 172043.623573670338374, 9661587.898869292810559 ], [ 172043.623540964734275, 9661586.593849590048194 ], [ 172043.493038998974953, 9661586.463347619399428 ], [ 172043.101405549823539, 9661580.982264872640371 ], [ 172042.970903584093321, 9661580.851762901991606 ], [ 172042.97087414903217, 9661579.677245171740651 ], [ 172042.840372183301952, 9661579.54674319922924 ], [ 172042.579270134941908, 9661575.370680155232549 ], [ 172042.448768169211689, 9661575.240178184583783 ], [ 172042.187669391423697, 9661571.194617109373212 ], [ 172042.057167425693478, 9661571.064115138724446 ], [ 172042.057137990632327, 9661569.889597406610847 ], [ 172041.926636024902109, 9661569.759095435962081 ], [ 172041.273933233023854, 9661561.406969344243407 ], [ 172041.143431267293636, 9661561.276467373594642 ], [ 172041.143401832232485, 9661560.101949643343687 ], [ 172041.012899866473163, 9661559.971447672694921 ], [ 172040.360197074624011, 9661551.619321580976248 ], [ 172040.229695108864689, 9661551.488819610327482 ], [ 172040.229665673832642, 9661550.314301878213882 ], [ 172040.09916370807332, 9661550.183799907565117 ], [ 172039.446460916224169, 9661541.831673817709088 ], [ 172039.315958950464847, 9661541.701171845197678 ], [ 172039.315929515403695, 9661540.526654114946723 ], [ 172039.185427549673477, 9661540.396152144297957 ], [ 172038.924325501342537, 9661536.220089098438621 ], [ 172038.271753531938884, 9661533.088041812181473 ], [ 172038.271688120701583, 9661530.478002410382032 ] ] } },
{ "type": "Feature", "properties": { "id": 2, "pagina": 16, "classe": "Logradouros", "metodo": "EIXO_TRACO", "comp_m": 1.7269348890778919, "id_layer": "p16_camadas_logradouros", "doc_fonte": "Resposta SECT_autos.pdf", "doc_pagina": 16, "doc_folha": 109, "doc_escala": "1:2.000", "doc_metodo": "Reconstituição Vetorial Afim", "doc_rms_m": 0.12 }, "geometry": { "type": "LineString", "coordinates": [ [ 172785.500623266096227, 9661267.386035345494747 ], [ 172785.761610844783718, 9661266.994529435411096 ], [ 172786.414097779546864, 9661266.7335254997015 ], [ 172786.805584053421626, 9661266.342019591480494 ] ] } },
{ "type": "Feature", "properties": { "id": 3, "pagina": 16, "classe": "Logradouros", "metodo": "EIXO_TRACO", "comp_m": 128.15465262181849, "id_layer": "p16_camadas_logradouros", "doc_fonte": "Resposta SECT_autos.pdf", "doc_pagina": 16, "doc_folha": 109, "doc_escala": "1:2.000", "doc_metodo": "Reconstituição Vetorial Afim", "doc_rms_m": 0.12 }, "geometry": { "type": "LineString", "coordinates": [ [ 172224.757787057489622, 9661668.679589923471212 ], [ 172222.27832166076405, 9661669.071095818653703 ], [ 172219.015873904631007, 9661669.854107618331909 ], [ 172218.232881733565591, 9661669.854107614606619 ], [ 172211.968973799986998, 9661671.028625305742025 ], [ 172209.881011029938236, 9661671.681135144084692 ], [ 172208.445531924080569, 9661671.942139074206352 ], [ 172207.92354368447559, 9661672.203143011778593 ], [ 172207.010056088794954, 9661672.333644976839423 ], [ 172206.488067849189974, 9661672.594648912549019 ], [ 172205.052588743332308, 9661672.855652844533324 ], [ 172204.530600503756432, 9661673.11665678024292 ], [ 172203.617112908046693, 9661673.24715874530375 ], [ 172203.095124668470817, 9661673.508162682875991 ], [ 172202.181637072761077, 9661673.638664646074176 ], [ 172201.659648833156098, 9661673.899668583646417 ], [ 172200.224169727327535, 9661674.160672515630722 ], [ 172199.702181487722555, 9661674.421676451340318 ], [ 172197.744710871716961, 9661674.813182350248098 ], [ 172196.309238306974294, 9661675.33519022166729 ], [ 172193.829776180820772, 9661675.8571980856359 ], [ 172192.394303616107209, 9661676.379205957055092 ], [ 172190.045340185111854, 9661676.901213822886348 ], [ 172189.523351945506874, 9661677.162217760458589 ], [ 172185.347419864265248, 9661678.206233495846391 ], [ 172175.690588373341598, 9661681.077276777476072 ], [ 172173.341624942346243, 9661681.599284643307328 ], [ 172172.819636702770367, 9661681.860288580879569 ], [ 172172.428140617208555, 9661681.860288577154279 ], [ 172171.906152377632679, 9661682.12129251472652 ], [ 172171.514656292099971, 9661682.121292512863874 ], [ 172170.992668052494992, 9661682.38229644857347 ], [ 172170.601171966962283, 9661682.382296446710825 ], [ 172170.079183727357304, 9661682.643300384283066 ], [ 172169.687687641824596, 9661682.643300380557775 ], [ 172169.165699402219616, 9661682.904304318130016 ], [ 172156.898907089955173, 9661686.297355463728309 ], [ 172155.985426035389537, 9661686.688861368224025 ], [ 172151.02650832416839, 9661687.993881039321423 ], [ 172150.113027269602753, 9661688.385386943817139 ], [ 172149.721531184070045, 9661688.385386940091848 ], [ 172149.199542944465065, 9661688.646390877664089 ], [ 172148.808046858932357, 9661688.646390875801444 ], [ 172148.286058619356481, 9661688.90739481151104 ], [ 172147.894562533794669, 9661688.907394809648395 ], [ 172147.372574294218794, 9661689.168398747220635 ], [ 172146.981078208656982, 9661689.16839874535799 ], [ 172146.459089969081106, 9661689.429402681067586 ], [ 172146.067593883548398, 9661689.429402679204941 ], [ 172145.545605643943418, 9661689.690406616777182 ], [ 172145.15410955841071, 9661689.690406613051891 ], [ 172144.63212131880573, 9661689.951410550624132 ], [ 172144.240625233273022, 9661689.951410548761487 ], [ 172143.718636993668042, 9661690.212414484471083 ], [ 172143.327140908135334, 9661690.212414482608438 ], [ 172142.805152668530354, 9661690.473418420180678 ], [ 172142.413656582997646, 9661690.473418416455388 ], [ 172141.89166834342177, 9661690.734422354027629 ], [ 172141.500172257859958, 9661690.734422352164984 ], [ 172140.978184018284082, 9661690.995426287874579 ], [ 172140.586687932751374, 9661690.995426286011934 ], [ 172140.064699693146395, 9661691.256430223584175 ], [ 172127.797907380881952, 9661694.649481369182467 ], [ 172122.969494905963074, 9661696.215504979714751 ], [ 172122.577998820430366, 9661696.215504977852106 ], [ 172122.056010580825387, 9661696.476508915424347 ], [ 172109.789218268560944, 9661699.869560061022639 ], [ 172108.875737213995308, 9661700.261065965518355 ], [ 172103.916819502803264, 9661701.566085634753108 ], [ 172103.003338448208524, 9661701.957591539248824 ], [ 172102.220349547715159, 9661702.088093506172299 ], [ 172101.82886000329745, 9661702.34909744374454 ] ] } },
{ "type": "Feature", "properties": { "id": 4, "pagina": 16, "classe": "Logradouros", "metodo": "EIXO_TRACO", "comp_m": 13.597404696043412, "id_layer": "p16_camadas_logradouros", "doc_fonte": "Resposta SECT_autos.pdf", "doc_pagina": 16, "doc_folha": 109, "doc_escala": "1:2.000", "doc_metodo": "Reconstituição Vetorial Afim", "doc_rms_m": 0.12 }, "geometry": { "type": "LineString", "coordinates": [ [ 172038.271688120701583, 9661530.478002410382032 ], [ 172037.097203134646406, 9661530.608504371717572 ], [ 172028.092868390172953, 9661533.610049629583955 ], [ 172027.701378845784348, 9661533.871053567156196 ], [ 172025.874410195508972, 9661534.393061434850097 ], [ 172025.482923921663314, 9661534.784567343071103 ] ] } },
{ "type": "Feature", "properties": { "id": 5, "pagina": 16, "classe": "Logradouros", "metodo": "EIXO_TRACO", "comp_m": 27.72441793155572, "id_layer": "p16_camadas_logradouros", "doc_fonte": "Resposta SECT_autos.pdf", "doc_pagina": 16, "doc_folha": 109, "doc_escala": "1:2.000", "doc_metodo": "Reconstituição Vetorial Afim", "doc_rms_m": 0.12 }, "geometry": { "type": "LineString", "coordinates": [ [ 172038.271688120701583, 9661530.478002410382032 ], [ 172038.532659346557921, 9661529.433986650779843 ], [ 172038.532626640953822, 9661528.128966949880123 ], [ 172038.663122065569041, 9661527.998464981094003 ], [ 172038.66309263050789, 9661526.823947248980403 ], [ 172038.793588055123109, 9661526.693445280194283 ], [ 172039.054487328627147, 9661522.778386177495122 ], [ 172039.184982753242366, 9661522.647884208709002 ], [ 172039.184953318181215, 9661521.473366478458047 ], [ 172039.315448742796434, 9661521.342864507809281 ], [ 172039.445882026746403, 9661518.732825107872486 ], [ 172039.576377451361623, 9661518.602323137223721 ], [ 172039.576348016300471, 9661517.427805406972766 ], [ 172039.706843440915691, 9661517.297303438186646 ], [ 172039.83727672486566, 9661514.687264036387205 ], [ 172039.967772149480879, 9661514.556762067601085 ], [ 172039.967742714419728, 9661513.382244335487485 ], [ 172040.098238139034947, 9661513.251742366701365 ], [ 172040.228671422984917, 9661510.641702964901924 ], [ 172040.359166847600136, 9661510.511200996115804 ], [ 172040.359137412538985, 9661509.336683265864849 ], [ 172040.489632837154204, 9661509.206181295216084 ], [ 172040.489603402093053, 9661508.031663564965129 ], [ 172040.620098826708272, 9661507.901161596179008 ], [ 172040.620066121104173, 9661506.596141895279288 ], [ 172040.750561545719393, 9661506.465639924630523 ], [ 172041.011483713140478, 9661503.464094614610076 ] ] } },
{ "type": "Feature", "properties": { "id": 6, "pagina": 16, "classe": "Logradouros", "metodo": "EIXO_TRACO", "comp_m": 56.356529659035921, "id_layer": "p16_camadas_logradouros", "doc_fonte": "Resposta SECT_autos.pdf", "doc_pagina": 16, "doc_folha": 109, "doc_escala": "1:2.000", "doc_metodo": "Reconstituição Vetorial Afim", "doc_rms_m": 0.12 }, "geometry": { "type": "LineString", "coordinates": [ [ 172293.128212360199541, 9661234.108029885217547 ], [ 172293.519714986876352, 9661234.369033826515079 ], [ 172294.04173593208543, 9661235.413049591705203 ], [ 172294.041742473200429, 9661235.674053531140089 ], [ 172298.217919846618315, 9661244.417685555294156 ], [ 172298.217926387733314, 9661244.678689494729042 ], [ 172299.000954534974881, 9661246.114211171865463 ], [ 172300.567030452890322, 9661249.768266344442964 ], [ 172301.480563836434158, 9661251.464791961014271 ], [ 172303.046639754320495, 9661255.118847133591771 ], [ 172303.960173137893435, 9661256.815372752025723 ], [ 172303.960179679008434, 9661257.076376691460609 ], [ 172306.439782439352712, 9661262.165953541174531 ], [ 172306.439788980467711, 9661262.426957482472062 ], [ 172307.222817127738381, 9661263.862479157745838 ], [ 172308.788893045624718, 9661267.516534330323339 ], [ 172316.227714408858446, 9661283.30727276019752 ], [ 172316.880250402056845, 9661285.003798376768827 ] ] } },
{ "type": "Feature", "properties": { "id": 7, "pagina": 16, "classe": "Logradouros", "metodo": "EIXO_TRACO", "comp_m": 57.374337492695176, "id_layer": "p16_camadas_logradouros", "doc_fonte": "Resposta SECT_autos.pdf", "doc_pagina": 16, "doc_folha": 109, "doc_escala": "1:2.000", "doc_metodo": "Reconstituição Vetorial Afim", "doc_rms_m": 0.12 }, "geometry": { "type": "LineString", "coordinates": [ [ 172432.371850739844376, 9661295.182952767238021 ], [ 172431.719373616739176, 9661295.835462614893913 ], [ 172383.827101444534492, 9661325.720413470640779 ] ] } },
{ "type": "Feature", "properties": { "id": 8, "pagina": 16, "classe": "Logradouros", "metodo": "EIXO_TRACO", "comp_m": 8.7440332975851565, "id_layer": "p16_camadas_logradouros", "doc_fonte": "Resposta SECT_autos.pdf", "doc_pagina": 16, "doc_folha": 109, "doc_escala": "1:2.000", "doc_metodo": "Reconstituição Vetorial Afim", "doc_rms_m": 0.12 }, "geometry": { "type": "LineString", "coordinates": [ [ 172112.909707280341536, 9661241.807644993066788 ], [ 172112.518201383121777, 9661241.416139081120491 ], [ 172111.60466472900589, 9661239.589111493900418 ], [ 172110.691118263173848, 9661237.370577994734049 ], [ 172109.647079643327743, 9661235.413048436865211 ], [ 172109.255554122733884, 9661234.238530702888966 ], [ 172108.994553461787291, 9661234.1080287322402 ] ] } },
{ "type": "Feature", "properties": { "id": 9, "pagina": 16, "classe": "Logradouros", "metodo": "EIXO_TRACO", "comp_m": 11.669440653581697, "id_layer": "p16_camadas_logradouros", "doc_fonte": "Resposta SECT_autos.pdf", "doc_pagina": 16, "doc_folha": 109, "doc_escala": "1:2.000", "doc_metodo": "Reconstituição Vetorial Afim", "doc_rms_m": 0.12 }, "geometry": { "type": "LineString", "coordinates": [ [ 172664.532921433070442, 9661450.480298651382327 ], [ 172665.576927347312449, 9661451.13280851021409 ], [ 172672.754515839740634, 9661457.527405088767409 ], [ 172673.537514551950153, 9661457.788409035652876 ] ] } },
{ "type": "Feature", "properties": { "id": 10, "pagina": 16, "classe": "Logradouros", "metodo": "EIXO_TRACO", "comp_m": 89.730940587192265, "id_layer": "p16_camadas_logradouros", "doc_fonte": "Resposta SECT_autos.pdf", "doc_pagina": 16, "doc_folha": 109, "doc_escala": "1:2.000", "doc_metodo": "Reconstituição Vetorial Afim", "doc_rms_m": 0.12 }, "geometry": { "type": "LineString", "coordinates": [ [ 172227.356869989685947, 9661234.108029473572969 ], [ 172233.09912328099017, 9661246.505716668441892 ], [ 172233.099129822105169, 9661246.766720609739423 ], [ 172233.882157969375839, 9661248.202242285013199 ], [ 172234.534693962574238, 9661249.898767901584506 ], [ 172235.317722109815804, 9661251.334289576858282 ], [ 172235.317728650959907, 9661251.595293518155813 ], [ 172236.100756798201473, 9661253.030815193429589 ], [ 172236.753292791399872, 9661254.727340810000896 ], [ 172237.536320938670542, 9661256.162862485274673 ], [ 172238.188856931868941, 9661257.859388099983335 ], [ 172238.971885079139611, 9661259.294909777119756 ], [ 172239.624421072338009, 9661260.991435391828418 ], [ 172240.407449219608679, 9661262.426957068964839 ], [ 172241.059985212807078, 9661264.123482683673501 ], [ 172242.626048048434313, 9661267.255529977381229 ], [ 172243.278584041632712, 9661268.952055592089891 ], [ 172244.061612188903382, 9661270.387577267363667 ], [ 172244.714148182101781, 9661272.084102883934975 ], [ 172245.497176329372451, 9661273.519624559208751 ], [ 172246.149712322570849, 9661275.216150175780058 ], [ 172247.715775158227189, 9661278.348197467625141 ], [ 172249.673370055592386, 9661282.915766434744 ], [ 172250.586903439136222, 9661284.612292051315308 ], [ 172250.586909980251221, 9661284.873295990750194 ], [ 172251.369938127521891, 9661286.308817667886615 ], [ 172251.36994466863689, 9661286.569821607321501 ], [ 172252.15297281590756, 9661288.005343284457922 ], [ 172252.152979357022559, 9661288.266347223892808 ], [ 172252.936007504293229, 9661289.701868899166584 ], [ 172252.936014045408228, 9661289.962872840464115 ], [ 172253.719042192678899, 9661291.398394515737891 ], [ 172253.719048733793898, 9661291.659398457035422 ], [ 172254.502076881064568, 9661293.094920132309198 ], [ 172254.502083422179567, 9661293.35592407360673 ], [ 172255.285111569450237, 9661294.791445748880506 ], [ 172255.285118110565236, 9661295.052449688315392 ], [ 172256.068146257835906, 9661296.487971365451813 ], [ 172256.068152798950905, 9661296.748975304886699 ], [ 172256.851180946221575, 9661298.18449698202312 ], [ 172256.851187487336574, 9661298.445500921458006 ], [ 172258.547755559266079, 9661301.83855215460062 ], [ 172258.547762100410182, 9661302.099556095898151 ], [ 172264.68153110059211, 9661315.280255114659667 ] ] } },
{ "type": "Feature", "properties": { "id": 11, "pagina": 16, "classe": "Logradouros", "metodo": "EIXO_TRACO", "comp_m": 15.379134355130789, "id_layer": "p16_camadas_logradouros", "doc_fonte": "Resposta SECT_autos.pdf", "doc_pagina": 16, "doc_folha": 109, "doc_escala": "1:2.000", "doc_metodo": "Reconstituição Vetorial Afim", "doc_rms_m": 0.12 }, "geometry": { "type": "LineString", "coordinates": [ [ 172683.977688164071878, 9661468.8810765594244 ], [ 172683.84717638665461, 9661468.359068678691983 ], [ 172673.537521093065152, 9661458.049412975087762 ], [ 172673.537514551950153, 9661457.788409035652876 ] ] } },
{ "type": "Feature", "properties": { "id": 12, "pagina": 16, "classe": "Logradouros", "metodo": "EIXO_TRACO", "comp_m": 42.692591056423169, "id_layer": "p16_camadas_logradouros", "doc_fonte": "Resposta SECT_autos.pdf", "doc_pagina": 16, "doc_folha": 109, "doc_escala": "1:2.000", "doc_metodo": "Reconstituição Vetorial Afim", "doc_rms_m": 0.12 }, "geometry": { "type": "LineString", "coordinates": [ [ 172683.977688164071878, 9661468.8810765594244 ], [ 172684.23868555444642, 9661468.881076561287045 ], [ 172684.891195383155718, 9661469.533586416393518 ], [ 172693.895883348304778, 9661480.626253930851817 ], [ 172700.029498632095056, 9661487.673360355198383 ], [ 172711.51372721689404, 9661501.376067290082574 ] ] } },
{ "type": "Feature", "properties": { "id": 13, "pagina": 16, "classe": "Logradouros", "metodo": "EIXO_TRACO", "comp_m": 135.64876876626442, "id_layer": "p16_camadas_logradouros", "doc_fonte": "Resposta SECT_autos.pdf", "doc_pagina": 16, "doc_folha": 109, "doc_escala": "1:2.000", "doc_metodo": "Reconstituição Vetorial Afim", "doc_rms_m": 0.12 }, "geometry": { "type": "LineString", "coordinates": [ [ 172683.977688164071878, 9661468.8810765594244 ], [ 172663.620513122848934, 9661493.676450753584504 ], [ 172659.053251754696248, 9661501.376066960394382 ], [ 172658.531273326807423, 9661502.028576808050275 ], [ 172656.312923060671892, 9661507.118153627961874 ], [ 172655.921440057369182, 9661507.640161506831646 ], [ 172654.747069540986558, 9661512.338232424110174 ], [ 172654.486121209047269, 9661514.295761972665787 ], [ 172661.011324154125759, 9661524.996923564001918 ], [ 172672.495477516000392, 9661535.698085183277726 ], [ 172673.01747883783537, 9661535.959089128300548 ], [ 172673.408974923397182, 9661535.959089130163193 ], [ 172678.628801719780313, 9661531.130516268312931 ], [ 172711.122250754735433, 9661502.159079108387232 ], [ 172711.383241603965871, 9661501.898075168952346 ], [ 172711.51372721689404, 9661501.376067290082574 ] ] } },
{ "type": "Feature", "properties": { "id": 14, "pagina": 16, "classe": "Logradouros", "metodo": "EIXO_TRACO", "comp_m": 47.657946792948728, "id_layer": "p16_camadas_logradouros", "doc_fonte": "Resposta SECT_autos.pdf", "doc_pagina": 16, "doc_folha": 109, "doc_escala": "1:2.000", "doc_metodo": "Reconstituição Vetorial Afim", "doc_rms_m": 0.12 }, "geometry": { "type": "LineString", "coordinates": [ [ 172711.51372721689404, 9661501.376067290082574 ], [ 172712.035721997614019, 9661501.376067291945219 ], [ 172712.688202391262166, 9661500.854059416800737 ], [ 172746.225624634855194, 9661471.230112411081791 ], [ 172747.139092607190832, 9661470.316598625853658 ], [ 172747.13908606604673, 9661470.055594686418772 ] ] } },
{ "type": "Feature", "properties": { "id": 15, "pagina": 16, "classe": "Logradouros", "metodo": "EIXO_TRACO", "comp_m": 60.548260287236253, "id_layer": "p16_camadas_logradouros", "doc_fonte": "Resposta SECT_autos.pdf", "doc_pagina": 16, "doc_folha": 109, "doc_escala": "1:2.000", "doc_metodo": "Reconstituição Vetorial Afim", "doc_rms_m": 0.12 }, "geometry": { "type": "LineString", "coordinates": [ [ 172369.470482141856337, 9661255.379851490259171 ], [ 172369.47048868300044, 9661255.640855431556702 ], [ 172369.079002409125678, 9661256.032361337915063 ], [ 172354.854840868269093, 9661263.862479455769062 ], [ 172318.576717086572899, 9661284.351288536563516 ], [ 172317.532740607392043, 9661284.873296409845352 ], [ 172316.880250402056845, 9661285.003798376768827 ] ] } },
{ "type": "Feature", "properties": { "id": 16, "pagina": 16, "classe": "Logradouros", "metodo": "EIXO_TRACO", "comp_m": 45.433708969163668, "id_layer": "p16_camadas_logradouros", "doc_fonte": "Resposta SECT_autos.pdf", "doc_pagina": 16, "doc_folha": 109, "doc_escala": "1:2.000", "doc_metodo": "Reconstituição Vetorial Afim", "doc_rms_m": 0.12 }, "geometry": { "type": "LineString", "coordinates": [ [ 172369.470482141856337, 9661255.379851490259171 ], [ 172370.122975617763586, 9661255.379851493984461 ], [ 172371.166952096944442, 9661254.857843620702624 ], [ 172408.228064779163105, 9661234.238532574847341 ], [ 172409.402546494646231, 9661233.977528642863035 ] ] } },
{ "type": "Feature", "properties": { "id": 17, "pagina": 16, "classe": "Logradouros", "metodo": "EIXO_TRACO", "comp_m": 23.555226824353188, "id_layer": "p16_camadas_logradouros", "doc_fonte": "Resposta SECT_autos.pdf", "doc_pagina": 16, "doc_folha": 109, "doc_escala": "1:2.000", "doc_metodo": "Reconstituição Vetorial Afim", "doc_rms_m": 0.12 }, "geometry": { "type": "LineString", "coordinates": [ [ 172369.470482141856337, 9661255.379851490259171 ], [ 172368.948451384960208, 9661253.94432981684804 ], [ 172364.380758302664617, 9661244.417685968801379 ], [ 172363.597717073163949, 9661242.460156412795186 ], [ 172362.684183689591009, 9661240.763630796223879 ], [ 172362.68417714847601, 9661240.502626854926348 ], [ 172361.77064376490307, 9661238.806101238355041 ], [ 172361.770637223788071, 9661238.545097298920155 ], [ 172360.857103840215132, 9661236.848571680486202 ], [ 172359.943557374412194, 9661234.630038183182478 ], [ 172359.552048206620384, 9661234.108030300587416 ] ] } },
{ "type": "Feature", "properties": { "id": 18, "pagina": 16, "classe": "Logradouros", "metodo": "EIXO_TRACO", "comp_m": 46.318497687301019, "id_layer": "p16_camadas_logradouros", "doc_fonte": "Resposta SECT_autos.pdf", "doc_pagina": 16, "doc_folha": 109, "doc_escala": "1:2.000", "doc_metodo": "Reconstituição Vetorial Afim", "doc_rms_m": 0.12 }, "geometry": { "type": "LineString", "coordinates": [ [ 172211.177782330050832, 9661343.860186234116554 ], [ 172211.047293446550611, 9661344.251692144200206 ], [ 172209.611817611264996, 9661344.643198044970632 ], [ 172209.220328066847287, 9661344.904201982542872 ], [ 172207.001866601611255, 9661345.556711819022894 ], [ 172206.610377057193546, 9661345.817715756595135 ], [ 172204.391915591928409, 9661346.470225594937801 ], [ 172204.000426047539804, 9661346.731229532510042 ], [ 172201.781964582274668, 9661347.383739368990064 ], [ 172201.390475037856959, 9661347.644743306562304 ], [ 172199.172013572620926, 9661348.297253143042326 ], [ 172198.780524028203217, 9661348.558257080614567 ], [ 172196.562062562967185, 9661349.210766917094588 ], [ 172196.170573018549476, 9661349.471770854666829 ], [ 172193.560618738323683, 9661350.254782659932971 ], [ 172193.169129193905974, 9661350.515786597505212 ], [ 172190.950667728669941, 9661351.168296433985233 ], [ 172190.559178184252232, 9661351.429300371557474 ], [ 172188.3407167190162, 9661352.081810208037496 ], [ 172187.949227174598491, 9661352.342814145609736 ], [ 172185.730765709362458, 9661352.995323982089758 ], [ 172185.339276164944749, 9661353.256327921524644 ], [ 172167.852601456717821, 9661359.259418435394764 ] ] } },
{ "type": "Feature", "properties": { "id": 19, "pagina": 16, "classe": "Logradouros", "metodo": "EIXO_TRACO", "comp_m": 60.826373458517011, "id_layer": "p16_camadas_logradouros", "doc_fonte": "Resposta SECT_autos.pdf", "doc_pagina": 16, "doc_folha": 109, "doc_escala": "1:2.000", "doc_metodo": "Reconstituição Vetorial Afim", "doc_rms_m": 0.12 }, "geometry": { "type": "LineString", "coordinates": [ [ 172211.177782330050832, 9661343.860186234116554 ], [ 172211.69977711077081, 9661343.860186237841845 ], [ 172219.660092858743155, 9661339.684123244136572 ], [ 172221.617543851374649, 9661338.509605525061488 ], [ 172229.186370054929284, 9661334.594546468928456 ], [ 172231.143821047560778, 9661333.420028749853373 ], [ 172238.712647251115413, 9661329.504969693720341 ], [ 172238.973638100345852, 9661329.2439657561481 ], [ 172248.238924447301542, 9661324.41539292037487 ], [ 172248.499915296561085, 9661324.154388980939984 ], [ 172255.807747380313231, 9661320.369831893593073 ], [ 172261.680106899351813, 9661317.107282677665353 ], [ 172263.376570313295815, 9661316.324270868673921 ], [ 172264.290048097318504, 9661315.802262993529439 ], [ 172264.68153110059211, 9661315.280255114659667 ] ] } },
{ "type": "Feature", "properties": { "id": 20, "pagina": 16, "classe": "Logradouros", "metodo": "EIXO_TRACO", "comp_m": 120.9147615404854, "id_layer": "p16_camadas_logradouros", "doc_fonte": "Resposta SECT_autos.pdf", "doc_pagina": 16, "doc_folha": 109, "doc_escala": "1:2.000", "doc_metodo": "Reconstituição Vetorial Afim", "doc_rms_m": 0.12 }, "geometry": { "type": "LineString", "coordinates": [ [ 172211.177782330050832, 9661343.860186234116554 ], [ 172204.130473405151861, 9661328.7219576574862 ], [ 172203.477937411953462, 9661327.025432042777538 ], [ 172202.694909264682792, 9661325.589910365641117 ], [ 172202.042373271484394, 9661323.893384750932455 ], [ 172201.259345124242827, 9661322.457863073796034 ], [ 172200.606809131015325, 9661320.761337459087372 ], [ 172199.823780983773759, 9661319.325815781950951 ], [ 172199.17124499057536, 9661317.629290167242289 ], [ 172198.38821684330469, 9661316.193768490105867 ], [ 172197.735680850106291, 9661314.497242875397205 ], [ 172196.952652702835621, 9661313.061721200123429 ], [ 172196.300116709637223, 9661311.365195583552122 ], [ 172195.517088562366553, 9661309.929673908278346 ], [ 172194.864552569168154, 9661308.233148291707039 ], [ 172194.081524421926588, 9661306.797626616433263 ], [ 172193.428988428699085, 9661305.101100999861956 ], [ 172192.645960281457519, 9661303.66557932458818 ], [ 172191.993424288259121, 9661301.969053708016872 ], [ 172191.21039614098845, 9661300.533532032743096 ], [ 172190.557860147790052, 9661298.837006418034434 ], [ 172189.774832000519382, 9661297.401484740898013 ], [ 172189.122296007320983, 9661295.704959126189351 ], [ 172188.339267860050313, 9661294.26943744905293 ], [ 172187.686731866851915, 9661292.572911834344268 ], [ 172186.903703719610348, 9661291.137390157207847 ], [ 172186.251167726382846, 9661289.440864542499185 ], [ 172185.46813957914128, 9661288.005342865362763 ], [ 172184.815603585942881, 9661286.308817250654101 ], [ 172184.032575438672211, 9661284.873295575380325 ], [ 172183.380039445473813, 9661283.176769958809018 ], [ 172182.597011298203142, 9661281.741248283535242 ], [ 172181.944475305004744, 9661280.044722666963935 ], [ 172181.161447157734074, 9661278.609200991690159 ], [ 172180.508911164535675, 9661276.912675375118852 ], [ 172179.725883017294109, 9661275.477153699845076 ], [ 172179.073347024066607, 9661273.780628085136414 ], [ 172178.29031887682504, 9661272.345106408 ], [ 172177.637782883626642, 9661270.64858079329133 ], [ 172176.854754736355972, 9661269.213059116154909 ], [ 172176.202218743157573, 9661267.516533501446247 ], [ 172175.419190595886903, 9661266.081011824309826 ], [ 172174.766654602688504, 9661264.384486209601164 ], [ 172173.983626455446938, 9661262.948964532464743 ], [ 172173.331090462219436, 9661261.252438917756081 ], [ 172172.548062314977869, 9661259.816917242482305 ], [ 172171.895526321779471, 9661258.120391625910997 ], [ 172171.112498174508801, 9661256.684869950637221 ], [ 172170.459962181310402, 9661254.988344334065914 ], [ 172169.676934034039732, 9661253.552822658792138 ], [ 172169.024398040841334, 9661251.856297042220831 ], [ 172168.241369893570663, 9661250.420775366947055 ], [ 172168.241363352455664, 9661250.159771425649524 ], [ 172164.71771216057823, 9661242.721159107983112 ], [ 172164.065176167379832, 9661241.02463349327445 ], [ 172162.499113331723493, 9661237.892586199566722 ], [ 172161.846577338525094, 9661236.19606058485806 ], [ 172161.063549191254424, 9661234.760538907721639 ], [ 172161.063542650139425, 9661234.499534968286753 ], [ 172160.802538718649885, 9661234.238531026989222 ] ] } },
{ "type": "Feature", "properties": { "id": 21, "pagina": 16, "classe": "Logradouros", "metodo": "EIXO_TRACO", "comp_m": 17.286659653147051, "id_layer": "p16_camadas_logradouros", "doc_fonte": "Resposta SECT_autos.pdf", "doc_pagina": 16, "doc_folha": 109, "doc_escala": "1:2.000", "doc_metodo": "Reconstituição Vetorial Afim", "doc_rms_m": 0.12 }, "geometry": { "type": "LineString", "coordinates": [ [ 172143.851068590971408, 9661767.339078821241856 ], [ 172143.981577097845729, 9661767.730584731325507 ], [ 172153.247210124362027, 9661776.735220728442073 ], [ 172155.726744202896953, 9661779.084256205707788 ], [ 172156.248742254188983, 9661779.214758178219199 ] ] } },
{ "type": "Feature", "properties": { "id": 22, "pagina": 16, "classe": "Logradouros", "metodo": "EIXO_TRACO", "comp_m": 35.812553592006225, "id_layer": "p16_camadas_logradouros", "doc_fonte": "Resposta SECT_autos.pdf", "doc_pagina": 16, "doc_folha": 109, "doc_escala": "1:2.000", "doc_metodo": "Reconstituição Vetorial Afim", "doc_rms_m": 0.12 }, "geometry": { "type": "LineString", "coordinates": [ [ 172143.851068590971408, 9661767.339078821241856 ], [ 172143.19856857394916, 9661767.078074876219034 ], [ 172129.104362815007335, 9661753.244865957647562 ], [ 172124.667289438657463, 9661748.546795004978776 ], [ 172123.753765866771573, 9661747.24177529849112 ], [ 172119.838687271170784, 9661742.543704349547625 ], [ 172119.447178103378974, 9661742.021696466952562 ], [ 172119.316666325961705, 9661741.499688586220145 ] ] } },
{ "type": "Feature", "properties": { "id": 23, "pagina": 16, "classe": "Logradouros", "metodo": "EIXO_TRACO", "comp_m": 86.017717285646796, "id_layer": "p16_camadas_logradouros", "doc_fonte": "Resposta SECT_autos.pdf", "doc_pagina": 16, "doc_folha": 109, "doc_escala": "1:2.000", "doc_metodo": "Reconstituição Vetorial Afim", "doc_rms_m": 0.12 }, "geometry": { "type": "LineString", "coordinates": [ [ 172143.851068590971408, 9661767.339078821241856 ], [ 172157.553120881464565, 9661754.941391745582223 ], [ 172163.686451626359485, 9661750.634826771914959 ], [ 172170.60278108343482, 9661746.589265741407871 ], [ 172175.431180476094596, 9661744.50123425014317 ], [ 172177.388634739298141, 9661743.457218499854207 ], [ 172185.479481888061855, 9661740.5861752089113 ], [ 172186.392969483771594, 9661740.45567324385047 ], [ 172186.91495772334747, 9661740.194669308140874 ], [ 172197.224289231293369, 9661737.584629969671369 ], [ 172197.746277470898349, 9661737.323626032099128 ], [ 172204.532167102937819, 9661735.627100463956594 ], [ 172206.489631177828414, 9661734.974590625613928 ], [ 172207.53361746869632, 9661734.844088662415743 ], [ 172208.0556057083013, 9661734.583084724843502 ], [ 172210.013076324306894, 9661734.191578827798367 ], [ 172210.53506456388277, 9661733.930574890226126 ], [ 172220.191905866493471, 9661731.451037518680096 ] ] } },
{ "type": "Feature", "properties": { "id": 24, "pagina": 16, "classe": "Logradouros", "metodo": "EIXO_TRACO", "comp_m": 85.393071940018828, "id_layer": "p16_camadas_logradouros", "doc_fonte": "Resposta SECT_autos.pdf", "doc_pagina": 16, "doc_folha": 109, "doc_escala": "1:2.000", "doc_metodo": "Reconstituição Vetorial Afim", "doc_rms_m": 0.12 }, "geometry": { "type": "LineString", "coordinates": [ [ 172786.811428547662217, 9661499.549040179699659 ], [ 172785.375982147437753, 9661501.11506381072104 ], [ 172724.564967100333888, 9661556.056392846629024 ], [ 172723.912489977257792, 9661556.708902694284916 ], [ 172723.912499788915738, 9661557.100408604368567 ] ] } },
{ "type": "Feature", "properties": { "id": 25, "pagina": 16, "classe": "Logradouros", "metodo": "EIXO_TRACO", "comp_m": 38.51469672380405, "id_layer": "p16_camadas_logradouros", "doc_fonte": "Resposta SECT_autos.pdf", "doc_pagina": 16, "doc_folha": 109, "doc_escala": "1:2.000", "doc_metodo": "Reconstituição Vetorial Afim", "doc_rms_m": 0.12 }, "geometry": { "type": "LineString", "coordinates": [ [ 172564.970161701814504, 9661759.508963249623775 ], [ 172564.839656465512235, 9661759.24795931018889 ], [ 172564.970145349012455, 9661758.856453400105238 ], [ 172564.970099561120151, 9661757.029425818473101 ], [ 172565.231064245861489, 9661755.724406119436026 ], [ 172565.491950437135529, 9661751.287339136004448 ], [ 172565.622445861750748, 9661751.156837167218328 ], [ 172565.752872604556615, 9661748.285793825984001 ], [ 172565.883368029171834, 9661748.155291857197881 ], [ 172566.144257490988821, 9661743.848726844415069 ], [ 172566.27475291560404, 9661743.718224875628948 ], [ 172566.27471693942789, 9661742.282703204080462 ], [ 172566.405212364043109, 9661742.152201235294342 ], [ 172566.405179658409907, 9661740.847181534394622 ], [ 172566.53567508305423, 9661740.716679563745856 ], [ 172566.535642377421027, 9661739.411659862846136 ], [ 172566.666137802036246, 9661739.281157894060016 ], [ 172566.666101825860096, 9661737.84563622251153 ], [ 172566.796597250475315, 9661737.71513425372541 ], [ 172567.057496523979353, 9661733.800075151026249 ], [ 172567.187991948594572, 9661733.669573182240129 ], [ 172567.187955972418422, 9661732.234051510691643 ], [ 172567.318451397033641, 9661732.103549541905522 ], [ 172567.318418691400439, 9661730.798529841005802 ], [ 172567.448914116015658, 9661730.668027872219682 ], [ 172568.101181923149852, 9661721.663391938433051 ] ] } },
{ "type": "Feature", "properties": { "id": 26, "pagina": 16, "classe": "Logradouros", "metodo": "EIXO_TRACO", "comp_m": 15.484583168628895, "id_layer": "p16_camadas_logradouros", "doc_fonte": "Resposta SECT_autos.pdf", "doc_pagina": 16, "doc_folha": 109, "doc_escala": "1:2.000", "doc_metodo": "Reconstituição Vetorial Afim", "doc_rms_m": 0.12 }, "geometry": { "type": "LineString", "coordinates": [ [ 172025.743123294902034, 9661502.942086638882756 ], [ 172026.39561677078018, 9661502.942086642608047 ], [ 172026.526118736539502, 9661503.072588613256812 ], [ 172030.049583506392082, 9661503.072588635608554 ], [ 172030.1800854721223, 9661503.203090606257319 ], [ 172033.834048937162152, 9661503.203090628609061 ], [ 172033.96455090289237, 9661503.333592599257827 ], [ 172037.48801567274495, 9661503.333592621609569 ], [ 172037.618517638475168, 9661503.464094592258334 ], [ 172041.011483713140478, 9661503.464094614610076 ] ] } },
{ "type": "Feature", "properties": { "id": 27, "pagina": 16, "classe": "Logradouros", "metodo": "EIXO_TRACO", "comp_m": 99.840131366753297, "id_layer": "p16_camadas_logradouros", "doc_fonte": "Resposta SECT_autos.pdf", "doc_pagina": 16, "doc_folha": 109, "doc_escala": "1:2.000", "doc_metodo": "Reconstituição Vetorial Afim", "doc_rms_m": 0.12 }, "geometry": { "type": "LineString", "coordinates": [ [ 172358.260722392180469, 9661779.214759442955256 ], [ 172357.608202751813224, 9661778.170743677765131 ], [ 172356.433645813376643, 9661775.430202297866344 ], [ 172348.472813316620886, 9661758.986954014748335 ], [ 172348.472806775505887, 9661758.725950075313449 ], [ 172347.559273391932948, 9661757.029424456879497 ], [ 172345.862692237744341, 9661753.114365343004465 ], [ 172344.557643145264592, 9661750.634827902540565 ], [ 172343.383086206857115, 9661747.894286522641778 ], [ 172342.078037114377366, 9661745.414749084040523 ], [ 172340.903480175940786, 9661742.674207704141736 ], [ 172328.505456562619656, 9661716.834817543625832 ], [ 172327.330896353640128, 9661713.963774194940925 ], [ 172315.715907428704668, 9661689.820909650996327 ], [ 172315.715887805330567, 9661689.037897830829024 ] ] } },
{ "type": "Feature", "properties": { "id": 28, "pagina": 16, "classe": "Logradouros", "metodo": "EIXO_TRACO", "comp_m": 2.1589209662772069, "id_layer": "p16_camadas_logradouros", "doc_fonte": "Resposta SECT_autos.pdf", "doc_pagina": 16, "doc_folha": 109, "doc_escala": "1:2.000", "doc_metodo": "Reconstituição Vetorial Afim", "doc_rms_m": 0.12 }, "geometry": { "type": "LineString", "coordinates": [ [ 172667.27068273597979, 9661342.294165447354317 ], [ 172667.792687328386819, 9661342.685671361163259 ], [ 172668.053697800991358, 9661343.207679243758321 ], [ 172668.706207629700657, 9661343.860189098864794 ] ] } },
{ "type": "Feature", "properties": { "id": 29, "pagina": 16, "classe": "Logradouros", "metodo": "EIXO_TRACO", "comp_m": 1.9089085238841399, "id_layer": "p16_camadas_logradouros", "doc_fonte": "Resposta SECT_autos.pdf", "doc_pagina": 16, "doc_folha": 109, "doc_escala": "1:2.000", "doc_metodo": "Reconstituição Vetorial Afim", "doc_rms_m": 0.12 }, "geometry": { "type": "LineString", "coordinates": [ [ 172786.80823647917714, 9661372.179117351770401 ], [ 172786.416750205331482, 9661372.570623259991407 ], [ 172785.764263270539232, 9661372.831627195701003 ], [ 172785.372780267265625, 9661373.35363507270813 ] ] } },
{ "type": "Feature", "properties": { "id": 30, "pagina": 16, "classe": "Logradouros", "metodo": "EIXO_TRACO", "comp_m": 2.8767510014377078, "id_layer": "p16_camadas_logradouros", "doc_fonte": "Resposta SECT_autos.pdf", "doc_pagina": 16, "doc_folha": 109, "doc_escala": "1:2.000", "doc_metodo": "Reconstituição Vetorial Afim", "doc_rms_m": 0.12 }, "geometry": { "type": "LineString", "coordinates": [ [ 172786.807399215293117, 9661338.770613003522158 ], [ 172786.546382201573579, 9661337.987601181492209 ], [ 172786.024374338623602, 9661337.465593297034502 ], [ 172785.502356663957471, 9661336.552079502493143 ], [ 172785.502350122842472, 9661336.291075563058257 ] ] } },
{ "type": "Feature", "properties": { "id": 31, "pagina": 16, "classe": "Logradouros", "metodo": "EIXO_TRACO", "comp_m": 73.261737120154862, "id_layer": "p16_camadas_logradouros", "doc_fonte": "Resposta SECT_autos.pdf", "doc_pagina": 16, "doc_folha": 109, "doc_escala": "1:2.000", "doc_metodo": "Reconstituição Vetorial Afim", "doc_rms_m": 0.12 }, "geometry": { "type": "LineString", "coordinates": [ [ 172049.10789081727853, 9661722.446400510147214 ], [ 172049.368907830998069, 9661723.229412332177162 ], [ 172055.11111206386704, 9661733.669569976627827 ], [ 172057.982223991974024, 9661739.28115470893681 ], [ 172061.114313687081449, 9661744.109727622941136 ], [ 172064.115871981397504, 9661747.633280836045742 ], [ 172093.478856790548889, 9661778.692749904468656 ], [ 172093.870362687768647, 9661779.084255818277597 ], [ 172094.392360739060678, 9661779.214757790789008 ] ] } },
{ "type": "Feature", "properties": { "id": 32, "pagina": 16, "classe": "Logradouros", "metodo": "EIXO_TRACO", "comp_m": 56.643409251654383, "id_layer": "p16_camadas_logradouros", "doc_fonte": "Resposta SECT_autos.pdf", "doc_pagina": 16, "doc_folha": 109, "doc_escala": "1:2.000", "doc_metodo": "Reconstituição Vetorial Afim", "doc_rms_m": 0.12 }, "geometry": { "type": "LineString", "coordinates": [ [ 172049.10789081727853, 9661722.446400510147214 ], [ 172049.368878395966021, 9661722.054894601926208 ], [ 172049.890866635541897, 9661721.793890664353967 ], [ 172050.543356840877095, 9661721.663388697430491 ], [ 172064.89806940589915, 9661715.921302102506161 ], [ 172065.550559611234348, 9661715.790800137445331 ], [ 172066.072544580267277, 9661715.399294231086969 ], [ 172067.638515840197215, 9661714.877286359667778 ], [ 172068.29099950438831, 9661714.485780453309417 ], [ 172085.777651318669086, 9661707.569176146760583 ], [ 172091.258537646121113, 9661705.220140719786286 ], [ 172095.303971032175468, 9661704.176124984398484 ], [ 172100.262882202252513, 9661702.6101013738662 ], [ 172101.82886000329745, 9661702.34909744374454 ] ] } },
{ "type": "Feature", "properties": { "id": 33, "pagina": 16, "classe": "Logradouros", "metodo": "EIXO_TRACO", "comp_m": 25.909914971403165, "id_layer": "p16_camadas_logradouros", "doc_fonte": "Resposta SECT_autos.pdf", "doc_pagina": 16, "doc_folha": 109, "doc_escala": "1:2.000", "doc_metodo": "Reconstituição Vetorial Afim", "doc_rms_m": 0.12 }, "geometry": { "type": "LineString", "coordinates": [ [ 172049.10789081727853, 9661722.446400510147214 ], [ 172048.063904526410624, 9661722.576902473345399 ], [ 172040.886558055586647, 9661725.839451681822538 ], [ 172029.141799770761281, 9661730.798526471480727 ], [ 172028.228321986767696, 9661731.320534346625209 ], [ 172025.879368367459392, 9661732.234048122540116 ], [ 172025.487885364156682, 9661732.756056001409888 ] ] } },
{ "type": "Feature", "properties": { "id": 34, "pagina": 16, "classe": "Logradouros", "metodo": "EIXO_TRACO", "comp_m": 44.486107983106798, "id_layer": "p16_camadas_logradouros", "doc_fonte": "Resposta SECT_autos.pdf", "doc_pagina": 16, "doc_folha": 109, "doc_escala": "1:2.000", "doc_metodo": "Reconstituição Vetorial Afim", "doc_rms_m": 0.12 }, "geometry": { "type": "LineString", "coordinates": [ [ 172025.478515204100404, 9661358.867911634966731 ], [ 172025.478531556931557, 9661359.520421484485269 ], [ 172026.131067550129956, 9661361.216947101056576 ], [ 172027.044600933673792, 9661362.913472717627883 ], [ 172027.044607474817894, 9661363.174476658925414 ], [ 172031.090282882476458, 9661371.78760671056807 ], [ 172031.090289423591457, 9661372.048610651865602 ], [ 172031.742812334559858, 9661373.223128385841846 ], [ 172031.742818875674857, 9661373.484132327139378 ], [ 172032.395341786614154, 9661374.658650061115623 ], [ 172032.395348327758256, 9661374.919654002413154 ], [ 172033.047871238697553, 9661376.094171736389399 ], [ 172033.047877779841656, 9661376.35517567768693 ], [ 172033.700400690780953, 9661377.529693411663175 ], [ 172033.700407231895952, 9661377.790697352960706 ], [ 172034.352930142864352, 9661378.965215086936951 ], [ 172034.352936683979351, 9661379.226219028234482 ], [ 172035.005459594947752, 9661380.400736762210727 ], [ 172035.005466136062751, 9661380.661740703508258 ], [ 172035.657989047031151, 9661381.836258437484503 ], [ 172035.65799558814615, 9661382.097262378782034 ], [ 172036.310518499114551, 9661383.271780112758279 ], [ 172036.31052504022955, 9661383.53278405405581 ], [ 172036.96304795119795, 9661384.707301788032055 ], [ 172039.573172300617443, 9661390.71039243042469 ], [ 172042.966318256192608, 9661397.888000806793571 ], [ 172043.357837235671468, 9661398.801514601334929 ], [ 172043.357847047358518, 9661399.193020511418581 ] ] } },
{ "type": "Feature", "properties": { "id": 35, "pagina": 16, "classe": "Logradouros", "metodo": "EIXO_TRACO", "comp_m": 192.74581078593022, "id_layer": "p16_camadas_logradouros", "doc_fonte": "Resposta SECT_autos.pdf", "doc_pagina": 16, "doc_folha": 109, "doc_escala": "1:2.000", "doc_metodo": "Reconstituição Vetorial Afim", "doc_rms_m": 0.12 }, "geometry": { "type": "LineString", "coordinates": [ [ 172208.183340778603451, 9661624.308919982984662 ], [ 172204.659898902667919, 9661625.222433751448989 ], [ 172204.137910663092043, 9661625.48343768902123 ], [ 172203.224423067382304, 9661625.613939652219415 ], [ 172201.78895050266874, 9661626.135947523638606 ], [ 172200.875462906959001, 9661626.266449488699436 ], [ 172199.439990342245437, 9661626.788457360118628 ], [ 172198.526502746535698, 9661626.918959325179458 ], [ 172197.091030181822134, 9661627.440967196598649 ], [ 172196.177542586112395, 9661627.571469159796834 ], [ 172194.742070021398831, 9661628.093477031216025 ], [ 172193.828582425689092, 9661628.223978996276855 ], [ 172192.393109860975528, 9661628.745986867696047 ], [ 172190.044146429980174, 9661629.267994733527303 ], [ 172188.60867386526661, 9661629.790002604946494 ], [ 172187.695186269556871, 9661629.920504570007324 ], [ 172186.259713704843307, 9661630.442512441426516 ], [ 172185.346226109133568, 9661630.573014404624701 ], [ 172183.910753544420004, 9661631.095022276043892 ], [ 172182.997265948710265, 9661631.225524241104722 ], [ 172181.561793383996701, 9661631.747532112523913 ], [ 172180.648305788286962, 9661631.878034077584743 ], [ 172179.212833223573398, 9661632.400041949003935 ], [ 172176.863869792578043, 9661632.922049814835191 ], [ 172175.42839722786448, 9661633.444057686254382 ], [ 172174.51490963215474, 9661633.574559649452567 ], [ 172173.079437067441177, 9661634.096567520871758 ], [ 172172.165949471731437, 9661634.227069485932589 ], [ 172170.730476907017874, 9661634.74907735735178 ], [ 172169.816989311308134, 9661634.87957932241261 ], [ 172168.381516746594571, 9661635.401587193831801 ], [ 172167.468029150884831, 9661635.532089157029986 ], [ 172164.727579446043819, 9661636.445602931082249 ], [ 172164.336083360511111, 9661636.445602929219604 ], [ 172161.46513823105488, 9661637.489618672057986 ], [ 172161.073642145522172, 9661637.489618668332696 ], [ 172158.20269701606594, 9661638.533634411171079 ], [ 172157.811200930533232, 9661638.533634409308434 ], [ 172154.940255801077001, 9661639.577650152146816 ], [ 172154.548759715544293, 9661639.577650150284171 ], [ 172151.677814586088061, 9661640.621665893122554 ], [ 172151.286318500555353, 9661640.621665891259909 ], [ 172148.415373371099122, 9661641.665681634098291 ], [ 172148.02387728553731, 9661641.665681630373001 ], [ 172144.761439341120422, 9661642.840199341997504 ], [ 172144.369943255587714, 9661642.840199338272214 ], [ 172141.107505311141722, 9661644.014717049896717 ], [ 172140.716009225609014, 9661644.014717048034072 ], [ 172137.845064096152782, 9661645.058732790872455 ], [ 172137.453568010620074, 9661645.058732787147164 ], [ 172131.059184275800362, 9661647.146764269098639 ], [ 172128.579735231876839, 9661648.190780013799667 ], [ 172126.100279646838317, 9661648.973791819065809 ], [ 172124.6648103526677, 9661649.626301661133766 ], [ 172117.226450138696237, 9661652.236341016367078 ], [ 172115.79098084452562, 9661652.888850858435035 ], [ 172108.352620630525053, 9661655.498890213668346 ], [ 172107.961131086107343, 9661655.759894151240587 ], [ 172099.478791122353869, 9661658.761439410969615 ], [ 172098.043321828183252, 9661659.413949253037572 ], [ 172080.556647119985428, 9661665.417039768770337 ], [ 172080.165157575567719, 9661665.678043706342578 ], [ 172077.946696110331686, 9661666.330553542822599 ], [ 172077.555206565913977, 9661666.59155748039484 ], [ 172075.336745100648841, 9661667.244067316874862 ], [ 172074.945255556260236, 9661667.505071254447103 ], [ 172072.335301276034443, 9661668.288083059713244 ], [ 172071.943811731616734, 9661668.549086997285485 ], [ 172069.725350266380701, 9661669.201596833765507 ], [ 172069.333860721962992, 9661669.462600771337748 ], [ 172067.115399256697856, 9661670.115110607817769 ], [ 172064.113958702626405, 9661671.289628321304917 ], [ 172063.722462617093697, 9661671.289628317579627 ], [ 172059.54653707696707, 9661672.594647992402315 ], [ 172059.155040991434362, 9661672.59464799053967 ], [ 172058.633052751829382, 9661672.855651928111911 ], [ 172058.241556666296674, 9661672.855651924386621 ], [ 172057.719568426691694, 9661673.116655861958861 ], [ 172057.328072341158986, 9661673.116655860096216 ], [ 172056.80608410158311, 9661673.377659795805812 ], [ 172056.414588016021298, 9661673.377659793943167 ], [ 172055.892599776445422, 9661673.638663731515408 ], [ 172055.501103690912714, 9661673.638663729652762 ], [ 172054.979115451307734, 9661673.899667665362358 ], [ 172054.587619365775026, 9661673.899667663499713 ], [ 172054.065631126170047, 9661674.160671601071954 ], [ 172053.674135040637339, 9661674.160671597346663 ], [ 172053.152146801032359, 9661674.421675534918904 ], [ 172052.760650715499651, 9661674.421675533056259 ], [ 172052.238662475894671, 9661674.682679468765855 ], [ 172051.847166390361963, 9661674.68267946690321 ], [ 172051.325178150786087, 9661674.943683404475451 ], [ 172050.933682065224275, 9661674.94368340075016 ], [ 172050.411693825648399, 9661675.204687338322401 ], [ 172050.020197740115691, 9661675.204687336459756 ], [ 172049.498209500510711, 9661675.465691272169352 ], [ 172037.231417188246269, 9661678.858742419630289 ], [ 172036.317936133651529, 9661679.250248324126005 ], [ 172030.445534097321797, 9661680.816271927207708 ], [ 172025.878115742234513, 9661682.251793570816517 ], [ 172025.486629468359752, 9661682.643299479037523 ] ] } },
{ "type": "Feature", "properties": { "id": 36, "pagina": 16, "classe": "Logradouros", "metodo": "EIXO_TRACO", "comp_m": 99.016410097730144, "id_layer": "p16_camadas_logradouros", "doc_fonte": "Resposta SECT_autos.pdf", "doc_pagina": 16, "doc_folha": 109, "doc_escala": "1:2.000", "doc_metodo": "Reconstituição Vetorial Afim", "doc_rms_m": 0.12 }, "geometry": { "type": "LineString", "coordinates": [ [ 172125.829784544504946, 9661269.996070617809892 ], [ 172126.090788475994486, 9661270.257074559107423 ], [ 172128.178878797974903, 9661274.694141555577517 ], [ 172128.961920027475571, 9661276.651671113446355 ], [ 172134.443153034488205, 9661288.135844517499208 ], [ 172134.443159575603204, 9661288.396848456934094 ], [ 172140.707427270972403, 9661301.577547477558255 ], [ 172140.707433812116506, 9661301.838551416993141 ], [ 172146.058161582797766, 9661313.061720881611109 ], [ 172146.058168123912765, 9661313.322724821045995 ], [ 172146.971701507485704, 9661315.019250437617302 ], [ 172146.971708048600703, 9661315.280254378914833 ], [ 172148.668276120559312, 9661318.673305612057447 ], [ 172148.668282661674311, 9661318.934309551492333 ], [ 172151.408899165166076, 9661324.676396254450083 ], [ 172151.408905706310179, 9661324.937400193884969 ], [ 172152.452944326156285, 9661326.894929751753807 ], [ 172152.452950867300387, 9661327.155933693051338 ], [ 172153.366484250844223, 9661328.852459309622645 ], [ 172154.280030716676265, 9661331.07099280692637 ], [ 172155.324069336522371, 9661333.028522364795208 ], [ 172156.237615802354412, 9661335.247055863961577 ], [ 172157.281654422200518, 9661337.204585421830416 ], [ 172158.195200888032559, 9661339.42311891913414 ], [ 172165.764524216996506, 9661355.344359319657087 ], [ 172166.547565446497174, 9661357.30188887566328 ], [ 172167.461102100642165, 9661359.128916462883353 ], [ 172167.852601456717821, 9661359.259418435394764 ] ] } },
{ "type": "Feature", "properties": { "id": 37, "pagina": 16, "classe": "Logradouros", "metodo": "EIXO_TRACO", "comp_m": 11.871755992606833, "id_layer": "p16_camadas_logradouros", "doc_fonte": "Resposta SECT_autos.pdf", "doc_pagina": 16, "doc_folha": 109, "doc_escala": "1:2.000", "doc_metodo": "Reconstituição Vetorial Afim", "doc_rms_m": 0.12 }, "geometry": { "type": "LineString", "coordinates": [ [ 172464.736854992544977, 9661348.166752835735679 ], [ 172464.867343876016093, 9661347.775246925652027 ], [ 172465.258830149890855, 9661347.383741017431021 ], [ 172465.911317084654002, 9661347.122737081721425 ], [ 172473.480126935406588, 9661342.555168176069856 ], [ 172474.785104075504933, 9661342.163662273436785 ] ] } },
{ "type": "Feature", "properties": { "id": 38, "pagina": 16, "classe": "Logradouros", "metodo": "EIXO_TRACO", "comp_m": 47.553579602445708, "id_layer": "p16_camadas_logradouros", "doc_fonte": "Resposta SECT_autos.pdf", "doc_pagina": 16, "doc_folha": 109, "doc_escala": "1:2.000", "doc_metodo": "Reconstituição Vetorial Afim", "doc_rms_m": 0.12 }, "geometry": { "type": "LineString", "coordinates": [ [ 172464.736854992544977, 9661348.166752835735679 ], [ 172464.345358906983165, 9661348.166752832010388 ], [ 172463.431877852417529, 9661348.558258736506104 ], [ 172446.206315004237695, 9661359.128918208181858 ], [ 172438.898496002715547, 9661363.435483176261187 ], [ 172438.246015609067399, 9661363.957491053268313 ], [ 172430.938196607574355, 9661368.264056021347642 ], [ 172430.285716213926207, 9661368.786063896492124 ], [ 172426.631805077864556, 9661370.874095395207405 ], [ 172425.587835139798699, 9661371.657107209786773 ], [ 172424.674354085233063, 9661372.048613114282489 ], [ 172424.282867811387405, 9661372.440119022503495 ], [ 172424.282874352502404, 9661372.701122961938381 ] ] } },
{ "type": "Feature", "properties": { "id": 39, "pagina": 16, "classe": "Logradouros", "metodo": "EIXO_TRACO", "comp_m": 77.661625280308073, "id_layer": "p16_camadas_logradouros", "doc_fonte": "Resposta SECT_autos.pdf", "doc_pagina": 16, "doc_folha": 109, "doc_escala": "1:2.000", "doc_metodo": "Reconstituição Vetorial Afim", "doc_rms_m": 0.12 }, "geometry": { "type": "LineString", "coordinates": [ [ 172464.736854992544977, 9661348.166752835735679 ], [ 172512.892377972311806, 9661408.197659388184547 ], [ 172513.153391715488397, 9661408.85016923956573 ] ] } },
{ "type": "Feature", "properties": { "id": 40, "pagina": 16, "classe": "Logradouros", "metodo": "EIXO_TRACO", "comp_m": 44.685042116022963, "id_layer": "p16_camadas_logradouros", "doc_fonte": "Resposta SECT_autos.pdf", "doc_pagina": 16, "doc_folha": 109, "doc_escala": "1:2.000", "doc_metodo": "Reconstituição Vetorial Afim", "doc_rms_m": 0.12 }, "geometry": { "type": "LineString", "coordinates": [ [ 172370.784813089238014, 9661628.223980104550719 ], [ 172370.654324205737794, 9661628.615486012771726 ], [ 172371.437362164666411, 9661630.442513599991798 ], [ 172376.527089274459286, 9661641.53518109023571 ], [ 172376.527095815574285, 9661641.796185031533241 ], [ 172379.267715589638101, 9661647.668773703277111 ], [ 172381.35581899387762, 9661652.627848580479622 ], [ 172382.008341904816916, 9661653.802366316318512 ], [ 172384.096445309056435, 9661658.761441193521023 ], [ 172384.748968219995731, 9661659.935958927497268 ], [ 172386.83707162423525, 9661664.895033804699779 ], [ 172387.489594535203651, 9661666.069551540538669 ], [ 172388.011625292099779, 9661667.505073215812445 ], [ 172388.533646237308858, 9661668.549088979139924 ], [ 172388.925148863956565, 9661668.8100929223001 ] ] } },
{ "type": "Feature", "properties": { "id": 41, "pagina": 16, "classe": "Logradouros", "metodo": "EIXO_TRACO", "comp_m": 2.385371230441895, "id_layer": "p16_camadas_logradouros", "doc_fonte": "Resposta SECT_autos.pdf", "doc_pagina": 16, "doc_folha": 109, "doc_escala": "1:2.000", "doc_metodo": "Reconstituição Vetorial Afim", "doc_rms_m": 0.12 }, "geometry": { "type": "LineString", "coordinates": [ [ 172786.809806348930579, 9661434.820063004270196 ], [ 172785.374359948677011, 9661436.386086637154222 ], [ 172785.374366489821114, 9661436.647090576589108 ] ] } },
{ "type": "Feature", "properties": { "id": 42, "pagina": 16, "classe": "Logradouros", "metodo": "EIXO_TRACO", "comp_m": 458.83412548518589, "id_layer": "p16_camadas_logradouros", "doc_fonte": "Resposta SECT_autos.pdf", "doc_pagina": 16, "doc_folha": 109, "doc_escala": "1:2.000", "doc_metodo": "Reconstituição Vetorial Afim", "doc_rms_m": 0.12 }, "geometry": { "type": "LineString", "coordinates": [ [ 172340.773897238133941, 9661779.214759333059192 ], [ 172340.382397882029181, 9661779.084257360547781 ], [ 172340.382391340914182, 9661778.823253421112895 ], [ 172336.467224440100836, 9661770.60162927955389 ], [ 172335.814688446902437, 9661768.905103662982583 ], [ 172335.031660299660871, 9661767.469581987708807 ], [ 172335.031653758516768, 9661767.208578048273921 ], [ 172334.248625611275202, 9661765.7730563711375 ], [ 172334.248619070131099, 9661765.512052431702614 ], [ 172333.465590922889533, 9661764.076530754566193 ], [ 172333.46558438174543, 9661763.815526815131307 ], [ 172329.550417480961187, 9661755.593902673572302 ], [ 172328.897881487762788, 9661753.897377057000995 ], [ 172328.114853340492118, 9661752.461855381727219 ], [ 172328.114846799377119, 9661752.200851442292333 ], [ 172327.331818652106449, 9661750.765329765155911 ], [ 172327.33181211099145, 9661750.504325825721025 ], [ 172326.548783963749884, 9661749.068804148584604 ], [ 172326.548777422605781, 9661748.807800209149718 ], [ 172322.633610521821538, 9661740.586176067590714 ], [ 172321.981074528623139, 9661738.889650451019406 ], [ 172321.198046381352469, 9661737.45412877574563 ], [ 172321.19803984023747, 9661737.193124836310744 ], [ 172320.4150116929668, 9661735.757603159174323 ], [ 172320.415005151851801, 9661735.496599219739437 ], [ 172319.631977004581131, 9661734.061077542603016 ], [ 172319.631970463466132, 9661733.80007360316813 ], [ 172318.848942316195462, 9661732.364551926031709 ], [ 172318.848935775080463, 9661732.103547986596823 ], [ 172315.716803562681889, 9661725.578449461609125 ], [ 172315.064267569483491, 9661723.881923845037818 ], [ 172314.281239422212821, 9661722.446402169764042 ], [ 172314.281232881097822, 9661722.185398230329156 ], [ 172313.498204733827151, 9661720.749876553192735 ], [ 172313.498198192712152, 9661720.488872613757849 ], [ 172312.715170045441482, 9661719.053350936621428 ], [ 172312.715163504326483, 9661718.792346997186542 ], [ 172311.932135357055813, 9661717.35682532005012 ], [ 172311.932128815940814, 9661717.095821380615234 ], [ 172309.583031291898806, 9661712.267248472198844 ], [ 172308.930495298700407, 9661710.570722855627537 ], [ 172308.147467151458841, 9661709.135201180353761 ], [ 172308.147460610314738, 9661708.87419723905623 ], [ 172307.364432463073172, 9661707.438675563782454 ], [ 172307.364425921929069, 9661707.177671624347568 ], [ 172306.581397774687503, 9661705.742149947211146 ], [ 172306.581391233572504, 9661705.48114600777626 ], [ 172305.798363086301833, 9661704.045624330639839 ], [ 172305.798356545186834, 9661703.784620391204953 ], [ 172305.015328397916164, 9661702.349098714068532 ], [ 172305.015321856801165, 9661702.088094774633646 ], [ 172304.232293709530495, 9661700.65257309935987 ], [ 172302.013688339560758, 9661695.562996249645948 ], [ 172293.791829017369309, 9661677.945230234414339 ], [ 172293.269798260473181, 9661676.509708559140563 ], [ 172292.617275349533884, 9661675.335190825164318 ], [ 172290.790185688470956, 9661671.02862579934299 ], [ 172290.137662777502555, 9661669.8541080635041 ], [ 172287.005514212301932, 9661662.676499688997865 ], [ 172283.742873493029037, 9661655.75989525206387 ], [ 172283.220842736103805, 9661654.32437357865274 ], [ 172279.95820201683091, 9661647.407769141718745 ], [ 172279.436171259934781, 9661645.972247466444969 ], [ 172277.478589444828685, 9661641.926686381921172 ], [ 172276.956558687932556, 9661640.491164706647396 ], [ 172276.304035776964156, 9661639.316646972671151 ], [ 172275.259980804286897, 9661636.70660756342113 ], [ 172274.6074578933476, 9661635.53208982758224 ], [ 172271.866825037024682, 9661629.137493275105953 ], [ 172271.214302126085386, 9661627.962975541129708 ], [ 172271.214295584941283, 9661627.701971599832177 ], [ 172267.560135886218632, 9661619.871853370219469 ], [ 172264.688997793593444, 9661613.216252876445651 ], [ 172263.383945430570748, 9661610.60621346719563 ], [ 172261.687361005810089, 9661606.560652382671833 ], [ 172260.382308642758289, 9661603.950612971559167 ], [ 172258.685724217997631, 9661599.905051888898015 ], [ 172253.726505615108181, 9661589.203890308737755 ], [ 172252.029921190347522, 9661585.158329224213958 ], [ 172248.897785707376897, 9661578.502728728577495 ], [ 172247.201201282616239, 9661574.457167644053698 ], [ 172242.241982679726789, 9661563.756006063893437 ], [ 172240.54539825496613, 9661559.710444981232285 ], [ 172237.413262771995505, 9661553.054844485595822 ], [ 172235.716678347234847, 9661549.009283401072025 ], [ 172230.757459744316293, 9661538.308121820911765 ], [ 172229.060875319555635, 9661534.262560736387968 ], [ 172225.928739836585009, 9661527.60696024261415 ], [ 172224.232155411853455, 9661523.561399158090353 ], [ 172219.272936808934901, 9661512.860237577930093 ], [ 172217.576352384174243, 9661508.814676493406296 ], [ 172214.444216901203617, 9661502.159075997769833 ], [ 172212.747632476442959, 9661498.113514915108681 ], [ 172207.788413873553509, 9661487.412353334948421 ], [ 172206.091829448792851, 9661483.366792250424623 ], [ 172202.959693965822225, 9661476.71119175478816 ], [ 172201.263109541061567, 9661472.665630672127008 ], [ 172196.303890938143013, 9661461.964469091966748 ], [ 172194.607306513411459, 9661457.918908007442951 ], [ 172189.648087910492904, 9661447.217746427282691 ], [ 172187.951503485732246, 9661443.172185342758894 ], [ 172184.819368002761621, 9661436.516584847122431 ], [ 172183.122783578000963, 9661432.471023764461279 ], [ 172178.163564975111512, 9661421.769862184301019 ], [ 172176.466980550350854, 9661417.724301099777222 ], [ 172173.334845067380229, 9661411.068700604140759 ], [ 172171.638260642619571, 9661407.023139519616961 ], [ 172166.679042039701017, 9661396.321977939456701 ], [ 172164.982457614969462, 9661392.276416856795549 ], [ 172161.850322131998837, 9661385.620816361159086 ], [ 172161.850315590854734, 9661385.359812419861555 ], [ 172160.414754720957717, 9661382.358267098665237 ], [ 172160.414744909270667, 9661381.966761188581586 ], [ 172160.023235741478857, 9661381.444753305986524 ], [ 172159.762215457187267, 9661380.53123951330781 ], [ 172152.32336138834944, 9661363.435481382533908 ], [ 172152.06234110405785, 9661362.521967589855194 ], [ 172151.670838477381039, 9661362.260963646695018 ] ] } },
{ "type": "Feature", "properties": { "id": 43, "pagina": 16, "classe": "Logradouros", "metodo": "EIXO_TRACO", "comp_m": 10.767766264521372, "id_layer": "p16_camadas_logradouros", "doc_fonte": "Resposta SECT_autos.pdf", "doc_pagina": 16, "doc_folha": 109, "doc_escala": "1:2.000", "doc_metodo": "Reconstituição Vetorial Afim", "doc_rms_m": 0.12 }, "geometry": { "type": "LineString", "coordinates": [ [ 172770.236864528560545, 9661450.480299314484 ], [ 172769.323383473965805, 9661450.871805218979716 ], [ 172767.887930532626342, 9661452.176824910566211 ], [ 172763.190085434704088, 9661456.483389895409346 ], [ 172762.537608311627991, 9661457.135899741202593 ], [ 172762.407122698670719, 9661457.657907620072365 ] ] } },
{ "type": "Feature", "properties": { "id": 44, "pagina": 16, "classe": "Logradouros", "metodo": "EIXO_TRACO", "comp_m": 42.962568821170464, "id_layer": "p16_camadas_logradouros", "doc_fonte": "Resposta SECT_autos.pdf", "doc_pagina": 16, "doc_folha": 109, "doc_escala": "1:2.000", "doc_metodo": "Reconstituição Vetorial Afim", "doc_rms_m": 0.12 }, "geometry": { "type": "LineString", "coordinates": [ [ 172786.682588027411839, 9661565.713539024814963 ], [ 172786.682594568526838, 9661565.974542964249849 ], [ 172785.63863117157598, 9661567.018558718264103 ], [ 172754.841625927219866, 9661594.423972249031067 ] ] } },
{ "type": "Feature", "properties": { "id": 45, "pagina": 16, "classe": "Logradouros", "metodo": "EIXO_TRACO", "comp_m": 88.787528580501061, "id_layer": "p16_camadas_logradouros", "doc_fonte": "Resposta SECT_autos.pdf", "doc_pagina": 16, "doc_folha": 109, "doc_escala": "1:2.000", "doc_metodo": "Reconstituição Vetorial Afim", "doc_rms_m": 0.12 }, "geometry": { "type": "LineString", "coordinates": [ [ 172396.234086397686042, 9661709.135201731696725 ], [ 172396.364604716218309, 9661709.918213553726673 ], [ 172397.669627644208958, 9661711.353735232725739 ], [ 172427.032618994475342, 9661742.674208242446184 ], [ 172444.38965189474402, 9661770.862633895128965 ], [ 172448.696291987143923, 9661778.170744247734547 ], [ 172449.348808356997324, 9661779.084258042275906 ], [ 172449.740307713102084, 9661779.214760014787316 ] ] } },
{ "type": "Feature", "properties": { "id": 46, "pagina": 16, "classe": "Logradouros", "metodo": "EIXO_TRACO", "comp_m": 17.934345309265701, "id_layer": "p16_camadas_logradouros", "doc_fonte": "Resposta SECT_autos.pdf", "doc_pagina": 16, "doc_folha": 109, "doc_escala": "1:2.000", "doc_metodo": "Reconstituição Vetorial Afim", "doc_rms_m": 0.12 }, "geometry": { "type": "LineString", "coordinates": [ [ 172396.234086397686042, 9661709.135201731696725 ], [ 172393.754591565899318, 9661708.352189894765615 ], [ 172393.232596785179339, 9661708.35218989290297 ], [ 172391.536100665602135, 9661707.830182000994682 ], [ 172391.014105884882156, 9661707.830181997269392 ], [ 172389.317609765275847, 9661707.308174107223749 ], [ 172388.795614984555868, 9661707.308174103498459 ], [ 172387.099118864978664, 9661706.786166211590171 ], [ 172386.577124084258685, 9661706.786166209727526 ], [ 172384.88062796468148, 9661706.264158317819238 ], [ 172382.140142283664318, 9661705.742150420323014 ], [ 172379.921648112795083, 9661705.089640555903316 ], [ 172378.877658551355125, 9661705.08964055031538 ] ] } },
{ "type": "Feature", "properties": { "id": 47, "pagina": 16, "classe": "Logradouros", "metodo": "EIXO_TRACO", "comp_m": 5.1912169708551366, "id_layer": "p16_camadas_logradouros", "doc_fonte": "Resposta SECT_autos.pdf", "doc_pagina": 16, "doc_folha": 109, "doc_escala": "1:2.000", "doc_metodo": "Reconstituição Vetorial Afim", "doc_rms_m": 0.12 }, "geometry": { "type": "LineString", "coordinates": [ [ 172396.234086397686042, 9661709.135201731696725 ], [ 172398.191573366493685, 9661709.396205684170127 ], [ 172400.671064927708358, 9661710.048715550452471 ], [ 172401.323558403615607, 9661710.048715554177761 ] ] } },
{ "type": "Feature", "properties": { "id": 48, "pagina": 16, "classe": "Logradouros", "metodo": "EIXO_TRACO", "comp_m": 3.7557849555523259, "id_layer": "p16_camadas_logradouros", "doc_fonte": "Resposta SECT_autos.pdf", "doc_pagina": 16, "doc_folha": 109, "doc_escala": "1:2.000", "doc_metodo": "Reconstituição Vetorial Afim", "doc_rms_m": 0.12 }, "geometry": { "type": "LineString", "coordinates": [ [ 172680.320591500669252, 9661343.860189171507955 ], [ 172680.97308170600445, 9661343.729687204584479 ], [ 172682.669532037718454, 9661342.42466751486063 ], [ 172683.583016362856142, 9661342.163663579151034 ] ] } },
{ "type": "Feature", "properties": { "id": 49, "pagina": 16, "classe": "Logradouros", "metodo": "EIXO_TRACO", "comp_m": 37.924157003862881, "id_layer": "p16_camadas_logradouros", "doc_fonte": "Resposta SECT_autos.pdf", "doc_pagina": 16, "doc_folha": 109, "doc_escala": "1:2.000", "doc_metodo": "Reconstituição Vetorial Afim", "doc_rms_m": 0.12 }, "geometry": { "type": "LineString", "coordinates": [ [ 172786.811104762018658, 9661486.629345137625933 ], [ 172786.419585782539798, 9661485.715831344947219 ], [ 172762.407122698670719, 9661457.657907620072365 ] ] } },
{ "type": "Feature", "properties": { "id": 50, "pagina": 16, "classe": "Logradouros", "metodo": "EIXO_TRACO", "comp_m": 60.53419596029152, "id_layer": "p16_camadas_logradouros", "doc_fonte": "Resposta SECT_autos.pdf", "doc_pagina": 16, "doc_folha": 109, "doc_escala": "1:2.000", "doc_metodo": "Reconstituição Vetorial Afim", "doc_rms_m": 0.12 }, "geometry": { "type": "LineString", "coordinates": [ [ 172316.880250402056845, 9661285.003798376768827 ], [ 172316.749761518556625, 9661285.395304284989834 ], [ 172313.748330776172224, 9661286.961327908560634 ], [ 172301.873126125195995, 9661294.008434219285846 ], [ 172290.389404477464268, 9661300.533532653003931 ], [ 172287.779473091184627, 9661302.230058249086142 ], [ 172286.213508372398792, 9661303.013070059940219 ], [ 172279.036188066063914, 9661307.319635028019547 ], [ 172270.031905650597764, 9661312.409211806952953 ], [ 172265.986508240719559, 9661314.888749213889241 ], [ 172265.203525881312089, 9661315.280255118384957 ], [ 172264.68153110059211, 9661315.280255114659667 ] ] } },
{ "type": "Feature", "properties": { "id": 51, "pagina": 16, "classe": "Logradouros", "metodo": "EIXO_TRACO", "comp_m": 64.158401862715266, "id_layer": "p16_camadas_logradouros", "doc_fonte": "Resposta SECT_autos.pdf", "doc_pagina": 16, "doc_folha": 109, "doc_escala": "1:2.000", "doc_metodo": "Reconstituição Vetorial Afim", "doc_rms_m": 0.12 }, "geometry": { "type": "LineString", "coordinates": [ [ 172568.36217931349529, 9661721.663391940295696 ], [ 172568.362130255089141, 9661719.705862388014793 ], [ 172568.492625679704361, 9661719.575360419228673 ], [ 172568.623065504769329, 9661717.226324956864119 ], [ 172568.753560929384548, 9661717.095822988077998 ], [ 172568.753534764866345, 9661716.051807226613164 ], [ 172569.014499449607683, 9661714.746787527576089 ], [ 172569.014470014575636, 9661713.572269797325134 ], [ 172569.275434699287871, 9661712.267250096425414 ], [ 172569.275405264255824, 9661711.092732366174459 ], [ 172569.536369948997162, 9661709.787712667137384 ], [ 172569.536340513936011, 9661708.613194935023785 ], [ 172569.66683593855123, 9661708.482692966237664 ], [ 172569.797275763616199, 9661706.133657505735755 ], [ 172569.927771188231418, 9661706.003155536949635 ], [ 172569.927745023742318, 9661704.9591397754848 ], [ 172570.188709708454553, 9661703.654120076447725 ], [ 172570.188680273422506, 9661702.479602344334126 ], [ 172570.449644958163844, 9661701.17458264529705 ], [ 172570.449615523102693, 9661700.000064915046096 ], [ 172570.580110947717912, 9661699.86956294439733 ], [ 172570.710550772782881, 9661697.520527483895421 ], [ 172570.8410461973981, 9661697.390025515109301 ], [ 172570.841020032909, 9661696.346009753644466 ], [ 172571.101984717621235, 9661695.040990054607391 ], [ 172571.101955282589188, 9661693.866472322493792 ], [ 172571.362919967330527, 9661692.561452623456717 ], [ 172571.362890532269375, 9661691.386934893205762 ], [ 172571.623855217010714, 9661690.081915194168687 ], [ 172571.623825781949563, 9661688.907397462055087 ], [ 172571.754321206564782, 9661688.776895493268967 ], [ 172571.754295042075682, 9661687.732879731804132 ], [ 172572.015259726787917, 9661686.427860032767057 ], [ 172572.01523029175587, 9661685.253342302516103 ], [ 172572.276194976497209, 9661683.948322601616383 ], [ 172572.276165541436058, 9661682.773804871365428 ], [ 172572.537130226177396, 9661681.468785172328353 ], [ 172572.537100791116245, 9661680.294267440214753 ], [ 172572.667596215731464, 9661680.163765471428633 ], [ 172572.667570051242365, 9661679.119749709963799 ], [ 172572.928534735954599, 9661677.814730010926723 ], [ 172572.928505300922552, 9661676.640212280675769 ], [ 172573.189469985663891, 9661675.335192579776049 ], [ 172573.18944055060274, 9661674.160674849525094 ], [ 172573.450405235344078, 9661672.855655150488019 ], [ 172573.450375800282927, 9661671.681137418374419 ], [ 172573.711340485024266, 9661670.376117719337344 ], [ 172573.711311049963115, 9661669.20159998908639 ], [ 172573.841806474578334, 9661669.071098020300269 ], [ 172573.841780310089234, 9661668.027082258835435 ], [ 172574.102744994830573, 9661666.72206255979836 ], [ 172574.102715559769422, 9661665.54754482768476 ], [ 172574.233210984384641, 9661665.41704285889864 ], [ 172574.885531120497035, 9661658.500438446179032 ] ] } },
{ "type": "Feature", "properties": { "id": 52, "pagina": 16, "classe": "Logradouros", "metodo": "EIXO_TRACO", "comp_m": 0.26099739034543701, "id_layer": "p16_camadas_logradouros", "doc_fonte": "Resposta SECT_autos.pdf", "doc_pagina": 16, "doc_folha": 109, "doc_escala": "1:2.000", "doc_metodo": "Reconstituição Vetorial Afim", "doc_rms_m": 0.12 }, "geometry": { "type": "LineString", "coordinates": [ [ 172568.36217931349529, 9661721.663391940295696 ], [ 172568.101181923149852, 9661721.663391938433051 ] ] } },
{ "type": "Feature", "properties": { "id": 53, "pagina": 16, "classe": "Logradouros", "metodo": "EIXO_TRACO", "comp_m": 39.330658896230069, "id_layer": "p16_camadas_logradouros", "doc_fonte": "Resposta SECT_autos.pdf", "doc_pagina": 16, "doc_folha": 109, "doc_escala": "1:2.000", "doc_metodo": "Reconstituição Vetorial Afim", "doc_rms_m": 0.12 }, "geometry": { "type": "LineString", "coordinates": [ [ 172568.36217931349529, 9661721.663391940295696 ], [ 172570.189164316572715, 9661721.793893920257688 ], [ 172570.319666282332037, 9661721.924395892769098 ], [ 172572.146651285409462, 9661722.05489787273109 ], [ 172574.234640219947323, 9661722.446403797715902 ], [ 172575.148131086229114, 9661722.446403803303838 ], [ 172575.278633051959332, 9661722.576905773952603 ], [ 172577.105618055036757, 9661722.70740775577724 ], [ 172579.193606989603722, 9661723.098913678899407 ], [ 172580.107097855856409, 9661723.098913684487343 ], [ 172580.237599821586628, 9661723.229415655136108 ], [ 172582.064584824664053, 9661723.359917636960745 ], [ 172583.108580927219009, 9661723.620921583846211 ], [ 172585.066064625483705, 9661723.751423565670848 ], [ 172585.196566591213923, 9661723.881925536319613 ], [ 172587.023551594291348, 9661724.01242751814425 ], [ 172588.067547696875408, 9661724.273431465029716 ], [ 172590.025031395111, 9661724.403933446854353 ], [ 172590.155533360870322, 9661724.534435417503119 ], [ 172591.982518363947747, 9661724.664937399327755 ], [ 172593.026514466502704, 9661724.925941346213222 ], [ 172594.983998164767399, 9661725.056443329900503 ], [ 172595.114500130497618, 9661725.186945300549269 ], [ 172596.941485133575043, 9661725.317447282373905 ], [ 172597.985481236129999, 9661725.578451227396727 ], [ 172599.942964934394695, 9661725.708953211084008 ], [ 172600.073466900124913, 9661725.839455181732774 ], [ 172601.900451903202338, 9661725.96995716355741 ], [ 172602.944448005757295, 9661726.230961110442877 ], [ 172604.90193170402199, 9661726.361463092267513 ], [ 172605.945927806576947, 9661726.62246703915298 ], [ 172606.989917368016904, 9661726.622467044740915 ] ] } },
{ "type": "Feature", "properties": { "id": 54, "pagina": 16, "classe": "Logradouros", "metodo": "EIXO_TRACO", "comp_m": 170.71435631532322, "id_layer": "p16_camadas_logradouros", "doc_fonte": "Resposta SECT_autos.pdf", "doc_pagina": 16, "doc_folha": 109, "doc_escala": "1:2.000", "doc_metodo": "Reconstituição Vetorial Afim", "doc_rms_m": 0.12 }, "geometry": { "type": "LineString", "coordinates": [ [ 172588.322716945782304, 9661491.718920730054379 ], [ 172588.453225452656625, 9661492.110426642000675 ], [ 172588.322730028041406, 9661492.240928610786796 ], [ 172588.192309826350538, 9661495.372975891456008 ], [ 172588.061814401706215, 9661495.503477862104774 ], [ 172588.061847107339418, 9661496.808497563004494 ], [ 172587.931351682724198, 9661496.938999531790614 ], [ 172587.931381117785349, 9661498.113517263904214 ], [ 172587.80088569317013, 9661498.244019232690334 ], [ 172587.800924939918332, 9661499.81004287302494 ], [ 172587.670429515303113, 9661499.940544843673706 ], [ 172587.540009313583141, 9661503.072592124342918 ], [ 172587.409513888967922, 9661503.203094094991684 ], [ 172587.409549865173176, 9661504.638615764677525 ], [ 172587.279054440557957, 9661504.76911773532629 ], [ 172586.757265705236932, 9661512.990741848945618 ], [ 172586.626770280621713, 9661513.121243817731738 ], [ 172586.626806256797863, 9661514.556765489280224 ], [ 172586.496310832182644, 9661514.687267458066344 ], [ 172586.365900442178827, 9661518.210820650681853 ], [ 172586.235405017563608, 9661518.341322619467974 ], [ 172585.974525367433671, 9661523.039393542334437 ], [ 172585.844029942818452, 9661523.169895511120558 ], [ 172585.844065918994602, 9661524.605417182669044 ], [ 172585.713570494379383, 9661524.735919151455164 ], [ 172585.713606470555533, 9661526.17144082300365 ], [ 172585.583111045940313, 9661526.30194279178977 ], [ 172585.583147022116464, 9661527.737464463338256 ], [ 172585.452651597501244, 9661527.867966432124376 ], [ 172585.452687573677395, 9661529.303488103672862 ], [ 172585.322192149062175, 9661529.433990072458982 ], [ 172585.322228125238325, 9661530.869511744007468 ], [ 172585.191732700623106, 9661531.000013712793589 ], [ 172584.539484516863013, 9661540.787661468610168 ], [ 172584.408989092247793, 9661540.918163437396288 ], [ 172584.409025068453047, 9661542.353685108944774 ], [ 172584.278529643837828, 9661542.484187077730894 ], [ 172584.278565620013978, 9661543.91970874927938 ], [ 172584.148070195398759, 9661544.0502107180655 ], [ 172584.148106171574909, 9661545.485732389613986 ], [ 172584.01761074695969, 9661545.616234358400106 ], [ 172584.017649993707892, 9661547.182258000597358 ], [ 172583.887154569092672, 9661547.312759969383478 ], [ 172583.887190545268822, 9661548.748281640931964 ], [ 172583.756695120653603, 9661548.878783609718084 ], [ 172583.756731096829753, 9661550.31430528126657 ], [ 172583.626235672214534, 9661550.444807250052691 ], [ 172583.626271648390684, 9661551.880328921601176 ], [ 172583.495776223775465, 9661552.010830890387297 ], [ 172583.495815470523667, 9661553.576854532584548 ], [ 172583.365320045908447, 9661553.707356501370668 ], [ 172583.365356022084597, 9661555.142878172919154 ], [ 172583.234860597469378, 9661555.273380141705275 ], [ 172583.234896573645528, 9661556.70890181325376 ], [ 172583.104401149030309, 9661556.839403782039881 ], [ 172583.104437125206459, 9661558.274925453588367 ], [ 172582.97394170059124, 9661558.405427422374487 ], [ 172582.973980947339442, 9661559.971451064571738 ], [ 172582.843485522724222, 9661560.101953033357859 ], [ 172582.843521498900373, 9661561.537474704906344 ], [ 172582.713026074285153, 9661561.667976673692465 ], [ 172582.713062050461303, 9661563.103498345240951 ], [ 172582.582566625846084, 9661563.234000314027071 ], [ 172582.582602602022234, 9661564.669521985575557 ], [ 172582.452107177407015, 9661564.800023954361677 ], [ 172582.452146424155217, 9661566.366047596558928 ], [ 172582.321650999539997, 9661566.496549565345049 ], [ 172582.321686975716148, 9661567.932071236893535 ], [ 172582.191191551100928, 9661568.062573205679655 ], [ 172582.191227527277078, 9661569.498094877228141 ], [ 172582.060732102661859, 9661569.628596846014261 ], [ 172582.060768078838009, 9661571.064118517562747 ], [ 172581.93027265422279, 9661571.194620486348867 ], [ 172581.930311900970992, 9661572.760644128546119 ], [ 172581.799816476355772, 9661572.891146097332239 ], [ 172581.799852452531923, 9661574.326667768880725 ], [ 172581.669357027916703, 9661574.457169737666845 ], [ 172581.669393004092854, 9661575.892691409215331 ], [ 172581.538897579477634, 9661576.023193378001451 ], [ 172581.538933555653784, 9661577.458715049549937 ], [ 172581.408438131038565, 9661577.589217020198703 ], [ 172581.408477377786767, 9661579.155240660533309 ], [ 172581.277981953171548, 9661579.285742629319429 ], [ 172581.278017929347698, 9661580.721264300867915 ], [ 172581.147522504732478, 9661580.851766269654036 ], [ 172581.147558480908629, 9661582.287287941202521 ], [ 172581.017063056293409, 9661582.417789911851287 ], [ 172581.017099032469559, 9661583.853311581537127 ], [ 172580.88660360785434, 9661583.983813552185893 ], [ 172580.886642854602542, 9661585.549837192520499 ], [ 172580.756147429987323, 9661585.68033916130662 ], [ 172580.756183406163473, 9661587.115860832855105 ], [ 172580.625687981548253, 9661587.246362803503871 ], [ 172580.625723957724404, 9661588.681884473189712 ], [ 172580.495228533109184, 9661588.812386443838477 ], [ 172580.495264509285334, 9661590.247908113524318 ], [ 172580.364769084670115, 9661590.378410084173083 ], [ 172580.364808331418317, 9661591.944433724507689 ], [ 172580.234312906803098, 9661592.074935695156455 ], [ 172580.234348882979248, 9661593.510457364842296 ], [ 172580.103853458364028, 9661593.640959335491061 ], [ 172580.103889434540179, 9661595.076481005176902 ], [ 172579.973394009924959, 9661595.206982975825667 ], [ 172579.973429986130213, 9661596.642504647374153 ], [ 172579.84293456148589, 9661596.773006616160274 ], [ 172579.842973808234092, 9661598.33903025649488 ], [ 172579.712478383618873, 9661598.469532227143645 ], [ 172579.712514359795023, 9661599.905053896829486 ], [ 172579.582018935179804, 9661600.035555867478251 ], [ 172579.582054911385057, 9661601.471077539026737 ], [ 172579.451559486740734, 9661601.601579507812858 ], [ 172579.451595462945988, 9661603.037101179361343 ], [ 172579.321100038330769, 9661603.167603148147464 ], [ 172578.799308032437693, 9661611.258725291118026 ], [ 172578.668812607822474, 9661611.389227261766791 ], [ 172578.668848583998624, 9661612.824748931452632 ], [ 172578.538353159383405, 9661612.955250902101398 ], [ 172578.538389135559555, 9661614.390772571787238 ], [ 172578.407893710944336, 9661614.521274542436004 ], [ 172578.407932957692537, 9661616.08729818277061 ], [ 172578.277437533077318, 9661616.21780015155673 ], [ 172578.277473509253468, 9661617.653321823105216 ], [ 172578.146978084638249, 9661617.783823793753982 ], [ 172577.886098434508312, 9661622.4818947147578 ], [ 172577.755603009893093, 9661622.612396685406566 ], [ 172577.23380773345707, 9661630.573016857728362 ], [ 172577.103312308841851, 9661630.703518826514482 ], [ 172577.103348285018001, 9661632.139040498062968 ], [ 172576.972852860402782, 9661632.269542468711734 ], [ 172576.972892107150983, 9661633.83556610904634 ], [ 172576.842396682535764, 9661633.96606807783246 ], [ 172576.32060140609974, 9661641.926688252016902 ], [ 172576.190105981484521, 9661642.057190220803022 ], [ 172576.190141957660671, 9661643.492711892351508 ], [ 172576.059646533045452, 9661643.623213861137629 ], [ 172576.059685779793654, 9661645.18923750333488 ], [ 172575.929190355178434, 9661645.319739472121 ], [ 172575.929226331354585, 9661646.755261143669486 ], [ 172575.798730906739365, 9661646.885763112455606 ], [ 172575.668310705048498, 9661650.017810394987464 ], [ 172575.537815280433279, 9661650.148312363773584 ], [ 172575.407395078742411, 9661653.280359646305442 ], [ 172575.276899654098088, 9661653.410861615091562 ], [ 172575.14647945240722, 9661656.54290889762342 ], [ 172575.015984027792001, 9661656.67341086640954 ], [ 172575.016020003997255, 9661658.108932537958026 ], [ 172574.885527849924983, 9661658.369936477392912 ] ] } },
{ "type": "Feature", "properties": { "id": 55, "pagina": 16, "classe": "Logradouros", "metodo": "EIXO_TRACO", "comp_m": 92.771680492862785, "id_layer": "p16_camadas_logradouros", "doc_fonte": "Resposta SECT_autos.pdf", "doc_pagina": 16, "doc_folha": 109, "doc_escala": "1:2.000", "doc_metodo": "Reconstituição Vetorial Afim", "doc_rms_m": 0.12 }, "geometry": { "type": "LineString", "coordinates": [ [ 172189.654478588607162, 9661702.218596022576094 ], [ 172189.001981842127861, 9661702.088094048202038 ], [ 172176.21321110194549, 9661706.133655041456223 ], [ 172175.430218930880073, 9661706.133655037730932 ], [ 172175.299716965149855, 9661706.003153065219522 ], [ 172174.908165280037792, 9661703.784619571641088 ], [ 172174.647161348548252, 9661703.523615630343556 ], [ 172167.339270394673804, 9661704.959137255325913 ], [ 172167.078279545443365, 9661705.220141194760799 ], [ 172167.078292627702467, 9661705.742149073630571 ], [ 172169.035992183053168, 9661714.485781084746122 ], [ 172169.036011806427268, 9661715.268792904913425 ], [ 172168.905516381812049, 9661715.399294873699546 ], [ 172146.459927232936025, 9661722.837907029315829 ], [ 172135.75916832126677, 9661728.18848773650825 ], [ 172135.237176811089739, 9661728.318989703431726 ], [ 172127.276926474354696, 9661735.105092100799084 ], [ 172126.75493823477882, 9661735.366096036508679 ], [ 172124.275518625916447, 9661737.584629513323307 ], [ 172119.316666325961705, 9661741.499688586220145 ] ] } },
{ "type": "Feature", "properties": { "id": 56, "pagina": 16, "classe": "Logradouros", "metodo": "EIXO_TRACO", "comp_m": 101.81080603460808, "id_layer": "p16_camadas_logradouros", "doc_fonte": "Resposta SECT_autos.pdf", "doc_pagina": 16, "doc_folha": 109, "doc_escala": "1:2.000", "doc_metodo": "Reconstituição Vetorial Afim", "doc_rms_m": 0.12 }, "geometry": { "type": "LineString", "coordinates": [ [ 172151.670838477381039, 9661362.260963646695018 ], [ 172151.670825395151041, 9661361.738955767825246 ], [ 172151.018292672495591, 9661360.172932121902704 ], [ 172150.104759288922651, 9661358.476406505331397 ], [ 172150.104752747807652, 9661358.215402564033866 ], [ 172139.664301137905568, 9661336.030067579820752 ], [ 172137.967719983716961, 9661332.115008465945721 ], [ 172137.054186600144021, 9661330.418482849374413 ], [ 172137.054180059029022, 9661330.157478908076882 ], [ 172135.357611987070413, 9661326.764427674934268 ], [ 172134.574570757569745, 9661324.806898118928075 ], [ 172133.661037373996805, 9661323.110372502356768 ], [ 172133.661030832881806, 9661322.849368561059237 ], [ 172132.747497449308867, 9661321.152842944487929 ], [ 172131.964456219808199, 9661319.195313388481736 ], [ 172131.050922836264363, 9661317.498787770047784 ], [ 172131.05091629512026, 9661317.237783830612898 ], [ 172122.307039298291784, 9661298.70650402083993 ], [ 172121.523998068791116, 9661296.748974462971091 ], [ 172119.696924760530237, 9661293.094919288530946 ], [ 172118.913883531029569, 9661291.137389732524753 ], [ 172117.08681022276869, 9661287.483334558084607 ], [ 172116.303768993268022, 9661285.525805002078414 ], [ 172114.476695685036248, 9661281.871749827638268 ], [ 172114.476689143892145, 9661281.610745886340737 ], [ 172112.78012107196264, 9661278.217694653198123 ], [ 172111.997079842461972, 9661276.26016509719193 ], [ 172111.083546458889032, 9661274.563639478757977 ], [ 172111.083539917774033, 9661274.302635539323092 ], [ 172110.170006534201093, 9661272.606109922751784 ], [ 172109.256460068398155, 9661270.387576423585415 ], [ 172108.995456136908615, 9661270.126572482287884 ] ] } },
{ "type": "Feature", "properties": { "id": 57, "pagina": 16, "classe": "Logradouros", "metodo": "EIXO_TRACO", "comp_m": 56.368463665709378, "id_layer": "p16_camadas_logradouros", "doc_fonte": "Resposta SECT_autos.pdf", "doc_pagina": 16, "doc_folha": 109, "doc_escala": "1:2.000", "doc_metodo": "Reconstituição Vetorial Afim", "doc_rms_m": 0.12 }, "geometry": { "type": "LineString", "coordinates": [ [ 172151.670838477381039, 9661362.260963646695018 ], [ 172151.279342391848331, 9661362.260963644832373 ], [ 172148.538892687007319, 9661363.174477418884635 ], [ 172148.14740314258961, 9661363.435481356456876 ], [ 172143.971477602462983, 9661364.740501031279564 ], [ 172143.579988058045274, 9661365.001504968851805 ], [ 172120.481915244978154, 9661372.831623030826449 ], [ 172120.090425700560445, 9661373.09262696839869 ], [ 172116.697485790384235, 9661374.136642709374428 ], [ 172116.305996245966526, 9661374.397646646946669 ], [ 172112.521563520829659, 9661375.572164352983236 ], [ 172112.13007397641195, 9661375.833168290555477 ], [ 172100.776782342087245, 9661379.617725353688002 ], [ 172100.385292797669536, 9661379.878729291260242 ], [ 172099.210814352729358, 9661380.270235193893313 ], [ 172098.427822181663942, 9661380.270235190168023 ] ] } },
{ "type": "Feature", "properties": { "id": 58, "pagina": 16, "classe": "Logradouros", "metodo": "EIXO_TRACO", "comp_m": 10.18369747815251, "id_layer": "p16_camadas_logradouros", "doc_fonte": "Resposta SECT_autos.pdf", "doc_pagina": 16, "doc_folha": 109, "doc_escala": "1:2.000", "doc_metodo": "Reconstituição Vetorial Afim", "doc_rms_m": 0.12 }, "geometry": { "type": "LineString", "coordinates": [ [ 172673.537514551950153, 9661457.788409035652876 ], [ 172673.53750801080605, 9661457.527405094355345 ], [ 172678.235333485354204, 9661452.437828289344907 ], [ 172680.062269430025481, 9661450.61080071888864 ], [ 172680.453762244986137, 9661450.480298751965165 ] ] } },
{ "type": "Feature", "properties": { "id": 59, "pagina": 16, "classe": "Logradouros", "metodo": "EIXO_TRACO", "comp_m": 21.067216752499856, "id_layer": "p16_camadas_logradouros", "doc_fonte": "Resposta SECT_autos.pdf", "doc_pagina": 16, "doc_folha": 109, "doc_escala": "1:2.000", "doc_metodo": "Reconstituição Vetorial Afim", "doc_rms_m": 0.12 }, "geometry": { "type": "LineString", "coordinates": [ [ 172786.815487315063365, 9661661.501985086128116 ], [ 172786.684968996531097, 9661660.718973264098167 ], [ 172785.640923835540889, 9661658.500439766794443 ], [ 172784.857859712094069, 9661655.629396418109536 ], [ 172784.727285793982446, 9661652.627851106226444 ], [ 172784.596783828252228, 9661652.497349133715034 ], [ 172784.727279252867447, 9661652.366847164928913 ], [ 172784.727246547234245, 9661651.061827464029193 ], [ 172784.857741971849464, 9661650.931325495243073 ], [ 172784.857712536788313, 9661649.756807763129473 ], [ 172784.988207961432636, 9661649.626305794343352 ], [ 172784.988175255799433, 9661648.321286093443632 ], [ 172785.249156293342821, 9661647.668776243925095 ], [ 172785.901564734638669, 9661644.275725025683641 ], [ 172786.684507847297937, 9661642.318195478990674 ], [ 172786.814980377967004, 9661641.274179719388485 ] ] } },
{ "type": "Feature", "properties": { "id": 60, "pagina": 16, "classe": "Logradouros", "metodo": "EIXO_TRACO", "comp_m": 121.9092588321713, "id_layer": "p16_camadas_logradouros", "doc_fonte": "Resposta SECT_autos.pdf", "doc_pagina": 16, "doc_folha": 109, "doc_escala": "1:2.000", "doc_metodo": "Reconstituição Vetorial Afim", "doc_rms_m": 0.12 }, "geometry": { "type": "LineString", "coordinates": [ [ 172047.4000687415828, 9661269.996070126071572 ], [ 172047.922083145676879, 9661270.779081949964166 ], [ 172047.922089686791878, 9661271.040085891261697 ], [ 172048.705117834033445, 9661272.475607566535473 ], [ 172050.271193751948886, 9661276.129662739112973 ], [ 172051.184727135492722, 9661277.826188357546926 ], [ 172051.184733676636824, 9661278.087192296981812 ], [ 172056.013440502109006, 9661288.266345996409655 ], [ 172056.013447043224005, 9661288.527349935844541 ], [ 172062.408223245467525, 9661302.099554868414998 ], [ 172062.408229786611628, 9661302.360558807849884 ], [ 172068.803005988855148, 9661315.932763740420341 ], [ 172068.803012529970147, 9661316.193767679855227 ], [ 172075.197788732213667, 9661329.76597261056304 ], [ 172075.197795273328666, 9661330.026976551860571 ], [ 172081.592571475572186, 9661343.599181482568383 ], [ 172081.592578016716288, 9661343.860185423865914 ], [ 172082.375606163957855, 9661345.29570709913969 ], [ 172082.375612705101958, 9661345.556711040437222 ], [ 172083.158640852343524, 9661346.992232715710998 ], [ 172083.158647393458523, 9661347.253236655145884 ], [ 172083.941675540729193, 9661348.688758332282305 ], [ 172083.941682081844192, 9661348.949762271717191 ], [ 172084.724710229114862, 9661350.385283948853612 ], [ 172086.290786147001199, 9661354.039339121431112 ], [ 172087.204319530574139, 9661355.735864738002419 ], [ 172087.204326071689138, 9661355.996868679299951 ], [ 172088.770388907345477, 9661359.128915971145034 ], [ 172089.031409191637067, 9661360.042429763823748 ], [ 172090.988987736171111, 9661363.957488879561424 ], [ 172090.988994277315214, 9661364.21849281899631 ], [ 172091.772022424556781, 9661365.654014496132731 ], [ 172091.772028965700883, 9661365.915018435567617 ], [ 172094.251631726016058, 9661371.004595285281539 ], [ 172094.251638267131057, 9661371.26559922657907 ], [ 172096.731241027475335, 9661376.355176076292992 ], [ 172098.427822181663942, 9661380.270235190168023 ] ] } },
{ "type": "Feature", "properties": { "id": 61, "pagina": 16, "classe": "Logradouros", "metodo": "EIXO_TRACO", "comp_m": 2.1751814187433971, "id_layer": "p16_camadas_logradouros", "doc_fonte": "Resposta SECT_autos.pdf", "doc_pagina": 16, "doc_folha": 109, "doc_escala": "1:2.000", "doc_metodo": "Reconstituição Vetorial Afim", "doc_rms_m": 0.12 }, "geometry": { "type": "LineString", "coordinates": [ [ 172570.310152217542054, 9661342.294164840131998 ], [ 172570.832156809949083, 9661342.68567075394094 ], [ 172571.35417448458611, 9661343.599184548482299 ], [ 172571.745677111262921, 9661343.860188491642475 ] ] } },
{ "type": "Feature", "properties": { "id": 62, "pagina": 16, "classe": "Logradouros", "metodo": "EIXO_TRACO", "comp_m": 19.802734115333859, "id_layer": "p16_camadas_logradouros", "doc_fonte": "Resposta SECT_autos.pdf", "doc_pagina": 16, "doc_folha": 109, "doc_escala": "1:2.000", "doc_metodo": "Reconstituição Vetorial Afim", "doc_rms_m": 0.12 }, "geometry": { "type": "LineString", "coordinates": [ [ 172747.13908606604673, 9661470.055594686418772 ], [ 172747.661077576223761, 9661469.925092719495296 ], [ 172748.444053394487128, 9661469.272582873702049 ], [ 172761.754632493335521, 9661457.78840958699584 ], [ 172762.407122698670719, 9661457.657907620072365 ] ] } },
{ "type": "Feature", "properties": { "id": 63, "pagina": 16, "classe": "Logradouros", "metodo": "EIXO_TRACO", "comp_m": 25.961919453909498, "id_layer": "p16_camadas_logradouros", "doc_fonte": "Resposta SECT_autos.pdf", "doc_pagina": 16, "doc_folha": 109, "doc_escala": "1:2.000", "doc_metodo": "Reconstituição Vetorial Afim", "doc_rms_m": 0.12 }, "geometry": { "type": "LineString", "coordinates": [ [ 172747.13908606604673, 9661470.055594686418772 ], [ 172746.87807559344219, 9661469.533586803823709 ], [ 172744.268029737489996, 9661466.662543445825577 ], [ 172732.522800491773523, 9661452.829334540292621 ], [ 172730.826268395991065, 9661450.871804976835847 ], [ 172730.173765108425869, 9661450.480299063026905 ] ] } },
{ "type": "Feature", "properties": { "id": 64, "pagina": 16, "classe": "Logradouros", "metodo": "EIXO_TRACO", "comp_m": 359.07020402534886, "id_layer": "p16_camadas_logradouros", "doc_fonte": "Resposta SECT_autos.pdf", "doc_pagina": 16, "doc_folha": 109, "doc_escala": "1:2.000", "doc_metodo": "Reconstituição Vetorial Afim", "doc_rms_m": 0.12 }, "geometry": { "type": "LineString", "coordinates": [ [ 172543.560634272173047, 9661450.610799865797162 ], [ 172544.604649998102104, 9661451.654815632849932 ], [ 172552.826358874415746, 9661463.269491024315357 ], [ 172563.397116216336144, 9661477.75520977191627 ], [ 172564.963169240305433, 9661480.495751153677702 ], [ 172565.615701962960884, 9661482.061774799600244 ], [ 172565.615711774618831, 9661482.453280709683895 ], [ 172566.398762815835653, 9661484.802316177636385 ], [ 172566.398815144813852, 9661486.890347698703408 ], [ 172566.007358306029346, 9661488.456371337175369 ], [ 172565.09392303932691, 9661490.674904823303223 ], [ 172561.83157012949232, 9661495.242473756894469 ], [ 172557.264223726757336, 9661499.549038741737604 ], [ 172552.696860971220303, 9661503.203093877062201 ], [ 172543.301124987512594, 9661509.989196263253689 ], [ 172534.688322304747999, 9661514.426263192668557 ], [ 172534.427324914402561, 9661514.426263192668557 ], [ 172527.249984984693583, 9661517.949816340580583 ], [ 172524.640033975039842, 9661518.863330114632845 ], [ 172519.159147647616919, 9661521.212365541607141 ], [ 172517.98466593210469, 9661521.473369475454092 ], [ 172516.288199247588636, 9661522.125879315659404 ], [ 172515.896703162055928, 9661522.125879311934114 ], [ 172510.024310937384143, 9661524.083408826962113 ], [ 172509.632814851851435, 9661524.083408825099468 ], [ 172508.327840982296038, 9661524.60541669651866 ], [ 172507.93634489676333, 9661524.605416694656014 ], [ 172506.631371027237037, 9661525.127424566075206 ], [ 172506.239874941675225, 9661525.127424564212561 ], [ 172504.934901072148932, 9661525.649432437494397 ], [ 172503.629920661478536, 9661525.910436369478703 ], [ 172503.238431117060827, 9661526.171440307050943 ], [ 172500.497981412219815, 9661527.084954081103206 ], [ 172500.106485326687107, 9661527.084954077377915 ], [ 172497.105041502043605, 9661528.128969820216298 ], [ 172496.713545416510897, 9661528.128969818353653 ], [ 172494.103594406828051, 9661529.042483592405915 ], [ 172490.710651226108894, 9661529.955997360870242 ], [ 172489.01418454159284, 9661530.608507201075554 ], [ 172488.622688456031028, 9661530.608507199212909 ], [ 172483.533281861338764, 9661532.305032778531313 ], [ 172483.141785775806056, 9661532.305032776668668 ], [ 172481.836811906250659, 9661532.827040648087859 ], [ 172478.052375910541741, 9661533.871056385338306 ], [ 172476.355909226025688, 9661534.523566225543618 ], [ 172475.964413140492979, 9661534.523566223680973 ], [ 172474.659439270937582, 9661535.045574095100164 ], [ 172470.875003275228664, 9661536.089589832350612 ], [ 172469.178536590683507, 9661536.742099672555923 ], [ 172467.090570550062694, 9661537.264107540249825 ], [ 172453.388322025886737, 9661541.831676408648491 ], [ 172452.996825940354029, 9661541.831676404923201 ], [ 172449.34289518094738, 9661543.136696083471179 ], [ 172448.951399095385568, 9661543.136696081608534 ], [ 172433.552680616121506, 9661548.226272819563746 ], [ 172433.161184530588798, 9661548.226272815838456 ], [ 172422.590881796757458, 9661551.880327913910151 ], [ 172422.199392252368852, 9661552.141331851482391 ], [ 172419.980930787103716, 9661552.793841687962413 ], [ 172419.589441242686007, 9661553.054845625534654 ], [ 172417.762472592439735, 9661553.5768534950912 ], [ 172417.370983048022026, 9661553.837857432663441 ], [ 172415.152521582785994, 9661554.490367269143462 ], [ 172414.761032038368285, 9661554.751371206715703 ], [ 172412.934063388092909, 9661555.273379076272249 ], [ 172412.5425738436752, 9661555.53438301384449 ], [ 172410.715605193399824, 9661556.056390883401036 ], [ 172410.324115648982115, 9661556.317394820973277 ], [ 172408.497146998735843, 9661556.839402688667178 ], [ 172408.105657454318134, 9661557.100406628102064 ], [ 172406.278688804042758, 9661557.622414495795965 ], [ 172405.887199259625049, 9661557.883418433368206 ], [ 172404.060230609378777, 9661558.405426302924752 ], [ 172403.668741064961068, 9661558.666430240496993 ], [ 172401.841772414685693, 9661559.188438110053539 ], [ 172401.450282870267984, 9661559.44944204762578 ], [ 172399.623314219992608, 9661559.971449917182326 ], [ 172399.231824675604003, 9661560.232453854754567 ], [ 172397.404856025328627, 9661560.754461724311113 ], [ 172397.013366480910918, 9661561.015465661883354 ], [ 172395.186397830635542, 9661561.537473529577255 ], [ 172394.794908286217833, 9661561.798477467149496 ], [ 172392.967939635971561, 9661562.320485336706042 ], [ 172392.576450091553852, 9661562.581489274278283 ], [ 172390.749481441278476, 9661563.103497143834829 ], [ 172390.357991896860767, 9661563.36450108140707 ], [ 172388.531023246585391, 9661563.886508950963616 ], [ 172388.139533702196786, 9661564.147512888535857 ], [ 172380.04868328286102, 9661566.888054210692644 ], [ 172379.657193738443311, 9661567.149058148264885 ], [ 172377.830225088167936, 9661567.671066015958786 ], [ 172375.350776044244412, 9661568.715081762522459 ], [ 172369.608879244216951, 9661570.542109306901693 ], [ 172350.947798043431249, 9661579.807749068364501 ], [ 172350.686800653085811, 9661579.807749066501856 ], [ 172345.336422832508106, 9661582.548290405422449 ], [ 172345.075425442162668, 9661582.548290403559804 ], [ 172343.77045811372227, 9661583.331302216276526 ], [ 172343.509460723376833, 9661583.331302214413881 ], [ 172336.201625369052636, 9661586.985357332974672 ], [ 172335.940627978707198, 9661586.985357331112027 ], [ 172321.846945509634679, 9661594.032463628798723 ], [ 172321.585948119289242, 9661594.032463626936078 ], [ 172315.191593819530681, 9661597.295012839138508 ], [ 172314.930596429185243, 9661597.295012837275863 ], [ 172308.536242129426682, 9661600.557562051340938 ], [ 172308.275244739052141, 9661600.557562049478292 ], [ 172301.880890439322684, 9661603.820111261680722 ], [ 172301.619893048948143, 9661603.820111259818077 ], [ 172295.225538749218686, 9661607.082660473883152 ], [ 172294.964541358844144, 9661607.082660472020507 ], [ 172288.570187059085583, 9661610.345209684222937 ], [ 172288.309189668740146, 9661610.345209682360291 ], [ 172284.916269381938037, 9661612.172237243503332 ], [ 172284.655271991563495, 9661612.172237241640687 ], [ 172282.958811848162441, 9661613.085751021280885 ], [ 172282.306318372284295, 9661613.085751017555594 ] ] } },
{ "type": "Feature", "properties": { "id": 65, "pagina": 16, "classe": "Logradouros", "metodo": "EIXO_TRACO", "comp_m": 83.156117482021003, "id_layer": "p16_camadas_logradouros", "doc_fonte": "Resposta SECT_autos.pdf", "doc_pagina": 16, "doc_folha": 109, "doc_escala": "1:2.000", "doc_metodo": "Reconstituição Vetorial Afim", "doc_rms_m": 0.12 }, "geometry": { "type": "LineString", "coordinates": [ [ 172282.306318372284295, 9661613.085751017555594 ], [ 172282.436839961388614, 9661613.999264808371663 ], [ 172283.089362872357015, 9661615.173782544210553 ], [ 172286.613030417036498, 9661623.264904713258147 ], [ 172287.657065766339656, 9661625.09193230047822 ], [ 172288.440110266412375, 9661627.179963827133179 ], [ 172289.875671136309393, 9661630.181509148329496 ], [ 172290.658715636382112, 9661632.269540674984455 ], [ 172291.180733311019139, 9661633.183054469525814 ], [ 172291.963777811091859, 9661635.271085996180773 ], [ 172292.48579548575799, 9661636.184599790722132 ], [ 172293.268839985830709, 9661638.27263131737709 ], [ 172294.704400855727727, 9661641.274176638573408 ], [ 172302.926299424638273, 9661660.457966296002269 ], [ 172304.36186029453529, 9661663.459511617198586 ], [ 172307.755029144056607, 9661671.550633786246181 ], [ 172309.190590013953624, 9661674.552179107442498 ], [ 172312.583758863474941, 9661682.643301274627447 ], [ 172314.932862928631948, 9661687.732878124341369 ], [ 172315.193883212923538, 9661688.646391917020082 ], [ 172315.715887805330567, 9661689.037897830829024 ] ] } },
{ "type": "Feature", "properties": { "id": 66, "pagina": 16, "classe": "Logradouros", "metodo": "EIXO_TRACO", "comp_m": 278.85799495986737, "id_layer": "p16_camadas_logradouros", "doc_fonte": "Resposta SECT_autos.pdf", "doc_pagina": 16, "doc_folha": 109, "doc_escala": "1:2.000", "doc_metodo": "Reconstituição Vetorial Afim", "doc_rms_m": 0.12 }, "geometry": { "type": "LineString", "coordinates": [ [ 172282.306318372284295, 9661613.085751017555594 ], [ 172282.045317711366806, 9661612.955249045044184 ], [ 172281.392791529826354, 9661611.650229340419173 ], [ 172278.391148200928001, 9661604.733624905347824 ], [ 172265.99309515254572, 9661577.719717014580965 ], [ 172265.471064395620488, 9661576.284195341169834 ], [ 172259.598305868043099, 9661563.625504203140736 ], [ 172257.640710970677901, 9661559.057935237884521 ], [ 172256.988188059709501, 9661557.883417502045631 ], [ 172254.639074182894547, 9661552.402334742248058 ], [ 172253.986551271926146, 9661551.227817008271813 ], [ 172251.115413179330062, 9661544.572216514497995 ], [ 172249.810360816278262, 9661541.962177103385329 ], [ 172249.288330059382133, 9661540.526655429974198 ], [ 172248.635807148413733, 9661539.352137694135308 ], [ 172248.635800607298734, 9661539.091133754700422 ], [ 172246.808724028494908, 9661535.306576609611511 ], [ 172243.93758593586972, 9661528.650976115837693 ], [ 172239.630896785063669, 9661519.385336210951209 ], [ 172239.630890243919566, 9661519.124332271516323 ], [ 172235.454706329415785, 9661510.119696306064725 ], [ 172233.758121904655127, 9661506.074135223403573 ], [ 172232.453069541603327, 9661503.464095812290907 ], [ 172232.453063000488328, 9661503.203091872856021 ], [ 172228.276879085955443, 9661494.198455909267068 ], [ 172226.580294661194785, 9661490.152894824743271 ], [ 172225.275242298172088, 9661487.542855413630605 ], [ 172224.753211541275959, 9661486.107333740219474 ], [ 172224.100688630307559, 9661484.932816004380584 ], [ 172224.10068208919256, 9661484.671812064945698 ], [ 172221.099051842524204, 9661478.277215510606766 ], [ 172218.227913749928121, 9661471.621615016832948 ], [ 172213.921224599092966, 9661462.355975111946464 ], [ 172213.921218057948863, 9661462.094971170648932 ], [ 172209.745034143445082, 9661453.090335207059979 ], [ 172208.048449718684424, 9661449.044774124398828 ], [ 172206.743397355661727, 9661446.434734713286161 ], [ 172206.743390814517625, 9661446.173730773851275 ], [ 172202.567206900013844, 9661437.169094810262322 ], [ 172200.870622475253185, 9661433.123533725738525 ], [ 172199.565570112201385, 9661430.513494314625859 ], [ 172199.565563571086386, 9661430.252490375190973 ], [ 172195.389379656553501, 9661421.24785441160202 ], [ 172193.692795231792843, 9661417.202293327078223 ], [ 172192.387742868770147, 9661414.592253915965557 ], [ 172192.387736327655148, 9661414.331249976530671 ], [ 172188.211552413122263, 9661405.326614012941718 ], [ 172185.340414320526179, 9661398.6710135191679 ], [ 172184.687891409557778, 9661397.49649578332901 ], [ 172184.687884868442779, 9661397.235491843894124 ], [ 172181.033725169691024, 9661389.405373614281416 ], [ 172178.162587077065837, 9661382.749773120507598 ], [ 172171.506790590530727, 9661368.264054397121072 ], [ 172170.984759833634598, 9661366.828532721847296 ], [ 172169.679707470611902, 9661364.218493312597275 ], [ 172169.027168206841452, 9661362.391465725377202 ], [ 172167.852617809548974, 9661359.911928286775947 ], [ 172167.852601456717821, 9661359.259418435394764 ] ] } },
{ "type": "Feature", "properties": { "id": 67, "pagina": 16, "classe": "Logradouros", "metodo": "EIXO_TRACO", "comp_m": 20.186620217163359, "id_layer": "p16_camadas_logradouros", "doc_fonte": "Resposta SECT_autos.pdf", "doc_pagina": 16, "doc_folha": 109, "doc_escala": "1:2.000", "doc_metodo": "Reconstituição Vetorial Afim", "doc_rms_m": 0.12 }, "geometry": { "type": "LineString", "coordinates": [ [ 172025.480657422216609, 9661444.346702057868242 ], [ 172025.872143696062267, 9661443.955196149647236 ], [ 172026.785631291742902, 9661443.824694184586406 ], [ 172032.397032667155145, 9661442.128168608993292 ], [ 172033.310520262864884, 9661441.997666643932462 ], [ 172038.008437313139439, 9661440.562145002186298 ], [ 172041.270885069272481, 9661439.779133202508092 ], [ 172043.619841959123733, 9661438.996121395379305 ], [ 172044.794326945178909, 9661438.865619434043765 ] ] } },
{ "type": "Feature", "properties": { "id": 68, "pagina": 16, "classe": "Logradouros", "metodo": "EIXO_TRACO", "comp_m": 86.354766754988574, "id_layer": "p16_camadas_logradouros", "doc_fonte": "Resposta SECT_autos.pdf", "doc_pagina": 16, "doc_folha": 109, "doc_escala": "1:2.000", "doc_metodo": "Reconstituição Vetorial Afim", "doc_rms_m": 0.12 }, "geometry": { "type": "LineString", "coordinates": [ [ 172725.351619030261645, 9661702.088097406551242 ], [ 172725.221110523387324, 9661701.696591494604945 ], [ 172724.438098728947807, 9661700.913579668849707 ], [ 172700.68678675184492, 9661678.989248542115092 ], [ 172696.641278142837109, 9661677.031718965619802 ], [ 172696.380280752491672, 9661677.031718963757157 ], [ 172695.858276160084642, 9661676.640213049948215 ], [ 172695.597278769739205, 9661676.64021304808557 ], [ 172693.117770855693379, 9661675.335193330422044 ], [ 172692.856773465347942, 9661675.335193330422044 ], [ 172688.811261585768079, 9661673.247161783277988 ], [ 172688.550264195422642, 9661673.247161781415343 ], [ 172683.852252298849635, 9661670.898126289248466 ], [ 172682.808256196265575, 9661670.637122342363 ], [ 172678.762786834035069, 9661670.245616406202316 ], [ 172677.718790731451008, 9661669.984612461179495 ], [ 172673.673321369220503, 9661669.593106525018811 ], [ 172672.629325266636442, 9661669.332102578133345 ], [ 172667.539863072393928, 9661668.81009466573596 ], [ 172666.495866969838971, 9661668.549090718850493 ], [ 172665.582376103586284, 9661668.549090713262558 ], [ 172665.451874137826962, 9661668.418588742613792 ], [ 172664.538383271574276, 9661668.418588737025857 ], [ 172664.407881305844057, 9661668.288086766377091 ], [ 172663.494390439591371, 9661668.288086760789156 ], [ 172663.363888473832048, 9661668.157584788277745 ], [ 172662.450397607579362, 9661668.15758478268981 ], [ 172661.406401505024405, 9661667.896580835804343 ], [ 172660.492910638771718, 9661667.896580830216408 ], [ 172660.362408673012396, 9661667.766078859567642 ], [ 172659.448917806759709, 9661667.766078853979707 ], [ 172659.318415841029491, 9661667.635576883330941 ], [ 172658.404924974776804, 9661667.635576877743006 ], [ 172658.274423009017482, 9661667.50507490709424 ], [ 172657.360932142764796, 9661667.505074901506305 ], [ 172657.230430177034577, 9661667.374572928994894 ], [ 172656.316939310781891, 9661667.374572923406959 ], [ 172656.186437345022568, 9661667.244070952758193 ], [ 172650.835974489862565, 9661666.591561069712043 ] ] } },
{ "type": "Feature", "properties": { "id": 69, "pagina": 16, "classe": "Logradouros", "metodo": "EIXO_TRACO", "comp_m": 80.254101007153409, "id_layer": "p16_camadas_logradouros", "doc_fonte": "Resposta SECT_autos.pdf", "doc_pagina": 16, "doc_folha": 109, "doc_escala": "1:2.000", "doc_metodo": "Reconstituição Vetorial Afim", "doc_rms_m": 0.12 }, "geometry": { "type": "LineString", "coordinates": [ [ 172725.351619030261645, 9661702.088097406551242 ], [ 172726.39561186224455, 9661702.218599382787943 ], [ 172729.136107354977867, 9661703.132113190367818 ], [ 172729.527603440510575, 9661703.132113192230463 ], [ 172730.049604762345552, 9661703.393117135390639 ], [ 172730.441100847878261, 9661703.39311713911593 ], [ 172730.963102169713238, 9661703.654121082276106 ], [ 172731.35459825527505, 9661703.654121084138751 ], [ 172731.876599577110028, 9661703.915125027298927 ], [ 172732.268095662642736, 9661703.915125031024218 ], [ 172732.790096984477714, 9661704.176128974184394 ], [ 172733.181593070039526, 9661704.176128976047039 ], [ 172733.703594391874503, 9661704.437132919207215 ], [ 172734.095090477407211, 9661704.437132922932506 ], [ 172743.491065212147078, 9661707.177674353122711 ], [ 172785.251681167195784, 9661748.416297169402242 ], [ 172786.6872027903446, 9661749.851818850263953 ], [ 172786.817714567790972, 9661750.37382673099637 ] ] } },
{ "type": "Feature", "properties": { "id": 70, "pagina": 16, "classe": "Logradouros", "metodo": "EIXO_TRACO", "comp_m": 58.318756583907479, "id_layer": "p16_camadas_logradouros", "doc_fonte": "Resposta SECT_autos.pdf", "doc_pagina": 16, "doc_folha": 109, "doc_escala": "1:2.000", "doc_metodo": "Reconstituição Vetorial Afim", "doc_rms_m": 0.12 }, "geometry": { "type": "LineString", "coordinates": [ [ 172725.351619030261645, 9661702.088097406551242 ], [ 172684.115064851095667, 9661743.326719703152776 ] ] } },
{ "type": "Feature", "properties": { "id": 71, "pagina": 16, "classe": "Logradouros", "metodo": "EIXO_TRACO", "comp_m": 8.8720854765337034, "id_layer": "p16_camadas_logradouros", "doc_fonte": "Resposta SECT_autos.pdf", "doc_pagina": 16, "doc_folha": 109, "doc_escala": "1:2.000", "doc_metodo": "Reconstituição Vetorial Afim", "doc_rms_m": 0.12 }, "geometry": { "type": "LineString", "coordinates": [ [ 172092.290720478806179, 9661234.108028627932072 ], [ 172095.683869704953395, 9661241.416138974949718 ], [ 172096.075375602173153, 9661241.807644886896014 ], [ 172096.336372992547695, 9661241.807644888758659 ] ] } },
{ "type": "Feature", "properties": { "id": 72, "pagina": 16, "classe": "Logradouros", "metodo": "EIXO_TRACO", "comp_m": 8.6743171408854529, "id_layer": "p16_camadas_logradouros", "doc_fonte": "Resposta SECT_autos.pdf", "doc_pagina": 16, "doc_folha": 109, "doc_escala": "1:2.000", "doc_metodo": "Reconstituição Vetorial Afim", "doc_rms_m": 0.12 }, "geometry": { "type": "LineString", "coordinates": [ [ 172034.610490172577556, 9661241.807644503191113 ], [ 172034.218984275357798, 9661241.416138589382172 ], [ 172034.218977734242799, 9661241.155134649947286 ], [ 172031.217350758146495, 9661234.891040066257119 ], [ 172031.217344217002392, 9661234.630036124959588 ], [ 172030.825835049210582, 9661234.108028242364526 ] ] } },
{ "type": "Feature", "properties": { "id": 73, "pagina": 16, "classe": "Logradouros", "metodo": "EIXO_TRACO", "comp_m": 66.171504453224856, "id_layer": "p16_camadas_logradouros", "doc_fonte": "Resposta SECT_autos.pdf", "doc_pagina": 16, "doc_folha": 109, "doc_escala": "1:2.000", "doc_metodo": "Reconstituição Vetorial Afim", "doc_rms_m": 0.12 }, "geometry": { "type": "LineString", "coordinates": [ [ 172041.011483713140478, 9661503.464094614610076 ], [ 172041.272327387094265, 9661497.330502020195127 ], [ 172041.402822811709484, 9661497.200000051409006 ], [ 172041.402777023846284, 9661495.372972469776869 ], [ 172041.533272448461503, 9661495.242470500990748 ], [ 172041.533223390026251, 9661493.284940948709846 ], [ 172041.66371881464147, 9661493.154438979923725 ], [ 172041.663669756235322, 9661491.196909427642822 ], [ 172041.794165180850541, 9661491.066407458856702 ], [ 172041.794116122415289, 9661489.108877906575799 ], [ 172041.924611547030509, 9661488.978375937789679 ], [ 172041.924562488595257, 9661487.020846385508776 ], [ 172042.055057913210476, 9661486.890344416722655 ], [ 172042.055008854775224, 9661484.932814864441752 ], [ 172042.185504279390443, 9661484.802312895655632 ], [ 172042.185455220984295, 9661482.844783343374729 ], [ 172042.315950645599514, 9661482.714281374588609 ], [ 172042.315901587164262, 9661480.756751822307706 ], [ 172042.446397011779482, 9661480.626249853521585 ], [ 172042.44634795334423, 9661478.668720303103328 ], [ 172042.576843377959449, 9661478.538218332454562 ], [ 172042.576794319524197, 9661476.580688782036304 ], [ 172042.70728974416852, 9661476.450186811387539 ], [ 172042.707240685733268, 9661474.492657260969281 ], [ 172042.837736110348487, 9661474.362155290320516 ], [ 172042.837687051913235, 9661472.404625739902258 ], [ 172042.968182476528455, 9661472.274123769253492 ], [ 172042.968133418093203, 9661470.316594218835235 ], [ 172043.098628842708422, 9661470.186092250049114 ], [ 172043.098579784302274, 9661468.228562697768211 ], [ 172043.229075208917493, 9661468.098060728982091 ], [ 172043.229026150482241, 9661466.140531176701188 ], [ 172043.35952157509746, 9661466.010029207915068 ], [ 172043.359472516662208, 9661464.052499655634165 ], [ 172043.489967941277428, 9661463.921997686848044 ], [ 172043.489918882842176, 9661461.964468134567142 ], [ 172043.620414307457395, 9661461.833966165781021 ], [ 172043.620365249051247, 9661459.876436613500118 ], [ 172043.750860673666466, 9661459.745934644713998 ], [ 172043.750811615231214, 9661457.788405092433095 ], [ 172043.881307039846433, 9661457.657903123646975 ], [ 172043.881257981411181, 9661455.700373571366072 ], [ 172044.011753406026401, 9661455.569871602579951 ], [ 172044.011704347591149, 9661453.612342050299048 ], [ 172044.142199772235472, 9661453.481840081512928 ], [ 172044.14215071380022, 9661451.524310529232025 ], [ 172044.272646138415439, 9661451.393808560445905 ], [ 172044.272597079980187, 9661449.436279008165002 ], [ 172044.403092504595406, 9661449.305777039378881 ], [ 172044.403043446160154, 9661447.348247487097979 ], [ 172044.533538870775374, 9661447.217745518311858 ], [ 172044.533489812369226, 9661445.2602159678936 ], [ 172044.663985236984445, 9661445.129713997244835 ], [ 172044.663936178549193, 9661443.172184446826577 ], [ 172044.794431603164412, 9661443.041682476177812 ], [ 172044.79438254472916, 9661441.084152925759554 ], [ 172044.924877969344379, 9661440.953650955110788 ], [ 172044.924828910909127, 9661438.996121404692531 ], [ 172044.794326945178909, 9661438.865619434043765 ] ] } },
{ "type": "Feature", "properties": { "id": 74, "pagina": 16, "classe": "Logradouros", "metodo": "EIXO_TRACO", "comp_m": 5.9156502891541418, "id_layer": "p16_camadas_logradouros", "doc_fonte": "Resposta SECT_autos.pdf", "doc_pagina": 16, "doc_folha": 109, "doc_escala": "1:2.000", "doc_metodo": "Reconstituição Vetorial Afim", "doc_rms_m": 0.12 }, "geometry": { "type": "LineString", "coordinates": [ [ 172043.357847047358518, 9661399.193020511418581 ], [ 172043.096859468700131, 9661399.584526419639587 ], [ 172038.268446993781254, 9661401.150550030171871 ], [ 172038.007456144550815, 9661401.411553969606757 ] ] } },
{ "type": "Feature", "properties": { "id": 75, "pagina": 16, "classe": "Logradouros", "metodo": "EIXO_TRACO", "comp_m": 58.439565650128053, "id_layer": "p16_camadas_logradouros", "doc_fonte": "Resposta SECT_autos.pdf", "doc_pagina": 16, "doc_folha": 109, "doc_escala": "1:2.000", "doc_metodo": "Reconstituição Vetorial Afim", "doc_rms_m": 0.12 }, "geometry": { "type": "LineString", "coordinates": [ [ 172043.357847047358518, 9661399.193020511418581 ], [ 172044.010340523265768, 9661399.193020515143871 ], [ 172047.533775858057197, 9661398.018502805382013 ], [ 172047.925265402474906, 9661397.757498867809772 ], [ 172059.670049851760268, 9661393.842439837753773 ], [ 172060.061539396177977, 9661393.581435900181532 ], [ 172064.237464936304605, 9661392.276416225358844 ], [ 172064.628954480722314, 9661392.015412287786603 ], [ 172072.980802290432621, 9661389.274870967492461 ], [ 172073.372291834821226, 9661389.01386702992022 ], [ 172077.156724559987197, 9661387.839349322021008 ], [ 172077.548214104404906, 9661387.578345384448767 ], [ 172081.332646829541773, 9661386.403827678412199 ], [ 172081.724136373959482, 9661386.142823738977313 ], [ 172094.643399268214125, 9661381.836258806288242 ], [ 172095.03488881260273, 9661381.575254868716002 ], [ 172098.036335907818284, 9661380.661741096526384 ], [ 172098.427822181663942, 9661380.270235190168023 ] ] } },
{ "type": "Feature", "properties": { "id": 76, "pagina": 16, "classe": "Logradouros", "metodo": "EIXO_TRACO", "comp_m": 43.398825493832383, "id_layer": "p16_camadas_logradouros", "doc_fonte": "Resposta SECT_autos.pdf", "doc_pagina": 16, "doc_folha": 109, "doc_escala": "1:2.000", "doc_metodo": "Reconstituição Vetorial Afim", "doc_rms_m": 0.12 }, "geometry": { "type": "LineString", "coordinates": [ [ 172119.316666325961705, 9661741.499688586220145 ], [ 172118.664159767795354, 9661740.977680701762438 ], [ 172115.140557634353172, 9661735.496597934514284 ], [ 172113.705022928945255, 9661733.539068372920156 ], [ 172111.877952891256427, 9661730.015515169128776 ], [ 172110.31190313785919, 9661727.405475758016109 ], [ 172106.918753911711974, 9661720.097365409135818 ], [ 172106.135712682211306, 9661718.139835853129625 ], [ 172105.874682586232666, 9661716.83481615036726 ], [ 172105.483170147897908, 9661716.182306297123432 ], [ 172104.569587705889717, 9661712.528251128271222 ], [ 172103.264496096118819, 9661708.35218807682395 ], [ 172103.1339745070145, 9661707.438674286007881 ], [ 172102.089903181506088, 9661704.176125025376678 ], [ 172101.828879626671551, 9661703.132109263911843 ], [ 172101.82886000329745, 9661702.34909744374454 ] ] } },
{ "type": "Feature", "properties": { "id": 77, "pagina": 16, "classe": "Logradouros", "metodo": "EIXO_TRACO", "comp_m": 49.358178952485929, "id_layer": "p16_camadas_logradouros", "doc_fonte": "Resposta SECT_autos.pdf", "doc_pagina": 16, "doc_folha": 109, "doc_escala": "1:2.000", "doc_metodo": "Reconstituição Vetorial Afim", "doc_rms_m": 0.12 }, "geometry": { "type": "LineString", "coordinates": [ [ 172639.876903319178382, 9661779.084259236231446 ], [ 172639.746401353448164, 9661778.953757265582681 ], [ 172639.746375188959064, 9661777.909741504117846 ], [ 172639.876870613574283, 9661777.779239535331726 ], [ 172639.876841178513132, 9661776.604721803218126 ], [ 172640.007336603128351, 9661776.474219834432006 ], [ 172640.0073071680672, 9661775.299702104181051 ], [ 172640.137802592682419, 9661775.169200133532286 ], [ 172640.659633845323697, 9661768.64410163089633 ], [ 172640.790129269938916, 9661768.513599662110209 ], [ 172640.790099834877765, 9661767.339081931859255 ], [ 172640.920595259492984, 9661767.208579963073134 ], [ 172640.920565824431833, 9661766.034062230959535 ], [ 172641.051061249047052, 9661765.903560262173414 ], [ 172641.051031813985901, 9661764.729042530059814 ], [ 172641.18152723860112, 9661764.598540561273694 ], [ 172641.181497803539969, 9661763.424022831022739 ], [ 172641.311993228155188, 9661763.293520862236619 ], [ 172641.311963793123141, 9661762.119003130123019 ], [ 172641.44245921773836, 9661761.988501161336899 ], [ 172641.442429782677209, 9661760.813983429223299 ], [ 172641.572925207292428, 9661760.683481460437179 ], [ 172641.572895772231277, 9661759.508963730186224 ], [ 172641.703391196846496, 9661759.378461761400104 ], [ 172641.703361761785345, 9661758.203944029286504 ], [ 172641.833857186400564, 9661758.073442060500383 ], [ 172641.833827751339413, 9661756.898924328386784 ], [ 172641.964323175954632, 9661756.768422359600663 ], [ 172642.355688439041842, 9661751.548343557864428 ], [ 172642.486183863657061, 9661751.417841589078307 ], [ 172642.48615442859591, 9661750.243323856964707 ], [ 172642.616649853211129, 9661750.112821888178587 ], [ 172642.616620418149978, 9661748.938304157927632 ], [ 172642.747115842765197, 9661748.807802187278867 ], [ 172642.747086407704046, 9661747.633284457027912 ], [ 172642.877581832319265, 9661747.502782488241792 ], [ 172642.877552397258114, 9661746.328264756128192 ], [ 172643.008047821873333, 9661746.197762787342072 ], [ 172643.008018386841286, 9661745.023245057091117 ], [ 172643.138513811456505, 9661744.892743086442351 ], [ 172643.138484376395354, 9661743.718225356191397 ], [ 172643.268979801010573, 9661743.587723387405276 ], [ 172643.268950365949422, 9661742.413205655291677 ], [ 172643.399445790564641, 9661742.282703686505556 ], [ 172643.39941635550349, 9661741.108185956254601 ], [ 172643.529911780118709, 9661740.977683985605836 ], [ 172643.529882345057558, 9661739.803166255354881 ], [ 172643.660377769672778, 9661739.672664286568761 ], [ 172643.66034833464073, 9661738.498146554455161 ], [ 172643.790843759255949, 9661738.367644585669041 ], [ 172643.790814324194798, 9661737.193126855418086 ], [ 172643.921309748810017, 9661737.06262488476932 ], [ 172644.44315735422424, 9661731.190036233514547 ] ] } },
{ "type": "Feature", "properties": { "id": 78, "pagina": 16, "classe": "Logradouros", "metodo": "EIXO_TRACO", "comp_m": 13.108722225962129, "id_layer": "p16_camadas_logradouros", "doc_fonte": "Resposta SECT_autos.pdf", "doc_pagina": 16, "doc_folha": 109, "doc_escala": "1:2.000", "doc_metodo": "Reconstituição Vetorial Afim", "doc_rms_m": 0.12 }, "geometry": { "type": "LineString", "coordinates": [ [ 172025.610181489901152, 9661405.457114964723587 ], [ 172026.001671034318861, 9661405.196111027151346 ], [ 172029.133613554149633, 9661404.152095286175609 ], [ 172029.525109639682341, 9661404.152095288038254 ], [ 172033.962026029039407, 9661402.586071675643325 ], [ 172034.353522114572115, 9661402.58607167750597 ], [ 172037.224467244028347, 9661401.542055934667587 ], [ 172038.007456144550815, 9661401.411553969606757 ] ] } },
{ "type": "Feature", "properties": { "id": 79, "pagina": 16, "classe": "Logradouros", "metodo": "EIXO_TRACO", "comp_m": 37.70874021829534, "id_layer": "p16_camadas_logradouros", "doc_fonte": "Resposta SECT_autos.pdf", "doc_pagina": 16, "doc_folha": 109, "doc_escala": "1:2.000", "doc_metodo": "Reconstituição Vetorial Afim", "doc_rms_m": 0.12 }, "geometry": { "type": "LineString", "coordinates": [ [ 172612.077754092984833, 9661662.284995812922716 ], [ 172611.947252127225511, 9661662.154493842273951 ], [ 172610.250769089907408, 9661662.15449383109808 ], [ 172610.120267124148086, 9661662.023991860449314 ], [ 172602.551326450920897, 9661661.371481962502003 ], [ 172602.420824485190678, 9661661.240979991853237 ], [ 172600.071844701393275, 9661661.11047800630331 ], [ 172599.941342735663056, 9661660.979976035654545 ], [ 172598.897353174223099, 9661660.979976030066609 ], [ 172597.592359681293601, 9661660.718972081318498 ], [ 172593.80789097995148, 9661660.457968117669225 ], [ 172592.502897487051087, 9661660.196964168921113 ], [ 172591.328409230423858, 9661660.196964161470532 ], [ 172591.19790726469364, 9661660.066462190821767 ], [ 172587.674435953696957, 9661659.805458229035139 ], [ 172586.369442460796563, 9661659.544454280287027 ], [ 172585.194954204169335, 9661659.544454272836447 ], [ 172583.889960711239837, 9661659.283450324088335 ], [ 172582.715472454641713, 9661659.283450316637754 ], [ 172582.584970488882391, 9661659.152948345988989 ], [ 172579.061499177914811, 9661658.891944384202361 ], [ 172577.756505685014417, 9661658.630940435454249 ], [ 172574.885531120497035, 9661658.500438446179032 ] ] } },
{ "type": "Feature", "properties": { "id": 80, "pagina": 16, "classe": "Logradouros", "metodo": "EIXO_TRACO", "comp_m": 118.30476414393661, "id_layer": "p16_camadas_logradouros", "doc_fonte": "Resposta SECT_autos.pdf", "doc_pagina": 16, "doc_folha": 109, "doc_escala": "1:2.000", "doc_metodo": "Reconstituição Vetorial Afim", "doc_rms_m": 0.12 }, "geometry": { "type": "LineString", "coordinates": [ [ 172612.077754092984833, 9661662.284995812922716 ], [ 172612.208249517600052, 9661662.154493844136596 ], [ 172612.730129828647478, 9661657.586924893781543 ], [ 172612.860625253262697, 9661657.456422923132777 ], [ 172612.860605629888596, 9661656.673411102965474 ], [ 172612.991101054503815, 9661656.542909134179354 ], [ 172612.991081431129714, 9661655.759897314012051 ], [ 172613.121576855744934, 9661655.629395343363285 ], [ 172613.121557232370833, 9661654.846383523195982 ], [ 172613.252052656986052, 9661654.715881554409862 ], [ 172613.252033033611951, 9661653.932869732379913 ], [ 172613.382528458227171, 9661653.802367763593793 ], [ 172613.38250883485307, 9661653.01935594342649 ], [ 172613.77395586197963, 9661651.061826394870877 ], [ 172613.773932968033478, 9661650.148312604054809 ], [ 172613.904428392648697, 9661650.017810633406043 ], [ 172613.904408769274596, 9661649.23479881323874 ], [ 172614.034904193918919, 9661649.10429684445262 ], [ 172614.034884570544818, 9661648.321285024285316 ], [ 172614.165379995160038, 9661648.190783053636551 ], [ 172614.165360371785937, 9661647.407771233469248 ], [ 172614.295855796401156, 9661647.277269264683127 ], [ 172614.295836173027055, 9661646.494257442653179 ], [ 172614.426331597642275, 9661646.363755473867059 ], [ 172614.426311974268174, 9661645.580743653699756 ], [ 172614.81775900136563, 9661643.623214105144143 ], [ 172614.817736107448582, 9661642.709700314328074 ], [ 172614.948231532063801, 9661642.579198343679309 ], [ 172614.9482119086897, 9661641.796186523512006 ], [ 172615.078707333304919, 9661641.665684554725885 ], [ 172615.078687709930819, 9661640.882672734558582 ], [ 172615.209183134546038, 9661640.752170763909817 ], [ 172615.209163511171937, 9661639.969158943742514 ], [ 172615.339658935787156, 9661639.838656974956393 ], [ 172615.339639312442159, 9661639.055645152926445 ], [ 172615.470134737057379, 9661638.925143184140325 ], [ 172615.470115113683278, 9661638.142131363973022 ], [ 172615.600610538298497, 9661638.011629395186901 ], [ 172615.600590914924396, 9661637.228617573156953 ], [ 172615.992037942021852, 9661635.27108802460134 ], [ 172615.992015048104804, 9661634.357574233785272 ], [ 172616.122510472720023, 9661634.227072264999151 ], [ 172616.122490849345922, 9661633.444060444831848 ], [ 172616.252986273961142, 9661633.313558474183083 ], [ 172616.252966650587041, 9661632.530546654015779 ], [ 172616.38346207520226, 9661632.400044685229659 ], [ 172616.383442451828159, 9661631.617032863199711 ], [ 172616.513937876443379, 9661631.48653089441359 ], [ 172616.513918253069278, 9661630.703519074246287 ], [ 172616.644413677684497, 9661630.573017105460167 ], [ 172616.644394054310396, 9661629.790005283430219 ], [ 172617.035841081436956, 9661627.832475734874606 ], [ 172617.035818187490804, 9661626.918961944058537 ], [ 172617.166313612106023, 9661626.788459975272417 ], [ 172617.166293988731923, 9661626.005448153242469 ], [ 172617.296789413376246, 9661625.874946184456348 ], [ 172617.296769790002145, 9661625.091934364289045 ], [ 172617.427265214617364, 9661624.961432395502925 ], [ 172617.427245591243263, 9661624.178420573472977 ], [ 172617.557741015858483, 9661624.047918604686856 ], [ 172617.557721392484382, 9661623.264906784519553 ], [ 172617.688216817099601, 9661623.134404815733433 ], [ 172617.6881971937255, 9661622.351392993703485 ], [ 172618.07964422085206, 9661620.393863445147872 ], [ 172618.079621326905908, 9661619.480349654331803 ], [ 172618.210116751521127, 9661619.349847685545683 ], [ 172618.210097128147027, 9661618.566835863515735 ], [ 172618.340592552762246, 9661618.436333894729614 ], [ 172618.340572929388145, 9661617.653322074562311 ], [ 172618.471068354003364, 9661617.522820105776191 ], [ 172618.471048730629263, 9661616.739808283746243 ], [ 172618.601544155273587, 9661616.609306314960122 ], [ 172618.601524531899486, 9661615.826294494792819 ], [ 172618.732019956514705, 9661615.695792526006699 ], [ 172618.732000333140604, 9661614.91278070397675 ], [ 172618.862495757755823, 9661614.78227873519063 ], [ 172618.862476134381723, 9661613.999266915023327 ], [ 172618.992971558996942, 9661613.868764946237206 ], [ 172618.992951935622841, 9661613.085753124207258 ], [ 172619.12344736023806, 9661612.955251155421138 ], [ 172619.12342773686396, 9661612.172239335253835 ], [ 172619.253923161479179, 9661612.041737364605069 ], [ 172619.253903538105078, 9661611.258725544437766 ], [ 172619.384398962720297, 9661611.128223575651646 ], [ 172619.3843793393753, 9661610.345211755484343 ], [ 172619.51487476399052, 9661610.214709784835577 ], [ 172619.514855140616419, 9661609.431697964668274 ], [ 172619.645350565231638, 9661609.301195995882154 ], [ 172619.645330941857537, 9661608.51818417571485 ], [ 172620.036777968954993, 9661606.560654625296593 ], [ 172620.036755075037945, 9661605.647140834480524 ], [ 172620.167250499653164, 9661605.516638865694404 ], [ 172620.167230876279064, 9661604.733627045527101 ], [ 172620.297726300894283, 9661604.603125074878335 ], [ 172620.297706677520182, 9661603.820113254711032 ], [ 172620.428202102135401, 9661603.689611285924911 ], [ 172620.4281824787613, 9661602.906599465757608 ], [ 172620.55867790337652, 9661602.776097495108843 ], [ 172620.558658280002419, 9661601.99308567494154 ], [ 172620.689153704617638, 9661601.862583706155419 ], [ 172620.689134081243537, 9661601.079571885988116 ], [ 172620.81962950588786, 9661600.949069915339351 ], [ 172620.81960988251376, 9661600.166058095172048 ], [ 172620.950105307128979, 9661600.035556126385927 ], [ 172620.950085683754878, 9661599.252544304355979 ], [ 172621.341532710852334, 9661597.295014755800366 ], [ 172621.341509816935286, 9661596.381500964984298 ], [ 172621.472005241550505, 9661596.250998996198177 ], [ 172621.471985618176404, 9661595.467987176030874 ], [ 172621.602481042791624, 9661595.337485205382109 ], [ 172621.602461419417523, 9661594.554473385214806 ], [ 172621.732956844032742, 9661594.423971416428685 ], [ 172621.732937220658641, 9661593.640959596261382 ], [ 172621.863432645273861, 9661593.510457625612617 ], [ 172621.86341302189976, 9661592.727445805445313 ], [ 172621.993908446514979, 9661592.596943836659193 ], [ 172621.993888823140878, 9661591.813932014629245 ], [ 172622.124384247756097, 9661591.683430045843124 ], [ 172622.124364624411101, 9661590.900418225675821 ], [ 172622.515811651508557, 9661588.942888677120209 ], [ 172622.515788757562404, 9661588.02937488630414 ], [ 172622.646284182177624, 9661587.898872915655375 ], [ 172622.646264558832627, 9661587.115861095488071 ], [ 172622.776759983447846, 9661586.985359126701951 ], [ 172622.776740360073745, 9661586.202347306534648 ], [ 172622.907235784688964, 9661586.071845335885882 ], [ 172622.907216161314864, 9661585.288833515718579 ], [ 172623.037711585930083, 9661585.158331546932459 ], [ 172623.037691962555982, 9661584.375319724902511 ], [ 172623.168187387171201, 9661584.24481775611639 ], [ 172623.168167763797101, 9661583.461805935949087 ], [ 172623.29866318841232, 9661583.331303967162967 ], [ 172623.298643565038219, 9661582.548292145133018 ], [ 172623.429138989653438, 9661582.417790176346898 ], [ 172623.429119366308441, 9661581.634778356179595 ], [ 172623.559614790923661, 9661581.504276387393475 ], [ 172623.55959516754956, 9661580.721264565363526 ], [ 172623.690090592164779, 9661580.590762596577406 ], [ 172623.690070968790678, 9661579.807750776410103 ], [ 172623.820566393405898, 9661579.677248805761337 ], [ 172623.820546770031797, 9661578.894236985594034 ], [ 172623.951042194647016, 9661578.763735016807914 ], [ 172623.951022571272915, 9661577.980723196640611 ], [ 172624.081517995888134, 9661577.850221225991845 ], [ 172624.081498372514034, 9661577.067209405824542 ], [ 172624.211993797129253, 9661576.936707437038422 ], [ 172624.211974173755152, 9661576.153695616871119 ], [ 172624.342469598399475, 9661576.023193646222353 ], [ 172624.342449975025374, 9661575.24018182605505 ], [ 172624.472945399640594, 9661575.109679857268929 ], [ 172624.472925776266493, 9661574.326668037101626 ], [ 172624.864372803363949, 9661572.369138486683369 ], [ 172624.864349909446901, 9661571.4556246958673 ], [ 172624.99484533406212, 9661571.32512272708118 ], [ 172624.994825710688019, 9661570.542110906913877 ], [ 172625.125321135303238, 9661570.411608936265111 ], [ 172625.125301511929138, 9661569.628597116097808 ], [ 172625.255796936544357, 9661569.498095147311687 ], [ 172625.255777313170256, 9661568.715083327144384 ], [ 172625.386272737785475, 9661568.584581356495619 ], [ 172625.386253114411375, 9661567.801569536328316 ], [ 172625.777700141537935, 9661565.844039987772703 ], [ 172626.038534003775567, 9661559.318941483274102 ], [ 172626.16902942841989, 9661559.188439514487982 ], [ 172626.299384218844352, 9661553.446352830156684 ], [ 172626.429879643488675, 9661553.315850861370564 ], [ 172626.690752752474509, 9661548.356775999069214 ] ] } },
{ "type": "Feature", "properties": { "id": 81, "pagina": 16, "classe": "Logradouros", "metodo": "EIXO_TRACO", "comp_m": 38.225486196775037, "id_layer": "p16_camadas_logradouros", "doc_fonte": "Resposta SECT_autos.pdf", "doc_pagina": 16, "doc_folha": 109, "doc_escala": "1:2.000", "doc_metodo": "Reconstituição Vetorial Afim", "doc_rms_m": 0.12 }, "geometry": { "type": "LineString", "coordinates": [ [ 172038.007456144550815, 9661401.411553969606757 ], [ 172038.790552973601734, 9661405.587617017328739 ], [ 172038.790569326432887, 9661406.240126868709922 ], [ 172039.051586340152426, 9661407.02313869073987 ], [ 172039.051602692954475, 9661407.675648540258408 ], [ 172039.312619706703117, 9661408.458660364151001 ], [ 172039.312636059505166, 9661409.111170213669538 ], [ 172039.704168121214025, 9661410.546691887080669 ], [ 172039.704184474045178, 9661411.199201738461852 ], [ 172040.095716535754036, 9661412.634723411872983 ], [ 172040.095732888556086, 9661413.287233261391521 ], [ 172040.487264950294048, 9661414.722754936665297 ], [ 172040.487281303096097, 9661415.375264786183834 ], [ 172041.792431782989297, 9661421.900363299995661 ], [ 172041.792448135791346, 9661422.552873151376843 ], [ 172042.053465149539988, 9661423.335884973406792 ], [ 172042.053481502342038, 9661423.988394822925329 ], [ 172042.314498516061576, 9661424.771406644955277 ], [ 172042.314514868892729, 9661425.42391649633646 ], [ 172042.706046930601588, 9661426.859438169747591 ], [ 172042.967096649954328, 9661428.947469692677259 ], [ 172044.663792273815488, 9661437.430097760632634 ], [ 172044.794326945178909, 9661438.865619434043765 ] ] } },
{ "type": "Feature", "properties": { "id": 82, "pagina": 16, "classe": "Logradouros", "metodo": "EIXO_TRACO", "comp_m": 65.549858334214335, "id_layer": "p16_camadas_logradouros", "doc_fonte": "Resposta SECT_autos.pdf", "doc_pagina": 16, "doc_folha": 109, "doc_escala": "1:2.000", "doc_metodo": "Reconstituição Vetorial Afim", "doc_rms_m": 0.12 }, "geometry": { "type": "LineString", "coordinates": [ [ 172315.715887805330567, 9661689.037897830829024 ], [ 172318.978368267067708, 9661689.559905732050538 ], [ 172321.066360472177621, 9661690.081913625821471 ], [ 172322.501849389722338, 9661690.212415603920817 ], [ 172325.764336392574478, 9661690.995427444577217 ], [ 172326.416829868481727, 9661690.995427448302507 ], [ 172331.767305805900833, 9661692.16994521394372 ], [ 172332.419799281808082, 9661692.16994521766901 ], [ 172337.770275219227187, 9661693.344462981447577 ], [ 172338.422768695105333, 9661693.344462987035513 ], [ 172348.210219892003806, 9661695.301992598921061 ], [ 172362.043192780169193, 9661699.73905966989696 ], [ 172362.434688865701901, 9661699.739059671759605 ], [ 172364.131188255851157, 9661700.391569532454014 ], [ 172364.522684341383865, 9661700.391569536179304 ], [ 172366.219183731533121, 9661701.044079396873713 ], [ 172366.610679817065829, 9661701.044079398736358 ], [ 172368.307179207215086, 9661701.696589261293411 ], [ 172368.698675292747794, 9661701.696589263156056 ], [ 172370.39517468289705, 9661702.349099123850465 ], [ 172370.786670768429758, 9661702.34909912571311 ], [ 172372.483170158579014, 9661703.001608988270164 ], [ 172372.874666244111722, 9661703.001608990132809 ], [ 172374.571165634260979, 9661703.654118850827217 ], [ 172374.962661719793687, 9661703.654118854552507 ], [ 172376.659161109942943, 9661704.306628715246916 ], [ 172377.050657195475651, 9661704.306628717109561 ], [ 172378.616654619894689, 9661704.828636607155204 ], [ 172378.877658551355125, 9661705.08964055031538 ] ] } },
{ "type": "Feature", "properties": { "id": 83, "pagina": 16, "classe": "Logradouros", "metodo": "EIXO_TRACO", "comp_m": 81.212845608913682, "id_layer": "p16_camadas_logradouros", "doc_fonte": "Resposta SECT_autos.pdf", "doc_pagina": 16, "doc_folha": 109, "doc_escala": "1:2.000", "doc_metodo": "Reconstituição Vetorial Afim", "doc_rms_m": 0.12 }, "geometry": { "type": "LineString", "coordinates": [ [ 172378.877658551355125, 9661705.08964055031538 ], [ 172379.008183411031496, 9661706.133656311780214 ], [ 172381.096273733011913, 9661710.570723308250308 ], [ 172381.487799253605772, 9661711.745241042226553 ], [ 172384.097913791367318, 9661717.356825772672892 ], [ 172384.489439311961178, 9661718.531343506649137 ], [ 172387.621578065503854, 9661725.31744597107172 ], [ 172388.013103586097714, 9661726.491963705047965 ], [ 172391.14524233964039, 9661733.278066169470549 ], [ 172391.536767860234249, 9661734.452583903446794 ], [ 172394.668906613776926, 9661741.238686369732022 ], [ 172395.060432134370785, 9661742.413204101845622 ], [ 172398.192570887884358, 9661749.199306568130851 ], [ 172398.584096408478217, 9661750.373824300244451 ], [ 172401.194210946239764, 9661755.985409032553434 ], [ 172401.585736466833623, 9661757.159926766529679 ], [ 172404.7178752203763, 9661763.946029230952263 ], [ 172405.109400740970159, 9661765.120546964928508 ], [ 172408.241539494512836, 9661771.906649429351091 ], [ 172411.24318609398324, 9661778.953755835071206 ], [ 172411.634688720660051, 9661779.214759776368737 ] ] } },
{ "type": "Feature", "properties": { "id": 84, "pagina": 16, "classe": "Logradouros", "metodo": "EIXO_TRACO", "comp_m": 26.070527826213571, "id_layer": "p16_camadas_logradouros", "doc_fonte": "Resposta SECT_autos.pdf", "doc_pagina": 16, "doc_folha": 109, "doc_escala": "1:2.000", "doc_metodo": "Reconstituição Vetorial Afim", "doc_rms_m": 0.12 }, "geometry": { "type": "LineString", "coordinates": [ [ 172197.225332540576346, 9661779.21475843526423 ], [ 172197.747324050724274, 9661779.084256468340755 ], [ 172198.269309019757202, 9661778.692750561982393 ], [ 172212.884855447045993, 9661766.425565462559462 ], [ 172216.66922603151761, 9661762.771510323509574 ], [ 172217.191217541694641, 9661762.641008356586099 ] ] } },
{ "type": "Feature", "properties": { "id": 85, "pagina": 16, "classe": "Logradouros", "metodo": "EIXO_TRACO", "comp_m": 46.901155891685242, "id_layer": "p16_camadas_logradouros", "doc_fonte": "Resposta SECT_autos.pdf", "doc_pagina": 16, "doc_folha": 109, "doc_escala": "1:2.000", "doc_metodo": "Reconstituição Vetorial Afim", "doc_rms_m": 0.12 }, "geometry": { "type": "LineString", "coordinates": [ [ 172600.205142997612711, 9661772.820164421573281 ], [ 172601.248933054768713, 9661764.85954425111413 ], [ 172601.509907551197102, 9661763.946030462160707 ], [ 172601.509887927823002, 9661763.163018641993403 ], [ 172602.031814026762731, 9661760.422477273270488 ], [ 172602.423221807111986, 9661756.898924082517624 ], [ 172602.684196303540375, 9661755.9854102935642 ], [ 172603.075604083918734, 9661752.461857102811337 ], [ 172603.336578580318019, 9661751.548343313857913 ], [ 172603.336558956943918, 9661750.76533149369061 ], [ 172603.858485055883648, 9661748.024790123105049 ], [ 172604.249892836232902, 9661744.50123693421483 ], [ 172604.510867332661292, 9661743.587723145261407 ], [ 172604.90227511303965, 9661740.064169954508543 ], [ 172605.163249609468039, 9661739.15065616555512 ], [ 172605.293705787335057, 9661737.454130554571748 ], [ 172605.554686824878445, 9661736.80162070505321 ], [ 172605.554667201504344, 9661736.018608884885907 ], [ 172605.685162626119563, 9661735.888106916099787 ], [ 172605.685143002745463, 9661735.105095094069839 ], [ 172605.815638427360682, 9661734.974593125283718 ], [ 172605.815618803986581, 9661734.191581305116415 ], [ 172605.946114228630904, 9661734.061079334467649 ], [ 172605.946094605256803, 9661733.278067514300346 ], [ 172606.076590029872023, 9661733.147565545514226 ], [ 172606.076570406497922, 9661732.364553725346923 ], [ 172606.337544902926311, 9661731.451039936393499 ], [ 172606.33752527955221, 9661730.668028114363551 ], [ 172606.468020704167429, 9661730.537526145577431 ], [ 172606.989920638588956, 9661726.752969015389681 ] ] } },
{ "type": "Feature", "properties": { "id": 86, "pagina": 16, "classe": "Logradouros", "metodo": "EIXO_TRACO", "comp_m": 19.650484204934429, "id_layer": "p16_camadas_logradouros", "doc_fonte": "Resposta SECT_autos.pdf", "doc_pagina": 16, "doc_folha": 109, "doc_escala": "1:2.000", "doc_metodo": "Reconstituição Vetorial Afim", "doc_rms_m": 0.12 }, "geometry": { "type": "LineString", "coordinates": [ [ 172227.501029822247801, 9661779.214758625254035 ], [ 172227.24003243187326, 9661779.21475862339139 ], [ 172226.718021298351232, 9661778.562248768284917 ], [ 172217.191217541694641, 9661762.641008356586099 ] ] } },
{ "type": "Feature", "properties": { "id": 87, "pagina": 16, "classe": "Logradouros", "metodo": "EIXO_TRACO", "comp_m": 0.26100393951685102, "id_layer": "p16_camadas_logradouros", "doc_fonte": "Resposta SECT_autos.pdf", "doc_pagina": 16, "doc_folha": 109, "doc_escala": "1:2.000", "doc_metodo": "Reconstituição Vetorial Afim", "doc_rms_m": 0.12 }, "geometry": { "type": "LineString", "coordinates": [ [ 172644.44315735422424, 9661731.190036233514547 ], [ 172644.443150813109241, 9661730.929032294079661 ] ] } },
{ "type": "Feature", "properties": { "id": 88, "pagina": 16, "classe": "Logradouros", "metodo": "EIXO_TRACO", "comp_m": 41.818926826606578, "id_layer": "p16_camadas_logradouros", "doc_fonte": "Resposta SECT_autos.pdf", "doc_pagina": 16, "doc_folha": 109, "doc_escala": "1:2.000", "doc_metodo": "Reconstituição Vetorial Afim", "doc_rms_m": 0.12 }, "geometry": { "type": "LineString", "coordinates": [ [ 172644.44315735422424, 9661731.190036233514547 ], [ 172646.139643662143499, 9661731.320538215339184 ], [ 172655.013610533904284, 9661733.539071761071682 ], [ 172655.535605314624263, 9661733.539071764796972 ], [ 172657.232101434201468, 9661734.06107965670526 ], [ 172659.97258711521863, 9661734.583087554201484 ], [ 172662.191081286087865, 9661735.235597418621182 ], [ 172662.713076066807844, 9661735.235597422346473 ], [ 172664.409572186385049, 9661735.757605312392116 ], [ 172664.931566967105027, 9661735.757605316117406 ], [ 172666.106065035390202, 9661736.149111233651638 ], [ 172668.846550716407364, 9661736.671119131147861 ], [ 172683.332072680001147, 9661743.32671969756484 ], [ 172684.115064851095667, 9661743.326719703152776 ] ] } },
{ "type": "Feature", "properties": { "id": 89, "pagina": 16, "classe": "Logradouros", "metodo": "EIXO_TRACO", "comp_m": 4.2299663109954109, "id_layer": "p16_camadas_logradouros", "doc_fonte": "Resposta SECT_autos.pdf", "doc_pagina": 16, "doc_folha": 109, "doc_escala": "1:2.000", "doc_metodo": "Reconstituição Vetorial Afim", "doc_rms_m": 0.12 }, "geometry": { "type": "LineString", "coordinates": [ [ 172594.321908860030817, 9661342.16366302035749 ], [ 172593.538919959508348, 9661342.294164987280965 ], [ 172591.320478117646417, 9661343.729686643928289 ], [ 172590.537489217123948, 9661343.86018860898912 ] ] } },
{ "type": "Feature", "properties": { "id": 90, "pagina": 16, "classe": "Logradouros", "metodo": "EIXO_TRACO", "comp_m": 90.736594074818356, "id_layer": "p16_camadas_logradouros", "doc_fonte": "Resposta SECT_autos.pdf", "doc_pagina": 16, "doc_folha": 109, "doc_escala": "1:2.000", "doc_metodo": "Reconstituição Vetorial Afim", "doc_rms_m": 0.12 }, "geometry": { "type": "LineString", "coordinates": [ [ 172274.219562696525827, 9661779.214758917689323 ], [ 172273.95856530618039, 9661779.214758915826678 ], [ 172273.697561374690849, 9661778.953754972666502 ], [ 172271.739989371271804, 9661775.299699798226357 ], [ 172267.433349278871901, 9661767.991589445620775 ], [ 172258.950538354198216, 9661752.200851008296013 ], [ 172249.945768624980701, 9661737.845634240657091 ], [ 172249.293262066843454, 9661737.323626356199384 ], [ 172248.510263354633935, 9661737.062622411176562 ], [ 172246.552786197513342, 9661737.193124368786812 ], [ 172245.117323444457725, 9661738.106638150289655 ], [ 172220.584088770061499, 9661758.8564512450248 ], [ 172217.32170315462281, 9661762.119000475853682 ], [ 172217.191217541694641, 9661762.641008356586099 ] ] } },
{ "type": "Feature", "properties": { "id": 91, "pagina": 16, "classe": "Logradouros", "metodo": "EIXO_TRACO", "comp_m": 43.73181698385924, "id_layer": "p16_camadas_logradouros", "doc_fonte": "Resposta SECT_autos.pdf", "doc_pagina": 16, "doc_folha": 109, "doc_escala": "1:2.000", "doc_metodo": "Reconstituição Vetorial Afim", "doc_rms_m": 0.12 }, "geometry": { "type": "LineString", "coordinates": [ [ 172401.323558403615607, 9661710.048715554177761 ], [ 172401.323535509669455, 9661709.135201763361692 ], [ 172401.193033543939237, 9661709.004699792712927 ], [ 172401.193013920565136, 9661708.221687972545624 ], [ 172401.062511954834918, 9661708.091186 ], [ 172401.062492331460817, 9661707.30817417986691 ], [ 172400.931990365701495, 9661707.177672209218144 ], [ 172399.757282981445314, 9661698.434040203690529 ], [ 172394.536981953569921, 9661684.33982739970088 ], [ 172394.275974751508329, 9661683.948321487754583 ], [ 172394.145459703519009, 9661683.295811636373401 ], [ 172393.884452501486521, 9661682.904305724427104 ], [ 172393.753937453497201, 9661682.251795873045921 ], [ 172393.49293025143561, 9661681.860289961099625 ], [ 172393.36241520344629, 9661681.207780109718442 ], [ 172393.101408001413802, 9661680.816274197772145 ], [ 172392.970892953424482, 9661680.163764346390963 ], [ 172392.709885751391994, 9661679.772258434444666 ], [ 172392.579370703402674, 9661679.119748583063483 ], [ 172392.318363501341082, 9661678.728242671117187 ], [ 172392.187848453351762, 9661678.075732819736004 ], [ 172391.926841251319274, 9661677.684226907789707 ], [ 172391.796326203329954, 9661677.031717056408525 ], [ 172391.535319001268363, 9661676.640211144462228 ], [ 172391.404803953279043, 9661675.987701293081045 ], [ 172391.143796751246555, 9661675.596195381134748 ], [ 172391.013281703257235, 9661674.943685529753566 ], [ 172390.752274501195643, 9661674.552179617807269 ], [ 172390.621759453206323, 9661673.899669766426086 ], [ 172390.360752251173835, 9661673.50816385447979 ], [ 172390.230237203184515, 9661672.855654003098607 ], [ 172389.969230001152027, 9661672.46414809115231 ], [ 172389.838714953162707, 9661671.811638239771128 ], [ 172389.577707751101116, 9661671.420132327824831 ], [ 172389.447192703111796, 9661670.767622476443648 ], [ 172389.186185501079308, 9661670.376116564497352 ], [ 172388.925168487330666, 9661669.593104742467403 ], [ 172388.925148863956565, 9661668.8100929223001 ] ] } },
{ "type": "Feature", "properties": { "id": 92, "pagina": 16, "classe": "Logradouros", "metodo": "EIXO_TRACO", "comp_m": 170.43214765216806, "id_layer": "p16_camadas_logradouros", "doc_fonte": "Resposta SECT_autos.pdf", "doc_pagina": 16, "doc_folha": 109, "doc_escala": "1:2.000", "doc_metodo": "Reconstituição Vetorial Afim", "doc_rms_m": 0.12 }, "geometry": { "type": "LineString", "coordinates": [ [ 172401.323558403615607, 9661710.048715554177761 ], [ 172401.845559725450585, 9661710.309719497337937 ], [ 172402.889549286890542, 9661710.309719504788518 ], [ 172403.02005125262076, 9661710.440221475437284 ], [ 172404.064040814060718, 9661710.440221481025219 ], [ 172404.19454277982004, 9661710.570723451673985 ], [ 172405.238532341259997, 9661710.570723459124565 ], [ 172405.369034306990216, 9661710.701225429773331 ], [ 172406.413023868430173, 9661710.701225437223911 ], [ 172406.543525834160391, 9661710.831727407872677 ], [ 172407.587515395600349, 9661710.831727413460612 ], [ 172407.718017361359671, 9661710.962229384109378 ], [ 172408.762006922770524, 9661710.962229391559958 ], [ 172408.892508888529846, 9661711.092731362208724 ], [ 172409.936498449969804, 9661711.092731369659305 ], [ 172410.067000415700022, 9661711.22323334030807 ], [ 172411.11098997713998, 9661711.223233345896006 ], [ 172411.241491942870198, 9661711.353735316544771 ], [ 172412.285481504310155, 9661711.353735323995352 ], [ 172412.415983470069477, 9661711.484237294644117 ], [ 172413.459973031509435, 9661711.484237302094698 ], [ 172413.590474997239653, 9661711.614739272743464 ], [ 172414.63446455867961, 9661711.614739278331399 ], [ 172414.764966524409829, 9661711.745241248980165 ], [ 172415.808956085849786, 9661711.745241256430745 ], [ 172415.939458051580004, 9661711.875743227079511 ], [ 172416.983447613019962, 9661711.875743234530091 ], [ 172417.113949578779284, 9661712.006245205178857 ], [ 172418.157939140219241, 9661712.006245210766792 ], [ 172418.28844110594946, 9661712.136747181415558 ], [ 172419.332430667389417, 9661712.136747188866138 ], [ 172419.462932633119635, 9661712.267249159514904 ], [ 172420.506922194559593, 9661712.267249166965485 ], [ 172420.637424160318915, 9661712.39775113761425 ], [ 172421.681413721729768, 9661712.397751143202186 ], [ 172421.81191568748909, 9661712.528253113850951 ], [ 172422.855905248929048, 9661712.528253121301532 ], [ 172422.986407214659266, 9661712.658755091950297 ], [ 172424.030396776099224, 9661712.658755099400878 ], [ 172424.160898741829442, 9661712.789257070049644 ], [ 172425.204888303269399, 9661712.789257075637579 ], [ 172425.335390269028721, 9661712.919759046286345 ], [ 172426.379379830468679, 9661712.919759053736925 ], [ 172426.509881796198897, 9661713.050261024385691 ], [ 172427.553871357638855, 9661713.050261029973626 ], [ 172427.684373323369073, 9661713.180763002485037 ], [ 172428.72836288480903, 9661713.180763008072972 ], [ 172430.033356377738528, 9661713.441766956821084 ], [ 172431.207844634336652, 9661713.441766964271665 ], [ 172431.338346600095974, 9661713.57226893492043 ], [ 172432.382336161535932, 9661713.572268942371011 ], [ 172432.51283812726615, 9661713.702770913019776 ], [ 172433.556827688706107, 9661713.702770918607712 ], [ 172433.687329654436326, 9661713.833272889256477 ], [ 172434.731319215876283, 9661713.833272896707058 ], [ 172434.861821181635605, 9661713.963774867355824 ], [ 172435.905810743075563, 9661713.963774874806404 ], [ 172436.036312708805781, 9661714.09427684545517 ], [ 172437.080302270245738, 9661714.094276851043105 ], [ 172437.210804235975957, 9661714.224778821691871 ], [ 172438.254793797415914, 9661714.224778829142451 ], [ 172438.385295763175236, 9661714.355280799791217 ], [ 172439.42928532458609, 9661714.355280807241797 ], [ 172439.559787290345412, 9661714.485782777890563 ], [ 172440.603776851785369, 9661714.485782783478498 ], [ 172440.734278817515587, 9661714.616284754127264 ], [ 172441.778268378955545, 9661714.616284761577845 ], [ 172441.908770344685763, 9661714.74678673222661 ], [ 172442.952759906125721, 9661714.746786737814546 ], [ 172443.083261871885043, 9661714.877288710325956 ], [ 172444.127251433325, 9661714.877288715913892 ], [ 172444.257753399055218, 9661715.007790686562657 ], [ 172445.301742960495176, 9661715.007790694013238 ], [ 172446.60673645339557, 9661715.26879464276135 ], [ 172448.172720795555506, 9661715.268794652074575 ], [ 172448.303222761314828, 9661715.399296622723341 ], [ 172460.700611885607941, 9661715.921304581686854 ], [ 172460.831113851367263, 9661716.05180655233562 ], [ 172463.180090364592616, 9661716.051806567236781 ], [ 172463.310592330322834, 9661716.182308537885547 ], [ 172465.790067538735457, 9661716.182308552786708 ], [ 172465.920569504494779, 9661716.312810523435473 ], [ 172468.530543408065569, 9661716.31281054019928 ], [ 172468.661045373824891, 9661716.443312510848045 ], [ 172481.058434498118004, 9661716.965320469811559 ], [ 172481.188936463877326, 9661717.095822440460324 ], [ 172483.537912977102678, 9661717.095822455361485 ], [ 172483.668414942832896, 9661717.226324426010251 ], [ 172485.625895370525541, 9661717.226324437186122 ], [ 172485.756397336284863, 9661717.356826409697533 ], [ 172487.583379068790236, 9661717.356826420873404 ], [ 172487.713881034549559, 9661717.487328391522169 ], [ 172500.241768854029942, 9661718.009336350485682 ], [ 172500.372270819760161, 9661718.139838321134448 ], [ 172502.982244723360054, 9661718.139838337898254 ], [ 172503.112746689090272, 9661718.27034030854702 ], [ 172505.592221897502895, 9661718.270340323448181 ], [ 172505.722723863262217, 9661718.400842294096947 ], [ 172507.288708205422154, 9661718.400842305272818 ], [ 172507.419210171152372, 9661718.531344275921583 ], [ 172509.898685379564995, 9661718.531344290822744 ], [ 172510.029187345295213, 9661718.66184626147151 ], [ 172514.988141032692511, 9661718.792348263785243 ], [ 172515.118642998422729, 9661718.922850234434009 ], [ 172517.467619511677185, 9661718.92285024933517 ], [ 172517.598121477407403, 9661719.053352219983935 ], [ 172520.077596685820026, 9661719.053352234885097 ], [ 172520.208098651550245, 9661719.183854205533862 ], [ 172522.687573859962868, 9661719.183854222297668 ], [ 172522.81807582572219, 9661719.314356192946434 ], [ 172525.297551034134813, 9661719.314356207847595 ], [ 172525.428052999865031, 9661719.444858178496361 ], [ 172527.907528208277654, 9661719.444858195260167 ], [ 172528.038030174007872, 9661719.575360165908933 ], [ 172530.517505382420495, 9661719.575360180810094 ], [ 172530.648007348179817, 9661719.705862151458859 ], [ 172533.12748255659244, 9661719.705862168222666 ], [ 172533.257984522322658, 9661719.836364138871431 ], [ 172535.737459730735281, 9661719.836364153772593 ], [ 172535.867961696494604, 9661719.966866124421358 ], [ 172538.347436904907227, 9661719.966866139322519 ], [ 172538.477938870637445, 9661720.09736811183393 ], [ 172540.957414079050068, 9661720.097368126735091 ], [ 172541.087916044780286, 9661720.227870097383857 ], [ 172543.567391253192909, 9661720.227870112285018 ], [ 172543.697893218952231, 9661720.358372084796429 ], [ 172546.177368427364854, 9661720.35837209969759 ], [ 172546.307870393095072, 9661720.488874070346355 ], [ 172548.787345601507695, 9661720.488874085247517 ], [ 172548.917847567237914, 9661720.619376057758927 ], [ 172551.397322775650537, 9661720.619376072660089 ], [ 172551.527824741409859, 9661720.749878043308854 ], [ 172554.137798645009752, 9661720.74987806007266 ], [ 172554.268300610739971, 9661720.880380030721426 ], [ 172567.187684515753062, 9661721.402387991547585 ], [ 172568.101181923149852, 9661721.663391938433051 ] ] } },
{ "type": "Feature", "properties": { "id": 93, "pagina": 16, "classe": "Logradouros", "metodo": "EIXO_TRACO", "comp_m": 53.558474970747753, "id_layer": "p16_camadas_logradouros", "doc_fonte": "Resposta SECT_autos.pdf", "doc_pagina": 16, "doc_folha": 109, "doc_escala": "1:2.000", "doc_metodo": "Reconstituição Vetorial Afim", "doc_rms_m": 0.12 }, "geometry": { "type": "LineString", "coordinates": [ [ 172723.657068895059638, 9661779.214761730283499 ], [ 172723.135070843767608, 9661779.084259757772088 ], [ 172722.613066251360578, 9661778.692753843963146 ], [ 172692.336682151682908, 9661751.287339931353927 ], [ 172685.159090388711775, 9661744.762241380289197 ], [ 172684.245576628512936, 9661743.848727583885193 ], [ 172684.115064851095667, 9661743.326719703152776 ] ] } },
{ "type": "Feature", "properties": { "id": 94, "pagina": 16, "classe": "Logradouros", "metodo": "EIXO_TRACO", "comp_m": 8.441435325001736, "id_layer": "p16_camadas_logradouros", "doc_fonte": "Resposta SECT_autos.pdf", "doc_pagina": 16, "doc_folha": 109, "doc_escala": "1:2.000", "doc_metodo": "Reconstituição Vetorial Afim", "doc_rms_m": 0.12 }, "geometry": { "type": "LineString", "coordinates": [ [ 172031.230992272146977, 9661779.214757395908237 ], [ 172030.969994881772436, 9661779.214757394045591 ], [ 172026.663430012296885, 9661774.908192353323102 ], [ 172025.749912981555099, 9661773.864176588132977 ], [ 172025.488899238378508, 9661773.21166673488915 ] ] } },
{ "type": "Feature", "properties": { "id": 95, "pagina": 16, "classe": "Logradouros", "metodo": "EIXO_TRACO", "comp_m": 195.77909533026894, "id_layer": "p16_camadas_logradouros", "doc_fonte": "Resposta SECT_autos.pdf", "doc_pagina": 16, "doc_folha": 109, "doc_escala": "1:2.000", "doc_metodo": "Reconstituição Vetorial Afim", "doc_rms_m": 0.12 }, "geometry": { "type": "LineString", "coordinates": [ [ 172574.885527849924983, 9661658.369936477392912 ], [ 172566.011596954340348, 9661657.586924601346254 ], [ 172565.88109498861013, 9661657.456422628834844 ], [ 172564.445609341637464, 9661657.456422621384263 ], [ 172564.315107375878142, 9661657.325920650735497 ], [ 172563.140619119280018, 9661657.325920643284917 ], [ 172563.010117153520696, 9661657.195418670773506 ], [ 172561.705130201735301, 9661657.195418663322926 ], [ 172561.574628235975979, 9661657.06491669267416 ], [ 172560.400139979377855, 9661657.064916685223579 ], [ 172560.269638013618533, 9661656.934414714574814 ], [ 172559.095149757020408, 9661656.934414707124233 ], [ 172558.964647791261086, 9661656.803912736475468 ], [ 172557.790159534662962, 9661656.803912729024887 ], [ 172557.65965756890364, 9661656.673410758376122 ], [ 172556.485169312305516, 9661656.673410750925541 ], [ 172556.354667346546194, 9661656.54290877841413 ], [ 172555.180179089948069, 9661656.542908772826195 ], [ 172555.049677124188747, 9661656.412406800314784 ], [ 172553.875188867590623, 9661656.412406792864203 ], [ 172553.744686901831301, 9661656.281904822215438 ], [ 172552.570198645233177, 9661656.281904814764857 ], [ 172552.439696679473855, 9661656.151402844116092 ], [ 172551.13470972768846, 9661656.151402836665511 ], [ 172551.004207761958241, 9661656.020900866016746 ], [ 172549.829719505331013, 9661656.020900858566165 ], [ 172549.699217539600795, 9661655.890398887917399 ], [ 172548.524729282973567, 9661655.890398880466819 ], [ 172548.394227317243349, 9661655.759896907955408 ], [ 172547.219739060616121, 9661655.759896902367473 ], [ 172547.089237094885902, 9661655.629394929856062 ], [ 172545.914748838258674, 9661655.629394922405481 ], [ 172545.784246872528456, 9661655.498892951756716 ], [ 172544.609758615901228, 9661655.498892944306135 ], [ 172544.47925665017101, 9661655.36839097365737 ], [ 172541.738780780811794, 9661655.237888986244798 ], [ 172541.608278815081576, 9661655.107387015596032 ], [ 172540.433790558454348, 9661655.107387008145452 ], [ 172540.30328859272413, 9661654.976885037496686 ], [ 172538.998301640938735, 9661654.976885030046105 ], [ 172538.867799675179413, 9661654.846383057534695 ], [ 172537.693311418581288, 9661654.846383051946759 ], [ 172537.562809452821966, 9661654.715881079435349 ], [ 172536.257822501036571, 9661654.715881071984768 ], [ 172536.127320535277249, 9661654.585379101336002 ], [ 172534.822333583491854, 9661654.585379092022777 ], [ 172534.691831617761636, 9661654.454877121374011 ], [ 172533.517343361134408, 9661654.45487711392343 ], [ 172533.38684139540419, 9661654.324375143274665 ], [ 172532.081854443589691, 9661654.324375135824084 ], [ 172531.951352477859473, 9661654.193873165175319 ], [ 172530.776864221232245, 9661654.193873157724738 ], [ 172530.646362255502027, 9661654.063371187075973 ], [ 172529.341375303716632, 9661654.063371177762747 ], [ 172529.21087333795731, 9661653.932869207113981 ], [ 172527.905886386171915, 9661653.932869199663401 ], [ 172527.775384420412593, 9661653.802367229014635 ], [ 172526.600896163814468, 9661653.802367221564054 ], [ 172526.470394198055146, 9661653.671865249052644 ], [ 172525.165407246269751, 9661653.671865241602063 ], [ 172525.034905280539533, 9661653.541363270953298 ], [ 172523.860417023912305, 9661653.541363263502717 ], [ 172523.729915058182087, 9661653.410861292853951 ], [ 172522.424928106367588, 9661653.410861283540726 ], [ 172522.29442614063737, 9661653.28035931289196 ], [ 172520.989439188851975, 9661653.28035930544138 ], [ 172520.858937223092653, 9661653.149857334792614 ], [ 172519.684448966494529, 9661653.149857327342033 ], [ 172519.553947000735207, 9661653.019355356693268 ], [ 172518.248960048949812, 9661653.019355347380042 ], [ 172518.11845808319049, 9661652.888853376731277 ], [ 172516.943969826592365, 9661652.888853369280696 ], [ 172516.813467860833043, 9661652.75835139863193 ], [ 172510.288520019617863, 9661652.23634347692132 ], [ 172509.636020002595615, 9661651.975339533761144 ], [ 172505.590540828648955, 9661651.192327687516809 ], [ 172504.41604276036378, 9661650.800821769982576 ], [ 172500.37056358641712, 9661650.017809923738241 ], [ 172499.196065518102841, 9661649.626304006204009 ], [ 172493.976091546443058, 9661648.582288213074207 ], [ 172492.80159347812878, 9661648.19078229367733 ], [ 172488.75611430418212, 9661647.40777044929564 ], [ 172487.581616235896945, 9661647.016264529898763 ], [ 172482.361642264208058, 9661645.972248736768961 ], [ 172481.187144195893779, 9661645.580742819234729 ], [ 172475.967170224233996, 9661644.536727026104927 ], [ 172474.792672155919718, 9661644.145221108570695 ], [ 172474.270677375199739, 9661644.145221104845405 ], [ 172473.618177358177491, 9661643.884217161685228 ], [ 172473.096182577457512, 9661643.884217157959938 ], [ 172472.443682560435263, 9661643.623213212937117 ], [ 172471.921687779715285, 9661643.623213209211826 ], [ 172471.269187762693036, 9661643.36220926605165 ], [ 172470.747192981973058, 9661643.36220926232636 ], [ 172470.094692964950809, 9661643.101205317303538 ], [ 172469.572698184259934, 9661643.101205315440893 ], [ 172467.223705318203429, 9661642.448695449158549 ], [ 172466.70171053748345, 9661642.448695445433259 ], [ 172466.049210520461202, 9661642.187691502273083 ], [ 172465.527215739741223, 9661642.187691498547792 ], [ 172464.874715722718975, 9661641.926687553524971 ], [ 172464.352720941998996, 9661641.926687551662326 ], [ 172463.700220924976747, 9661641.665683606639504 ], [ 172463.178226144256769, 9661641.665683602914214 ], [ 172462.52572612723452, 9661641.404679659754038 ], [ 172462.003731346514542, 9661641.404679656028748 ], [ 172454.826260594330961, 9661639.708154000341892 ], [ 172453.651782149419887, 9661640.099659902974963 ], [ 172425.986369474732783, 9661652.497346889227629 ], [ 172424.811891029792605, 9661652.888852793723345 ], [ 172409.8047111533524, 9661659.674955144524574 ], [ 172408.630232708441326, 9661660.066461047157645 ], [ 172395.972003180737374, 9661665.808547653257847 ], [ 172388.925148863956565, 9661668.8100929223001 ] ] } },
{ "type": "Feature", "properties": { "id": 96, "pagina": 16, "classe": "Logradouros", "metodo": "EIXO_TRACO", "comp_m": 14.210033023819571, "id_layer": "p16_camadas_logradouros", "doc_fonte": "Resposta SECT_autos.pdf", "doc_pagina": 16, "doc_folha": 109, "doc_escala": "1:2.000", "doc_metodo": "Reconstituição Vetorial Afim", "doc_rms_m": 0.12 }, "geometry": { "type": "LineString", "coordinates": [ [ 172025.485448795487173, 9661635.53208826854825 ], [ 172025.615940949559445, 9661635.271084329113364 ], [ 172026.268427884322591, 9661635.010080393403769 ], [ 172027.573408294992987, 9661634.749076461419463 ], [ 172028.486889349558624, 9661634.357570556923747 ], [ 172029.791869760229019, 9661634.096566624939442 ], [ 172030.70535081482376, 9661633.705060720443726 ], [ 172031.096846900356468, 9661633.705060722306371 ], [ 172038.926709741004743, 9661631.35602530837059 ] ] } },
{ "type": "Feature", "properties": { "id": 97, "pagina": 16, "classe": "Logradouros", "metodo": "EIXO_TRACO", "comp_m": 66.119510694668563, "id_layer": "p16_camadas_logradouros", "doc_fonte": "Resposta SECT_autos.pdf", "doc_pagina": 16, "doc_folha": 109, "doc_escala": "1:2.000", "doc_metodo": "Reconstituição Vetorial Afim", "doc_rms_m": 0.12 }, "geometry": { "type": "LineString", "coordinates": [ [ 172644.443150813109241, 9661730.929032294079661 ], [ 172644.834535699541448, 9661726.491965312510729 ], [ 172644.965031124156667, 9661726.361463343724608 ], [ 172645.225927127088653, 9661722.315902270376682 ], [ 172645.356422551703872, 9661722.185400301590562 ], [ 172645.617318554664962, 9661718.139839230105281 ], [ 172645.87829959220835, 9661717.487329380586743 ], [ 172645.878250533773098, 9661715.529799830168486 ], [ 172646.008745958388317, 9661715.39929785951972 ], [ 172646.008713252755115, 9661714.09427815862 ], [ 172646.139208677399438, 9661713.963776189833879 ], [ 172646.139179242338287, 9661712.789258459582925 ], [ 172646.269674666953506, 9661712.658756488934159 ], [ 172646.269645231892355, 9661711.484238758683205 ], [ 172646.400140656507574, 9661711.353736789897084 ], [ 172646.400111221446423, 9661710.179219057783484 ], [ 172646.530606646061642, 9661710.048717088997364 ], [ 172646.530577211000491, 9661708.874199358746409 ], [ 172646.66107263561571, 9661708.743697388097644 ], [ 172646.661043200554559, 9661707.569179657846689 ], [ 172646.791538625198882, 9661707.438677689060569 ], [ 172646.791509190137731, 9661706.264159956946969 ], [ 172646.92200461475295, 9661706.133657988160849 ], [ 172646.921975179691799, 9661704.959140257909894 ], [ 172647.052470604307018, 9661704.828638287261128 ], [ 172647.052441169245867, 9661703.654120557010174 ], [ 172647.182936593861086, 9661703.523618588224053 ], [ 172647.182907158799935, 9661702.349100856110454 ], [ 172647.313402583415154, 9661702.218598887324333 ], [ 172647.313369877811056, 9661700.913579186424613 ], [ 172647.443865302426275, 9661700.783077217638493 ], [ 172647.574301856919192, 9661698.303539786487818 ], [ 172647.965752154588699, 9661696.476512206718326 ], [ 172647.965716178412549, 9661695.04099053516984 ], [ 172648.096211603027768, 9661694.910488566383719 ], [ 172648.096182167966617, 9661693.73597083427012 ], [ 172648.226677592581837, 9661693.605468865483999 ], [ 172648.226648157520685, 9661692.430951135233045 ], [ 172648.357143582165008, 9661692.300449164584279 ], [ 172648.357114147103857, 9661691.125931434333324 ], [ 172648.487609571719076, 9661690.995429465547204 ], [ 172648.487580136657925, 9661689.820911733433604 ], [ 172648.618075561273145, 9661689.690409764647484 ], [ 172648.618046126211993, 9661688.515892034396529 ], [ 172648.748541550827213, 9661688.385390063747764 ], [ 172648.748512115766061, 9661687.210872333496809 ], [ 172648.879007540381281, 9661687.080370364710689 ], [ 172649.139906813885318, 9661683.165311262011528 ], [ 172649.270402238500537, 9661683.034809293225408 ], [ 172649.270372803439386, 9661681.860291562974453 ], [ 172649.400868228054605, 9661681.729789592325687 ], [ 172649.400838793022558, 9661680.555271862074733 ], [ 172649.531334217637777, 9661680.424769893288612 ], [ 172649.531304782576626, 9661679.250252161175013 ], [ 172649.661800207191845, 9661679.119750192388892 ], [ 172649.661770772130694, 9661677.945232462137938 ], [ 172649.792266196745913, 9661677.814730491489172 ], [ 172649.792236761684762, 9661676.640212761238217 ], [ 172649.922732186299982, 9661676.509710792452097 ], [ 172649.92270275123883, 9661675.335193060338497 ], [ 172650.05319817585405, 9661675.204691091552377 ], [ 172650.053168740822002, 9661674.030173361301422 ], [ 172650.183664165437222, 9661673.899671390652657 ], [ 172650.18363473037607, 9661672.725153660401702 ], [ 172650.31413015499129, 9661672.594651691615582 ], [ 172650.835974489862565, 9661666.591561069712043 ] ] } },
{ "type": "Feature", "properties": { "id": 98, "pagina": 16, "classe": "Logradouros", "metodo": "EIXO_TRACO", "comp_m": 38.074130479454006, "id_layer": "p16_camadas_logradouros", "doc_fonte": "Resposta SECT_autos.pdf", "doc_pagina": 16, "doc_folha": 109, "doc_escala": "1:2.000", "doc_metodo": "Reconstituição Vetorial Afim", "doc_rms_m": 0.12 }, "geometry": { "type": "LineString", "coordinates": [ [ 172644.443150813109241, 9661730.929032294079661 ], [ 172642.746667775762035, 9661730.92903228290379 ], [ 172641.572172978019807, 9661730.668028336018324 ], [ 172639.353691889409674, 9661730.537526352331042 ], [ 172638.179197091667447, 9661730.276522403582931 ], [ 172635.960716003057314, 9661730.146020419895649 ], [ 172634.786221205315087, 9661729.885016473010182 ], [ 172632.567740116704954, 9661729.754514487460256 ], [ 172631.393245318962727, 9661729.493510540574789 ], [ 172629.174764230352594, 9661729.363008556887507 ], [ 172628.000269432610366, 9661729.102004610002041 ], [ 172625.781788344000233, 9661728.971502624452114 ], [ 172624.607293546258006, 9661728.710498677566648 ], [ 172623.563303984818049, 9661728.710498670116067 ], [ 172623.432802019087831, 9661728.579996699467301 ], [ 172622.388812457647873, 9661728.579996693879366 ], [ 172622.258310491888551, 9661728.4494947232306 ], [ 172621.214320930477697, 9661728.44949471578002 ], [ 172620.03982613273547, 9661728.188490768894553 ], [ 172618.995836571295513, 9661728.188490761443973 ], [ 172618.865334605536191, 9661728.057988790795207 ], [ 172617.821345044096233, 9661728.057988785207272 ], [ 172616.646850246354006, 9661727.79698483645916 ], [ 172615.602860684943153, 9661727.796984830871224 ], [ 172615.472358719183831, 9661727.666482860222459 ], [ 172614.428369157743873, 9661727.666482852771878 ], [ 172613.253874360001646, 9661727.405478905886412 ], [ 172612.209884798590792, 9661727.405478898435831 ], [ 172612.07938283283147, 9661727.274976927787066 ], [ 172611.035393271391513, 9661727.27497692219913 ], [ 172610.904891305661295, 9661727.144474949687719 ], [ 172606.989920638588956, 9661726.752969015389681 ] ] } },
{ "type": "Feature", "properties": { "id": 99, "pagina": 16, "classe": "Logradouros", "metodo": "EIXO_TRACO", "comp_m": 66.066362528663205, "id_layer": "p16_camadas_logradouros", "doc_fonte": "Resposta SECT_autos.pdf", "doc_pagina": 16, "doc_folha": 109, "doc_escala": "1:2.000", "doc_metodo": "Reconstituição Vetorial Afim", "doc_rms_m": 0.12 }, "geometry": { "type": "LineString", "coordinates": [ [ 172612.07775736352778, 9661662.415497783571482 ], [ 172612.077793339703931, 9661663.851019455119967 ], [ 172611.947297915088711, 9661663.981521423906088 ], [ 172611.947333891264861, 9661665.417043095454574 ], [ 172611.816838466649642, 9661665.547545064240694 ], [ 172611.816877713397844, 9661667.1135687045753 ], [ 172611.686382288782625, 9661667.244070675224066 ], [ 172611.686418264958775, 9661668.679592346772552 ], [ 172611.555922840343555, 9661668.810094315558672 ], [ 172611.555962087091757, 9661670.376117955893278 ], [ 172611.425466662476538, 9661670.506619926542044 ], [ 172611.425502638652688, 9661671.942141596227884 ], [ 172611.295007214037469, 9661672.07264356687665 ], [ 172611.29504646078567, 9661673.638667207211256 ], [ 172611.164551036170451, 9661673.769169177860022 ], [ 172611.164587012346601, 9661675.204690847545862 ], [ 172611.034091587731382, 9661675.335192818194628 ], [ 172611.034130834479583, 9661676.901216458529234 ], [ 172610.903635409864364, 9661677.031718427315354 ], [ 172610.903671386040514, 9661678.46724009886384 ], [ 172610.773175961425295, 9661678.597742069512606 ], [ 172610.773215208173497, 9661680.163765709847212 ], [ 172610.642719783558277, 9661680.294267678633332 ], [ 172610.642755759734428, 9661681.729789350181818 ], [ 172610.512260335119208, 9661681.860291318967938 ], [ 172610.51229958186741, 9661683.42631496116519 ], [ 172610.381804157252191, 9661683.55681692995131 ], [ 172610.381840133428341, 9661684.992338601499796 ], [ 172610.251344708813122, 9661685.122840570285916 ], [ 172610.251383955532219, 9661686.688864212483168 ], [ 172610.120888530917, 9661686.819366181269288 ], [ 172610.120924507122254, 9661688.254887852817774 ], [ 172609.990429082507035, 9661688.385389821603894 ], [ 172609.990468329226132, 9661689.951413463801146 ], [ 172609.859972904610913, 9661690.081915432587266 ], [ 172609.860008880787063, 9661691.517437104135752 ], [ 172609.729513456171844, 9661691.647939072921872 ], [ 172609.729552702920046, 9661693.213962715119123 ], [ 172609.599057278304826, 9661693.344464683905244 ], [ 172609.599093254480977, 9661694.77998635545373 ], [ 172609.468597829865757, 9661694.91048832423985 ], [ 172609.468637076613959, 9661696.476511966437101 ], [ 172609.33814165199874, 9661696.607013935223222 ], [ 172609.33817762817489, 9661698.042535606771708 ], [ 172609.207682203559671, 9661698.173037575557828 ], [ 172609.207721450307872, 9661699.739061215892434 ], [ 172609.077226025692653, 9661699.8695631865412 ], [ 172609.077262001868803, 9661701.305084858089685 ], [ 172608.946766577253584, 9661701.435586826875806 ], [ 172608.946805824001785, 9661703.001610467210412 ], [ 172608.816310399386566, 9661703.132112437859178 ], [ 172608.816346375562716, 9661704.567634107545018 ], [ 172608.685850950947497, 9661704.698136078193784 ], [ 172608.685890197695699, 9661706.26415971852839 ], [ 172608.555394773080479, 9661706.39466168731451 ], [ 172608.424974571389612, 9661709.526708969846368 ], [ 172608.294479146774393, 9661709.657210938632488 ], [ 172608.294515122950543, 9661711.092732610180974 ], [ 172608.164019698335323, 9661711.223234578967094 ], [ 172608.164058945054421, 9661712.789258221164346 ], [ 172608.033563520439202, 9661712.919760189950466 ], [ 172608.033599496644456, 9661714.355281861498952 ], [ 172607.903104072000133, 9661714.485783830285072 ], [ 172607.903143318748334, 9661716.051807472482324 ], [ 172607.772647894133115, 9661716.182309441268444 ], [ 172607.772687140881317, 9661717.748333083465695 ], [ 172607.642191716266098, 9661717.878835052251816 ], [ 172607.642227692442248, 9661719.314356723800302 ], [ 172607.511732267827028, 9661719.444858692586422 ], [ 172606.989917368016904, 9661726.622467044740915 ] ] } },
{ "type": "Feature", "properties": { "id": 100, "pagina": 16, "classe": "Logradouros", "metodo": "EIXO_TRACO", "comp_m": 39.695658275333564, "id_layer": "p16_camadas_logradouros", "doc_fonte": "Resposta SECT_autos.pdf", "doc_pagina": 16, "doc_folha": 109, "doc_escala": "1:2.000", "doc_metodo": "Reconstituição Vetorial Afim", "doc_rms_m": 0.12 }, "geometry": { "type": "LineString", "coordinates": [ [ 172612.07775736352778, 9661662.415497783571482 ], [ 172615.731727369682631, 9661662.676501745358109 ], [ 172615.862229335412849, 9661662.80700371786952 ], [ 172620.560192173579708, 9661663.198509657755494 ], [ 172620.690694139309926, 9661663.32901162840426 ], [ 172621.734683700749883, 9661663.329011633992195 ], [ 172621.865185666509205, 9661663.459513604640961 ], [ 172622.909175227949163, 9661663.459513612091541 ], [ 172624.214168720849557, 9661663.720517560839653 ], [ 172625.388656977476785, 9661663.720517568290234 ], [ 172625.519158943207003, 9661663.851019538938999 ], [ 172626.563148504646961, 9661663.851019544526935 ], [ 172626.693650470377179, 9661663.9815215151757 ], [ 172627.737640031817136, 9661663.981521522626281 ], [ 172627.868141997576458, 9661664.112023493275046 ], [ 172628.912131559016416, 9661664.112023500725627 ], [ 172630.21712505191681, 9661664.373027447611094 ], [ 172631.391613308544038, 9661664.373027455061674 ], [ 172631.522115274274256, 9661664.50352942571044 ], [ 172632.566104835714214, 9661664.50352943316102 ], [ 172632.696606801473536, 9661664.634031403809786 ], [ 172633.740596362913493, 9661664.634031411260366 ], [ 172635.045589855813887, 9661664.895035358145833 ], [ 172636.220078112441115, 9661664.895035365596414 ], [ 172636.350580078171333, 9661665.025537338107824 ], [ 172637.394569639611291, 9661665.02553734369576 ], [ 172637.525071605341509, 9661665.156039314344525 ], [ 172638.569061166781466, 9661665.156039321795106 ], [ 172639.874054659710964, 9661665.417043270543218 ], [ 172641.048542916338192, 9661665.417043276131153 ], [ 172641.179044882068411, 9661665.547545248642564 ], [ 172642.223034443508368, 9661665.547545254230499 ], [ 172642.353536409238586, 9661665.678047224879265 ], [ 172643.397525970678544, 9661665.678047232329845 ], [ 172644.702519463608041, 9661665.939051181077957 ], [ 172645.87700772023527, 9661665.939051188528538 ], [ 172646.007509685965488, 9661666.069553159177303 ], [ 172647.051499247405445, 9661666.069553164765239 ], [ 172647.182001213135663, 9661666.200055135414004 ], [ 172648.225990774575621, 9661666.200055142864585 ], [ 172649.530984267505119, 9661666.461059091612697 ], [ 172650.835971219290514, 9661666.461059099063277 ] ] } },
{ "type": "Feature", "properties": { "id": 101, "pagina": 16, "classe": "Logradouros", "metodo": "EIXO_TRACO", "comp_m": 81.617094381236612, "id_layer": "p16_camadas_logradouros", "doc_fonte": "Resposta SECT_autos.pdf", "doc_pagina": 16, "doc_folha": 109, "doc_escala": "1:2.000", "doc_metodo": "Reconstituição Vetorial Afim", "doc_rms_m": 0.12 }, "geometry": { "type": "LineString", "coordinates": [ [ 172671.713803381397156, 9661588.290379133075476 ], [ 172671.713819734228309, 9661588.942888984456658 ], [ 172668.973513934091898, 9661595.598489442840219 ], [ 172668.060095020220615, 9661598.469532780349255 ], [ 172667.277145366446348, 9661600.166058385744691 ], [ 172667.146663024061127, 9661600.818568235263228 ], [ 172663.88439841940999, 9661608.909690361469984 ], [ 172663.753916077053873, 9661609.562200210988522 ], [ 172662.709985385736218, 9661611.911235667765141 ], [ 172661.666071047220612, 9661614.912780974060297 ], [ 172654.88056734148995, 9661632.008539015427232 ], [ 172650.835971219290514, 9661666.461059099063277 ] ] } }
]
}
