{
"type": "FeatureCollection",
"name": "p16_camadas_logradouros",
"crs": { "type": "name", "properties": { "name": "urn:ogc:def:crs:OGC:1.3:CRS84" } },
"features": [
{ "type": "Feature", "properties": { "id": 1, "pagina": 16, "classe": "Logradouros", "metodo": "EIXO_TRACO", "comp_m": 86.052199958519566, "id_layer": "p16_camadas_logradouros", "doc_fonte": "Resposta SECT_autos.pdf", "doc_pagina": 16, "doc_folha": 109, "doc_escala": "1:2.000", "doc_metodo": "Reconstituição Vetorial Afim", "doc_rms_m": 0.12 }, "geometry": { "type": "LineString", "coordinates": [ [ -59.950103703276312, -3.057367672371765 ], [ -59.950106068500901, -3.057374740389701 ], [ -59.950106097780555, -3.057385352139131 ], [ -59.950107273886303, -3.057386527981534 ], [ -59.950109723697643, -3.05742425216433 ], [ -59.950110899803484, -3.057425428006683 ], [ -59.950116969029757, -3.057499694047331 ], [ -59.950118145135768, -3.057500869889585 ], [ -59.950118174416744, -3.057511481638892 ], [ -59.950119350522762, -3.057512657481132 ], [ -59.950121800339033, -3.057550381663116 ], [ -59.950122976445144, -3.057551557505322 ], [ -59.950125423009396, -3.057588102603832 ], [ -59.950126599115578, -3.057589278445974 ], [ -59.950126628397484, -3.057599890195164 ], [ -59.950127804503701, -3.057601066037291 ], [ -59.95012783703929, -3.057612856869715 ], [ -59.950129013145528, -3.057614032711824 ], [ -59.950129045681265, -3.057625823544249 ], [ -59.950130221787539, -3.057626999386342 ], [ -59.950133876997334, -3.057676511158774 ], [ -59.950135053103708, -3.057677687000801 ], [ -59.950135082386531, -3.057688298749894 ], [ -59.95013625849294, -3.057689474591922 ], [ -59.950138708316125, -3.057727198772794 ], [ -59.950139884422619, -3.057728374614756 ], [ -59.950142330993572, -3.057764919712174 ], [ -59.950143507100151, -3.057766095554086 ], [ -59.950143536383898, -3.057776707303096 ], [ -59.950144712490491, -3.057777883144995 ], [ -59.950150784998129, -3.057853328264045 ], [ -59.950151961104886, -3.057854504105845 ], [ -59.950151990389564, -3.05786511585474 ], [ -59.950153166496342, -3.057866291696523 ], [ -59.950159239010993, -3.057941736814358 ], [ -59.950160415117942, -3.057942912656043 ], [ -59.950160444403529, -3.057953524404857 ], [ -59.950161620510507, -3.057954700246527 ], [ -59.950167693032149, -3.058030145363126 ], [ -59.95016886913929, -3.058031321204716 ], [ -59.950168898425808, -3.058041932953413 ], [ -59.950170074532977, -3.05804310879497 ], [ -59.950172524369989, -3.05808083297363 ], [ -59.950178466734776, -3.05810911476151 ], [ -59.950178531817919, -3.05813269642505 ] ] } },
{ "type": "Feature", "properties": { "id": 2, "pagina": 16, "classe": "Logradouros", "metodo": "EIXO_TRACO", "comp_m": 1.7269348890778919, "id_layer": "p16_camadas_logradouros", "doc_fonte": "Resposta SECT_autos.pdf", "doc_pagina": 16, "doc_folha": 109, "doc_escala": "1:2.000", "doc_metodo": "Reconstituição Vetorial Afim", "doc_rms_m": 0.12 }, "geometry": { "type": "LineString", "coordinates": [ [ -59.943469302199524, -3.060528283610768 ], [ -59.943466966221806, -3.060531827355424 ], [ -59.943461108405941, -3.060534201720488 ], [ -59.943457599565264, -3.060537748702054 ] ] } },
{ "type": "Feature", "properties": { "id": 3, "pagina": 16, "classe": "Logradouros", "metodo": "EIXO_TRACO", "comp_m": 128.15465262181849, "id_layer": "p16_camadas_logradouros", "doc_fonte": "Resposta SECT_autos.pdf", "doc_pagina": 16, "doc_folha": 109, "doc_escala": "1:2.000", "doc_metodo": "Reconstituição Vetorial Afim", "doc_rms_m": 0.12 }, "geometry": { "type": "LineString", "coordinates": [ [ -59.948499079806268, -3.056888676558101 ], [ -59.948521354271669, -3.056885077770027 ], [ -59.948550656104644, -3.056877922295096 ], [ -59.948557693225929, -3.056877902863342 ], [ -59.94861396093448, -3.056867135643872 ], [ -59.948632710334188, -3.056861188400579 ], [ -59.948645605219731, -3.056858794605215 ], [ -59.948650290131134, -3.05685642348071 ], [ -59.948658496853909, -3.056855221724899 ], [ -59.94866318176522, -3.056852850600399 ], [ -59.948676076650251, -3.056850456804811 ], [ -59.948680761561448, -3.05684808568029 ], [ -59.948688968283911, -3.05684688392434 ], [ -59.948693653195001, -3.056844512799789 ], [ -59.948701859917321, -3.056843311043796 ], [ -59.94870654482834, -3.05684093991923 ], [ -59.948719439712661, -3.05683854612335 ], [ -59.948724124623539, -3.056836174998781 ], [ -59.948741707669555, -3.05683258916292 ], [ -59.948754596050826, -3.056827837197343 ], [ -59.948776867257919, -3.056823059321289 ], [ -59.948789755638558, -3.056818307355548 ], [ -59.948810853991425, -3.05681353271793 ], [ -59.94881553890167, -3.056811161593243 ], [ -59.948853044192823, -3.056801625272734 ], [ -59.948939763791657, -3.056775445733136 ], [ -59.948960862140346, -3.056770671094009 ], [ -59.948965547049532, -3.056768299969163 ], [ -59.948969065608502, -3.056768290252291 ], [ -59.948973750517624, -3.056765919127437 ], [ -59.948977269076565, -3.056765909410529 ], [ -59.948981953985623, -3.056763538285684 ], [ -59.948985472544528, -3.056763528568756 ], [ -59.948990157453537, -3.056761157443884 ], [ -59.948993676012421, -3.056761147726954 ], [ -59.948998360921365, -3.056758776602075 ], [ -59.949108524553068, -3.056727815938716 ], [ -59.949116724768047, -3.056724256012149 ], [ -59.94916126065732, -3.056712342083292 ], [ -59.949169460871659, -3.056708782156603 ], [ -59.94917297942979, -3.056708772439249 ], [ -59.949177664337469, -3.056706401314184 ], [ -59.949181182895565, -3.056706391596793 ], [ -59.94918586780318, -3.056704020471737 ], [ -59.949189386361248, -3.056704010754327 ], [ -59.94919407126882, -3.056701639629246 ], [ -59.949197589826845, -3.056701629911817 ], [ -59.949202274734354, -3.056699258786743 ], [ -59.949205793292343, -3.056699249069295 ], [ -59.949210478199788, -3.056696877944196 ], [ -59.949213996757749, -3.056696868226745 ], [ -59.949218681665144, -3.056694497101638 ], [ -59.949222200223069, -3.05669448738415 ], [ -59.949226885130393, -3.056692116259052 ], [ -59.949230403688297, -3.056692106541544 ], [ -59.949235088595564, -3.05668973541642 ], [ -59.949238607153426, -3.056689725698911 ], [ -59.949243292060636, -3.056687354573778 ], [ -59.949246810618462, -3.056687344856232 ], [ -59.949251495525623, -3.056684973731107 ], [ -59.949255014083413, -3.056684964013543 ], [ -59.94925969899051, -3.056682592888393 ], [ -59.949369862583026, -3.056651632212867 ], [ -59.949413219101203, -3.056637363350336 ], [ -59.949416737658332, -3.05663735363239 ], [ -59.949421422564285, -3.056634982507076 ], [ -59.94953158613253, -3.056604021824066 ], [ -59.94953978634242, -3.056600461896513 ], [ -59.949584322206199, -3.056588547959501 ], [ -59.949592522415472, -3.056584988031825 ], [ -59.949599556276318, -3.056583789511238 ], [ -59.949603068328869, -3.056581421625205 ] ] } },
{ "type": "Feature", "properties": { "id": 4, "pagina": 16, "classe": "Logradouros", "metodo": "EIXO_TRACO", "comp_m": 13.597404696043412, "id_layer": "p16_camadas_logradouros", "doc_fonte": "Resposta SECT_autos.pdf", "doc_pagina": 16, "doc_folha": 109, "doc_escala": "1:2.000", "doc_metodo": "Reconstituição Vetorial Afim", "doc_rms_m": 0.12 }, "geometry": { "type": "LineString", "coordinates": [ [ -59.950178531817919, -3.05813269642505 ], [ -59.950189084242368, -3.05813148816623 ], [ -59.950269936260604, -3.058104145571889 ], [ -59.950273448311293, -3.058101777680317 ], [ -59.950289855236875, -3.058097015962675 ], [ -59.9502933640332, -3.058093468988042 ] ] } },
{ "type": "Feature", "properties": { "id": 5, "pagina": 16, "classe": "Logradouros", "metodo": "EIXO_TRACO", "comp_m": 27.72441793155572, "id_layer": "p16_camadas_logradouros", "doc_fonte": "Resposta SECT_autos.pdf", "doc_pagina": 16, "doc_folha": 109, "doc_escala": "1:2.000", "doc_metodo": "Reconstituição Vetorial Afim", "doc_rms_m": 0.12 }, "geometry": { "type": "LineString", "coordinates": [ [ -59.950178531817919, -3.05813269642505 ], [ -59.950176212144925, -3.058142135573956 ], [ -59.950176244686759, -3.058153926405745 ], [ -59.950175075087735, -3.058155108730675 ], [ -59.950175104375489, -3.058165720479305 ], [ -59.950173934776451, -3.058166902804247 ], [ -59.9501716866965, -3.05820228178328 ], [ -59.950170517097476, -3.05820346410826 ], [ -59.950170546385642, -3.058214075856908 ], [ -59.950169376786604, -3.058215258181917 ], [ -59.950168269018477, -3.058238843087433 ], [ -59.950167099419446, -3.058240025412468 ], [ -59.950167128707925, -3.05825063716114 ], [ -59.950165959108872, -3.058251819486171 ], [ -59.950164851341398, -3.058275404391795 ], [ -59.950163681742346, -3.058276586716851 ], [ -59.950163711031145, -3.058287198465566 ], [ -59.9501625414321, -3.058288380790634 ], [ -59.950161433665286, -3.05831196569635 ], [ -59.95016026406622, -3.058313148021444 ], [ -59.950160293355339, -3.058323759770168 ], [ -59.950159123756265, -3.05832494209529 ], [ -59.950159153045483, -3.058335553844023 ], [ -59.950157983446424, -3.058336736169141 ], [ -59.950158015990112, -3.058348527001082 ], [ -59.950156846391039, -3.05834970932623 ], [ -59.950154575535045, -3.058376834723644 ] ] } },
{ "type": "Feature", "properties": { "id": 6, "pagina": 16, "classe": "Logradouros", "metodo": "EIXO_TRACO", "comp_m": 56.356529659035921, "id_layer": "p16_camadas_logradouros", "doc_fonte": "Resposta SECT_autos.pdf", "doc_pagina": 16, "doc_folha": 109, "doc_escala": "1:2.000", "doc_metodo": "Reconstituição Vetorial Afim", "doc_rms_m": 0.12 }, "geometry": { "type": "LineString", "coordinates": [ [ -59.947895334934628, -3.060816728455223 ], [ -59.947891809850042, -3.060814380010318 ], [ -59.947887092379965, -3.060804960294038 ], [ -59.947887085870981, -3.060802602122917 ], [ -59.947849336352654, -3.060723707132158 ], [ -59.947849329843947, -3.060721348960954 ], [ -59.947842256895299, -3.060708398470675 ], [ -59.947828091473085, -3.060675422975718 ], [ -59.947819839158427, -3.060660117555308 ], [ -59.947805673738678, -3.060627142058742 ], [ -59.947797421425193, -3.06061183663746 ], [ -59.94779741491682, -3.06060947846614 ], [ -59.94777500369559, -3.060563555717167 ], [ -59.947774997187373, -3.06056119754578 ], [ -59.947767924242051, -3.060548247053101 ], [ -59.947753758828, -3.060515271552811 ], [ -59.947686512179516, -3.060372786941544 ], [ -59.947680605588779, -3.060357475033048 ] ] } },
{ "type": "Feature", "properties": { "id": 7, "pagina": 16, "classe": "Logradouros", "metodo": "EIXO_TRACO", "comp_m": 57.374337492695176, "id_layer": "p16_camadas_logradouros", "doc_fonte": "Resposta SECT_autos.pdf", "doc_pagina": 16, "doc_folha": 109, "doc_escala": "1:2.000", "doc_metodo": "Reconstituição Vetorial Afim", "doc_rms_m": 0.12 }, "geometry": { "type": "LineString", "coordinates": [ [ -59.946642371839481, -3.060268374343249 ], [ -59.946648219872941, -3.060262462708178 ], [ -59.947077914221801, -3.059991262705448 ] ] } },
{ "type": "Feature", "properties": { "id": 8, "pagina": 16, "classe": "Logradouros", "metodo": "EIXO_TRACO", "comp_m": 8.7440332975851565, "id_layer": "p16_camadas_logradouros", "doc_fonte": "Resposta SECT_autos.pdf", "doc_pagina": 16, "doc_folha": 109, "doc_escala": "1:2.000", "doc_metodo": "Reconstituição Vetorial Afim", "doc_rms_m": 0.12 }, "geometry": { "type": "LineString", "coordinates": [ [ -59.949514859253206, -3.060742683987016 ], [ -59.949518387592015, -3.060746211507166 ], [ -59.949526643176256, -3.060762695974104 ], [ -59.949534908529735, -3.06078271769216 ], [ -59.94954434022798, -3.060800377998375 ], [ -59.949547888104988, -3.060810980020907 ], [ -59.949550237074831, -3.060812152616926 ] ] } },
{ "type": "Feature", "properties": { "id": 9, "pagina": 16, "classe": "Logradouros", "metodo": "EIXO_TRACO", "comp_m": 11.669440653581697, "id_layer": "p16_camadas_logradouros", "doc_fonte": "Resposta SECT_autos.pdf", "doc_pagina": 16, "doc_folha": 109, "doc_escala": "1:2.000", "doc_metodo": "Reconstituição Vetorial Afim", "doc_rms_m": 0.12 }, "geometry": { "type": "LineString", "coordinates": [ [ -59.944551986281105, -3.058871020386018 ], [ -59.944542587157436, -3.058865150830804 ], [ -59.944477920671986, -3.058807553453712 ], [ -59.944470877014865, -3.058805214692312 ] ] } },
{ "type": "Feature", "properties": { "id": 10, "pagina": 16, "classe": "Logradouros", "metodo": "EIXO_TRACO", "comp_m": 89.730940587192265, "id_layer": "p16_camadas_logradouros", "doc_fonte": "Resposta SECT_autos.pdf", "doc_pagina": 16, "doc_folha": 109, "doc_escala": "1:2.000", "doc_metodo": "Reconstituição Vetorial Afim", "doc_rms_m": 0.12 }, "geometry": { "type": "LineString", "coordinates": [ [ -59.948486455474189, -3.060815094289402 ], [ -59.94843454049677, -3.06070322389455 ], [ -59.948434533986813, -3.060700865724577 ], [ -59.94842746103523, -3.060687915244906 ], [ -59.948421554431867, -3.060672603352515 ], [ -59.948414481480867, -3.060659652872421 ], [ -59.948414474971045, -3.060657294702402 ], [ -59.948407402020365, -3.060644344222077 ], [ -59.948401495418018, -3.060629032329054 ], [ -59.948394422467921, -3.060616081848305 ], [ -59.948388515866235, -3.06060076995489 ], [ -59.948381442916727, -3.0605878194737 ], [ -59.948375536315687, -3.060572507579876 ], [ -59.948368463366762, -3.060559557098261 ], [ -59.948362556766384, -3.060544245204029 ], [ -59.948348404360615, -3.060515986069587 ], [ -59.948342497761253, -3.060500674174723 ], [ -59.94833542481382, -3.060487723692046 ], [ -59.948329518215111, -3.060472411796755 ], [ -59.948322445268261, -3.060459461313654 ], [ -59.948316538670213, -3.060444149417956 ], [ -59.9483023862689, -3.06041589028042 ], [ -59.948284679496702, -3.060374670931446 ], [ -59.948276427185363, -3.060359365518566 ], [ -59.948276420676471, -3.060357007348257 ], [ -59.94826934773203, -3.060344056863406 ], [ -59.948269341223188, -3.06034169869308 ], [ -59.948262268279045, -3.060328748207998 ], [ -59.94826226177026, -3.060326390037656 ], [ -59.948255188826444, -3.06031343955236 ], [ -59.948255182317695, -3.060311081381986 ], [ -59.948248109374205, -3.06029813089646 ], [ -59.948248102865506, -3.060295772726071 ], [ -59.948241029922329, -3.060282822240312 ], [ -59.948241023413679, -3.060280464069907 ], [ -59.948233950470815, -3.060267513583919 ], [ -59.948233943962215, -3.060265155413515 ], [ -59.948226871019664, -3.060252204927278 ], [ -59.948226864511113, -3.06024984675686 ], [ -59.948219791568881, -3.060236896270392 ], [ -59.948219785060388, -3.060234538099957 ], [ -59.94820445330248, -3.060203924027181 ], [ -59.948204446794087, -3.060201565856695 ], [ -59.948148993827175, -3.060082630602702 ] ] } },
{ "type": "Feature", "properties": { "id": 11, "pagina": 16, "classe": "Logradouros", "metodo": "EIXO_TRACO", "comp_m": 15.379134355130789, "id_layer": "p16_camadas_logradouros", "doc_fonte": "Resposta SECT_autos.pdf", "doc_pagina": 16, "doc_folha": 109, "doc_escala": "1:2.000", "doc_metodo": "Reconstituição Vetorial Afim", "doc_rms_m": 0.12 }, "geometry": { "type": "LineString", "coordinates": [ [ -59.944376772091324, -3.058705250987698 ], [ -59.944377957945044, -3.058709964109127 ], [ -59.944470870517577, -3.058802856513817 ], [ -59.944470877014865, -3.058805214692312 ] ] } },
{ "type": "Feature", "properties": { "id": 12, "pagina": 16, "classe": "Logradouros", "metodo": "EIXO_TRACO", "comp_m": 42.692591056423169, "id_layer": "p16_camadas_logradouros", "doc_fonte": "Resposta SECT_autos.pdf", "doc_pagina": 16, "doc_folha": 109, "doc_escala": "1:2.000", "doc_metodo": "Reconstituição Vetorial Afim", "doc_rms_m": 0.12 }, "geometry": { "type": "LineString", "coordinates": [ [ -59.944376772091324, -3.058705250987698 ], [ -59.94437442637139, -3.058705257459634 ], [ -59.944368545829413, -3.058699378192646 ], [ -59.944287342384847, -3.058599378867342 ], [ -59.944232042566838, -3.058535860113131 ], [ -59.944128489855942, -3.058412340433485 ] ] } },
{ "type": "Feature", "properties": { "id": 13, "pagina": 16, "classe": "Logradouros", "metodo": "EIXO_TRACO", "comp_m": 135.64876876626442, "id_layer": "p16_camadas_logradouros", "doc_fonte": "Resposta SECT_autos.pdf", "doc_pagina": 16, "doc_folha": 109, "doc_escala": "1:2.000", "doc_metodo": "Reconstituição Vetorial Afim", "doc_rms_m": 0.12 }, "geometry": { "type": "LineString", "coordinates": [ [ -59.944376772091324, -3.058705250987698 ], [ -59.94455912101219, -3.058480719220122 ], [ -59.944599979438841, -3.058411039703558 ], [ -59.944604654634603, -3.058405131314343 ], [ -59.944624466557855, -3.05835909182906 ], [ -59.944627972142456, -3.058354365765045 ], [ -59.944638410936349, -3.058311889435151 ], [ -59.944640707930354, -3.058294196627271 ], [ -59.944581798616362, -3.058197673107121 ], [ -59.944478320669383, -3.058101272521132 ], [ -59.944473622736759, -3.058098927284357 ], [ -59.944470104159151, -3.058098936990665 ], [ -59.944423309961131, -3.058142692711631 ], [ -59.944131988948527, -3.058405256189591 ], [ -59.944129649724424, -3.058407620839612 ], [ -59.944128489855942, -3.058412340433485 ] ] } },
{ "type": "Feature", "properties": { "id": 14, "pagina": 16, "classe": "Logradouros", "metodo": "EIXO_TRACO", "comp_m": 47.657946792948728, "id_layer": "p16_camadas_logradouros", "doc_fonte": "Resposta SECT_autos.pdf", "doc_pagina": 16, "doc_folha": 109, "doc_escala": "1:2.000", "doc_metodo": "Reconstituição Vetorial Afim", "doc_rms_m": 0.12 }, "geometry": { "type": "LineString", "coordinates": [ [ -59.944128489855942, -3.058412340433485 ], [ -59.9441237984163, -3.05841235337504 ], [ -59.944117947108097, -3.05841708591047 ], [ -59.94381725928568, -3.058685570780479 ], [ -59.943809071996498, -3.058693847057503 ], [ -59.943809078492116, -3.058696205237412 ] ] } },
{ "type": "Feature", "properties": { "id": 15, "pagina": 16, "classe": "Logradouros", "metodo": "EIXO_TRACO", "comp_m": 60.548260287236253, "id_layer": "p16_camadas_logradouros", "doc_fonte": "Resposta SECT_autos.pdf", "doc_pagina": 16, "doc_folha": 109, "doc_escala": "1:2.000", "doc_metodo": "Reconstituição Vetorial Afim", "doc_rms_m": 0.12 }, "geometry": { "type": "LineString", "coordinates": [ [ -59.947208682135638, -3.060626433780314 ], [ -59.947208675628531, -3.060624075607723 ], [ -59.947212184444986, -3.060620528625536 ], [ -59.947339830853409, -3.060549430167733 ], [ -59.947665374700222, -3.060363412599499 ], [ -59.947674744551271, -3.060358670325573 ], [ -59.947680605588779, -3.060357475033048 ] ] } },
{ "type": "Feature", "properties": { "id": 16, "pagina": 16, "classe": "Logradouros", "metodo": "EIXO_TRACO", "comp_m": 45.433708969163668, "id_layer": "p16_camadas_logradouros", "doc_fonte": "Resposta SECT_autos.pdf", "doc_pagina": 16, "doc_folha": 109, "doc_escala": "1:2.000", "doc_metodo": "Reconstituição Vetorial Afim", "doc_rms_m": 0.12 }, "geometry": { "type": "LineString", "coordinates": [ [ -59.947208682135638, -3.060626433780314 ], [ -59.947202817840363, -3.060626449985865 ], [ -59.947193447982059, -3.060631192259899 ], [ -59.946860869974145, -3.060818408373115 ], [ -59.94685032074419, -3.060820795714796 ] ] } },
{ "type": "Feature", "properties": { "id": 17, "pagina": 16, "classe": "Logradouros", "metodo": "EIXO_TRACO", "comp_m": 23.555226824353188, "id_layer": "p16_camadas_logradouros", "doc_fonte": "Resposta SECT_autos.pdf", "doc_pagina": 16, "doc_folha": 109, "doc_escala": "1:2.000", "doc_metodo": "Reconstituição Vetorial Afim", "doc_rms_m": 0.12 }, "geometry": { "type": "LineString", "coordinates": [ [ -59.947208682135638, -3.060626433780314 ], [ -59.947213409361098, -3.060639390764992 ], [ -59.947254696945109, -3.060725350620214 ], [ -59.947261782905692, -3.060743017466064 ], [ -59.947270035218324, -3.060758322897868 ], [ -59.947270041725865, -3.060760681070324 ], [ -59.947278294038931, -3.060775986501814 ], [ -59.947278300546529, -3.060778344674234 ], [ -59.947286552860035, -3.060793650105427 ], [ -59.94729481818932, -3.060813671881092 ], [ -59.94729834978223, -3.060818378501633 ] ] } },
{ "type": "Feature", "properties": { "id": 18, "pagina": 16, "classe": "Logradouros", "metodo": "EIXO_TRACO", "comp_m": 46.318497687301019, "id_layer": "p16_camadas_logradouros", "doc_fonte": "Resposta SECT_autos.pdf", "doc_pagina": 16, "doc_folha": 109, "doc_escala": "1:2.000", "doc_metodo": "Reconstituição Vetorial Afim", "doc_rms_m": 0.12 }, "geometry": { "type": "LineString", "coordinates": [ [ -59.948629152567683, -3.059823081881714 ], [ -59.948630315661568, -3.059819541385509 ], [ -59.948643207321979, -3.059815968471071 ], [ -59.948646719383369, -3.059813600576024 ], [ -59.948666641674606, -3.059807650040919 ], [ -59.948670153735868, -3.05980528214587 ], [ -59.948690076026452, -3.059799331610583 ], [ -59.948693588087572, -3.059796963715533 ], [ -59.948713510377488, -3.0597910131801 ], [ -59.948717022438473, -3.059788645285049 ], [ -59.948736944727742, -3.059782694749451 ], [ -59.948740456788585, -3.059780326854399 ], [ -59.948760379077193, -3.059774376318638 ], [ -59.948763891137908, -3.059772008423586 ], [ -59.948787328740792, -3.059764869077221 ], [ -59.948790840801344, -3.059762501182165 ], [ -59.948810763088524, -3.059756550646051 ], [ -59.948814275148948, -3.059754182750995 ], [ -59.948834197435467, -3.059748232214717 ], [ -59.948837709495756, -3.059745864319659 ], [ -59.948857631781621, -3.059739913783218 ], [ -59.948861143841768, -3.059737545888143 ], [ -59.94901815686859, -3.059682873568773 ] ] } },
{ "type": "Feature", "properties": { "id": 19, "pagina": 16, "classe": "Logradouros", "metodo": "EIXO_TRACO", "comp_m": 60.826373458517011, "id_layer": "p16_camadas_logradouros", "doc_fonte": "Resposta SECT_autos.pdf", "doc_pagina": 16, "doc_folha": 109, "doc_escala": "1:2.000", "doc_metodo": "Reconstituição Vetorial Afim", "doc_rms_m": 0.12 }, "geometry": { "type": "LineString", "coordinates": [ [ -59.948629152567683, -3.059823081881714 ], [ -59.948624461141009, -3.059823094848994 ], [ -59.948553021015947, -3.05986102331349 ], [ -59.948535457451797, -3.059871683704079 ], [ -59.948467529378753, -3.05990724427362 ], [ -59.948449965812095, -3.059917904664346 ], [ -59.948382037729523, -3.059953465233984 ], [ -59.948379698523638, -3.059955829887466 ], [ -59.948296546068264, -3.059999686194564 ], [ -59.948294206862002, -3.060002050848153 ], [ -59.948228621222711, -3.060036425849526 ], [ -59.948175923991997, -3.060066048852436 ], [ -59.948160696369563, -3.060073165504619 ], [ -59.948152499383504, -3.060077904536791 ], [ -59.948148993827175, -3.060082630602702 ] ] } },
{ "type": "Feature", "properties": { "id": 20, "pagina": 16, "classe": "Logradouros", "metodo": "EIXO_TRACO", "comp_m": 120.9147615404854, "id_layer": "p16_camadas_logradouros", "doc_fonte": "Resposta SECT_autos.pdf", "doc_pagina": 16, "doc_folha": 109, "doc_escala": "1:2.000", "doc_metodo": "Reconstituição Vetorial Afim", "doc_rms_m": 0.12 }, "geometry": { "type": "LineString", "coordinates": [ [ -59.948629152567683, -3.059823081881714 ], [ -59.948692864336849, -3.0599596806494 ], [ -59.948698770928964, -3.059974992540497 ], [ -59.948705843869149, -3.05998794301991 ], [ -59.948711750461918, -3.060003254910598 ], [ -59.9487188234027, -3.060016205389588 ], [ -59.94872472999613, -3.060031517279867 ], [ -59.948731802937488, -3.060044467758432 ], [ -59.948737709531564, -3.060059779648302 ], [ -59.948744782473518, -3.060072730126444 ], [ -59.948750689068255, -3.060088042015904 ], [ -59.948757762010786, -3.060100992493604 ], [ -59.948763668606183, -3.060116304382674 ], [ -59.948770741549311, -3.060129254859949 ], [ -59.948776648145362, -3.060144566748609 ], [ -59.948783721089072, -3.06015751722546 ], [ -59.948789627685784, -3.06017282911371 ], [ -59.948796700630076, -3.060185779590137 ], [ -59.948802607227449, -3.06020109147798 ], [ -59.948809680172317, -3.060214041953983 ], [ -59.948815586770351, -3.060229353841398 ], [ -59.948822659715816, -3.060242304316994 ], [ -59.948828566314496, -3.060257616204001 ], [ -59.948835639260551, -3.060270566679172 ], [ -59.948841545859878, -3.06028587856577 ], [ -59.948848618806515, -3.060298829040517 ], [ -59.948854525406524, -3.060314140926706 ], [ -59.948861598353744, -3.060327091401028 ], [ -59.9488675049544, -3.060342403286807 ], [ -59.948874577902203, -3.060355353760689 ], [ -59.948880484503512, -3.060370665646077 ], [ -59.948887557451911, -3.060383616119533 ], [ -59.948893464053882, -3.060398928004512 ], [ -59.948900537002856, -3.060411878477546 ], [ -59.94890644360548, -3.060427190362115 ], [ -59.948913516555045, -3.060440140834723 ], [ -59.948919423158337, -3.060455452718867 ], [ -59.948926496108477, -3.060468403191068 ], [ -59.94893240271243, -3.060483715074802 ], [ -59.94893947566316, -3.06049666554658 ], [ -59.948945382267766, -3.060511977429905 ], [ -59.948952455219079, -3.060524927901258 ], [ -59.948958361824339, -3.060540239784174 ], [ -59.948965434776241, -3.060553190255102 ], [ -59.948971341382169, -3.06056850213761 ], [ -59.948978414334654, -3.060581452608097 ], [ -59.948984320941229, -3.060596764490212 ], [ -59.94899139389431, -3.060609714960275 ], [ -59.948997300501546, -3.06062502684198 ], [ -59.949004373455203, -3.060637977311619 ], [ -59.949010280063085, -3.060653289192916 ], [ -59.949017353017339, -3.060666239662131 ], [ -59.949017359528497, -3.060668597830861 ], [ -59.949049212243828, -3.060735718072062 ], [ -59.949055118853984, -3.060751029951929 ], [ -59.949069271278333, -3.060779289055841 ], [ -59.949075177889497, -3.060794600935076 ], [ -59.949082250846679, -3.060807551402185 ], [ -59.949082257358278, -3.060809909570755 ], [ -59.949084609584403, -3.060812261252588 ] ] } },
{ "type": "Feature", "properties": { "id": 21, "pagina": 16, "classe": "Logradouros", "metodo": "EIXO_TRACO", "comp_m": 17.286659653147051, "id_layer": "p16_camadas_logradouros", "doc_fonte": "Resposta SECT_autos.pdf", "doc_pagina": 16, "doc_folha": 109, "doc_escala": "1:2.000", "doc_metodo": "Reconstituição Vetorial Afim", "doc_rms_m": 0.12 }, "geometry": { "type": "LineString", "coordinates": [ [ -59.949223790795777, -3.055995280715635 ], [ -59.949222608191306, -3.055991746701335 ], [ -59.949139111404463, -3.055910619806776 ], [ -59.949116768706823, -3.055889457814669 ], [ -59.949112074048671, -3.055888291683081 ] ] } },
{ "type": "Feature", "properties": { "id": 22, "pagina": 16, "classe": "Logradouros", "metodo": "EIXO_TRACO", "comp_m": 35.812553592006225, "id_layer": "p16_camadas_logradouros", "doc_fonte": "Resposta SECT_autos.pdf", "doc_pagina": 16, "doc_folha": 109, "doc_escala": "1:2.000", "doc_metodo": "Reconstituição Vetorial Afim", "doc_rms_m": 0.12 }, "geometry": { "type": "LineString", "coordinates": [ [ -59.949223790795777, -3.055995280715635 ], [ -59.949229661556913, -3.055997622691978 ], [ -59.949356674166971, -3.056122255848312 ], [ -59.949396668173769, -3.056164592757623 ], [ -59.949404910649413, -3.056176360926496 ], [ -59.949440213252856, -3.056218710785764 ], [ -59.949443744813919, -3.056223417405074 ], [ -59.949444930671227, -3.05622813050217 ] ] } },
{ "type": "Feature", "properties": { "id": 23, "pagina": 16, "classe": "Logradouros", "metodo": "EIXO_TRACO", "comp_m": 86.017717285646796, "id_layer": "p16_camadas_logradouros", "doc_fonte": "Resposta SECT_autos.pdf", "doc_pagina": 16, "doc_folha": 109, "doc_escala": "1:2.000", "doc_metodo": "Reconstituição Vetorial Afim", "doc_rms_m": 0.12 }, "geometry": { "type": "LineString", "coordinates": [ [ -59.949223790795777, -3.055995280715635 ], [ -59.94910095016705, -3.056107633758567 ], [ -59.949045933392348, -3.056146695748525 ], [ -59.948983872996664, -3.056183419000726 ], [ -59.948940529471585, -3.056202404171829 ], [ -59.948922962691483, -3.056211885423166 ], [ -59.948850317353681, -3.056238026058756 ], [ -59.948842110636576, -3.056239227811276 ], [ -59.948837425727781, -3.056241598933609 ], [ -59.948744835384268, -3.05626543644721 ], [ -59.948740150474784, -3.05626780756945 ], [ -59.948679204390707, -3.056283304055813 ], [ -59.94866162785182, -3.056289248051827 ], [ -59.948652248279977, -3.056290453041578 ], [ -59.948647563369846, -3.056292824163715 ], [ -59.948629980329109, -3.056296409989776 ], [ -59.948625295418822, -3.056298781111888 ], [ -59.94853856606354, -3.056321423341331 ] ] } },
{ "type": "Feature", "properties": { "id": 24, "pagina": 16, "classe": "Logradouros", "metodo": "EIXO_TRACO", "comp_m": 85.393071940018828, "id_layer": "p16_camadas_logradouros", "doc_fonte": "Resposta SECT_autos.pdf", "doc_pagina": 16, "doc_folha": 109, "doc_escala": "1:2.000", "doc_metodo": "Reconstituição Vetorial Afim", "doc_rms_m": 0.12 }, "geometry": { "type": "LineString", "coordinates": [ [ -59.943451794940451, -3.058430714303646 ], [ -59.943464657441766, -3.058416529638297 ], [ -59.94400984316956, -3.057918625358603 ], [ -59.944015691230987, -3.057912713736119 ], [ -59.944015681489368, -3.057909176466856 ] ] } },
{ "type": "Feature", "properties": { "id": 25, "pagina": 16, "classe": "Logradouros", "metodo": "EIXO_TRACO", "comp_m": 38.51469672380405, "id_layer": "p16_camadas_logradouros", "doc_fonte": "Resposta SECT_autos.pdf", "doc_pagina": 16, "doc_folha": 109, "doc_escala": "1:2.000", "doc_metodo": "Reconstituição Vetorial Afim", "doc_rms_m": 0.12 }, "geometry": { "type": "LineString", "coordinates": [ [ -59.945439186088677, -3.056076469725382 ], [ -59.945440365438309, -3.056078824667563 ], [ -59.94543920232281, -3.056082365166764 ], [ -59.945439247778573, -3.056098872402657 ], [ -59.945436934535074, -3.056110669754215 ], [ -59.945434699216854, -3.056150765224594 ], [ -59.945433529607676, -3.056151947547303 ], [ -59.945432428183636, -3.05617789072397 ], [ -59.945431258574466, -3.056179073046707 ], [ -59.945429020011353, -3.056217989429082 ], [ -59.945427850402176, -3.056219171751861 ], [ -59.945427886118843, -3.056232141723022 ], [ -59.945426716509651, -3.056233324045815 ], [ -59.945426748979486, -3.056245114928694 ], [ -59.945425579370287, -3.056246297251517 ], [ -59.945425611840236, -3.056258088134404 ], [ -59.945424442231051, -3.056259270457224 ], [ -59.945424477948144, -3.056272240428415 ], [ -59.945423308338945, -3.05627342275125 ], [ -59.945421060037461, -3.056308801869144 ], [ -59.945419890428255, -3.056309984192015 ], [ -59.945419926145888, -3.056322954163248 ], [ -59.945418756536668, -3.056324136486135 ], [ -59.94541878900737, -3.056335927369078 ], [ -59.945417619398157, -3.056337109691978 ], [ -59.945411979167496, -3.05641848295777 ] ] } },
{ "type": "Feature", "properties": { "id": 26, "pagina": 16, "classe": "Logradouros", "metodo": "EIXO_TRACO", "comp_m": 15.484583168628895, "id_layer": "p16_camadas_logradouros", "doc_fonte": "Resposta SECT_autos.pdf", "doc_pagina": 16, "doc_folha": 109, "doc_escala": "1:2.000", "doc_metodo": "Reconstituição Vetorial Afim", "doc_rms_m": 0.12 }, "geometry": { "type": "LineString", "coordinates": [ [ -59.950291812401595, -3.058381171736869 ], [ -59.950285948134898, -3.058381187947469 ], [ -59.950284772027004, -3.058380012106529 ], [ -59.950253104986288, -3.058380099643129 ], [ -59.950251928878401, -3.058378923802116 ], [ -59.950219088983367, -3.058379014579759 ], [ -59.950217912875495, -3.058377838738672 ], [ -59.950186245832931, -3.058377926273226 ], [ -59.950185069725038, -3.058376750432067 ], [ -59.950154575535045, -3.058376834723644 ] ] } },
{ "type": "Feature", "properties": { "id": 27, "pagina": 16, "classe": "Logradouros", "metodo": "EIXO_TRACO", "comp_m": 99.840131366753297, "id_layer": "p16_camadas_logradouros", "doc_fonte": "Resposta SECT_autos.pdf", "doc_pagina": 16, "doc_folha": 109, "doc_escala": "1:2.000", "doc_metodo": "Reconstituição Vetorial Afim", "doc_rms_m": 0.12 }, "geometry": { "type": "LineString", "coordinates": [ [ -59.94729649783951, -3.055893302861161 ], [ -59.947302388097931, -3.055902719370502 ], [ -59.947313012004926, -3.055927451056446 ], [ -59.947384965443987, -3.0560758185043 ], [ -59.947384971941887, -3.056078176676699 ], [ -59.947393224155874, -3.056093482141745 ], [ -59.947408568727177, -3.056128812652207 ], [ -59.947420358998649, -3.056151182923526 ], [ -59.947430982915158, -3.056175914603183 ], [ -59.947442773188328, -3.056198284873269 ], [ -59.947453397106642, -3.056223016551732 ], [ -59.947565461617245, -3.056456168086363 ], [ -59.947576088795024, -3.05648207884427 ], [ -59.947681074025695, -3.056699921621653 ], [ -59.947681093525297, -3.056706996136892 ] ] } },
{ "type": "Feature", "properties": { "id": 28, "pagina": 16, "classe": "Logradouros", "metodo": "EIXO_TRACO", "comp_m": 2.1589209662772069, "id_layer": "p16_camadas_logradouros", "doc_fonte": "Resposta SECT_autos.pdf", "doc_pagina": 16, "doc_folha": 109, "doc_escala": "1:2.000", "doc_metodo": "Reconstituição Vetorial Afim", "doc_rms_m": 0.12 }, "geometry": { "type": "LineString", "coordinates": [ [ -59.944530049885927, -3.059848553276149 ], [ -59.944525348692331, -3.059845028958018 ], [ -59.944522989971048, -3.059840319076001 ], [ -59.944517109416893, -3.059834439816743 ] ] } },
{ "type": "Feature", "properties": { "id": 29, "pagina": 16, "classe": "Logradouros", "metodo": "EIXO_TRACO", "comp_m": 1.9089085238841399, "id_layer": "p16_camadas_logradouros", "doc_fonte": "Resposta SECT_autos.pdf", "doc_pagina": 16, "doc_folha": 109, "doc_escala": "1:2.000", "doc_metodo": "Reconstituição Vetorial Afim", "doc_rms_m": 0.12 }, "geometry": { "type": "LineString", "coordinates": [ [ -59.943454964740276, -3.059581506465731 ], [ -59.943458473580883, -3.059577959487134 ], [ -59.943464331393592, -3.059575585127089 ], [ -59.943467836985782, -3.059570859058218 ] ] } },
{ "type": "Feature", "properties": { "id": 30, "pagina": 16, "classe": "Logradouros", "metodo": "EIXO_TRACO", "comp_m": 2.8767510014377078, "id_layer": "p16_camadas_logradouros", "doc_fonte": "Resposta SECT_autos.pdf", "doc_pagina": 16, "doc_folha": 109, "doc_escala": "1:2.000", "doc_metodo": "Reconstituição Vetorial Afim", "doc_rms_m": 0.12 }, "geometry": { "type": "LineString", "coordinates": [ [ -59.943455796359743, -3.059883353585573 ], [ -59.94345816157626, -3.059890421654993 ], [ -59.943462866019914, -3.059895125071334 ], [ -59.943467580209727, -3.059903365758498 ], [ -59.943467586707143, -3.059905723939082 ] ] } },
{ "type": "Feature", "properties": { "id": 31, "pagina": 16, "classe": "Logradouros", "metodo": "EIXO_TRACO", "comp_m": 73.261737120154862, "id_layer": "p16_camadas_logradouros", "doc_fonte": "Resposta SECT_autos.pdf", "doc_pagina": 16, "doc_folha": 109, "doc_escala": "1:2.000", "doc_metodo": "Reconstituição Vetorial Afim", "doc_rms_m": 0.12 }, "geometry": { "type": "LineString", "coordinates": [ [ -59.950076399623065, -3.056398533946683 ], [ -59.95007403440691, -3.056391465926295 ], [ -59.950022168775014, -3.056297281804579 ], [ -59.94999622620859, -3.056246652489176 ], [ -59.949967957455058, -3.056203104150297 ], [ -59.949940894074395, -3.05617134340376 ], [ -59.949676228664465, -3.055891450301064 ], [ -59.949672700356857, -3.055887922766182 ], [ -59.949668005700453, -3.055886756637619 ] ] } },
{ "type": "Feature", "properties": { "id": 32, "pagina": 16, "classe": "Logradouros", "metodo": "EIXO_TRACO", "comp_m": 56.643409251654383, "id_layer": "p16_camadas_logradouros", "doc_fonte": "Resposta SECT_autos.pdf", "doc_pagina": 16, "doc_folha": 109, "doc_escala": "1:2.000", "doc_metodo": "Reconstituição Vetorial Afim", "doc_rms_m": 0.12 }, "geometry": { "type": "LineString", "coordinates": [ [ -59.950076399623065, -3.056398533946683 ], [ -59.950074063676901, -3.056402077676228 ], [ -59.950069378775673, -3.056404448802038 ], [ -59.950063517770744, -3.056405644084294 ], [ -59.949934647198205, -3.056457880125225 ], [ -59.949928786192181, -3.056459075407151 ], [ -59.949924104542013, -3.056462625616345 ], [ -59.949910043330654, -3.056467380826509 ], [ -59.949904188828668, -3.056470934275399 ], [ -59.949747199047955, -3.05653385981493 ], [ -59.949697997802112, -3.056555219382727 ], [ -59.949661665405557, -3.056564752477873 ], [ -59.9496171360503, -3.056579024583964 ], [ -59.949603068328869, -3.056581421625205 ] ] } },
{ "type": "Feature", "properties": { "id": 33, "pagina": 16, "classe": "Logradouros", "metodo": "EIXO_TRACO", "comp_m": 25.909914971403165, "id_layer": "p16_camadas_logradouros", "doc_fonte": "Resposta SECT_autos.pdf", "doc_pagina": 16, "doc_folha": 109, "doc_escala": "1:2.000", "doc_metodo": "Reconstituição Vetorial Afim", "doc_rms_m": 0.12 }, "geometry": { "type": "LineString", "coordinates": [ [ -59.950076399623065, -3.056398533946683 ], [ -59.950085779182089, -3.056397328945037 ], [ -59.950150204699995, -3.056367673673187 ], [ -59.950255637722066, -3.056322576923765 ], [ -59.950263834670622, -3.056317837911907 ], [ -59.950284923224125, -3.056309526011654 ], [ -59.950288428767962, -3.056304799959478 ] ] } },
{ "type": "Feature", "properties": { "id": 34, "pagina": 16, "classe": "Logradouros", "metodo": "EIXO_TRACO", "comp_m": 44.486107983106798, "id_layer": "p16_camadas_logradouros", "doc_fonte": "Resposta SECT_autos.pdf", "doc_pagina": 16, "doc_folha": 109, "doc_escala": "1:2.000", "doc_metodo": "Reconstituição Vetorial Afim", "doc_rms_m": 0.12 }, "geometry": { "type": "LineString", "coordinates": [ [ -59.950297751902134, -3.059682872919686 ], [ -59.950297735622456, -3.059676977504618 ], [ -59.950291829021836, -3.059661665642813 ], [ -59.950283576712117, -3.059646360267731 ], [ -59.950283570200348, -3.059644002101659 ], [ -59.950246996820688, -3.059566283165323 ], [ -59.950246990309161, -3.059563924999169 ], [ -59.950241096734096, -3.059553329468085 ], [ -59.950241090222626, -3.059550971301916 ], [ -59.950235196647782, -3.059540375770672 ], [ -59.950235190136347, -3.059538017604491 ], [ -59.950229296561723, -3.059527422073086 ], [ -59.950229290050331, -3.059525063906891 ], [ -59.950223396475927, -3.059514468375327 ], [ -59.95022338996457, -3.05951211020912 ], [ -59.950217496390394, -3.059501514677394 ], [ -59.950217489879073, -3.059499156511174 ], [ -59.950211596305117, -3.059488560979287 ], [ -59.950211589793845, -3.059486202813055 ], [ -59.950205696220095, -3.059475607281008 ], [ -59.950205689708859, -3.059473249114761 ], [ -59.950199796135337, -3.059462653582555 ], [ -59.950199789624143, -3.059460295416295 ], [ -59.950193896050848, -3.059449699883928 ], [ -59.950170289204472, -3.059395526921362 ], [ -59.950139615936791, -3.059330761665064 ], [ -59.950136074585508, -3.059322517811558 ], [ -59.950136064819375, -3.059318980561971 ] ] } },
{ "type": "Feature", "properties": { "id": 35, "pagina": 16, "classe": "Logradouros", "metodo": "EIXO_TRACO", "comp_m": 192.74581078593022, "id_layer": "p16_camadas_logradouros", "doc_fonte": "Resposta SECT_autos.pdf", "doc_pagina": 16, "doc_folha": 109, "doc_escala": "1:2.000", "doc_metodo": "Reconstituição Vetorial Afim", "doc_rms_m": 0.12 }, "geometry": { "type": "LineString", "coordinates": [ [ -59.948649137680576, -3.057289154091978 ], [ -59.948680781973806, -3.057280813040546 ], [ -59.948685466885912, -3.057278441914194 ], [ -59.948693673611146, -3.05727724015505 ], [ -59.94870656199663, -3.057272488184711 ], [ -59.948714768721651, -3.057271286425454 ], [ -59.948727657106737, -3.057266534455018 ], [ -59.948735863831537, -3.057265332695666 ], [ -59.94874875221624, -3.057260580725135 ], [ -59.948756958940827, -3.057259378965703 ], [ -59.948769847325153, -3.057254626995077 ], [ -59.948778054049505, -3.057253425235533 ], [ -59.948790942433448, -3.05724867326481 ], [ -59.948812040792873, -3.057243898619012 ], [ -59.94882492917619, -3.057239146648133 ], [ -59.948833135899989, -3.057237944888341 ], [ -59.948846024282929, -3.057233192917366 ], [ -59.948854231006493, -3.057231991157494 ], [ -59.948867119389035, -3.057227239186424 ], [ -59.948875326112386, -3.05722603742644 ], [ -59.948888214494566, -3.057221285455274 ], [ -59.948896421217697, -3.057220083695194 ], [ -59.948909309599479, -3.057215331723933 ], [ -59.948930407955622, -3.057210557076934 ], [ -59.948943296336786, -3.057205805105517 ], [ -59.948951503059348, -3.057204603345204 ], [ -59.948964391440128, -3.057199851373692 ], [ -59.94897259816247, -3.057198649613265 ], [ -59.948985486542867, -3.057193897641657 ], [ -59.948993693264981, -3.057192695881136 ], [ -59.949006581644994, -3.057187943909431 ], [ -59.94901478836691, -3.057186742148832 ], [ -59.949039395524473, -3.057178420529068 ], [ -59.949042914084551, -3.057178410810634 ], [ -59.949068690842523, -3.057168906866742 ], [ -59.949072209402473, -3.057168897148258 ], [ -59.949097986159366, -3.057159393204128 ], [ -59.949101504719188, -3.057159383485561 ], [ -59.949127281474986, -3.057149879541194 ], [ -59.949130800034695, -3.057149869822561 ], [ -59.949156576789413, -3.057140365877956 ], [ -59.949160095348979, -3.057140356159257 ], [ -59.949185872102618, -3.057130852214415 ], [ -59.94918939066207, -3.057130842495667 ], [ -59.949218682721884, -3.057120149747527 ], [ -59.949222201281202, -3.057120140028704 ], [ -59.949251493339645, -3.057109447280261 ], [ -59.949255011898813, -3.057109437561347 ], [ -59.949280788648913, -3.057099933615739 ], [ -59.949284307207961, -3.057099923896776 ], [ -59.949341724969706, -3.057080899806399 ], [ -59.949363983157895, -3.05707140557926 ], [ -59.949386247849688, -3.057064269520122 ], [ -59.949399132970214, -3.0570583384628 ], [ -59.949465920535623, -3.057034572116191 ], [ -59.9494788056546, -3.057028641058676 ], [ -59.949545593212228, -3.057004874710562 ], [ -59.949549105265554, -3.057002506823272 ], [ -59.949625265879504, -3.056975177303235 ], [ -59.949638150995348, -3.056969246245332 ], [ -59.949795163604072, -3.056914574239693 ], [ -59.949798675655941, -3.056912206352396 ], [ -59.949818597881844, -3.056906255853833 ], [ -59.949822109933592, -3.056903887966536 ], [ -59.949842032158827, -3.056897937467809 ], [ -59.949845544210419, -3.056895569580512 ], [ -59.949868981738987, -3.056888430277845 ], [ -59.949872493790444, -3.056886062390546 ], [ -59.949892416014251, -3.056880111891467 ], [ -59.949895928065565, -3.056877744004167 ], [ -59.949915850288733, -3.056871793504925 ], [ -59.949942796613442, -3.056861107230898 ], [ -59.949946315169598, -3.056861097510515 ], [ -59.949983813908567, -3.05684920299145 ], [ -59.949987332464559, -3.056849193270952 ], [ -59.949992017367322, -3.056846822143463 ], [ -59.949995535923279, -3.056846812422962 ], [ -59.950000220825977, -3.056844441295465 ], [ -59.950003739381906, -3.056844431574928 ], [ -59.950008424284547, -3.056842060447438 ], [ -59.95001194284044, -3.056842050726882 ], [ -59.950016627743025, -3.056839679599368 ], [ -59.950020146298876, -3.056839669878793 ], [ -59.950024831201397, -3.056837298751286 ], [ -59.950028349757218, -3.056837289030691 ], [ -59.95003303465969, -3.056834917903159 ], [ -59.950036553215476, -3.056834908182561 ], [ -59.950041238117883, -3.056832537055022 ], [ -59.950044756673648, -3.056832527334387 ], [ -59.950049441575985, -3.056830156206856 ], [ -59.950052960131714, -3.056830146486202 ], [ -59.950057645034001, -3.056827775358645 ], [ -59.950061163589687, -3.056827765637989 ], [ -59.950065848491931, -3.056825394510423 ], [ -59.950069367047575, -3.056825384789731 ], [ -59.950074051949755, -3.056823013662173 ], [ -59.95018421544836, -3.056792052911335 ], [ -59.950192415652104, -3.056788492979478 ], [ -59.95024515494412, -3.056774198165854 ], [ -59.950286168969484, -3.05676111483811 ], [ -59.950289677765703, -3.056757567867632 ] ] } },
{ "type": "Feature", "properties": { "id": 36, "pagina": 16, "classe": "Logradouros", "metodo": "EIXO_TRACO", "comp_m": 99.016410097730144, "id_layer": "p16_camadas_logradouros", "doc_fonte": "Resposta SECT_autos.pdf", "doc_pagina": 16, "doc_folha": 109, "doc_escala": "1:2.000", "doc_metodo": "Reconstituição Vetorial Afim", "doc_rms_m": 0.12 }, "geometry": { "type": "LineString", "coordinates": [ [ -59.949398043147902, -3.060488322979622 ], [ -59.94939569092314, -3.060485971298447 ], [ -59.949376814521976, -3.060445934336792 ], [ -59.949369728546834, -3.060428267536736 ], [ -59.949320182078026, -3.060324644357409 ], [ -59.949320175566932, -3.060322286189326 ], [ -59.949263549657083, -3.060203354362391 ], [ -59.949263543146373, -3.060200996194182 ], [ -59.949215176081267, -3.060099727914989 ], [ -59.949215169570891, -3.060097369746672 ], [ -59.949206917259161, -3.060082064351723 ], [ -59.949206910748835, -3.060079706183371 ], [ -59.949191578982941, -3.060049092149864 ], [ -59.949191572472714, -3.060046733981494 ], [ -59.949166799267232, -3.059994922371961 ], [ -59.949166792757168, -3.059992564203536 ], [ -59.949157361081731, -3.059974903880849 ], [ -59.949157354571732, -3.059972545712388 ], [ -59.949149102263057, -3.059957240315231 ], [ -59.94914083693498, -3.059937218580798 ], [ -59.949131405261113, -3.05991955825698 ], [ -59.949123139934208, -3.059899536521779 ], [ -59.949113708261386, -3.059881876197192 ], [ -59.949105442935647, -3.059861854461256 ], [ -59.949037020203448, -3.0597181942258 ], [ -59.949029934247989, -3.059700527413219 ], [ -59.949021678691437, -3.059684042926837 ], [ -59.94901815686859, -3.059682873568773 ] ] } },
{ "type": "Feature", "properties": { "id": 37, "pagina": 16, "classe": "Logradouros", "metodo": "EIXO_TRACO", "comp_m": 11.871755992606833, "id_layer": "p16_camadas_logradouros", "doc_fonte": "Resposta SECT_autos.pdf", "doc_pagina": 16, "doc_folha": 109, "doc_escala": "1:2.000", "doc_metodo": "Reconstituição Vetorial Afim", "doc_rms_m": 0.12 }, "geometry": { "type": "LineString", "coordinates": [ [ -59.946350182395939, -3.059790468440381 ], [ -59.9463490192921, -3.05979400894135 ], [ -59.946345510470145, -3.059797555920902 ], [ -59.946339652678283, -3.059799930291793 ], [ -59.946271740658887, -3.059841386223876 ], [ -59.946260021822006, -3.059844955878308 ] ] } },
{ "type": "Feature", "properties": { "id": 38, "pagina": 16, "classe": "Logradouros", "metodo": "EIXO_TRACO", "comp_m": 47.553579602445708, "id_layer": "p16_camadas_logradouros", "doc_fonte": "Resposta SECT_autos.pdf", "doc_pagina": 16, "doc_folha": 109, "doc_escala": "1:2.000", "doc_metodo": "Reconstituição Vetorial Afim", "doc_rms_m": 0.12 }, "geometry": { "type": "LineString", "coordinates": [ [ -59.946350182395939, -3.059790468440381 ], [ -59.946353700973084, -3.059790458722531 ], [ -59.94636190123115, -3.059786898785837 ], [ -59.946516455211864, -3.059690965136801 ], [ -59.946582027989294, -3.059651873860108 ], [ -59.946587879275157, -3.05964714131522 ], [ -59.946653452044636, -3.059608050039212 ], [ -59.94665930332976, -3.05960331749448 ], [ -59.946692091337376, -3.059584361400183 ], [ -59.94670145469366, -3.059577260963462 ], [ -59.94670965494705, -3.059573701026772 ], [ -59.946713163766624, -3.059570154047881 ], [ -59.94671315726282, -3.059567795874201 ] ] } },
{ "type": "Feature", "properties": { "id": 39, "pagina": 16, "classe": "Logradouros", "metodo": "EIXO_TRACO", "comp_m": 77.661625280308073, "id_layer": "p16_camadas_logradouros", "doc_fonte": "Resposta SECT_autos.pdf", "doc_pagina": 16, "doc_folha": 109, "doc_escala": "1:2.000", "doc_metodo": "Reconstituição Vetorial Afim", "doc_rms_m": 0.12 }, "geometry": { "type": "LineString", "coordinates": [ [ -59.946350182395939, -3.059790468440381 ], [ -59.945915901870492, -3.059249283310167 ], [ -59.945913539899216, -3.05924339434813 ] ] } },
{ "type": "Feature", "properties": { "id": 40, "pagina": 16, "classe": "Logradouros", "metodo": "EIXO_TRACO", "comp_m": 44.685042116022963, "id_layer": "p16_camadas_logradouros", "doc_fonte": "Resposta SECT_autos.pdf", "doc_pagina": 16, "doc_folha": 109, "doc_escala": "1:2.000", "doc_metodo": "Reconstituição Vetorial Afim", "doc_rms_m": 0.12 }, "geometry": { "type": "LineString", "coordinates": [ [ -59.947187663259051, -3.057257816501126 ], [ -59.947188826364517, -3.057254276004451 ], [ -59.947181743732607, -3.057237788220039 ], [ -59.947135726134007, -3.057137692133706 ], [ -59.947135719634417, -3.057135333960804 ], [ -59.94711094343387, -3.05708234305337 ], [ -59.947092054261546, -3.057037589562525 ], [ -59.947086160738479, -3.057026993969932 ], [ -59.947067271569935, -3.056982240476666 ], [ -59.947061378047806, -3.056971644883412 ], [ -59.947042488883056, -3.056926891387723 ], [ -59.947036595361858, -3.056916295793775 ], [ -59.947031868197186, -3.056903338789574 ], [ -59.947027150780997, -3.056893919044955 ], [ -59.947023625716596, -3.056891570582698 ] ] } },
{ "type": "Feature", "properties": { "id": 41, "pagina": 16, "classe": "Logradouros", "metodo": "EIXO_TRACO", "comp_m": 2.385371230441895, "id_layer": "p16_camadas_logradouros", "doc_fonte": "Resposta SECT_autos.pdf", "doc_pagina": 16, "doc_folha": 109, "doc_escala": "1:2.000", "doc_metodo": "Reconstituição Vetorial Afim", "doc_rms_m": 0.12 }, "geometry": { "type": "LineString", "coordinates": [ [ -59.943453405673964, -3.059015543110836 ], [ -59.943466268174816, -3.059001358438829 ], [ -59.943466261679312, -3.058999000258203 ] ] } },
{ "type": "Feature", "properties": { "id": 42, "pagina": 16, "classe": "Logradouros", "metodo": "EIXO_TRACO", "comp_m": 458.83412548518589, "id_layer": "p16_camadas_logradouros", "doc_fonte": "Resposta SECT_autos.pdf", "doc_pagina": 16, "doc_folha": 109, "doc_escala": "1:2.000", "doc_metodo": "Reconstituição Vetorial Afim", "doc_rms_m": 0.12 }, "geometry": { "type": "LineString", "coordinates": [ [ -59.947453660239432, -3.055892869198591 ], [ -59.947457182049192, -3.055894038575594 ], [ -59.947457188546878, -3.055896396747848 ], [ -59.947492578837355, -3.055970582079618 ], [ -59.947498485342379, -3.055985894016217 ], [ -59.947505558203474, -3.055998844543901 ], [ -59.947505564701473, -3.056001202716047 ], [ -59.947512637562866, -3.056014153243518 ], [ -59.947512644060922, -3.056016511415648 ], [ -59.947519716922635, -3.056029461942888 ], [ -59.947519723420733, -3.056031820115002 ], [ -59.947555113726942, -3.056106005436026 ], [ -59.947561020235121, -3.056121317370659 ], [ -59.947568093099008, -3.056134267896305 ], [ -59.947568099597426, -3.056136626068312 ], [ -59.947575172461633, -3.056149576593744 ], [ -59.947575178960108, -3.056151934765734 ], [ -59.947582251824635, -3.056164885290937 ], [ -59.947582258323152, -3.056167243462911 ], [ -59.9476176486451, -3.056241428773189 ], [ -59.947623555156419, -3.056256740705856 ], [ -59.94763062802312, -3.056269691229465 ], [ -59.947630634521964, -3.056272049401332 ], [ -59.947637707388978, -3.056284999924727 ], [ -59.947637713887872, -3.056287358096578 ], [ -59.947644786755191, -3.056300308619742 ], [ -59.947644793254135, -3.056302666791577 ], [ -59.947651866121788, -3.056315617314511 ], [ -59.947651872620774, -3.05631797548633 ], [ -59.947680183591807, -3.056376852091107 ], [ -59.947686090106281, -3.056392164021809 ], [ -59.947693162975781, -3.056405114543379 ], [ -59.947693169475052, -3.056407472715107 ], [ -59.947700242344872, -3.056420423236463 ], [ -59.947700248844178, -3.056422781408175 ], [ -59.947707321714333, -3.056435731929302 ], [ -59.947707328213696, -3.056438090100997 ], [ -59.947714401084149, -3.056451040621894 ], [ -59.947714407583561, -3.056453398793574 ], [ -59.947735639195791, -3.056496966698173 ], [ -59.947741545713072, -3.056512278627132 ], [ -59.947748618585059, -3.056525229146895 ], [ -59.947748625084706, -3.056527587318516 ], [ -59.947755697957014, -3.056540537838048 ], [ -59.947755704456711, -3.056542896009637 ], [ -59.947762777329338, -3.056555846528956 ], [ -59.94776278382907, -3.056558204700527 ], [ -59.947769856702024, -3.056571155219615 ], [ -59.947769863201806, -3.056573513391172 ], [ -59.947776936075073, -3.05658646391003 ], [ -59.947776942574905, -3.056588822081571 ], [ -59.947784015448491, -3.056601772600181 ], [ -59.947804080716836, -3.056647701906771 ], [ -59.947878409295754, -3.056806674502626 ], [ -59.947883136465464, -3.05681963149361 ], [ -59.947889029989042, -3.056830227075298 ], [ -59.947905557208735, -3.0568690915712 ], [ -59.947911450733152, -3.056879687152296 ], [ -59.947939778008362, -3.056944459149461 ], [ -59.947969271643153, -3.057006869733272 ], [ -59.947973998816771, -3.057019826721877 ], [ -59.948003492458909, -3.057082237300731 ], [ -59.948008219633991, -3.057095194288466 ], [ -59.948025913222338, -3.057131697364897 ], [ -59.948030640398386, -3.057144654352049 ], [ -59.948036533927471, -3.057155249929727 ], [ -59.948045981779039, -3.057178805732384 ], [ -59.948051875308714, -3.057189401309662 ], [ -59.948076664545795, -3.057247108489518 ], [ -59.948082558076607, -3.05725770406594 ], [ -59.948082564578527, -3.057260062236817 ], [ -59.948115599565, -3.057330716681855 ], [ -59.948141568171451, -3.057390778785645 ], [ -59.948153361740566, -3.057414328105525 ], [ -59.948168709638004, -3.057450837647115 ], [ -59.948180503209336, -3.057474386965473 ], [ -59.948195851110121, -3.057510896504894 ], [ -59.948240686203349, -3.057607458416914 ], [ -59.948256034111587, -3.05764396795158 ], [ -59.948284348456397, -3.057704023558293 ], [ -59.948299696370036, -3.057740533089498 ], [ -59.948344531497725, -3.057837094978451 ], [ -59.948359879418803, -3.057873604504868 ], [ -59.9483881937851, -3.057933660097104 ], [ -59.948403541711571, -3.057970169620075 ], [ -59.948448376873742, -3.058066731485961 ], [ -59.948463724807652, -3.058103241004162 ], [ -59.94849203919545, -3.058163296581901 ], [ -59.948507387134775, -3.05819980609664 ], [ -59.948552222331408, -3.058296367939457 ], [ -59.948567570278165, -3.058332877449424 ], [ -59.948595884687457, -3.058392933012703 ], [ -59.948611232639614, -3.058429442519191 ], [ -59.948656067870736, -3.058526004338938 ], [ -59.948671415830333, -3.058562513840671 ], [ -59.948699730261112, -3.05862256938947 ], [ -59.948715078226115, -3.058659078887723 ], [ -59.948759913491706, -3.0587556406844 ], [ -59.948775261464156, -3.058792150177899 ], [ -59.948820096749728, -3.058888711961204 ], [ -59.948835444729617, -3.058925221449931 ], [ -59.948863759194353, -3.058985276975859 ], [ -59.94887910717965, -3.059021786461106 ], [ -59.948923942499697, -3.059118348221339 ], [ -59.94893929049244, -3.059154857701831 ], [ -59.948967604978662, -3.059214913213278 ], [ -59.948982952976792, -3.059251422690307 ], [ -59.949027788331335, -3.059347984427467 ], [ -59.949043136336911, -3.059384493899707 ], [ -59.949071450844649, -3.059444549396672 ], [ -59.949071457353348, -3.059446907565342 ], [ -59.949084433617628, -3.059473990843502 ], [ -59.949084443380812, -3.059477528096446 ], [ -59.949087974965849, -3.059482234707811 ], [ -59.949090343458344, -3.059490481814039 ], [ -59.949157622586583, -3.059644757054056 ], [ -59.949159991081011, -3.059653004159242 ], [ -59.949163516158109, -3.059655352601016 ] ] } },
{ "type": "Feature", "properties": { "id": 43, "pagina": 16, "classe": "Logradouros", "metodo": "EIXO_TRACO", "comp_m": 10.767766264521372, "id_layer": "p16_camadas_logradouros", "doc_fonte": "Resposta SECT_autos.pdf", "doc_pagina": 16, "doc_folha": 109, "doc_escala": "1:2.000", "doc_metodo": "Reconstituição Vetorial Afim", "doc_rms_m": 0.12 }, "geometry": { "type": "LineString", "coordinates": [ [ -59.943601969305327, -3.058873641398589 ], [ -59.943610169588752, -3.058870081480976 ], [ -59.943623038581386, -3.058858254991046 ], [ -59.943665154396619, -3.058819228545677 ], [ -59.943671002461898, -3.058813316918607 ], [ -59.943672162331623, -3.058808597322899 ] ] } },
{ "type": "Feature", "properties": { "id": 44, "pagina": 16, "classe": "Logradouros", "metodo": "EIXO_TRACO", "comp_m": 42.962568821170464, "id_layer": "p16_camadas_logradouros", "doc_fonte": "Resposta SECT_autos.pdf", "doc_pagina": 16, "doc_folha": 109, "doc_escala": "1:2.000", "doc_metodo": "Reconstituição Vetorial Afim", "doc_rms_m": 0.12 }, "geometry": { "type": "LineString", "coordinates": [ [ -59.943451321661954, -3.057832912261247 ], [ -59.943451315168943, -3.057830554080538 ], [ -59.943460672076782, -3.057821095485473 ], [ -59.943736785194389, -3.057572723306635 ] ] } },
{ "type": "Feature", "properties": { "id": 45, "pagina": 16, "classe": "Logradouros", "metodo": "EIXO_TRACO", "comp_m": 88.787528580501061, "id_layer": "p16_camadas_logradouros", "doc_fonte": "Resposta SECT_autos.pdf", "doc_pagina": 16, "doc_folha": 109, "doc_escala": "1:2.000", "doc_metodo": "Reconstituição Vetorial Afim", "doc_rms_m": 0.12 }, "geometry": { "type": "LineString", "coordinates": [ [ -59.946956941836781, -3.056527414076897 ], [ -59.946955749488204, -3.056520342793483 ], [ -59.946943985201365, -3.056507405205031 ], [ -59.946679313190998, -3.056225152509288 ], [ -59.94652262191304, -3.055970900050993 ], [ -59.94648373582875, -3.055904977938268 ], [ -59.946477848820884, -3.055896740504644 ], [ -59.946474327009049, -3.055895571123382 ] ] } },
{ "type": "Feature", "properties": { "id": 46, "pagina": 16, "classe": "Logradouros", "metodo": "EIXO_TRACO", "comp_m": 17.934345309265701, "id_layer": "p16_camadas_logradouros", "doc_fonte": "Resposta SECT_autos.pdf", "doc_pagina": 16, "doc_folha": 109, "doc_escala": "1:2.000", "doc_metodo": "Reconstituição Vetorial Afim", "doc_rms_m": 0.12 }, "geometry": { "type": "LineString", "coordinates": [ [ -59.946956941836781, -3.056527414076897 ], [ -59.946979245572862, -3.056534427102927 ], [ -59.94698393699224, -3.056534414156777 ], [ -59.946999197101135, -3.056539088428111 ], [ -59.947003888520449, -3.05653907548187 ], [ -59.947019148629245, -3.056543749752755 ], [ -59.947023840048494, -3.056543736806405 ], [ -59.947039100157177, -3.056548411076872 ], [ -59.947043791576355, -3.0565483981304 ], [ -59.947059051684953, -3.056553072400432 ], [ -59.947083694631608, -3.056557720776779 ], [ -59.947103649408128, -3.056563561185646 ], [ -59.947113032246072, -3.056563535292002 ] ] } },
{ "type": "Feature", "properties": { "id": 47, "pagina": 16, "classe": "Logradouros", "metodo": "EIXO_TRACO", "comp_m": 5.1912169708551366, "id_layer": "p16_camadas_logradouros", "doc_fonte": "Resposta SECT_autos.pdf", "doc_pagina": 16, "doc_folha": 109, "doc_escala": "1:2.000", "doc_metodo": "Reconstituição Vetorial Afim", "doc_rms_m": 0.12 }, "geometry": { "type": "LineString", "coordinates": [ [ -59.946956941836781, -3.056527414076897 ], [ -59.946939342515826, -3.056525104450918 ], [ -59.946917042028353, -3.05651927051031 ], [ -59.946911177753847, -3.056519286692535 ] ] } },
{ "type": "Feature", "properties": { "id": 48, "pagina": 16, "classe": "Logradouros", "metodo": "EIXO_TRACO", "comp_m": 3.7557849555523259, "id_layer": "p16_camadas_logradouros", "doc_fonte": "Resposta SECT_autos.pdf", "doc_pagina": 16, "doc_folha": 109, "doc_escala": "1:2.000", "doc_metodo": "Reconstituição Vetorial Afim", "doc_rms_m": 0.12 }, "geometry": { "type": "LineString", "coordinates": [ [ -59.944412724779127, -3.059834727932977 ], [ -59.944406863722996, -3.059835923208284 ], [ -59.944391649024311, -3.059847756184871 ], [ -59.944383445495255, -3.059850137023853 ] ] } },
{ "type": "Feature", "properties": { "id": 49, "pagina": 16, "classe": "Logradouros", "metodo": "EIXO_TRACO", "comp_m": 37.924157003862881, "id_layer": "p16_camadas_logradouros", "doc_fonte": "Resposta SECT_autos.pdf", "doc_pagina": 16, "doc_folha": 109, "doc_escala": "1:2.000", "doc_metodo": "Reconstituição Vetorial Afim", "doc_rms_m": 0.12 }, "geometry": { "type": "LineString", "coordinates": [ [ -59.94345211641317, -3.058547444247604 ], [ -59.943455657726368, -3.058555688175591 ], [ -59.943672162331623, -3.058808597322899 ] ] } },
{ "type": "Feature", "properties": { "id": 50, "pagina": 16, "classe": "Logradouros", "metodo": "EIXO_TRACO", "comp_m": 60.53419596029152, "id_layer": "p16_camadas_logradouros", "doc_fonte": "Resposta SECT_autos.pdf", "doc_pagina": 16, "doc_folha": 109, "doc_escala": "1:2.000", "doc_metodo": "Reconstituição Vetorial Afim", "doc_rms_m": 0.12 }, "geometry": { "type": "LineString", "coordinates": [ [ -59.947680605588779, -3.060357475033048 ], [ -59.947681768685669, -3.060353934534334 ], [ -59.947708705379405, -3.060339710953898 ], [ -59.947815259761327, -3.060275745359768 ], [ -59.947918308566067, -3.06021650583374 ], [ -59.947941723421891, -3.060201112892559 ], [ -59.947955778191982, -3.060193999481826 ], [ -59.948020177987424, -3.060154911379331 ], [ -59.948100978257649, -3.060108703383727 ], [ -59.94813727501451, -3.060086200274268 ], [ -59.948144302397331, -3.06008264356897 ], [ -59.948148993827175, -3.060082630602702 ] ] } },
{ "type": "Feature", "properties": { "id": 51, "pagina": 16, "classe": "Logradouros", "metodo": "EIXO_TRACO", "comp_m": 64.158401862715266, "id_layer": "p16_camadas_logradouros", "doc_fonte": "Resposta SECT_autos.pdf", "doc_pagina": 16, "doc_folha": 109, "doc_escala": "1:2.000", "doc_metodo": "Reconstituição Vetorial Afim", "doc_rms_m": 0.12 }, "geometry": { "type": "LineString", "coordinates": [ [ -59.945409633454716, -3.056418489427145 ], [ -59.945409682162165, -3.056436175751682 ], [ -59.945408512552923, -3.056437358074686 ], [ -59.945407398145797, -3.056458584898875 ], [ -59.945406228536555, -3.056459767221901 ], [ -59.945406254514147, -3.056469199928346 ], [ -59.945403941273312, -3.056480997280885 ], [ -59.94540397049829, -3.05649160907564 ], [ -59.945401657257626, -3.056503406428258 ], [ -59.945401686482775, -3.05651401822303 ], [ -59.945399373242275, -3.056525815575692 ], [ -59.945399402467615, -3.0565364273705 ], [ -59.945398232858366, -3.056537609693607 ], [ -59.945397118452803, -3.056558836518031 ], [ -59.945395948843554, -3.056560018841162 ], [ -59.945395974821892, -3.056569451547676 ], [ -59.945393661581775, -3.056581248900491 ], [ -59.945393690807585, -3.056591860695343 ], [ -59.945391377567631, -3.05660365804822 ], [ -59.94539140679364, -3.056614269843072 ], [ -59.945390237184355, -3.056615452166276 ], [ -59.945389122780028, -3.056636678990897 ], [ -59.945387953170751, -3.056637861314107 ], [ -59.945387979149679, -3.056647294020676 ], [ -59.945385665910109, -3.056659091373708 ], [ -59.945385695136594, -3.056669703168619 ], [ -59.94538338189718, -3.056681500521712 ], [ -59.945383411123856, -3.056692112316625 ], [ -59.945381097884592, -3.056703909669779 ], [ -59.94538112711146, -3.056714521464726 ], [ -59.945379957502155, -3.056715703788017 ], [ -59.945379983481665, -3.056725136494641 ], [ -59.945377670242642, -3.056736933847887 ], [ -59.945377699469788, -3.056747545642843 ], [ -59.945375386230921, -3.056759342996168 ], [ -59.945375415458258, -3.056769954791142 ], [ -59.945373102219541, -3.056781752144512 ], [ -59.94537313144707, -3.05679236393952 ], [ -59.945371961837736, -3.056793546262892 ], [ -59.945371987817843, -3.05680297896957 ], [ -59.945369674579368, -3.056814776323031 ], [ -59.945369703807167, -3.056825388118049 ], [ -59.945367390568855, -3.056837185471589 ], [ -59.945367419796845, -3.056847797266624 ], [ -59.94536510655869, -3.056859594620209 ], [ -59.945365135786865, -3.056870206415279 ], [ -59.945362822548859, -3.056882003768925 ], [ -59.94536285177724, -3.056892615563995 ], [ -59.945361682167885, -3.05689379788747 ], [ -59.945361708148745, -3.056903230594218 ], [ -59.94535939491098, -3.056915027947956 ], [ -59.945359424139632, -3.056925639743069 ], [ -59.945358254530277, -3.056926822066579 ], [ -59.945352562371284, -3.056989329925034 ] ] } },
{ "type": "Feature", "properties": { "id": 52, "pagina": 16, "classe": "Logradouros", "metodo": "EIXO_TRACO", "comp_m": 0.26099739034543701, "id_layer": "p16_camadas_logradouros", "doc_fonte": "Resposta SECT_autos.pdf", "doc_pagina": 16, "doc_folha": 109, "doc_escala": "1:2.000", "doc_metodo": "Reconstituição Vetorial Afim", "doc_rms_m": 0.12 }, "geometry": { "type": "LineString", "coordinates": [ [ -59.945409633454716, -3.056418489427145 ], [ -59.945411979167496, -3.05641848295777 ] ] } },
{ "type": "Feature", "properties": { "id": 53, "pagina": 16, "classe": "Logradouros", "metodo": "EIXO_TRACO", "comp_m": 39.330658896230069, "id_layer": "p16_camadas_logradouros", "doc_fonte": "Resposta SECT_autos.pdf", "doc_pagina": 16, "doc_folha": 109, "doc_escala": "1:2.000", "doc_metodo": "Reconstituição Vetorial Afim", "doc_rms_m": 0.12 }, "geometry": { "type": "LineString", "coordinates": [ [ -59.945409633454716, -3.056418489427145 ], [ -59.945393210218064, -3.056417355624333 ], [ -59.945392034114526, -3.056416179770665 ], [ -59.945375610877655, -3.05641504596753 ], [ -59.945356835433543, -3.056411560456613 ], [ -59.94534862543847, -3.056411583098936 ], [ -59.945347449334946, -3.056410407245182 ], [ -59.94533102609757, -3.056409273441212 ], [ -59.945312250652947, -3.056405787929289 ], [ -59.945304040657597, -3.056405810571226 ], [ -59.94530286455408, -3.056404634717369 ], [ -59.945286441316185, -3.056403500912582 ], [ -59.945277051970159, -3.05640116861194 ], [ -59.945259455875437, -3.056400038041188 ], [ -59.945258279771934, -3.056398862187228 ], [ -59.945241856533514, -3.056397728381622 ], [ -59.945232467187274, -3.056395396080445 ], [ -59.945214871091991, -3.056394265508819 ], [ -59.94521369498851, -3.056393089654757 ], [ -59.945197271749571, -3.056391955848333 ], [ -59.945187882403104, -3.056389623546621 ], [ -59.94517028630726, -3.056388492974106 ], [ -59.945169110203793, -3.05638731711994 ], [ -59.945152686964327, -3.056386183312699 ], [ -59.945143297617648, -3.056383851010468 ], [ -59.945125701521242, -3.056382720437079 ], [ -59.945124525417789, -3.056381544582811 ], [ -59.945108102177819, -3.056380410774752 ], [ -59.945098712830919, -3.056378078471969 ], [ -59.945081116733952, -3.056376947897724 ], [ -59.945071727386917, -3.056374615594617 ], [ -59.945062344533305, -3.056374641468743 ] ] } },
{ "type": "Feature", "properties": { "id": 54, "pagina": 16, "classe": "Logradouros", "metodo": "EIXO_TRACO", "comp_m": 170.71435631532322, "id_layer": "p16_camadas_logradouros", "doc_fonte": "Resposta SECT_autos.pdf", "doc_pagina": 16, "doc_folha": 109, "doc_escala": "1:2.000", "doc_metodo": "Reconstituição Vetorial Afim", "doc_rms_m": 0.12 }, "geometry": { "type": "LineString", "coordinates": [ [ -59.945235909489128, -3.058496538199292 ], [ -59.945234726882845, -3.058493004170647 ], [ -59.945235896492512, -3.058491821845521 ], [ -59.945236991372056, -3.058463520486259 ], [ -59.945238160981724, -3.058462338161147 ], [ -59.945238128490566, -3.058450547276745 ], [ -59.945239298100226, -3.058449364951663 ], [ -59.945239268858295, -3.058438753155699 ], [ -59.945240438467955, -3.058437570830629 ], [ -59.945240399478855, -3.058423421769377 ], [ -59.945241569088516, -3.058422239444305 ], [ -59.945242663969594, -3.058393938085219 ], [ -59.945243833579241, -3.058392755760178 ], [ -59.945243797839716, -3.058379785787399 ], [ -59.945244967449362, -3.058378603462373 ], [ -59.945249454196684, -3.058304307944919 ], [ -59.945250623806317, -3.058303125619987 ], [ -59.945250588067751, -3.058290155647248 ], [ -59.945251757677383, -3.058288973322332 ], [ -59.945252842814625, -3.058257134698264 ], [ -59.94525401242425, -3.058255952373381 ], [ -59.945256241180886, -3.058213498717128 ], [ -59.945257410790504, -3.058212316392289 ], [ -59.945257375052904, -3.058199346419609 ], [ -59.945258544662522, -3.058198164094786 ], [ -59.945258508925072, -3.058185194122114 ], [ -59.945259678534683, -3.058184011797306 ], [ -59.945259642797396, -3.058171041824646 ], [ -59.945260812407007, -3.058169859499852 ], [ -59.945260776669862, -3.0581568895272 ], [ -59.945261946279466, -3.058155707202421 ], [ -59.945261910542463, -3.05814273722978 ], [ -59.945263080152074, -3.058141554905016 ], [ -59.945268700786336, -3.058053107092085 ], [ -59.945269870395919, -3.058051924767413 ], [ -59.945269834660031, -3.058038954794839 ], [ -59.945271004269614, -3.058037772470182 ], [ -59.945270968533883, -3.058024802497618 ], [ -59.945272138143466, -3.058023620172975 ], [ -59.945272102407884, -3.058010650200421 ], [ -59.945273272017459, -3.058009467875793 ], [ -59.945273233033362, -3.057995318814831 ], [ -59.94527440264293, -3.057994136490219 ], [ -59.945274366907668, -3.057981166517685 ], [ -59.945275536517244, -3.057979984193087 ], [ -59.945275500782117, -3.057967014220562 ], [ -59.945276670391692, -3.057965831895979 ], [ -59.945276634656722, -3.057952861923464 ], [ -59.945277804266276, -3.057951679598895 ], [ -59.945277765282853, -3.057937530537977 ], [ -59.945278934892414, -3.057936348213424 ], [ -59.945278899157763, -3.057923378240929 ], [ -59.945280068767318, -3.057922195916391 ], [ -59.945280033032823, -3.057909225943906 ], [ -59.945281202642377, -3.057908043619381 ], [ -59.945281166908018, -3.057895073646907 ], [ -59.945282336517579, -3.057893891322397 ], [ -59.945282297534817, -3.05787974226152 ], [ -59.945283467144371, -3.057878559937028 ], [ -59.945283431410331, -3.057865589964572 ], [ -59.945284601019878, -3.057864407640093 ], [ -59.945284565285988, -3.057851437667646 ], [ -59.945285734895535, -3.057850255343183 ], [ -59.945285699161801, -3.057837285370747 ], [ -59.945286868771348, -3.057836103046298 ], [ -59.945286829789261, -3.057821953985465 ], [ -59.945287999398808, -3.057820771661031 ], [ -59.945287963665386, -3.057807801688615 ], [ -59.945289133274919, -3.057806619364194 ], [ -59.945289097541639, -3.057793649391788 ], [ -59.945290267151186, -3.057792467067384 ], [ -59.945290231418063, -3.057779497094987 ], [ -59.945291401027596, -3.057778314770597 ], [ -59.945291362046184, -3.057764165709806 ], [ -59.945292531655703, -3.057762983385432 ], [ -59.945292495922892, -3.057750013413055 ], [ -59.945293665532425, -3.057748831088695 ], [ -59.945293629799771, -3.057735861116328 ], [ -59.945294799409297, -3.057734678791983 ], [ -59.945294763676792, -3.057721708819626 ], [ -59.94529593328631, -3.057720526495279 ], [ -59.945295894305573, -3.057706377434548 ], [ -59.945297063915078, -3.057705195110233 ], [ -59.9452970281829, -3.057692225137894 ], [ -59.945298197792404, -3.057691042813595 ], [ -59.945298162060375, -3.057678072841266 ], [ -59.945299331669879, -3.057676890516965 ], [ -59.945299295937993, -3.057663920544663 ], [ -59.945300465547497, -3.057662738220376 ], [ -59.945300426567435, -3.057648589159687 ], [ -59.94530159617694, -3.057647406835432 ], [ -59.945301560445365, -3.057634436863133 ], [ -59.945302730054863, -3.057633254538877 ], [ -59.945302694323445, -3.057620284566604 ], [ -59.945303863932935, -3.057619102242362 ], [ -59.945303828201666, -3.057606132270099 ], [ -59.945304997811164, -3.057604949945872 ], [ -59.945304958831777, -3.057590800885226 ], [ -59.945306128441253, -3.057589618561015 ], [ -59.945306092710304, -3.057576648588772 ], [ -59.945307262319801, -3.057575466264574 ], [ -59.945307226588994, -3.05756249629234 ], [ -59.94530839619847, -3.057561313968159 ], [ -59.94530836046782, -3.057548343995918 ], [ -59.94530953007731, -3.057547161671767 ], [ -59.945309491098584, -3.057533012611164 ], [ -59.945310660708067, -3.057531830287012 ], [ -59.945310624977729, -3.057518860314808 ], [ -59.945311794587198, -3.057517677990671 ], [ -59.945311758857009, -3.057504708018459 ], [ -59.945312928466493, -3.057503525694353 ], [ -59.945312892736446, -3.057490555722152 ], [ -59.945314062345915, -3.057489373398061 ], [ -59.94531855239152, -3.057416256975854 ], [ -59.945319722000974, -3.057415074651822 ], [ -59.945319686271887, -3.057402104679696 ], [ -59.945320855881342, -3.057400922355679 ], [ -59.945320820152389, -3.057387952383563 ], [ -59.945321989761844, -3.057386770059561 ], [ -59.945321950784987, -3.057372620999075 ], [ -59.945323120394441, -3.057371438675105 ], [ -59.945323084665809, -3.057358468702992 ], [ -59.945324254275256, -3.05735728637902 ], [ -59.945326483061145, -3.057314832726513 ], [ -59.945327652670592, -3.057313650402586 ], [ -59.945332145973872, -3.057241713070092 ], [ -59.945333315583291, -3.057240530746259 ], [ -59.945333279856058, -3.057227560774233 ], [ -59.945334449465477, -3.057226378450397 ], [ -59.945334410490489, -3.057212229390028 ], [ -59.945335580099908, -3.057211047066223 ], [ -59.945340073408786, -3.05713910973449 ], [ -59.945341243018191, -3.057137927410761 ], [ -59.945341207292053, -3.057124957438803 ], [ -59.945342376901458, -3.05712377511509 ], [ -59.945342337927656, -3.057109626054778 ], [ -59.945343507537061, -3.057108443731081 ], [ -59.945343471811235, -3.057095473759143 ], [ -59.945344641420625, -3.05709429143546 ], [ -59.945345736331056, -3.057065990079583 ], [ -59.945346905940447, -3.05706480775593 ], [ -59.945348000851524, -3.057036506400124 ], [ -59.945349170460915, -3.057035324076502 ], [ -59.945350265372653, -3.057007022720768 ], [ -59.945351434982022, -3.057005840397175 ], [ -59.945351399257291, -3.056992870425305 ], [ -59.945352565618983, -3.056990509013372 ] ] } },
{ "type": "Feature", "properties": { "id": 55, "pagina": 16, "classe": "Logradouros", "metodo": "EIXO_TRACO", "comp_m": 92.771680492862785, "id_layer": "p16_camadas_logradouros", "doc_fonte": "Resposta SECT_autos.pdf", "doc_pagina": 16, "doc_folha": 109, "doc_escala": "1:2.000", "doc_metodo": "Reconstituição Vetorial Afim", "doc_rms_m": 0.12 }, "geometry": { "type": "LineString", "coordinates": [ [ -59.9488137418249, -3.056584780576399 ], [ -59.948819609340717, -3.056585943468055 ], [ -59.948934448137912, -3.056549074457783 ], [ -59.948941485254615, -3.056549055025592 ], [ -59.948942661358551, -3.056550230871437 ], [ -59.948946235186654, -3.056570265592273 ], [ -59.948948587394611, -3.056572617283857 ], [ -59.949014231385689, -3.05655946598378 ], [ -59.949016570588633, -3.056557101337283 ], [ -59.949016557583704, -3.05655238499949 ], [ -59.948998746964556, -3.056473434921516 ], [ -59.948998727457806, -3.056466360414683 ], [ -59.948999897059316, -3.05646517809154 ], [ -59.949201442368349, -3.056397413217615 ], [ -59.949297482950705, -3.056348805179218 ], [ -59.949302171108116, -3.056347613139538 ], [ -59.94937354601732, -3.0562861031933 ], [ -59.949378230922768, -3.056283732069572 ], [ -59.949400459838039, -3.056263626101431 ], [ -59.949444930671227, -3.05622813050217 ] ] } },
{ "type": "Feature", "properties": { "id": 56, "pagina": 16, "classe": "Logradouros", "metodo": "EIXO_TRACO", "comp_m": 101.81080603460808, "id_layer": "p16_camadas_logradouros", "doc_fonte": "Resposta SECT_autos.pdf", "doc_pagina": 16, "doc_folha": 109, "doc_escala": "1:2.000", "doc_metodo": "Reconstituição Vetorial Afim", "doc_rms_m": 0.12 }, "geometry": { "type": "LineString", "coordinates": [ [ -59.949163516158109, -3.059655352601016 ], [ -59.949163529176793, -3.059660068937909 ], [ -59.949169432512662, -3.059674201737354 ], [ -59.949177684815417, -3.059689507136251 ], [ -59.94917769132487, -3.059691865304683 ], [ -59.949272073134786, -3.059892050216045 ], [ -59.949287417915677, -3.059927380584778 ], [ -59.94929567022465, -3.059942685979181 ], [ -59.949295676734884, -3.05994504414735 ], [ -59.949311008497965, -3.059975658177974 ], [ -59.949318094462399, -3.059993324982364 ], [ -59.949326346772985, -3.060008630375598 ], [ -59.949326353283425, -3.060010988543699 ], [ -59.949334605594444, -3.060026293936618 ], [ -59.949341691560242, -3.060043960740137 ], [ -59.949349943872065, -3.060059266132489 ], [ -59.949349950382668, -3.06006162430052 ], [ -59.949428994020437, -3.060228836943998 ], [ -59.949436079991706, -3.060246503744045 ], [ -59.949452591136961, -3.06027947268905 ], [ -59.949459677109608, -3.06029713948821 ], [ -59.949476188257492, -3.060330108431365 ], [ -59.949483274231497, -3.060347775229653 ], [ -59.949499785382031, -3.060380744170958 ], [ -59.949499791893629, -3.060383102338671 ], [ -59.949515123677919, -3.060413716354435 ], [ -59.949522209654191, -3.060431383151285 ], [ -59.949530461975513, -3.060446688536761 ], [ -59.949530468487318, -3.060449046704391 ], [ -59.949538720809073, -3.060464352089537 ], [ -59.949546986155049, -3.060484373809603 ], [ -59.949549338379803, -3.060486725490127 ] ] } },
{ "type": "Feature", "properties": { "id": 57, "pagina": 16, "classe": "Logradouros", "metodo": "EIXO_TRACO", "comp_m": 56.368463665709378, "id_layer": "p16_camadas_logradouros", "doc_fonte": "Resposta SECT_autos.pdf", "doc_pagina": 16, "doc_folha": 109, "doc_escala": "1:2.000", "doc_metodo": "Reconstituição Vetorial Afim", "doc_rms_m": 0.12 }, "geometry": { "type": "LineString", "coordinates": [ [ -59.949163516158109, -3.059655352601016 ], [ -59.949167034725853, -3.059655342874307 ], [ -59.94919164191694, -3.059647021197673 ], [ -59.949195153975189, -3.059644653302517 ], [ -59.949232652815247, -3.059632758708131 ], [ -59.949236164873255, -3.059630390812973 ], [ -59.949443565038294, -3.059559071872458 ], [ -59.949447077095094, -3.059556703977286 ], [ -59.949477545298727, -3.059547187002255 ], [ -59.949481057355335, -3.059544819107081 ], [ -59.949515040868818, -3.059534113320394 ], [ -59.949518552925213, -3.059531745425218 ], [ -59.949620496945407, -3.059497269895036 ], [ -59.949624009001177, -3.059494901999852 ], [ -59.94963455493339, -3.059491335565502 ], [ -59.949641592064815, -3.05949131611001 ] ] } },
{ "type": "Feature", "properties": { "id": 58, "pagina": 16, "classe": "Logradouros", "metodo": "EIXO_TRACO", "comp_m": 10.18369747815251, "id_layer": "p16_camadas_logradouros", "doc_fonte": "Resposta SECT_autos.pdf", "doc_pagina": 16, "doc_folha": 109, "doc_escala": "1:2.000", "doc_metodo": "Reconstituição Vetorial Afim", "doc_rms_m": 0.12 }, "geometry": { "type": "LineString", "coordinates": [ [ -59.944470877014865, -3.058805214692312 ], [ -59.944470883512153, -3.058807572870822 ], [ -59.944428787248633, -3.058853673855039 ], [ -59.9444124126885, -3.058870226411861 ], [ -59.944408897356823, -3.058871415209716 ] ] } },
{ "type": "Feature", "properties": { "id": 59, "pagina": 16, "classe": "Logradouros", "metodo": "EIXO_TRACO", "comp_m": 21.067216752499856, "id_layer": "p16_camadas_logradouros", "doc_fonte": "Resposta SECT_autos.pdf", "doc_pagina": 16, "doc_folha": 109, "doc_escala": "1:2.000", "doc_metodo": "Reconstituição Vetorial Afim", "doc_rms_m": 0.12 }, "geometry": { "type": "LineString", "coordinates": [ [ -59.943447766202645, -3.056967463163665 ], [ -59.943448958535285, -3.056974534472831 ], [ -59.943458396583331, -3.056994553144071 ], [ -59.943465505142129, -3.057020473733076 ], [ -59.943466752651908, -3.057047589578133 ], [ -59.943467928756732, -3.057048765435285 ], [ -59.943466759143305, -3.057049947758861 ], [ -59.943466791600343, -3.057061738662445 ], [ -59.943465621986917, -3.057062920986035 ], [ -59.943465651198366, -3.057073532799282 ], [ -59.943464481584925, -3.057074715122882 ], [ -59.943464514042212, -3.057086506026486 ], [ -59.943462184552537, -3.057092407944821 ], [ -59.943456404646057, -3.057123080460694 ], [ -59.943449416177195, -3.057140786216033 ], [ -59.943448269284175, -3.057150222172339 ] ] } },
{ "type": "Feature", "properties": { "id": 60, "pagina": 16, "classe": "Logradouros", "metodo": "EIXO_TRACO", "comp_m": 121.9092588321713, "id_layer": "p16_camadas_logradouros", "doc_fonte": "Resposta SECT_autos.pdf", "doc_pagina": 16, "doc_folha": 109, "doc_escala": "1:2.000", "doc_metodo": "Reconstituição Vetorial Afim", "doc_rms_m": 0.12 }, "geometry": { "type": "LineString", "coordinates": [ [ -59.950102929724395, -3.060486373480857 ], [ -59.950098218761696, -3.06047931195816 ], [ -59.950098212248569, -3.060476953791728 ], [ -59.950091139291644, -3.060464003341083 ], [ -59.950076973839671, -3.060431027939726 ], [ -59.950068721514988, -3.060415722565916 ], [ -59.950068715002061, -3.060413364399436 ], [ -59.950025065340945, -3.060321515930915 ], [ -59.950025058828324, -3.060319157764337 ], [ -59.949967250253074, -3.060196692044023 ], [ -59.949967243740836, -3.060194333877316 ], [ -59.949909435189518, -3.060071868140708 ], [ -59.949909428677671, -3.060069509973872 ], [ -59.94985162015027, -3.059947044220987 ], [ -59.949851613638813, -3.059944686054004 ], [ -59.949793805135336, -3.059822220284827 ], [ -59.94979379862427, -3.059819862117716 ], [ -59.949786725680994, -3.059806911657154 ], [ -59.949786719169971, -3.059804553490028 ], [ -59.949779646227014, -3.059791603029236 ], [ -59.949779639716034, -3.059789244862111 ], [ -59.949772566773383, -3.059776294401072 ], [ -59.949772560262467, -3.059773936233931 ], [ -59.949765487320136, -3.059760985772661 ], [ -59.949751321903946, -3.05972801034791 ], [ -59.949743069596465, -3.059712704961681 ], [ -59.949743063085741, -3.059710346794458 ], [ -59.949728910693352, -3.05968208770256 ], [ -59.949726542195499, -3.059673840602941 ], [ -59.949708851707257, -3.059638516736512 ], [ -59.94970884519676, -3.059636158569229 ], [ -59.949701772257292, -3.059623208105883 ], [ -59.949701765746845, -3.059620849938583 ], [ -59.949679354544003, -3.059574927287888 ], [ -59.949679348033712, -3.059572569120522 ], [ -59.949656936834351, -3.059526646467413 ], [ -59.949641592064815, -3.05949131611001 ] ] } },
{ "type": "Feature", "properties": { "id": 61, "pagina": 16, "classe": "Logradouros", "metodo": "EIXO_TRACO", "comp_m": 2.1751814187433971, "id_layer": "p16_camadas_logradouros", "doc_fonte": "Resposta SECT_autos.pdf", "doc_pagina": 16, "doc_folha": 109, "doc_escala": "1:2.000", "doc_metodo": "Reconstituição Vetorial Afim", "doc_rms_m": 0.12 }, "geometry": { "type": "LineString", "coordinates": [ [ -59.945401485297943, -3.059846147572383 ], [ -59.945396784105199, -3.059842623260857 ], [ -59.945392069909531, -3.059834382596295 ], [ -59.945388544827715, -3.059832034134623 ] ] } },
{ "type": "Feature", "properties": { "id": 62, "pagina": 16, "classe": "Logradouros", "metodo": "EIXO_TRACO", "comp_m": 19.802734115333859, "id_layer": "p16_camadas_logradouros", "doc_fonte": "Resposta SECT_autos.pdf", "doc_pagina": 16, "doc_folha": 109, "doc_escala": "1:2.000", "doc_metodo": "Reconstituição Vetorial Afim", "doc_rms_m": 0.12 }, "geometry": { "type": "LineString", "coordinates": [ [ -59.943809078492116, -3.058696205237412 ], [ -59.943804390297672, -3.058697397268716 ], [ -59.943797369373272, -3.058703312130549 ], [ -59.943678023387939, -3.058807402056249 ], [ -59.943672162331623, -3.058808597322899 ] ] } },
{ "type": "Feature", "properties": { "id": 63, "pagina": 16, "classe": "Logradouros", "metodo": "EIXO_TRACO", "comp_m": 25.961919453909498, "id_layer": "p16_camadas_logradouros", "doc_fonte": "Resposta SECT_autos.pdf", "doc_pagina": 16, "doc_folha": 109, "doc_escala": "1:2.000", "doc_metodo": "Reconstituição Vetorial Afim", "doc_rms_m": 0.12 }, "geometry": { "type": "LineString", "coordinates": [ [ -59.943809078492116, -3.058696205237412 ], [ -59.943811437204474, -3.05870091512656 ], [ -59.943834965868206, -3.05872679039785 ], [ -59.943940867606969, -3.058851482727245 ], [ -59.943956163516596, -3.058869127010706 ], [ -59.943962037563999, -3.058872648101649 ] ] } },
{ "type": "Feature", "properties": { "id": 64, "pagina": 16, "classe": "Logradouros", "metodo": "EIXO_TRACO", "comp_m": 359.07020402534886, "id_layer": "p16_camadas_logradouros", "doc_fonte": "Resposta SECT_autos.pdf", "doc_pagina": 16, "doc_folha": 109, "doc_escala": "1:2.000", "doc_metodo": "Reconstituição Vetorial Afim", "doc_rms_m": 0.12 }, "geometry": { "type": "LineString", "coordinates": [ [ -59.945639223677375, -3.058866840660516 ], [ -59.945629814807148, -3.05885743385659 ], [ -59.945555635465261, -3.058752698976646 ], [ -59.945460273195245, -3.058622082404978 ], [ -59.945446130650858, -3.058597360397241 ], [ -59.945440227363541, -3.058583227523711 ], [ -59.945440217615136, -3.058579690259048 ], [ -59.945433121972854, -3.05855848609291 ], [ -59.94543306998203, -3.05853962068123 ], [ -59.945436549565073, -3.058525461911636 ], [ -59.945444704335692, -3.058505394753277 ], [ -59.945473912071584, -3.058464045742983 ], [ -59.945514854889318, -3.058425022541184 ], [ -59.945555813950897, -3.058391894781174 ], [ -59.945640090778994, -3.058330349141884 ], [ -59.945717388936174, -3.058290046509927 ], [ -59.945719734652364, -3.058290040035903 ], [ -59.945784154108381, -3.058258026626337 ], [ -59.945807588521198, -3.058249708270355 ], [ -59.945856790061995, -3.058228348732565 ], [ -59.945867339283716, -3.058225961423131 ], [ -59.945882570187976, -3.05822002390192 ], [ -59.945886088761483, -3.058220014190593 ], [ -59.945938818618572, -3.058202182203641 ], [ -59.945942337191845, -3.058202172492168 ], [ -59.945954052770865, -3.058197423769802 ], [ -59.945957571344074, -3.058197414058294 ], [ -59.945969286922825, -3.058192665335878 ], [ -59.945972805495984, -3.058192655624334 ], [ -59.945984521074472, -3.058187906901847 ], [ -59.945996243152074, -3.058185516354617 ], [ -59.945999755225792, -3.058183148467747 ], [ -59.946024362488949, -3.058174826872987 ], [ -59.94602788106188, -3.058174817161337 ], [ -59.946054830789564, -3.058165310004259 ], [ -59.946058349362367, -3.058165300292521 ], [ -59.946081783765933, -3.058156981934513 ], [ -59.946112255313857, -3.058148644152642 ], [ -59.94612748621271, -3.058142706630296 ], [ -59.946131004785201, -3.05814269691839 ], [ -59.94617670397907, -3.058127242525829 ], [ -59.946180222551348, -3.058127232813811 ], [ -59.946191938126297, -3.058122484090634 ], [ -59.946225924991886, -3.058112957507857 ], [ -59.946241155888231, -3.058107019984981 ], [ -59.946244674460239, -3.058107010272815 ], [ -59.946256390034094, -3.058102261549418 ], [ -59.946290376896656, -3.058092734965755 ], [ -59.946305607791587, -3.058086797442578 ], [ -59.946324360507759, -3.058082029294296 ], [ -59.946447396758572, -3.05804042130436 ], [ -59.946450915329699, -3.058040411591742 ], [ -59.946483722826109, -3.058028530068758 ], [ -59.946487241397094, -3.058028520356041 ], [ -59.946625511757368, -3.057982153921692 ], [ -59.946629030327749, -3.057982144208673 ], [ -59.946723940717547, -3.057948867520179 ], [ -59.946727452787094, -3.057946499633204 ], [ -59.946747375098802, -3.057940549157069 ], [ -59.946750887168221, -3.057938181270094 ], [ -59.946767294159748, -3.057933419593949 ], [ -59.946770806229033, -3.057931051706972 ], [ -59.946790728539526, -3.057925101230536 ], [ -59.946794240608689, -3.057922733343557 ], [ -59.946810647599207, -3.05791797166716 ], [ -59.946814159668257, -3.05791560378018 ], [ -59.946830566658321, -3.057910842103666 ], [ -59.94683407872725, -3.057908474216687 ], [ -59.946850485716851, -3.057903712540074 ], [ -59.946853997785659, -3.057901344653075 ], [ -59.946870404774806, -3.057896582976346 ], [ -59.946873916843501, -3.057894215089365 ], [ -59.946890323832172, -3.057889453412502 ], [ -59.946893835900767, -3.05788708552552 ], [ -59.946910242888983, -3.057882323848542 ], [ -59.946913754957443, -3.057879955961557 ], [ -59.946930161945204, -3.057875194284463 ], [ -59.946933674013565, -3.057872826397479 ], [ -59.94695008100085, -3.057868064720267 ], [ -59.94695359306909, -3.057865696833283 ], [ -59.946970000055927, -3.057860935155972 ], [ -59.946973512124046, -3.057858567268987 ], [ -59.946989919110422, -3.057853805591543 ], [ -59.946993431178427, -3.057851437704557 ], [ -59.947009838164341, -3.057846676026996 ], [ -59.947013350232233, -3.05784430814001 ], [ -59.947029757217685, -3.057839546462334 ], [ -59.947033269285463, -3.057837178575346 ], [ -59.947105918107475, -3.057812217003055 ], [ -59.947109430174812, -3.057809849116064 ], [ -59.94712583715804, -3.057805087437845 ], [ -59.947148095419102, -3.057795593223553 ], [ -59.947199655575822, -3.057778943538967 ], [ -59.947367143167639, -3.057694765359704 ], [ -59.947369488879019, -3.057694758883332 ], [ -59.947417507697139, -3.05766986530775 ], [ -59.947419853408363, -3.057669858831321 ], [ -59.947431562460366, -3.057662751932375 ], [ -59.94743390817154, -3.05766274545593 ], [ -59.947499497062182, -3.057629549704016 ], [ -59.947501842773143, -3.057629543227492 ], [ -59.947628335613651, -3.057565522848322 ], [ -59.947630681324206, -3.057565516371652 ], [ -59.947688069960321, -3.057535880545371 ], [ -59.947690415670685, -3.057535874068631 ], [ -59.947747804301272, -3.057506238242235 ], [ -59.947750150011444, -3.057506231765427 ], [ -59.947807538636496, -3.057476595938949 ], [ -59.947809884346483, -3.057476589462072 ], [ -59.947867272966, -3.057446953635478 ], [ -59.947869618675789, -3.057446947158534 ], [ -59.947927007289785, -3.057417311331856 ], [ -59.947929352999388, -3.057417304854844 ], [ -59.947959801709942, -3.05740071345532 ], [ -59.947962147419439, -3.05740070697827 ], [ -59.947977371774094, -3.057392411278516 ], [ -59.947983236047676, -3.05739239508582 ] ] } },
{ "type": "Feature", "properties": { "id": 65, "pagina": 16, "classe": "Logradouros", "metodo": "EIXO_TRACO", "comp_m": 83.156117482021003, "id_layer": "p16_camadas_logradouros", "doc_fonte": "Resposta SECT_autos.pdf", "doc_pagina": 16, "doc_folha": 109, "doc_escala": "1:2.000", "doc_metodo": "Reconstituição Vetorial Afim", "doc_rms_m": 0.12 }, "geometry": { "type": "LineString", "coordinates": [ [ -59.947983236047676, -3.05739239508582 ], [ -59.947982040436067, -3.057384144725605 ], [ -59.947976146903798, -3.057373549148342 ], [ -59.947944278271272, -3.057300533281853 ], [ -59.947934849922348, -3.057284051990772 ], [ -59.947927760781553, -3.057265206051424 ], [ -59.947914784612848, -3.057238122704072 ], [ -59.947907695473347, -3.057219276763941 ], [ -59.947902981299904, -3.057211036117649 ], [ -59.947895892161171, -3.057192190177057 ], [ -59.947891177988083, -3.057183949530505 ], [ -59.94788408885011, -3.057165103589453 ], [ -59.947871112685633, -3.057138020239286 ], [ -59.94779674503328, -3.056964898636008 ], [ -59.947783768877208, -3.056937815280212 ], [ -59.947753073147865, -3.056864796144517 ], [ -59.947740096996021, -3.056837712785907 ], [ -59.947709401277812, -3.056764693643203 ], [ -59.947688163150517, -3.056718767570624 ], [ -59.947685794692276, -3.05671052044455 ], [ -59.947681093525297, -3.056706996136892 ] ] } },
{ "type": "Feature", "properties": { "id": 66, "pagina": 16, "classe": "Logradouros", "metodo": "EIXO_TRACO", "comp_m": 278.85799495986737, "id_layer": "p16_camadas_logradouros", "doc_fonte": "Resposta SECT_autos.pdf", "doc_pagina": 16, "doc_folha": 109, "doc_escala": "1:2.000", "doc_metodo": "Reconstituição Vetorial Afim", "doc_rms_m": 0.12 }, "geometry": { "type": "LineString", "coordinates": [ [ -59.947983236047676, -3.05739239508582 ], [ -59.947985585008098, -3.057393567694275 ], [ -59.947991481791718, -3.0574053423568 ], [ -59.948018629756923, -3.057467759400859 ], [ -59.948130723984661, -3.057711522394959 ], [ -59.948135451170771, -3.057724479377808 ], [ -59.948188545048239, -3.057838704893765 ], [ -59.948206251683253, -3.057879924290107 ], [ -59.948212145224119, -3.057890519861118 ], [ -59.948233393190385, -3.057939983133987 ], [ -59.948239286732267, -3.057950578704241 ], [ -59.948265255390901, -3.058010640783186 ], [ -59.948277048981232, -3.058034190092254 ], [ -59.94828177617363, -3.058047147071299 ], [ -59.948287669717331, -3.058057742640251 ], [ -59.948287676221391, -3.058060100810638 ], [ -59.948304190502732, -3.058094248926548 ], [ -59.948330159174645, -3.058154310996887 ], [ -59.94836909430515, -3.058237919127738 ], [ -59.948369100809764, -3.058240277297943 ], [ -59.948406856591319, -3.058321530491176 ], [ -59.948422204536335, -3.058358040007646 ], [ -59.948433998139528, -3.058381589307811 ], [ -59.948434004644589, -3.058383947477872 ], [ -59.948471760444285, -3.058465200658945 ], [ -59.94848710839733, -3.058501710170284 ], [ -59.948498902005859, -3.058525259466768 ], [ -59.948503629207806, -3.058538216440037 ], [ -59.948509522759856, -3.058548812002944 ], [ -59.948509529265422, -3.058551170172836 ], [ -59.948536664329197, -3.058608870805613 ], [ -59.948562633048645, -3.058668932845125 ], [ -59.948601568246069, -3.058752540931163 ], [ -59.948601574752274, -3.058754899100865 ], [ -59.948639330598837, -3.058836152250585 ], [ -59.94865467857263, -3.058872661748615 ], [ -59.948666472194894, -3.058896211035593 ], [ -59.948666478701547, -3.058898569205134 ], [ -59.94870423456625, -3.05897982234271 ], [ -59.948719582548087, -3.059016331835608 ], [ -59.948731376175687, -3.059039881118904 ], [ -59.94873138268278, -3.0590422392883 ], [ -59.948769138565638, -3.059123492413732 ], [ -59.948784486555503, -3.059160001901482 ], [ -59.948796280188418, -3.059183551181095 ], [ -59.948796286695959, -3.059185909350346 ], [ -59.948834042596971, -3.059267162463633 ], [ -59.948860011377235, -3.059327224463709 ], [ -59.948865904942664, -3.059337820016904 ], [ -59.948865911450689, -3.059340178186001 ], [ -59.948898946660272, -3.059410832492413 ], [ -59.948924915453809, -3.059470894483881 ], [ -59.94898509233942, -3.059601607522306 ], [ -59.948989819562335, -3.059614564482932 ], [ -59.94900161321209, -3.059638113750879 ], [ -59.9490075230553, -3.059654604722206 ], [ -59.949018140595904, -3.059676978146858 ], [ -59.94901815686859, -3.059682873568773 ] ] } },
{ "type": "Feature", "properties": { "id": 67, "pagina": 16, "classe": "Logradouros", "metodo": "EIXO_TRACO", "comp_m": 20.186620217163359, "id_layer": "p16_camadas_logradouros", "doc_fonte": "Resposta SECT_autos.pdf", "doc_pagina": 16, "doc_folha": 109, "doc_escala": "1:2.000", "doc_metodo": "Reconstituição Vetorial Afim", "doc_rms_m": 0.12 }, "geometry": { "type": "LineString", "coordinates": [ [ -59.950295619530941, -3.058910573538206 ], [ -59.950292110734559, -3.058914120515382 ], [ -59.950283904012238, -3.058915322297215 ], [ -59.950233513608133, -3.058930789811557 ], [ -59.950225306885194, -3.058931991593126 ], [ -59.950183119945471, -3.058945078241776 ], [ -59.950153818123489, -3.058952233805494 ], [ -59.950132726279357, -3.058959366670909 ], [ -59.950122173847078, -3.058960574937105 ] ] } },
{ "type": "Feature", "properties": { "id": 68, "pagina": 16, "classe": "Logradouros", "metodo": "EIXO_TRACO", "comp_m": 86.354766754988574, "id_layer": "p16_camadas_logradouros", "doc_fonte": "Resposta SECT_autos.pdf", "doc_pagina": 16, "doc_folha": 109, "doc_escala": "1:2.000", "doc_metodo": "Reconstituição Vetorial Afim", "doc_rms_m": 0.12 }, "geometry": { "type": "LineString", "coordinates": [ [ -59.943999173176898, -3.056599243297523 ], [ -59.944000355772395, -3.0566027773336 ], [ -59.944007412395777, -3.056609832472321 ], [ -59.944221417900863, -3.056807331027743 ], [ -59.944257825195088, -3.056824917122318 ], [ -59.944260170911186, -3.056824910654611 ], [ -59.944264872082371, -3.056828434987722 ], [ -59.944267217798455, -3.056828428519994 ], [ -59.944289534564717, -3.056840157971171 ], [ -59.94429188028078, -3.056840151503346 ], [ -59.944328290821908, -3.056858916682761 ], [ -59.944330636537927, -3.056858910214828 ], [ -59.944372917862353, -3.056880017400285 ], [ -59.944382307219243, -3.05688234970672 ], [ -59.944418675555667, -3.056885786718599 ], [ -59.944428064912337, -3.05688811902447 ], [ -59.944464433247617, -3.056891556034457 ], [ -59.94447382260406, -3.056893888339795 ], [ -59.944519577047721, -3.056898478563435 ], [ -59.944528966403887, -3.056900810868115 ], [ -59.944537176408751, -3.056900788228467 ], [ -59.944538352513298, -3.056901964083445 ], [ -59.944546562518113, -3.056901941443718 ], [ -59.94454773862266, -3.056903117298674 ], [ -59.944555948627411, -3.056903094658867 ], [ -59.944557124731972, -3.056904270513818 ], [ -59.944565334736645, -3.056904247873929 ], [ -59.94457472409259, -3.056906580178059 ], [ -59.94458293409717, -3.056906557538018 ], [ -59.944584110201724, -3.05690773339289 ], [ -59.94459232020624, -3.056907710752769 ], [ -59.944593496310809, -3.056908886607621 ], [ -59.944601706315254, -3.056908863967418 ], [ -59.944602882419822, -3.056910039822247 ], [ -59.944611092424225, -3.056910017181965 ], [ -59.944612268528793, -3.056911193036789 ], [ -59.94462047853311, -3.056911170396425 ], [ -59.944621654637693, -3.056912346251213 ], [ -59.944669758039041, -3.056918109087401 ] ] } },
{ "type": "Feature", "properties": { "id": 69, "pagina": 16, "classe": "Logradouros", "metodo": "EIXO_TRACO", "comp_m": 80.254101007153409, "id_layer": "p16_camadas_logradouros", "doc_fonte": "Resposta SECT_autos.pdf", "doc_pagina": 16, "doc_folha": 109, "doc_escala": "1:2.000", "doc_metodo": "Reconstituição Vetorial Afim", "doc_rms_m": 0.12 }, "geometry": { "type": "LineString", "coordinates": [ [ -59.943999173176898, -3.056599243297523 ], [ -59.943989787066442, -3.056598090074317 ], [ -59.943965134326021, -3.056589904344871 ], [ -59.943961615751711, -3.05658991404472 ], [ -59.943956917827784, -3.056587568798137 ], [ -59.943953399253445, -3.056587578497934 ], [ -59.943948701329511, -3.056585233251288 ], [ -59.943945182755158, -3.056585242951068 ], [ -59.943940484831231, -3.056582897704359 ], [ -59.943936966256857, -3.056582907404087 ], [ -59.943932268332915, -3.056580562157313 ], [ -59.943928749758527, -3.056580571857025 ], [ -59.943924051834585, -3.056578226610188 ], [ -59.943920533260183, -3.056578236309847 ], [ -59.943836019313601, -3.056553708209015 ], [ -59.943459679214143, -3.056182150176029 ], [ -59.943446742081598, -3.056169215736828 ], [ -59.943445556244427, -3.056164502607499 ] ] } },
{ "type": "Feature", "properties": { "id": 70, "pagina": 16, "classe": "Logradouros", "metodo": "EIXO_TRACO", "comp_m": 58.318756583907479, "id_layer": "p16_camadas_logradouros", "doc_fonte": "Resposta SECT_autos.pdf", "doc_pagina": 16, "doc_folha": 109, "doc_escala": "1:2.000", "doc_metodo": "Reconstituição Vetorial Afim", "doc_rms_m": 0.12 }, "geometry": { "type": "LineString", "coordinates": [ [ -59.943999173176898, -3.056599243297523 ], [ -59.944368770527632, -3.056225629247058 ] ] } },
{ "type": "Feature", "properties": { "id": 71, "pagina": 16, "classe": "Logradouros", "metodo": "EIXO_TRACO", "comp_m": 8.8720854765337034, "id_layer": "p16_camadas_logradouros", "doc_fonte": "Resposta SECT_autos.pdf", "doc_pagina": 16, "doc_folha": 109, "doc_escala": "1:2.000", "doc_metodo": "Reconstituição Vetorial Afim", "doc_rms_m": 0.12 }, "geometry": { "type": "LineString", "coordinates": [ [ -59.949700362730695, -3.06081173738947 ], [ -59.94966968609959, -3.060745793049191 ], [ -59.949666157760767, -3.060742265530024 ], [ -59.949663812047632, -3.06074227201789 ] ] } },
{ "type": "Feature", "properties": { "id": 72, "pagina": 16, "classe": "Logradouros", "metodo": "EIXO_TRACO", "comp_m": 8.6743171408854529, "id_layer": "p16_camadas_logradouros", "doc_fonte": "Resposta SECT_autos.pdf", "doc_pagina": 16, "doc_folha": 109, "doc_escala": "1:2.000", "doc_metodo": "Reconstituição Vetorial Afim", "doc_rms_m": 0.12 }, "geometry": { "type": "LineString", "coordinates": [ [ -59.950218573065392, -3.060740737493777 ], [ -59.950222101404236, -3.060744265009376 ], [ -59.950222107918194, -3.060746623175515 ], [ -59.950249239943275, -3.060803144536577 ], [ -59.950249246457417, -3.060805502702672 ], [ -59.950252778053773, -3.060810209300889 ] ] } },
{ "type": "Feature", "properties": { "id": 73, "pagina": 16, "classe": "Logradouros", "metodo": "EIXO_TRACO", "comp_m": 66.171504453224856, "id_layer": "p16_camadas_logradouros", "doc_fonte": "Resposta SECT_autos.pdf", "doc_pagina": 16, "doc_folha": 109, "doc_escala": "1:2.000", "doc_metodo": "Reconstituição Vetorial Afim", "doc_rms_m": 0.12 }, "geometry": { "type": "LineString", "coordinates": [ [ -59.950154575535045, -3.058376834723644 ], [ -59.950152382786221, -3.058432258117934 ], [ -59.950151213187134, -3.058433440443152 ], [ -59.950151258749663, -3.058449947607942 ], [ -59.950150089150576, -3.058451129933179 ], [ -59.950150137967839, -3.058468816181185 ], [ -59.950148968368751, -3.058469998506441 ], [ -59.950149017186298, -3.05848768475446 ], [ -59.95014784758721, -3.058488867079734 ], [ -59.950147896405035, -3.058506553327764 ], [ -59.950146726805933, -3.05850773565306 ], [ -59.950146775624034, -3.058525421901102 ], [ -59.950145606024947, -3.058526604226416 ], [ -59.950145654843332, -3.058544290474469 ], [ -59.95014448524423, -3.058545472799803 ], [ -59.9501445340629, -3.058563159047869 ], [ -59.950143364463798, -3.058564341373222 ], [ -59.950143413282746, -3.058582027621299 ], [ -59.950142243683644, -3.058583209946672 ], [ -59.950142292502868, -3.058600896194744 ], [ -59.950141122903752, -3.058602078520153 ], [ -59.950141171723274, -3.058619764768237 ], [ -59.950140002124158, -3.058620947093666 ], [ -59.950140050943943, -3.058638633341761 ], [ -59.950138881344827, -3.058639815667209 ], [ -59.950138930164904, -3.058657501915317 ], [ -59.950137760565781, -3.058658684240785 ], [ -59.950137809386135, -3.058676370488903 ], [ -59.950136639787011, -3.058677552814374 ], [ -59.95013668860765, -3.058695239062521 ], [ -59.950135519008519, -3.058696421388011 ], [ -59.950135567829435, -3.05871410763617 ], [ -59.950134398230311, -3.05871528996168 ], [ -59.950134447051497, -3.058732976209851 ], [ -59.950133277452373, -3.05873415853538 ], [ -59.950133326273843, -3.058751844783562 ], [ -59.950132156674705, -3.058753027109111 ], [ -59.950132205496466, -3.058770713357305 ], [ -59.950131035897329, -3.058771895682874 ], [ -59.950131084719359, -3.05878958193108 ], [ -59.950129915120222, -3.058790764256667 ], [ -59.950129963942537, -3.058808450504885 ], [ -59.950128794343399, -3.058809632830493 ], [ -59.950128843165999, -3.058827319078722 ], [ -59.950127673566861, -3.058828501404348 ], [ -59.95012772238973, -3.058846187652589 ], [ -59.950126552790579, -3.058847369978236 ], [ -59.950126601613739, -3.058865056226489 ], [ -59.950125432014588, -3.058866238552155 ], [ -59.950125480838032, -3.058883924800419 ], [ -59.950124311238874, -3.058885107126105 ], [ -59.950124360062595, -3.058902793374364 ], [ -59.950123190463437, -3.058903975700086 ], [ -59.950123239287443, -3.058921661948357 ], [ -59.950122069688277, -3.058922844274098 ], [ -59.950122118512553, -3.058940530522381 ], [ -59.950120948913387, -3.058941712848142 ], [ -59.950120997737955, -3.058959399096437 ], [ -59.950122173847078, -3.058960574937105 ] ] } },
{ "type": "Feature", "properties": { "id": 74, "pagina": 16, "classe": "Logradouros", "metodo": "EIXO_TRACO", "comp_m": 5.9156502891541418, "id_layer": "p16_camadas_logradouros", "doc_fonte": "Resposta SECT_autos.pdf", "doc_pagina": 16, "doc_folha": 109, "doc_escala": "1:2.000", "doc_metodo": "Reconstituição Vetorial Afim", "doc_rms_m": 0.12 }, "geometry": { "type": "LineString", "coordinates": [ [ -59.950136064819375, -3.059318980561971 ], [ -59.950138400762278, -3.059315436826503 ], [ -59.95018175731348, -3.059301167838946 ], [ -59.950184096511563, -3.059298803186692 ] ] } },
{ "type": "Feature", "properties": { "id": 75, "pagina": 16, "classe": "Logradouros", "metodo": "EIXO_TRACO", "comp_m": 58.439565650128053, "id_layer": "p16_camadas_logradouros", "doc_fonte": "Resposta SECT_autos.pdf", "doc_pagina": 16, "doc_folha": 109, "doc_escala": "1:2.000", "doc_metodo": "Reconstituição Vetorial Afim", "doc_rms_m": 0.12 }, "geometry": { "type": "LineString", "coordinates": [ [ -59.950136064819375, -3.059318980561971 ], [ -59.950130200546752, -3.059318996776682 ], [ -59.950098562772133, -3.059329696084681 ], [ -59.950095050719092, -3.059332063979897 ], [ -59.949989591459428, -3.059367728337475 ], [ -59.949986079405761, -3.059370096232684 ], [ -59.949948580605891, -3.059381990836668 ], [ -59.94994506855199, -3.059384358731874 ], [ -59.949870074201101, -3.059409327021763 ], [ -59.949866562146745, -3.059411694916964 ], [ -59.949832578650216, -3.059422400707752 ], [ -59.949829066595662, -3.059424768602951 ], [ -59.949795083097321, -3.059435474393287 ], [ -59.949791571042539, -3.059437842288499 ], [ -59.949675565805485, -3.059477073070333 ], [ -59.949672053750014, -3.059479440965521 ], [ -59.949645100865446, -3.059487769131116 ], [ -59.949641592064815, -3.05949131611001 ] ] } },
{ "type": "Feature", "properties": { "id": 76, "pagina": 16, "classe": "Logradouros", "metodo": "EIXO_TRACO", "comp_m": 43.398825493832383, "id_layer": "p16_camadas_logradouros", "doc_fonte": "Resposta SECT_autos.pdf", "doc_pagina": 16, "doc_folha": 109, "doc_escala": "1:2.000", "doc_metodo": "Reconstituição Vetorial Afim", "doc_rms_m": 0.12 }, "geometry": { "type": "LineString", "coordinates": [ [ -59.949444930671227, -3.05622813050217 ], [ -59.949450807936167, -3.056232830643569 ], [ -59.949482611496926, -3.056282264718508 ], [ -59.949495561640106, -3.056299915348506 ], [ -59.949512069358001, -3.056331705267813 ], [ -59.949526208612525, -3.056355248076807 ], [ -59.94955688485507, -3.056421192556049 ], [ -59.949563970742474, -3.056438859378635 ], [ -59.94956634896365, -3.056450643738776 ], [ -59.949569883778338, -3.056456529440243 ], [ -59.949578184791697, -3.05648952111309 ], [ -59.949590017369992, -3.056527219402573 ], [ -59.949591212984913, -3.05653546975005 ], [ -59.949600677098154, -3.056564920930545 ], [ -59.949603048817465, -3.056574347122256 ], [ -59.949603068328869, -3.056581421625205 ] ] } },
{ "type": "Feature", "properties": { "id": 77, "pagina": 16, "classe": "Logradouros", "metodo": "EIXO_TRACO", "comp_m": 49.358178952485929, "id_layer": "p16_camadas_logradouros", "doc_fonte": "Resposta SECT_autos.pdf", "doc_pagina": 16, "doc_folha": 109, "doc_escala": "1:2.000", "doc_metodo": "Reconstituição Vetorial Afim", "doc_rms_m": 0.12 }, "geometry": { "type": "LineString", "coordinates": [ [ -59.944765479649107, -3.055901462685692 ], [ -59.944766655751515, -3.055902638541255 ], [ -59.944766681718818, -3.05591207125325 ], [ -59.944765512108219, -3.055913253575691 ], [ -59.944765541321523, -3.055923865376699 ], [ -59.944764371710924, -3.055925047699153 ], [ -59.944764400924335, -3.055935659500153 ], [ -59.944763231313715, -3.055936841822635 ], [ -59.944758702185808, -3.05599580920681 ], [ -59.944757532575196, -3.055996991529338 ], [ -59.944757561789217, -3.056007603330389 ], [ -59.94475639217859, -3.056008785652928 ], [ -59.944756421392718, -3.056019397454006 ], [ -59.944755251782098, -3.056020579776558 ], [ -59.944755280996318, -3.056031191577643 ], [ -59.944754111385691, -3.056032373900207 ], [ -59.944754140600011, -3.056042985701285 ], [ -59.944752970989384, -3.056044168023861 ], [ -59.944753000203811, -3.056054779824964 ], [ -59.944751830593169, -3.056055962147552 ], [ -59.944751859807702, -3.056066573948665 ], [ -59.944750690197061, -3.056067756271265 ], [ -59.944750719411687, -3.056078368072368 ], [ -59.944749549801053, -3.056079550394981 ], [ -59.944749579015777, -3.056090162196109 ], [ -59.944748409405143, -3.056091344518733 ], [ -59.944748438619975, -3.056101956319872 ], [ -59.944747269009319, -3.056103138642508 ], [ -59.944743880283838, -3.056150311904117 ], [ -59.944742710673182, -3.056151494226804 ], [ -59.944742739888525, -3.056162106027984 ], [ -59.944741570277863, -3.056163288350684 ], [ -59.944741599493305, -3.056173900151856 ], [ -59.94474042988265, -3.056175082474583 ], [ -59.944740459098199, -3.056185694275764 ], [ -59.944739289487529, -3.056186876598487 ], [ -59.944739318703178, -3.056197488399693 ], [ -59.944738149092501, -3.056198670722428 ], [ -59.944738178308249, -3.056209282523626 ], [ -59.944737008697587, -3.056210464846391 ], [ -59.944737037913434, -3.056221076647597 ], [ -59.944735868302757, -3.056222258970357 ], [ -59.944735897518711, -3.056232870771588 ], [ -59.944734727908035, -3.056234053094361 ], [ -59.944734757124074, -3.056244664895584 ], [ -59.944733587513397, -3.056245847218385 ], [ -59.94473361672955, -3.056256459019618 ], [ -59.944732447118859, -3.056257641342415 ], [ -59.944732476335119, -3.056268253143672 ], [ -59.944731306724428, -3.05626943546648 ], [ -59.944731335940787, -3.056280047267729 ], [ -59.944730166330096, -3.056281229590567 ], [ -59.944725620985302, -3.056334301532263 ] ] } },
{ "type": "Feature", "properties": { "id": 78, "pagina": 16, "classe": "Logradouros", "metodo": "EIXO_TRACO", "comp_m": 13.108722225962129, "id_layer": "p16_camadas_logradouros", "doc_fonte": "Resposta SECT_autos.pdf", "doc_pagina": 16, "doc_folha": 109, "doc_escala": "1:2.000", "doc_metodo": "Reconstituição Vetorial Afim", "doc_rms_m": 0.12 }, "geometry": { "type": "LineString", "coordinates": [ [ -59.950295416757704, -3.059261943524338 ], [ -59.950291904705793, -3.05926431141957 ], [ -59.950263782246047, -3.059273821917077 ], [ -59.950260263683028, -3.059273831646188 ], [ -59.950220425699882, -3.059288090905851 ], [ -59.950216907136685, -3.059288100634866 ], [ -59.950191130382819, -3.059297604645676 ], [ -59.950184096511563, -3.059298803186692 ] ] } },
{ "type": "Feature", "properties": { "id": 79, "pagina": 16, "classe": "Logradouros", "metodo": "EIXO_TRACO", "comp_m": 37.70874021829534, "id_layer": "p16_camadas_logradouros", "doc_fonte": "Resposta SECT_autos.pdf", "doc_pagina": 16, "doc_folha": 109, "doc_escala": "1:2.000", "doc_metodo": "Reconstituição Vetorial Afim", "doc_rms_m": 0.12 }, "geometry": { "type": "LineString", "coordinates": [ [ -59.945018203884743, -3.056956058340359 ], [ -59.945019379989418, -3.056957234194237 ], [ -59.945034627135314, -3.056957192141364 ], [ -59.945035803239996, -3.056958367995205 ], [ -59.945103845202226, -3.056964075814965 ], [ -59.945105021306922, -3.056965251668649 ], [ -59.945126135985596, -3.056966372528283 ], [ -59.945127312090293, -3.056967548381916 ], [ -59.945136694948502, -3.056967522502204 ], [ -59.945148430016054, -3.0569698483296 ], [ -59.945182449371089, -3.056972112691605 ], [ -59.945194184438321, -3.056974438518352 ], [ -59.945204740153223, -3.056974409402955 ], [ -59.945205916257954, -3.05697558525641 ], [ -59.945237589897189, -3.056977856086466 ], [ -59.945249324964017, -3.056980181912429 ], [ -59.945259880678456, -3.056980152796433 ], [ -59.945271615745135, -3.05698247862208 ], [ -59.945282171459382, -3.056982449505842 ], [ -59.945283347564128, -3.05698362535912 ], [ -59.945315021201573, -3.056985896186487 ], [ -59.945326756267853, -3.056988222011351 ], [ -59.945352562371284, -3.056989329925034 ] ] } },
{ "type": "Feature", "properties": { "id": 80, "pagina": 16, "classe": "Logradouros", "metodo": "EIXO_TRACO", "comp_m": 118.30476414393661, "id_layer": "p16_camadas_logradouros", "doc_fonte": "Resposta SECT_autos.pdf", "doc_pagina": 16, "doc_folha": 109, "doc_escala": "1:2.000", "doc_metodo": "Reconstituição Vetorial Afim", "doc_rms_m": 0.12 }, "geometry": { "type": "LineString", "coordinates": [ [ -59.945018203884743, -3.056956058340359 ], [ -59.945017034274649, -3.056957240663889 ], [ -59.945012456500926, -3.056998521708149 ], [ -59.945011286890818, -3.056999704031739 ], [ -59.945011306374838, -3.057006778564019 ], [ -59.945010136764729, -3.057007960887602 ], [ -59.945010156248784, -3.057015035419887 ], [ -59.945008986638662, -3.057016217743494 ], [ -59.945009006122767, -3.057023292275787 ], [ -59.945007836512666, -3.057024474599386 ], [ -59.945007855996806, -3.057031549131701 ], [ -59.945006686386684, -3.057032731455309 ], [ -59.945006705870881, -3.057039805987614 ], [ -59.945003236009022, -3.057057502023132 ], [ -59.945003258740741, -3.057065755644181 ], [ -59.945002089130611, -3.057066937967841 ], [ -59.945002108614979, -3.05707401250017 ], [ -59.945000939004849, -3.057075194823821 ], [ -59.945000958489274, -3.057082269356157 ], [ -59.944999788879144, -3.057083451679834 ], [ -59.944999808363612, -3.057090526212177 ], [ -59.944998638753475, -3.057091708535845 ], [ -59.944998658237985, -3.057098783068209 ], [ -59.944997488627855, -3.057099965391886 ], [ -59.944997508112401, -3.057107039924241 ], [ -59.94499403825121, -3.057124735960067 ], [ -59.944994060983355, -3.057132989581175 ], [ -59.944992891373204, -3.057134171904904 ], [ -59.944992910857955, -3.057141246437284 ], [ -59.944991741247797, -3.057142428761005 ], [ -59.944991760732592, -3.05714950329339 ], [ -59.944990591122419, -3.057150685617136 ], [ -59.944990610607263, -3.057157760149528 ], [ -59.944989440997091, -3.057158942473265 ], [ -59.94498946048197, -3.05716601700568 ], [ -59.944988290871819, -3.057167199329426 ], [ -59.944988310356734, -3.057174273861831 ], [ -59.944987140746576, -3.057175456185585 ], [ -59.944987160231534, -3.057182530718013 ], [ -59.944983690371096, -3.057200226754186 ], [ -59.94498371310371, -3.05720848037536 ], [ -59.944982543493545, -3.057209662699149 ], [ -59.944982562978694, -3.057216737231585 ], [ -59.944981393368508, -3.0572179195554 ], [ -59.944981412853707, -3.057224994087841 ], [ -59.944980243243528, -3.057226176411649 ], [ -59.944980262728777, -3.057233250944114 ], [ -59.94497909311859, -3.057234433267929 ], [ -59.944979112603882, -3.057241507800383 ], [ -59.944977942993688, -3.057242690124208 ], [ -59.944977962479022, -3.057249764656685 ], [ -59.944974492619245, -3.057267460693166 ], [ -59.944974515352293, -3.057275714314397 ], [ -59.944973345742092, -3.057276896638256 ], [ -59.944973365227618, -3.057283971170758 ], [ -59.94497219561741, -3.057285153494626 ], [ -59.944972215102979, -3.057292228027118 ], [ -59.944971045492771, -3.057293410350995 ], [ -59.944971064978375, -3.057300484883509 ], [ -59.944969895368168, -3.057301667207394 ], [ -59.944969914853822, -3.057308741739899 ], [ -59.944968745243614, -3.057309924063792 ], [ -59.94496876472931, -3.057316998596319 ], [ -59.944965294870194, -3.057334694633108 ], [ -59.944965317603675, -3.057342948254397 ], [ -59.94496414799346, -3.057344130578325 ], [ -59.944964167479327, -3.057351205110879 ], [ -59.944962997869112, -3.057352387434815 ], [ -59.944963017355043, -3.057359461967357 ], [ -59.944961847744814, -3.057360644291303 ], [ -59.944961867230788, -3.057367718823868 ], [ -59.944960697620566, -3.057368901147821 ], [ -59.944960717106582, -3.057375975680376 ], [ -59.944959547496346, -3.057377158004339 ], [ -59.944959566982412, -3.057384232536916 ], [ -59.944958397372176, -3.057385414860887 ], [ -59.944958416858277, -3.057392489393453 ], [ -59.944957247248048, -3.057393671717433 ], [ -59.9449572667342, -3.057400746250024 ], [ -59.944956097123963, -3.057401928574011 ], [ -59.944956116610157, -3.057409003106591 ], [ -59.944954946999921, -3.057410185430604 ], [ -59.944954966486151, -3.057417259963191 ], [ -59.944953796875922, -3.057418442287196 ], [ -59.944953816362201, -3.057425516819787 ], [ -59.94495264675195, -3.057426699143817 ], [ -59.944952666238279, -3.057433773676415 ], [ -59.944951496628036, -3.057434956000438 ], [ -59.944951516114408, -3.057442030533043 ], [ -59.944948046256521, -3.057459726570421 ], [ -59.944948068990797, -3.057467980191821 ], [ -59.94494689938054, -3.057469162515877 ], [ -59.944946918867096, -3.057476237048507 ], [ -59.944945749256824, -3.05747741937259 ], [ -59.944945768743437, -3.057484493905226 ], [ -59.944944599133166, -3.0574856762293 ], [ -59.944944618619814, -3.057492750761943 ], [ -59.944943449009557, -3.057493933086042 ], [ -59.944943468496241, -3.05750100761869 ], [ -59.944942298885969, -3.057502189942781 ], [ -59.944942318372718, -3.057509264475436 ], [ -59.944941148762439, -3.057510446799553 ], [ -59.944941168249223, -3.057517521332214 ], [ -59.944939998638958, -3.057518703656322 ], [ -59.944940018125784, -3.057525778189006 ], [ -59.944936548268721, -3.057543474226752 ], [ -59.944936571003517, -3.057551727848224 ], [ -59.944935401393238, -3.057552910172367 ], [ -59.944935420880256, -3.057559984705059 ], [ -59.944934251269956, -3.057561167029228 ], [ -59.94493427075701, -3.057568241561926 ], [ -59.944933101146731, -3.057569423886088 ], [ -59.944933120633834, -3.057576498418792 ], [ -59.944931951023541, -3.057577680742978 ], [ -59.94493197051068, -3.057584755275688 ], [ -59.944930800900387, -3.057585937599866 ], [ -59.944930820387583, -3.0575930121326 ], [ -59.944929650777276, -3.057594194456787 ], [ -59.944929670264521, -3.057601268989509 ], [ -59.944926200408212, -3.057618965027601 ], [ -59.944926223143476, -3.057627218649139 ], [ -59.944925053533169, -3.057628400973377 ], [ -59.944925073020592, -3.057635475506125 ], [ -59.944923903410285, -3.057636657830355 ], [ -59.94492392289775, -3.05764373236311 ], [ -59.944922753287436, -3.057644914687365 ], [ -59.944922772774952, -3.057651989220126 ], [ -59.94492160316463, -3.057653171544374 ], [ -59.944921622652195, -3.057660246077156 ], [ -59.94492045304186, -3.057661428401412 ], [ -59.944920472529475, -3.057668502934185 ], [ -59.944919302919139, -3.057669685258449 ], [ -59.944919322406797, -3.057676759791245 ], [ -59.944918152796461, -3.057677942115517 ], [ -59.944918172284154, -3.057685016648303 ], [ -59.944917002673833, -3.057686198972585 ], [ -59.944917022161562, -3.057693273505393 ], [ -59.944915852551226, -3.057694455829683 ], [ -59.944915872039019, -3.057701530362481 ], [ -59.944914702428669, -3.057702712686796 ], [ -59.944914721916504, -3.0577097872196 ], [ -59.944913552306168, -3.057710969543907 ], [ -59.944913571794039, -3.057718044076717 ], [ -59.944912402183689, -3.05771922640105 ], [ -59.94491242167161, -3.057726300933866 ], [ -59.944911252061267, -3.05772748325819 ], [ -59.944911271549238, -3.057734557791013 ], [ -59.944910101938888, -3.057735740115362 ], [ -59.944910121426886, -3.057742814648192 ], [ -59.944908951816537, -3.057743996972532 ], [ -59.944908971304585, -3.057751071505368 ], [ -59.944905501449753, -3.057768767544166 ], [ -59.944905524185977, -3.057777021165835 ], [ -59.944904354575613, -3.057778203490211 ], [ -59.944904374063853, -3.057785278023071 ], [ -59.944903204453496, -3.057786460347472 ], [ -59.944903223941772, -3.057793534880339 ], [ -59.944902054331415, -3.057794717204732 ], [ -59.94490207381974, -3.057801791737605 ], [ -59.944900904209369, -3.057802974062024 ], [ -59.94490092369773, -3.057810048594903 ], [ -59.944897453843488, -3.057827744633953 ], [ -59.944895270532029, -3.057886705546136 ], [ -59.944894100921644, -3.057887887870624 ], [ -59.944893070982431, -3.057939771014384 ], [ -59.944891901372046, -3.057940953338928 ], [ -59.944889679087041, -3.057985765185638 ] ] } },
{ "type": "Feature", "properties": { "id": 81, "pagina": 16, "classe": "Logradouros", "metodo": "EIXO_TRACO", "comp_m": 38.225486196775037, "id_layer": "p16_camadas_logradouros", "doc_fonte": "Resposta SECT_autos.pdf", "doc_pagina": 16, "doc_folha": 109, "doc_escala": "1:2.000", "doc_metodo": "Reconstituição Vetorial Afim", "doc_rms_m": 0.12 }, "geometry": { "type": "LineString", "coordinates": [ [ -59.950184096511563, -3.059298803186692 ], [ -59.950176955212697, -3.059261091983627 ], [ -59.950176938935904, -3.05925519656785 ], [ -59.950174573695008, -3.059248128554754 ], [ -59.9501745574183, -3.059242233138981 ], [ -59.950172192177511, -3.059235165125819 ], [ -59.950172175900896, -3.059229269710031 ], [ -59.950168621529329, -3.059216309523897 ], [ -59.950168605252813, -3.059210414108072 ], [ -59.950165050881552, -3.059197453921819 ], [ -59.950165034605178, -3.059191558505989 ], [ -59.950161480234215, -3.059178598319602 ], [ -59.950161463957954, -3.059172702903751 ], [ -59.950149572654254, -3.059113781172586 ], [ -59.950149556378392, -3.059107885756647 ], [ -59.950147191138861, -3.059100817742985 ], [ -59.950147174863091, -3.059094922327048 ], [ -59.950144809623687, -3.059087854313337 ], [ -59.950144793347988, -3.059081958897369 ], [ -59.950141238978844, -3.059068998710321 ], [ -59.950138841188661, -3.059050139864511 ], [ -59.950123382506128, -3.05897354160996 ], [ -59.950122173847078, -3.058960574937105 ] ] } },
{ "type": "Feature", "properties": { "id": 82, "pagina": 16, "classe": "Logradouros", "metodo": "EIXO_TRACO", "comp_m": 65.549858334214335, "id_layer": "p16_camadas_logradouros", "doc_fonte": "Resposta SECT_autos.pdf", "doc_pagina": 16, "doc_folha": 109, "doc_escala": "1:2.000", "doc_metodo": "Reconstituição Vetorial Afim", "doc_rms_m": 0.12 }, "geometry": { "type": "LineString", "coordinates": [ [ -59.947681093525297, -3.056706996136892 ], [ -59.947651759168046, -3.056702360729986 ], [ -59.947632980499321, -3.056697696185282 ], [ -59.947620075851752, -3.056696552710918 ], [ -59.947590734993845, -3.056689559129866 ], [ -59.947584870721997, -3.056689575316689 ], [ -59.947536754443853, -3.056679096273137 ], [ -59.947530890171777, -3.056679112459609 ], [ -59.947482773892375, -3.05666863341267 ], [ -59.947476909620072, -3.056668649598774 ], [ -59.947388896788169, -3.056651206093886 ], [ -59.947264463720309, -3.056611460284938 ], [ -59.947260945156415, -3.056611469995717 ], [ -59.947245681799323, -3.056605616643906 ], [ -59.947242163235387, -3.056605626354588 ], [ -59.947226899878238, -3.056599773002328 ], [ -59.947223381314252, -3.056599782712946 ], [ -59.947208117957068, -3.056593929360219 ], [ -59.947204599393061, -3.056593939070757 ], [ -59.947189336035819, -3.056588085717599 ], [ -59.947185817471762, -3.056588095428057 ], [ -59.947170554114486, -3.056582242074431 ], [ -59.947167035550386, -3.056582251784809 ], [ -59.94715177219306, -3.056576398430752 ], [ -59.947148253628924, -3.056576408141032 ], [ -59.947132990271562, -3.056570554786526 ], [ -59.947129471707385, -3.056570564496742 ], [ -59.947115384453873, -3.056565886991552 ], [ -59.947113032246072, -3.056563535292002 ] ] } },
{ "type": "Feature", "properties": { "id": 83, "pagina": 16, "classe": "Logradouros", "metodo": "EIXO_TRACO", "comp_m": 81.212845608913682, "id_layer": "p16_camadas_logradouros", "doc_fonte": "Resposta SECT_autos.pdf", "doc_pagina": 16, "doc_folha": 109, "doc_escala": "1:2.000", "doc_metodo": "Reconstituição Vetorial Afim", "doc_rms_m": 0.12 }, "geometry": { "type": "LineString", "coordinates": [ [ -59.947113032246072, -3.056563535292002 ], [ -59.947111833398061, -3.05655410583684 ], [ -59.947092957252423, -3.056514068682689 ], [ -59.947089409446562, -3.056503466614002 ], [ -59.94706581264434, -3.056452830625151 ], [ -59.947062264839445, -3.056442228555907 ], [ -59.947033947383474, -3.056380993730499 ], [ -59.94703039957971, -3.056370391660601 ], [ -59.947002082130552, -3.056309156830682 ], [ -59.946998534327918, -3.056298554760132 ], [ -59.94697021688556, -3.056237319925683 ], [ -59.946966669084048, -3.056226717854497 ], [ -59.946938351648512, -3.056165483015535 ], [ -59.946934803848137, -3.056154880943696 ], [ -59.946911207073278, -3.056104244936641 ], [ -59.946907659273855, -3.056093642864229 ], [ -59.946879341850938, -3.056032408016927 ], [ -59.946875794052644, -3.056021805943862 ], [ -59.946847476636535, -3.055960571092048 ], [ -59.946820325584319, -3.055896974826973 ], [ -59.946816800525056, -3.055894626360401 ] ] } },
{ "type": "Feature", "properties": { "id": 84, "pagina": 16, "classe": "Logradouros", "metodo": "EIXO_TRACO", "comp_m": 26.070527826213571, "id_layer": "p16_camadas_logradouros", "doc_fonte": "Resposta SECT_autos.pdf", "doc_pagina": 16, "doc_folha": 109, "doc_escala": "1:2.000", "doc_metodo": "Reconstituição Vetorial Afim", "doc_rms_m": 0.12 }, "geometry": { "type": "LineString", "coordinates": [ [ -59.948743798496153, -3.055889308410972 ], [ -59.948739110337286, -3.055890500446866 ], [ -59.948734428678833, -3.05589405065228 ], [ -59.948603374728179, -3.056005247256825 ], [ -59.948569453008858, -3.056038355529498 ], [ -59.948564764848562, -3.056039547565442 ] ] } },
{ "type": "Feature", "properties": { "id": 85, "pagina": 16, "classe": "Logradouros", "metodo": "EIXO_TRACO", "comp_m": 46.901155891685242, "id_layer": "p16_camadas_logradouros", "doc_fonte": "Resposta SECT_autos.pdf", "doc_pagina": 16, "doc_folha": 109, "doc_escala": "1:2.000", "doc_metodo": "Reconstituição Vetorial Afim", "doc_rms_m": 0.12 }, "geometry": { "type": "LineString", "coordinates": [ [ -59.945122183793259, -3.055957075916272 ], [ -59.945112998972938, -3.05602902619361 ], [ -59.945110675985326, -3.056037286281911 ], [ -59.945110695463889, -3.056044360813682 ], [ -59.945106072213946, -3.056069134610834 ], [ -59.945102641299563, -3.056100979705981 ], [ -59.945100318312214, -3.056109239794478 ], [ -59.945096887398648, -3.056141084889875 ], [ -59.945094564411463, -3.056149344978482 ], [ -59.945094583890629, -3.056156419510342 ], [ -59.94508996064225, -3.056181193308222 ], [ -59.945086529730155, -3.056213038404052 ], [ -59.945084206743246, -3.056221298492853 ], [ -59.945080775831975, -3.05625314358895 ], [ -59.945078452845216, -3.056261403677861 ], [ -59.945077322194869, -3.056276735064599 ], [ -59.945074992714915, -3.056282636976257 ], [ -59.945075012194806, -3.056289711508225 ], [ -59.945073842584854, -3.056290893831066 ], [ -59.945073862064788, -3.056297968363056 ], [ -59.945072692454836, -3.056299150685906 ], [ -59.945072711934813, -3.056306225217885 ], [ -59.945071542324861, -3.056307407540761 ], [ -59.94507156180488, -3.056314482072747 ], [ -59.945070392194928, -3.056315664395614 ], [ -59.945070411675005, -3.056322738927606 ], [ -59.945068088688508, -3.056330999016708 ], [ -59.945068108168655, -3.05633807354873 ], [ -59.945066938558689, -3.056339255871621 ], [ -59.945062341286572, -3.056373462380066 ] ] } },
{ "type": "Feature", "properties": { "id": 86, "pagina": 16, "classe": "Logradouros", "metodo": "EIXO_TRACO", "comp_m": 19.650484204934429, "id_layer": "p16_camadas_logradouros", "doc_fonte": "Resposta SECT_autos.pdf", "doc_pagina": 16, "doc_folha": 109, "doc_escala": "1:2.000", "doc_metodo": "Reconstituição Vetorial Afim", "doc_rms_m": 0.12 }, "geometry": { "type": "LineString", "coordinates": [ [ -59.948471696734977, -3.055890059542657 ], [ -59.948474042440097, -3.05589005306768 ], [ -59.94847875010008, -3.055895935542924 ], [ -59.948564764848562, -3.056039547565442 ] ] } },
{ "type": "Feature", "properties": { "id": 87, "pagina": 16, "classe": "Logradouros", "metodo": "EIXO_TRACO", "comp_m": 0.26100393951685102, "id_layer": "p16_camadas_logradouros", "doc_fonte": "Resposta SECT_autos.pdf", "doc_pagina": 16, "doc_folha": 109, "doc_escala": "1:2.000", "doc_metodo": "Reconstituição Vetorial Afim", "doc_rms_m": 0.12 }, "geometry": { "type": "LineString", "coordinates": [ [ -59.944725620985302, -3.056334301532263 ], [ -59.944725627477936, -3.056336659710322 ] ] } },
{ "type": "Feature", "properties": { "id": 88, "pagina": 16, "classe": "Logradouros", "metodo": "EIXO_TRACO", "comp_m": 41.818926826606578, "id_layer": "p16_camadas_logradouros", "doc_fonte": "Resposta SECT_autos.pdf", "doc_pagina": 16, "doc_folha": 109, "doc_escala": "1:2.000", "doc_metodo": "Reconstituição Vetorial Afim", "doc_rms_m": 0.12 }, "geometry": { "type": "LineString", "coordinates": [ [ -59.944725620985302, -3.056334301532263 ], [ -59.94471037059764, -3.056333164483113 ], [ -59.944630561130964, -3.056313339865287 ], [ -59.944625869702556, -3.056313352800156 ], [ -59.944610609575449, -3.056308678481723 ], [ -59.944585966591241, -3.05630403003229 ], [ -59.94456601178922, -3.056298189558345 ], [ -59.944561320360613, -3.056298202492867 ], [ -59.944546060233179, -3.056293528173045 ], [ -59.944541368804501, -3.05629354110746 ], [ -59.944530803351739, -3.056290032942107 ], [ -59.944506160366601, -3.056285384490078 ], [ -59.9443758076713, -3.056225609846994 ], [ -59.944368770527632, -3.056225629247058 ] ] } },
{ "type": "Feature", "properties": { "id": 89, "pagina": 16, "classe": "Logradouros", "metodo": "EIXO_TRACO", "comp_m": 4.2299663109954109, "id_layer": "p16_camadas_logradouros", "doc_fonte": "Resposta SECT_autos.pdf", "doc_pagina": 16, "doc_folha": 109, "doc_escala": "1:2.000", "doc_metodo": "Reconstituição Vetorial Afim", "doc_rms_m": 0.12 }, "geometry": { "type": "LineString", "coordinates": [ [ -59.94518568226561, -3.05984792248668 ], [ -59.945192716177147, -3.059846723969782 ], [ -59.945212619046735, -3.059833698949548 ], [ -59.945219652957988, -3.059832500432608 ] ] } },
{ "type": "Feature", "properties": { "id": 90, "pagina": 16, "classe": "Logradouros", "metodo": "EIXO_TRACO", "comp_m": 90.736594074818356, "id_layer": "p16_camadas_logradouros", "doc_fonte": "Resposta SECT_autos.pdf", "doc_pagina": 16, "doc_folha": 109, "doc_escala": "1:2.000", "doc_metodo": "Reconstituição Vetorial Afim", "doc_rms_m": 0.12 }, "geometry": { "type": "LineString", "coordinates": [ [ -59.948051815437161, -3.055891218481029 ], [ -59.948054161143183, -3.055891212006972 ], [ -59.948056513348178, -3.055893563703902 ], [ -59.948074197129856, -3.055926529541423 ], [ -59.948113083257688, -3.055992451500785 ], [ -59.948189711931022, -3.056134910406703 ], [ -59.948270996298895, -3.056264386398578 ], [ -59.948276873565298, -3.056269086551233 ], [ -59.948283917184632, -3.056271425295639 ], [ -59.948301506731987, -3.056270197644996 ], [ -59.948314385365506, -3.05626190843373 ], [ -59.948534364935121, -3.056073825210805 ], [ -59.948563604996728, -3.056044267142985 ], [ -59.948564764848562, -3.056039547565442 ] ] } },
{ "type": "Feature", "properties": { "id": 91, "pagina": 16, "classe": "Logradouros", "metodo": "EIXO_TRACO", "comp_m": 43.73181698385924, "id_layer": "p16_camadas_logradouros", "doc_fonte": "Resposta SECT_autos.pdf", "doc_pagina": 16, "doc_folha": 109, "doc_escala": "1:2.000", "doc_metodo": "Reconstituição Vetorial Afim", "doc_rms_m": 0.12 }, "geometry": { "type": "LineString", "coordinates": [ [ -59.946911177753847, -3.056519286692535 ], [ -59.946911200496174, -3.056527540299429 ], [ -59.94691237659999, -3.056528716149673 ], [ -59.946912396093474, -3.056535790669854 ], [ -59.946913572197317, -3.056536966520103 ], [ -59.946913591690858, -3.056544041040276 ], [ -59.946914767794716, -3.056545216890496 ], [ -59.946925541170884, -3.056624186569919 ], [ -59.946972806277444, -3.056751398462184 ], [ -59.94697516173526, -3.05675492924855 ], [ -59.946976350836465, -3.05676082144491 ], [ -59.946978706294338, -3.056764352231236 ], [ -59.946979895395621, -3.056770244427562 ], [ -59.946982250853537, -3.056773775213849 ], [ -59.946983439954899, -3.056779667410141 ], [ -59.946985795412886, -3.056783198196388 ], [ -59.946986984514304, -3.056789090392646 ], [ -59.94698933997234, -3.056792621178853 ], [ -59.946990529073837, -3.056798513375079 ], [ -59.946992884531937, -3.056802044161245 ], [ -59.946994073633512, -3.056807936357436 ], [ -59.946996429091662, -3.056811467143564 ], [ -59.946997618193315, -3.056817359339721 ], [ -59.946999973651515, -3.056820890125809 ], [ -59.947001162753246, -3.056826782321931 ], [ -59.947003518211496, -3.056830313107979 ], [ -59.947004707313297, -3.05683620530407 ], [ -59.947007062771611, -3.056839736090078 ], [ -59.947008251873491, -3.056845628286134 ], [ -59.947010607331862, -3.056849159072102 ], [ -59.94701179643382, -3.056855051268125 ], [ -59.947014151892233, -3.056858582054054 ], [ -59.94701534099427, -3.056864474250042 ], [ -59.947017696452733, -3.056868005035932 ], [ -59.947018885554847, -3.056873897231886 ], [ -59.947021241013374, -3.056877428017736 ], [ -59.947023606220142, -3.056884496063276 ], [ -59.947023625716596, -3.056891570582698 ] ] } },
{ "type": "Feature", "properties": { "id": 92, "pagina": 16, "classe": "Logradouros", "metodo": "EIXO_TRACO", "comp_m": 170.43214765216806, "id_layer": "p16_camadas_logradouros", "doc_fonte": "Resposta SECT_autos.pdf", "doc_pagina": 16, "doc_folha": 109, "doc_escala": "1:2.000", "doc_metodo": "Reconstituição Vetorial Afim", "doc_rms_m": 0.12 }, "geometry": { "type": "LineString", "coordinates": [ [ -59.946911177753847, -3.056519286692535 ], [ -59.94690647983645, -3.056516941464885 ], [ -59.946897096997169, -3.056516967356305 ], [ -59.946895920893375, -3.056515791506015 ], [ -59.946886538054002, -3.05651581739735 ], [ -59.946885361950208, -3.056514641547036 ], [ -59.946875979110779, -3.056514667438251 ], [ -59.946874803006985, -3.056513491587912 ], [ -59.946865420167462, -3.056513517479026 ], [ -59.946864244063683, -3.056512341628663 ], [ -59.946854861224082, -3.05651236751969 ], [ -59.946853685120288, -3.056511191669305 ], [ -59.946844302280617, -3.056511217560212 ], [ -59.946843126176837, -3.056510041709801 ], [ -59.946833743337073, -3.056510067600607 ], [ -59.946832567233294, -3.056508891750173 ], [ -59.946823184393452, -3.056508917640893 ], [ -59.946822008289686, -3.056507741790434 ], [ -59.946812625449766, -3.056507767681034 ], [ -59.946811449345986, -3.056506591830551 ], [ -59.946802066505995, -3.05650661772105 ], [ -59.94680089040223, -3.056505441870543 ], [ -59.946791507562146, -3.056505467760956 ], [ -59.946790331458381, -3.056504291910425 ], [ -59.946780948618219, -3.056504317800719 ], [ -59.946779772514454, -3.056503141950164 ], [ -59.946770389674221, -3.056503167840354 ], [ -59.946769213570462, -3.056501991989775 ], [ -59.946759830730144, -3.056502017879881 ], [ -59.946758654626386, -3.056500842029278 ], [ -59.94674927178599, -3.056500867919263 ], [ -59.946748095682231, -3.056499692068638 ], [ -59.946738712841757, -3.05649971795852 ], [ -59.946737536737999, -3.056498542107868 ], [ -59.946728153897446, -3.056498567997668 ], [ -59.946726977793695, -3.056497392146992 ], [ -59.946717594953064, -3.056497418036671 ], [ -59.946716418849313, -3.056496242185971 ], [ -59.946707036008604, -3.056496268075548 ], [ -59.946705859904853, -3.056495092224824 ], [ -59.946696477064059, -3.056495118114315 ], [ -59.946695300960315, -3.056493942263567 ], [ -59.946685918119442, -3.056493968152939 ], [ -59.946684742015698, -3.056492792302167 ], [ -59.946675359174755, -3.056492818191453 ], [ -59.946674183071011, -3.05649164234064 ], [ -59.946664800229975, -3.056491668229824 ], [ -59.946653065181408, -3.056489342417224 ], [ -59.946642509485052, -3.056489371542309 ], [ -59.946641333381329, -3.056488195691439 ], [ -59.946631950540045, -3.056488221580288 ], [ -59.946630774436322, -3.056487045729392 ], [ -59.946621391594967, -3.056487071618156 ], [ -59.946620215491237, -3.056485895767238 ], [ -59.946610832649796, -3.056485921655882 ], [ -59.946609656546073, -3.05648474580494 ], [ -59.946600273704554, -3.056484771693481 ], [ -59.946599097600838, -3.056483595842514 ], [ -59.946589714759241, -3.056483621730971 ], [ -59.946588538655526, -3.05648244587998 ], [ -59.946579155813843, -3.056482471768317 ], [ -59.946577979710142, -3.056481295917301 ], [ -59.946568596868374, -3.056481321805536 ], [ -59.946567420764659, -3.056480145954496 ], [ -59.946558037922827, -3.056480171842646 ], [ -59.946556861819118, -3.056478995991583 ], [ -59.946547478977209, -3.056479021879613 ], [ -59.9465463028735, -3.056477846028525 ], [ -59.946536920031498, -3.056477871916469 ], [ -59.946535743927797, -3.056476696065341 ], [ -59.946526361085716, -3.056476721953183 ], [ -59.946525184982029, -3.056475546102047 ], [ -59.946515802139871, -3.05647557198977 ], [ -59.946504067090245, -3.056473246175047 ], [ -59.946489992826741, -3.056473285006309 ], [ -59.946488816723054, -3.056472109155091 ], [ -59.946377382470899, -3.05646770021337 ], [ -59.946376206367233, -3.056466524361903 ], [ -59.946355094969597, -3.056466582606066 ], [ -59.946353918865931, -3.056465406754549 ], [ -59.94633163461242, -3.056465468234006 ], [ -59.946330458508754, -3.056464292382437 ], [ -59.946307001399333, -3.056464357097096 ], [ -59.946305825295667, -3.056463181245472 ], [ -59.946194391026836, -3.056458772282997 ], [ -59.946193214923177, -3.056457596431124 ], [ -59.946172103522237, -3.056457654671503 ], [ -59.946170927418585, -3.05645647881958 ], [ -59.946153334584153, -3.056456527352885 ], [ -59.946152158480515, -3.056455351500903 ], [ -59.946135738501447, -3.056455396798352 ], [ -59.946134562397809, -3.056454220946348 ], [ -59.94602195525767, -3.056449815199789 ], [ -59.94602077915404, -3.056448639347534 ], [ -59.945997322038373, -3.056448704055064 ], [ -59.945996145934757, -3.056447528202753 ], [ -59.945973861674418, -3.056447589674393 ], [ -59.945972685570801, -3.056446413822031 ], [ -59.945958611300888, -3.05644645264594 ], [ -59.945957435197258, -3.056445276793542 ], [ -59.945935150936194, -3.05644533826433 ], [ -59.945933974832577, -3.056444162411882 ], [ -59.945889403061379, -3.056443106264159 ], [ -59.945888226957777, -3.056441930411609 ], [ -59.945867115551309, -3.056441988645665 ], [ -59.945865939447707, -3.056440812793066 ], [ -59.945843655184888, -3.056440874261856 ], [ -59.945842479081286, -3.056439698409205 ], [ -59.945820194818019, -3.056439759877467 ], [ -59.945819018714417, -3.056438584024764 ], [ -59.945796734450688, -3.056438645492531 ], [ -59.9457955583471, -3.056437469639776 ], [ -59.945773274082924, -3.056437531107015 ], [ -59.945772097979336, -3.056436355254208 ], [ -59.945749813714706, -3.056436416720952 ], [ -59.945748637611132, -3.056435240868093 ], [ -59.94572635334606, -3.056435302334309 ], [ -59.945725177242466, -3.056434126481398 ], [ -59.945702892976946, -3.05643418794712 ], [ -59.945701716873373, -3.056433012094156 ], [ -59.945679432607392, -3.056433073559366 ], [ -59.945678256503818, -3.056431897706334 ], [ -59.945655972237397, -3.056431959171033 ], [ -59.94565479613383, -3.056430783317965 ], [ -59.945632511866947, -3.056430844782153 ], [ -59.945631335763387, -3.056429668929017 ], [ -59.945609051496056, -3.056429730392692 ], [ -59.945607875392497, -3.056428554539521 ], [ -59.945585591124726, -3.056428616002685 ], [ -59.945584415021159, -3.056427440149445 ], [ -59.94556213075294, -3.056427501612098 ], [ -59.94556095464938, -3.056426325758823 ], [ -59.945537497524448, -3.056426390455792 ], [ -59.945536321420896, -3.056425214602462 ], [ -59.945420195656467, -3.056420818491501 ], [ -59.945411979167496, -3.05641848295777 ] ] } },
{ "type": "Feature", "properties": { "id": 93, "pagina": 16, "classe": "Logradouros", "metodo": "EIXO_TRACO", "comp_m": 53.558474970747753, "id_layer": "p16_camadas_logradouros", "doc_fonte": "Resposta SECT_autos.pdf", "doc_pagina": 16, "doc_folha": 109, "doc_escala": "1:2.000", "doc_metodo": "Reconstituição Vetorial Afim", "doc_rms_m": 0.12 }, "geometry": { "type": "LineString", "coordinates": [ [ -59.944012502269288, -3.055902359195914 ], [ -59.944017196943591, -3.05590352535526 ], [ -59.94402189810809, -3.055907049694169 ], [ -59.944294682529105, -3.056153908485777 ], [ -59.944359351965595, -3.056212685130065 ], [ -59.944367584687122, -3.056220916122734 ], [ -59.944368770527632, -3.056225629247058 ] ] } },
{ "type": "Feature", "properties": { "id": 94, "pagina": 16, "classe": "Logradouros", "metodo": "EIXO_TRACO", "comp_m": 8.441435325001736, "id_layer": "p16_camadas_logradouros", "doc_fonte": "Resposta SECT_autos.pdf", "doc_pagina": 16, "doc_folha": 109, "doc_escala": "1:2.000", "doc_metodo": "Reconstituição Vetorial Afim", "doc_rms_m": 0.12 }, "geometry": { "type": "LineString", "coordinates": [ [ -59.950235665578568, -3.055885188909718 ], [ -59.950238011279936, -3.055885182430881 ], [ -59.950276822665245, -3.055923985272307 ], [ -59.950285058635671, -3.055933395260628 ], [ -59.950287420596887, -3.055939284197134 ] ] } },
{ "type": "Feature", "properties": { "id": 95, "pagina": 16, "classe": "Logradouros", "metodo": "EIXO_TRACO", "comp_m": 195.77909533026894, "id_layer": "p16_camadas_logradouros", "doc_fonte": "Resposta SECT_autos.pdf", "doc_pagina": 16, "doc_folha": 109, "doc_escala": "1:2.000", "doc_metodo": "Reconstituição Vetorial Afim", "doc_rms_m": 0.12 }, "geometry": { "type": "LineString", "coordinates": [ [ -59.945352565618983, -3.056990509013372 ], [ -59.945432339383395, -3.056997363544407 ], [ -59.945433515488176, -3.056998539397361 ], [ -59.94544641691499, -3.056998503808677 ], [ -59.945447593019772, -3.056999679661582 ], [ -59.945458148732513, -3.056999650543442 ], [ -59.945459324837309, -3.057000826396338 ], [ -59.945471053406898, -3.057000794042693 ], [ -59.945472229511687, -3.057001969895543 ], [ -59.945482785224215, -3.057001940777138 ], [ -59.945483961329003, -3.05700311662996 ], [ -59.945494517041432, -3.057003087511429 ], [ -59.945495693146228, -3.057004263364225 ], [ -59.94550624885855, -3.057004234245565 ], [ -59.945507424963345, -3.057005410098335 ], [ -59.945517980675575, -3.057005380979549 ], [ -59.945519156780371, -3.057006556832309 ], [ -59.945529712492494, -3.05700652771338 ], [ -59.94553088859729, -3.057007703566113 ], [ -59.94554144430932, -3.057007674447073 ], [ -59.94554262041413, -3.057008850299764 ], [ -59.945553176126047, -3.057008821180597 ], [ -59.945554352230857, -3.05700999703326 ], [ -59.945566080799544, -3.057009964678477 ], [ -59.945567256904354, -3.057011140531111 ], [ -59.945577812616065, -3.057011111411679 ], [ -59.945578988720875, -3.057012287264286 ], [ -59.945589544432494, -3.057012258144728 ], [ -59.945590720537304, -3.057013433997326 ], [ -59.945601276248816, -3.057013404877624 ], [ -59.94560245235364, -3.057014580730195 ], [ -59.945613008065038, -3.057014551610384 ], [ -59.945614184169862, -3.057015727462911 ], [ -59.945624739881175, -3.057015698342973 ], [ -59.945625915986, -3.057016874195473 ], [ -59.945650549226706, -3.057017985336524 ], [ -59.94565172533153, -3.057019161188967 ], [ -59.945662281042523, -3.057019132068625 ], [ -59.945663457147347, -3.057020307921041 ], [ -59.94567518571499, -3.057020275564951 ], [ -59.945676361819821, -3.057021451417355 ], [ -59.945686917530601, -3.05702142229673 ], [ -59.945688093635439, -3.057022598149108 ], [ -59.94569982220284, -3.057022565792723 ], [ -59.945700998307686, -3.057023741645054 ], [ -59.945712726874959, -3.057023709288532 ], [ -59.945713902979811, -3.057024885140835 ], [ -59.945724458690258, -3.057024856019823 ], [ -59.945725634795103, -3.057026031872099 ], [ -59.945737363362142, -3.057025999515266 ], [ -59.945738539466987, -3.057027175367511 ], [ -59.945749095177227, -3.057027146246236 ], [ -59.94575027128208, -3.057028322098455 ], [ -59.945761999848884, -3.057028289741345 ], [ -59.945763175953743, -3.057029465593535 ], [ -59.94577490452042, -3.057029433236254 ], [ -59.945776080625279, -3.057030609088415 ], [ -59.945786636335193, -3.057030579966735 ], [ -59.945787812440052, -3.057031755818887 ], [ -59.945799541006501, -3.057031723461311 ], [ -59.945800717111361, -3.057032899313417 ], [ -59.945811272821061, -3.057032870191472 ], [ -59.945812448925921, -3.057034046043551 ], [ -59.945824177492142, -3.057034013685697 ], [ -59.945825353597016, -3.057035189537747 ], [ -59.945837082163095, -3.057035157179722 ], [ -59.945838258267969, -3.057036333031743 ], [ -59.945848813977328, -3.057036303909395 ], [ -59.945849990082216, -3.057037479761389 ], [ -59.945861718648054, -3.057037447403086 ], [ -59.945862894752942, -3.057038623255051 ], [ -59.945873450462102, -3.057038594132439 ], [ -59.945874626566976, -3.057039769984376 ], [ -59.94593328238733, -3.057044324540982 ], [ -59.945939153166641, -3.057046666536787 ], [ -59.945975531208369, -3.057053640748379 ], [ -59.945986096661962, -3.057057148887529 ], [ -59.946022474702872, -3.057064123096878 ], [ -59.946033040156294, -3.057067631235315 ], [ -59.946079980401088, -3.057076934492566 ], [ -59.946090545854325, -3.057080442630145 ], [ -59.946126923893409, -3.057087416834488 ], [ -59.946137489346498, -3.057090924971352 ], [ -59.946184429588968, -3.057100228222138 ], [ -59.946194995041864, -3.05710373635811 ], [ -59.946241935283062, -3.057113039605337 ], [ -59.946252500735753, -3.057116547740434 ], [ -59.946257192160736, -3.057116534795027 ], [ -59.946263062939593, -3.057118876787978 ], [ -59.946267754364555, -3.057118863842515 ], [ -59.946273625143398, -3.057121205835391 ], [ -59.946278316568318, -3.057121192889871 ], [ -59.946284187347139, -3.057123534882637 ], [ -59.946288878772023, -3.057123521937061 ], [ -59.94629474955083, -3.05712586392975 ], [ -59.946299440975686, -3.057125850984102 ], [ -59.946320568631755, -3.057131688165072 ], [ -59.946325260056526, -3.057131675219302 ], [ -59.946331130835283, -3.057134017211654 ], [ -59.946335822260011, -3.057134004265828 ], [ -59.946341693038754, -3.057136346258104 ], [ -59.946346384463446, -3.057136333312205 ], [ -59.946352255242175, -3.057138675304387 ], [ -59.946356946666839, -3.057138662358449 ], [ -59.946362817445547, -3.057141004350522 ], [ -59.946367508870175, -3.057140991404526 ], [ -59.946432058194304, -3.057156141528504 ], [ -59.946442604152011, -3.057152575137599 ], [ -59.946690940934168, -3.057039875692703 ], [ -59.946701486887775, -3.057036309301151 ], [ -59.946836196318344, -3.056974624553541 ], [ -59.946846742269663, -3.056971058161653 ], [ -59.94696036626992, -3.05691886436927 ], [ -59.947023625716596, -3.056891570582698 ] ] } },
{ "type": "Feature", "properties": { "id": 96, "pagina": 16, "classe": "Logradouros", "metodo": "EIXO_TRACO", "comp_m": 14.210033023819571, "id_layer": "p16_camadas_logradouros", "doc_fonte": "Resposta SECT_autos.pdf", "doc_pagina": 16, "doc_folha": 109, "doc_escala": "1:2.000", "doc_metodo": "Reconstituição Vetorial Afim", "doc_rms_m": 0.12 }, "geometry": { "type": "LineString", "coordinates": [ [ -59.950290852121682, -3.057183216860674 ], [ -59.95028968577622, -3.057185578267684 ], [ -59.950283828022577, -3.057187952638106 ], [ -59.950272106008583, -3.057190343212739 ], [ -59.950263905803901, -3.057193903147905 ], [ -59.950252183789587, -3.057196293722426 ], [ -59.950243983584684, -3.057199853657547 ], [ -59.950240465028372, -3.057199863380003 ], [ -59.950170152456998, -3.057221281324329 ] ] } },
{ "type": "Feature", "properties": { "id": 97, "pagina": 16, "classe": "Logradouros", "metodo": "EIXO_TRACO", "comp_m": 66.119510694668563, "id_layer": "p16_camadas_logradouros", "doc_fonte": "Resposta SECT_autos.pdf", "doc_pagina": 16, "doc_folha": 109, "doc_escala": "1:2.000", "doc_metodo": "Reconstituição Vetorial Afim", "doc_rms_m": 0.12 }, "geometry": { "type": "LineString", "coordinates": [ [ -59.944725627477936, -3.056336659710322 ], [ -59.944722219282355, -3.056376758439107 ], [ -59.944721049671642, -3.056377940762027 ], [ -59.944718804595148, -3.056414498990031 ], [ -59.944717634984436, -3.05641568131299 ], [ -59.944715389908964, -3.056452239541136 ], [ -59.944713060426793, -3.05645814145428 ], [ -59.94471310912347, -3.056475827789924 ], [ -59.944711939512722, -3.056477010112964 ], [ -59.94471197197732, -3.056488801003407 ], [ -59.944710802366593, -3.056489983326444 ], [ -59.944710831584835, -3.056500595127846 ], [ -59.944709661974095, -3.056501777450911 ], [ -59.944709691192436, -3.056512389252322 ], [ -59.944708521581695, -3.056513571575382 ], [ -59.944708550800144, -3.056524183376819 ], [ -59.944707381189403, -3.056525365699892 ], [ -59.94470741040795, -3.05653597750132 ], [ -59.944706240797196, -3.056537159824421 ], [ -59.944706270015843, -3.056547771625859 ], [ -59.944705100405088, -3.056548953948956 ], [ -59.944705129623841, -3.056559565750418 ], [ -59.944703960013086, -3.056560748073527 ], [ -59.94470398923194, -3.056571359874981 ], [ -59.94470281962117, -3.056572542198119 ], [ -59.944702848840123, -3.056583153999582 ], [ -59.944701679229375, -3.056584336322715 ], [ -59.944701708448413, -3.056594948124203 ], [ -59.944700538837651, -3.056596130447349 ], [ -59.944700571303393, -3.056607921337888 ], [ -59.944699401692624, -3.056609103661048 ], [ -59.944698290520478, -3.05663150958722 ], [ -59.944694817400844, -3.056648026536446 ], [ -59.944694853113688, -3.056660996516098 ], [ -59.944693683502912, -3.056662178839312 ], [ -59.944693712722618, -3.056672790640861 ], [ -59.944692543111834, -3.056673972964087 ], [ -59.944692572331647, -3.056684584765629 ], [ -59.944691402720863, -3.056685767088884 ], [ -59.944691431940775, -3.056696378890433 ], [ -59.944690262329992, -3.056697561213684 ], [ -59.944690291550003, -3.056708173015259 ], [ -59.944689121939213, -3.056709355338522 ], [ -59.944689151159324, -3.056719967140088 ], [ -59.944687981548533, -3.05672114946338 ], [ -59.944688010768743, -3.056731761264955 ], [ -59.944686841157953, -3.056732943588242 ], [ -59.944684592844332, -3.056768322728737 ], [ -59.944683423233514, -3.056769505052062 ], [ -59.94468345245415, -3.056780116853671 ], [ -59.944682282843345, -3.056781299177025 ], [ -59.944682312064067, -3.056791910978643 ], [ -59.944681142453263, -3.056793093301992 ], [ -59.944681171674084, -3.056803705103636 ], [ -59.944680002063279, -3.056804887426996 ], [ -59.944680031284207, -3.056815499228633 ], [ -59.944678861673388, -3.056816681552023 ], [ -59.944678890894423, -3.056827293353666 ], [ -59.944677721283604, -3.056828475677052 ], [ -59.944677750504731, -3.056839087478722 ], [ -59.944676580893912, -3.056840269802119 ], [ -59.944676610115145, -3.05685088160378 ], [ -59.944675440504327, -3.056852063927208 ], [ -59.944675469725659, -3.056862675728877 ], [ -59.944674300114833, -3.056863858052299 ], [ -59.944669758039041, -3.056918109087401 ] ] } },
{ "type": "Feature", "properties": { "id": 98, "pagina": 16, "classe": "Logradouros", "metodo": "EIXO_TRACO", "comp_m": 38.074130479454006, "id_layer": "p16_camadas_logradouros", "doc_fonte": "Resposta SECT_autos.pdf", "doc_pagina": 16, "doc_folha": 109, "doc_escala": "1:2.000", "doc_metodo": "Reconstituição Vetorial Afim", "doc_rms_m": 0.12 }, "geometry": { "type": "LineString", "coordinates": [ [ -59.944725627477936, -3.056336659710322 ], [ -59.944740874619129, -3.056336617670168 ], [ -59.944751436824831, -3.05633894674332 ], [ -59.944771378639977, -3.056340070856143 ], [ -59.944781940845488, -3.056342399928913 ], [ -59.944801882660194, -3.056343524041071 ], [ -59.944812444865526, -3.056345853113425 ], [ -59.944832386679771, -3.056346977224937 ], [ -59.944842948884926, -3.056349306296891 ], [ -59.94486289069873, -3.056350430407723 ], [ -59.9448734529037, -3.056352759479278 ], [ -59.944893394717049, -3.056353883589463 ], [ -59.944903956921841, -3.056356212660618 ], [ -59.944913339776633, -3.056356186788054 ], [ -59.944914515880029, -3.056357362642806 ], [ -59.944923898734743, -3.056357336770123 ], [ -59.944925074838139, -3.05635851262485 ], [ -59.944934457692774, -3.056358486752081 ], [ -59.944945019897304, -3.056360815822701 ], [ -59.944954402751804, -3.056360789949736 ], [ -59.9449555788552, -3.056361965804394 ], [ -59.944964961709609, -3.056361939931313 ], [ -59.944975523913961, -3.056364269001549 ], [ -59.944984906768227, -3.056364243128271 ], [ -59.944986082871637, -3.056365418982859 ], [ -59.944995465725817, -3.056365393109497 ], [ -59.945006027929985, -3.056367722179317 ], [ -59.945015410784016, -3.05636769630576 ], [ -59.945016586887427, -3.056368872160278 ], [ -59.945025969741387, -3.056368846286601 ], [ -59.945027145844797, -3.056370022141112 ], [ -59.945062341286572, -3.056373462380066 ] ] } },
{ "type": "Feature", "properties": { "id": 99, "pagina": 16, "classe": "Logradouros", "metodo": "EIXO_TRACO", "comp_m": 66.066362528663205, "id_layer": "p16_camadas_logradouros", "doc_fonte": "Resposta SECT_autos.pdf", "doc_pagina": 16, "doc_folha": 109, "doc_escala": "1:2.000", "doc_metodo": "Reconstituição Vetorial Afim", "doc_rms_m": 0.12 }, "geometry": { "type": "LineString", "coordinates": [ [ -59.945018200637449, -3.056954879251647 ], [ -59.945018164917315, -3.056941909275857 ], [ -59.945019334527409, -3.056940726952343 ], [ -59.945019298807424, -3.056927756976563 ], [ -59.945020468417503, -3.056926574653064 ], [ -59.94502042945043, -3.056912425588599 ], [ -59.94502159906051, -3.0569112432651 ], [ -59.945021563340845, -3.056898273289339 ], [ -59.945022732950925, -3.05689709096587 ], [ -59.945022693984178, -3.056882941901427 ], [ -59.945023863594258, -3.056881759577957 ], [ -59.945023827874898, -3.056868789602233 ], [ -59.945024997484978, -3.056867607278777 ], [ -59.94502495851858, -3.056853458214356 ], [ -59.94502612812866, -3.056852275890917 ], [ -59.94502609240962, -3.056839305915211 ], [ -59.945027262019686, -3.056838123591787 ], [ -59.945027223053629, -3.056823974527386 ], [ -59.945028392663694, -3.056822792203994 ], [ -59.945028356944974, -3.056809822228292 ], [ -59.945029526555039, -3.056808639904897 ], [ -59.945029487589323, -3.056794490840518 ], [ -59.945030657199389, -3.056793308517156 ], [ -59.945030621480974, -3.056780338541473 ], [ -59.94503179109104, -3.056779156218126 ], [ -59.945031752125672, -3.056765007153751 ], [ -59.945032921735724, -3.05676382483042 ], [ -59.945032886017621, -3.056750854854756 ], [ -59.94503405562768, -3.05674967253144 ], [ -59.945034016662667, -3.056735523467086 ], [ -59.945035186272705, -3.056734341143785 ], [ -59.945035150554922, -3.056721371168141 ], [ -59.945036320164981, -3.056720188844856 ], [ -59.945036281200295, -3.056706039780522 ], [ -59.945037450810339, -3.056704857457251 ], [ -59.945037415092877, -3.056691887481628 ], [ -59.945038584702914, -3.056690705158372 ], [ -59.945038545738576, -3.05667655609406 ], [ -59.945039715348614, -3.056675373770819 ], [ -59.945039679631471, -3.056662403795215 ], [ -59.945040849241501, -3.056661221471989 ], [ -59.945040810277504, -3.056647072407699 ], [ -59.945041979887549, -3.056645890084489 ], [ -59.945041944170704, -3.056632920108904 ], [ -59.945043113780734, -3.056631737785709 ], [ -59.945043074817079, -3.056617588721456 ], [ -59.945044244427109, -3.056616406398261 ], [ -59.945044208710591, -3.056603436422694 ], [ -59.945045378320614, -3.05660225409953 ], [ -59.945045339357307, -3.056588105035299 ], [ -59.945046508967323, -3.056586922712134 ], [ -59.945046473251118, -3.056573952736603 ], [ -59.945047642861134, -3.056572770413453 ], [ -59.945047603898182, -3.056558621349243 ], [ -59.945048773508198, -3.056557439026125 ], [ -59.945049868439696, -3.056529137663288 ], [ -59.945051038049712, -3.056527955340201 ], [ -59.945051002334132, -3.056514985364692 ], [ -59.945052171944134, -3.056513803041618 ], [ -59.945052132981857, -3.056499653977435 ], [ -59.945053302591859, -3.056498471654378 ], [ -59.945053266876599, -3.056485501678888 ], [ -59.9450544364866, -3.056484319355846 ], [ -59.945054397524679, -3.056470170291682 ], [ -59.945055567134666, -3.056468987968656 ], [ -59.945055528172908, -3.056454838904502 ], [ -59.945056697782917, -3.056453656581492 ], [ -59.945056662068133, -3.056440686606032 ], [ -59.945057831678128, -3.056439504283036 ], [ -59.945062344533305, -3.056374641468743 ] ] } },
{ "type": "Feature", "properties": { "id": 100, "pagina": 16, "classe": "Logradouros", "metodo": "EIXO_TRACO", "comp_m": 39.695658275333564, "id_layer": "p16_camadas_logradouros", "doc_fonte": "Resposta SECT_autos.pdf", "doc_pagina": 16, "doc_folha": 109, "doc_escala": "1:2.000", "doc_metodo": "Reconstituição Vetorial Afim", "doc_rms_m": 0.12 }, "geometry": { "type": "LineString", "coordinates": [ [ -59.945018200637449, -3.056954879251647 ], [ -59.944985354135724, -3.056952611648759 ], [ -59.944984178031049, -3.056951435794787 ], [ -59.944941945421668, -3.056948014979797 ], [ -59.944940769317007, -3.056946839125743 ], [ -59.94493138645732, -3.056946865003559 ], [ -59.944930210352666, -3.056945689149481 ], [ -59.944920827492886, -3.056945715027177 ], [ -59.944909092423735, -3.056943389196543 ], [ -59.944898536706319, -3.056943418308724 ], [ -59.944897360601658, -3.056942242454571 ], [ -59.944887977741637, -3.056942268331967 ], [ -59.944886801636997, -3.056941092477789 ], [ -59.944877418776898, -3.056941118355067 ], [ -59.944876242672258, -3.056939942500865 ], [ -59.944866859812073, -3.05693996837804 ], [ -59.944855124742546, -3.056937642546653 ], [ -59.94484456902466, -3.056937671658248 ], [ -59.944843392920028, -3.056936495803971 ], [ -59.944834010059601, -3.056936521680828 ], [ -59.944832833954969, -3.056935345826528 ], [ -59.944823451094457, -3.056935371703283 ], [ -59.944811716024624, -3.056933045871278 ], [ -59.944801160306369, -3.056933074982399 ], [ -59.944799984201751, -3.056931899128008 ], [ -59.944790601340991, -3.056931925004462 ], [ -59.944789425236372, -3.056930749150061 ], [ -59.944780042375527, -3.056930775026397 ], [ -59.944768307305395, -3.056928449193758 ], [ -59.944757751586771, -3.056928478304424 ], [ -59.944756575482145, -3.056927302449933 ], [ -59.944747192621072, -3.056927328325967 ], [ -59.944746016516469, -3.056926152471469 ], [ -59.944736633655289, -3.056926178347385 ], [ -59.944724898584852, -3.056923852514128 ], [ -59.944714342865858, -3.056923881624304 ], [ -59.944713166761247, -3.05692270576973 ], [ -59.944703783899847, -3.056922731645345 ], [ -59.94470260779525, -3.056921555790748 ], [ -59.944693224933758, -3.056921581666243 ], [ -59.944681489863001, -3.056919255832368 ], [ -59.944669761285915, -3.056919288176485 ] ] } },
{ "type": "Feature", "properties": { "id": 101, "pagina": 16, "classe": "Logradouros", "metodo": "EIXO_TRACO", "comp_m": 81.617094381236612, "id_layer": "p16_camadas_logradouros", "doc_fonte": "Resposta SECT_autos.pdf", "doc_pagina": 16, "doc_folha": 109, "doc_escala": "1:2.000", "doc_metodo": "Reconstituição Vetorial Afim", "doc_rms_m": 0.12 }, "geometry": { "type": "LineString", "coordinates": [ [ -59.944484049014477, -3.05762608013815 ], [ -59.944484032777417, -3.057620184691832 ], [ -59.944508497191585, -3.057559983206695 ], [ -59.94451663575952, -3.05753402059928 ], [ -59.944523630695144, -3.05751867303006 ], [ -59.944524787316936, -3.057512774349077 ], [ -59.9445539074446, -3.057439589947017 ], [ -59.944555064066535, -3.057433691266238 ], [ -59.944564388482434, -3.057412441782346 ], [ -59.944573696661955, -3.057385296852873 ], [ -59.9446342599039, -3.057230667968701 ], [ -59.944669761285915, -3.056919288176485 ] ] } }
]
}
